# FrameTime=1781596546.21, PointCount=640
-4.3620,23.6629
-4.3937,23.6878
-4.3964,23.7093
-4.3153,23.7891
-4.4984,23.6850
-4.5011,23.7062
-4.5262,23.7117
-4.4272,23.8055
-4.3758,23.8661
-4.5168,23.7885
-4.6249,23.7335
-4.5835,23.7870
-4.5765,23.8156
-4.6381,23.7937
-4.6552,23.8044
-4.7216,23.8013
-4.7249,23.8222
-4.7441,23.8309
-4.7673,23.8366
-4.7945,23.8390
-4.8354,23.8307
-4.8737,23.8473
-4.9086,23.8431
-4.9238,23.8542
-4.9430,23.8622
-4.9622,23.8701
-4.9813,23.8779
-5.0120,23.8997
-5.0274,23.9105
-5.0581,23.9084
-5.0679,23.9237
-5.0757,23.9407
-5.0988,23.9448
-5.0838,23.9812
-5.0897,24.0000
-5.1356,23.9844
-5.1305,24.0126
-5.1667,24.0049
-5.2160,23.9855
-5.1866,24.0352
-5.1633,24.0801
-5.2626,24.0155
-5.1911,24.1037
-5.2033,24.1172
-5.2245,24.1223
-5.2387,24.1338
-5.2619,24.1369
-5.2778,24.1467
-5.3243,24.1525
-5.3438,24.1586
-5.3525,24.1750
-5.3773,24.1761
-5.3896,24.1890
-5.4235,24.1810
-5.4697,24.1854
-5.5247,24.1560
-5.5299,24.1754
-5.5564,24.1737
-5.5532,24.2017
-5.5656,24.2140
-5.5745,24.2299
-5.5606,24.2692
-5.5996,24.2544
-5.6191,24.2594
-5.6283,24.2752
-5.6858,24.2403
-5.7334,24.2154
-5.7466,24.2264
-5.7886,24.2316
-5.7909,24.2543
-5.8061,24.2631
-5.7689,24.3290
-5.7568,24.3681
-5.7912,24.3561
-5.8435,24.3240
-5.8562,24.3354
-5.8790,24.3357
-5.9083,24.3284
-5.9507,24.3060
-5.9307,24.3547
-5.9476,24.3612
-5.9402,24.3959
-5.9702,24.3873
-5.9921,24.3879
-6.0051,24.3989
-5.9983,24.4334
-6.0114,24.4444
-6.0278,24.4515
-6.0409,24.4624
-6.0522,24.4757
-6.0769,24.4725
-6.0964,24.4756
-6.1191,24.4746
-6.1323,24.4852
-6.1362,24.5076
-6.1465,24.5221
-6.1672,24.5233
-6.2082,24.4984
-6.2185,24.5127
-6.2341,24.5202
-6.2535,24.5226
-6.2941,24.4972
-6.2438,24.5912
-6.3207,24.5174
-6.3192,24.5473
-6.3267,24.5654
-6.3321,24.5863
-6.3457,24.5964
-6.3769,24.5821
-6.3993,24.5799
-6.3855,24.6276
-6.4613,24.5507
-6.4574,24.5847
-6.4883,24.5699
-6.4875,24.5999
-6.4782,24.6422
-6.4749,24.6763
-6.4800,24.7284
-6.5409,24.6690
-6.5238,24.7242
-6.5547,24.7084
-6.5750,24.7083
-6.5944,24.7092
-6.5772,24.7658
-6.6488,24.6872
-6.6709,24.6837
-6.6260,24.7836
-6.6536,24.7717
-6.6731,24.7723
-6.6926,24.7729
-6.7120,24.7733
-6.7333,24.7708
-6.7430,24.7868
-6.7519,24.8040
-6.7635,24.8170
-6.7744,24.8312
-6.8093,24.8060
-6.8192,24.8216
-6.7942,24.8961
-6.8554,24.8258
-6.8942,24.7926
-6.9159,24.7880
-6.9351,24.7877
-6.9368,24.8175
-6.9610,24.8083
-6.9358,24.8859
-6.9748,24.8506
-6.9770,24.8804
-6.9818,24.9059
-6.9891,24.9270
-7.0116,24.9206
-7.0620,24.8628
-7.0304,24.9555
-7.0884,24.8827
-7.0865,24.9213
-7.1034,24.9246
-7.1172,24.9338
-7.1256,24.9533
-7.1357,24.9698
-7.1314,25.0144
-7.1712,24.9730
-7.1950,24.9627
-7.2007,24.9879
-7.1917,25.0430
-7.2214,25.0206
-7.2414,25.0175
-7.2629,25.0113
-7.2334,25.1100
-7.2947,25.0212
-7.2881,25.0734
-7.3025,25.0819
-7.3578,25.0033
-7.3642,25.0283
-7.3665,25.0623
-7.3419,25.1556
-7.4013,25.0655
-7.4116,25.0829
-7.4388,25.0624
-7.4639,25.0463
-7.4809,25.0483
-7.4998,25.0457
-7.4652,25.1667
-7.5317,25.0541
-7.5486,25.0559
-7.5655,25.0577
-7.5805,25.0640
-7.5955,25.0703
-7.6143,25.0673
-7.5860,25.1796
-7.6406,25.0888
-7.6557,25.0949
-7.6726,25.0963
-7.6463,25.2074
-7.6865,25.1499
-7.7042,25.1496
-7.7052,25.1928
-7.6524,25.3777
-7.7301,25.2200
-7.7490,25.2165
-7.7697,25.2082
-7.7714,25.2513
-7.7886,25.2524
-7.8059,25.2533
-7.8215,25.2589
-7.8343,25.2723
-7.8532,25.2684
-7.8672,25.2785
-7.8942,25.2509
-7.9194,25.2278
-7.9237,25.2662
-7.9325,25.2919
-7.9424,25.3145
-7.9670,25.2928
-7.9872,25.2836
-7.9999,25.2982
-8.0095,25.3222
-8.0193,25.3463
-8.0312,25.3639
-8.0669,25.3610
-8.0885,25.3466
-8.1001,25.3657
-8.1245,25.3416
-8.1334,25.3701
-8.1589,25.3412
-8.1556,25.4131
-8.1973,25.3262
-8.2131,25.3307
-8.2262,25.3446
-8.2460,25.3345
-8.2489,25.3869
-8.2560,25.4248
-8.2682,25.4438
-8.2832,25.4525
-8.3018,25.4470
-8.3204,25.4415
-8.3389,25.4358
-8.3574,25.4302
-8.3758,25.4244
-8.3779,25.4867
-8.4080,25.4321
-8.4241,25.4359
-8.4402,25.4396
-8.4563,25.4433
-8.4746,25.4372
-8.4918,25.4359
-8.5111,25.4248
-8.4948,25.5798
-8.5433,25.4317
-8.5553,25.4545
-8.5678,25.4759
-8.5811,25.4938
-8.5964,25.5020
-8.6098,25.5199
-8.5910,25.7064
-8.6398,25.5409
-8.6535,25.5587
-8.6679,25.5729
-8.6862,25.5661
-8.7027,25.5691
-8.7167,25.5867
-8.7234,25.6472
-8.7465,25.6120
-8.7680,25.5852
-8.7853,25.5830
-8.8034,25.5758
-8.8207,25.5735
-8.8358,25.5859
-8.8420,25.6579
-8.8696,25.5859
-8.8855,25.5932
-8.8972,25.6300
-8.9112,25.6521
-8.9247,25.6790
-8.9469,25.6404
-8.9623,25.6525
-8.9653,25.7656
-8.9934,25.6765
-9.0109,25.6735
-9.0237,25.7102
-9.0395,25.7221
-9.0510,25.7736
-9.0729,25.7307
-9.0841,25.7891
-9.1064,25.7392
-9.1249,25.7260
-9.1423,25.7226
-9.1593,25.7242
-9.1728,25.7655
-9.1877,25.7919
-9.2033,25.8132
-9.2374,25.8209
-9.2550,25.8172
-9.2723,25.8184
-9.2899,25.8146
-9.3065,25.8257
-9.3261,25.7880
-9.3372,25.8947
-9.3545,25.8986
-9.3719,25.9016
-9.3891,25.9075
-9.4068,25.9062
-9.4228,25.9419
-9.4391,25.9747
-9.4548,26.0304
-9.4669,26.2034
-9.4918,25.9944
-9.5102,25.9721
-9.5279,25.9726
-9.5454,25.9830
-9.5664,25.8075
-9.5807,25.9965
-9.6163,25.9919
-9.6341,25.9871
-9.6519,25.9772
-9.6697,25.9722
-9.6874,25.9772
-9.7053,26.0021
-9.7411,26.0218
-9.7593,26.0465
-9.7766,26.0113
-9.7940,25.9860
-9.8120,25.9956
-9.8307,26.0301
-9.8513,26.1218
-9.8672,26.0540
-9.8868,26.0983
-9.9045,26.0877
-9.9228,26.0919
-9.9413,26.1011
-9.9596,26.1053
-9.9829,26.2066
-9.9961,26.1085
-10.0148,26.1174
-10.0334,26.1237
-10.0520,26.1302
-9.6987,20.4481
-10.0901,26.1528
-10.1098,26.1714
-10.1479,26.1886
-10.1671,26.1971
-10.1855,26.1956
-10.2030,26.1841
-10.2227,26.1974
-10.2452,26.2405
-10.2802,26.4104
-10.2872,26.2866
-10.3058,26.2847
-10.3239,26.2778
-10.3436,26.2858
-10.3628,26.2887
-10.3809,26.2817
-10.4144,26.4062
-10.4188,26.2823
-10.4368,26.2751
-10.4555,26.2727
-10.4747,26.2753
-10.4927,26.2679
-10.5086,26.2457
-10.5353,26.3025
-10.5770,26.3268
-10.5987,26.3439
-10.6183,26.3460
-10.6386,26.3530
-10.6590,26.3600
-10.6795,26.3668
-10.7189,26.3705
-10.7403,26.3821
-10.7609,26.3888
-10.7816,26.3953
-10.8006,26.3920
-10.8195,26.3885
-10.8385,26.3851
-10.8764,26.3780
-10.9039,26.4185
-10.9326,26.4637
-10.9615,26.5089
-10.9858,26.5295
-11.0122,26.5597
-11.0574,26.5809
-11.0864,26.6206
-11.1121,26.6439
-11.1296,26.6297
-11.1453,26.6077
-11.1616,26.5886
-11.2019,26.5844
-11.2214,26.5798
-11.2515,26.6188
-11.2837,26.6657
-11.2967,26.6335
-11.3164,26.6286
-11.3541,26.6946
-11.3520,26.6041
-11.3704,26.5942
-11.3989,26.6229
-11.4237,26.6370
-11.4447,26.6365
-11.4604,26.6167
-11.4973,26.6739
-11.5519,26.7157
-11.5800,26.7389
-11.6139,26.7811
-11.6406,26.7978
-11.6509,26.7583
-11.6810,26.7858
-11.7329,26.8119
-11.7605,26.8296
-11.7853,26.8376
-11.8071,26.8360
-11.8334,26.8487
-11.8476,26.8231
-11.8880,26.8784
-11.9119,26.8824
-11.9335,26.8792
-11.9508,26.8629
-11.9860,26.8998
-11.9786,26.8113
-11.9743,26.7334
-11.9927,26.7218
-12.0326,26.7078
-12.0339,26.6489
-12.0758,26.7029
-12.1784,26.9221
-12.2128,26.9521
-12.2404,26.9631
-12.2938,26.9793
-12.3024,26.9397
-12.3140,26.9085
-12.3381,26.9099
-12.3860,26.9716
-12.4067,26.9634
-12.4891,27.0488
-12.5195,27.0634
-12.5423,27.0595
-12.5974,27.1332
-12.6436,27.1844
-12.6671,27.1806
-12.7292,27.2677
-12.6901,27.1166
-12.7073,27.0984
-12.7463,27.1305
-12.8056,27.2081
-12.8530,27.2576
-12.9153,27.3394
-12.9270,27.3072
-12.9891,27.3284
-13.0275,27.3547
-13.0787,27.4079
-13.0753,27.3433
-13.0907,27.3195
-13.1361,27.3589
-13.1950,27.3695
-13.2365,27.3993
-13.2761,27.4245
-13.3070,27.4317
-13.3357,27.4341
-13.3578,27.4231
-13.4542,27.5593
-13.3974,27.3920
-13.4398,27.4208
-13.4802,27.4449
-13.5046,27.4379
-13.5406,27.4529
-13.5907,27.4943
-13.6387,27.5310
-13.7189,27.5730
-13.7772,27.6267
-13.8334,27.6757
-13.8538,27.6588
-13.8959,27.6812
-13.9333,27.6946
-13.9962,27.6993
-14.0389,27.7210
-14.0842,27.7469
-14.1147,27.7466
-14.1734,27.7944
-14.2693,27.9050
-14.3645,28.0126
-14.3826,27.9889
-14.3987,27.9619
-14.3605,27.8450
-14.4045,27.8651
-14.4539,27.8935
-14.4774,27.8791
-14.4666,27.8094
-14.5608,27.8567
-14.6028,27.8715
-14.6797,27.9410
-14.7572,28.0101
-14.7918,28.0116
-14.8102,27.9878
-14.8521,27.9485
-14.8895,27.9537
-14.9463,27.9879
-15.1963,28.3098
-15.2266,28.3015
-15.2647,28.2515
-15.3364,28.2507
-15.3638,28.2378
-15.4112,28.2534
-14.2089,23.8291
-14.2387,23.7850
-14.2420,23.7650
-14.2531,23.7513
-14.2602,23.7344
-14.2673,23.7175
-14.2782,23.7037
-14.2852,23.6868
-14.3068,23.6590
-14.3136,23.6421
-14.3243,23.6281
-14.3350,23.6142
-14.3456,23.6002
-14.3522,23.5831
-14.3732,23.5550
-14.3796,23.5379
-14.3900,23.5238
-14.4004,23.5096
-14.4107,23.4954
-14.4209,23.4812
-14.4413,23.4527
-14.4515,23.4383
-14.4616,23.4240
-14.4716,23.4096
-14.4816,23.3952
-14.4916,23.3808
-14.5072,23.3490
-14.5171,23.3345
-14.5227,23.3172
-14.5241,23.2970
-14.5296,23.2797
-14.8773,22.5774
-14.8668,22.5531
-14.8652,22.5333
-14.8725,22.5177
-14.8935,22.5084
-14.9189,22.5012
-14.9080,22.4771
-14.9470,22.4759
-14.9614,22.4442
-14.9685,22.4283
-14.9710,22.4104
-14.9826,22.3965
-14.9941,22.3826
-15.0056,22.3686
-15.0240,22.3385
-15.0354,22.3244
-15.0421,22.3083
-15.0534,22.2941
-15.0601,22.2779
-15.0667,22.2618
-15.0733,22.2456
-15.0862,22.2132
-15.0880,22.1951
-15.0943,22.1788
-15.1007,22.1626
-15.1069,22.1463
-15.1178,22.1317
-15.1488,22.1060
-15.2253,22.1155
-15.1751,22.0783
-15.1576,22.0532
-15.1447,22.0300
-15.1458,22.0119
-17.3889,19.7389
-17.3985,19.7153
-17.4006,19.6688
-17.4244,19.6442
-17.5837,19.3492
-17.5617,19.2796
-17.6391,19.2477
-17.6363,19.2239
-17.6387,19.1994
-17.6162,19.1778
-17.6306,19.1278
-17.6377,19.1027
-17.6447,19.0776
-17.6516,19.0524
-17.6584,19.0272
-17.6949,18.9980
-17.7329,18.9437
-17.7740,18.9131
-17.8101,18.8831
-17.8461,18.8528
-17.8671,18.8245
-17.8634,18.8000
-17.8655,18.7493
-17.8714,18.7231
-17.8772,18.6969
-17.9026,18.6672
-17.9230,18.6383
-17.9433,18.6092
-17.9590,18.5551
-17.9790,18.5257
-18.0038,18.4952
-18.0285,18.4646
-18.0531,18.4338
-18.0825,18.4019
-18.1066,18.3445
-18.1308,18.3131
-18.1597,18.2805
-18.1788,18.2498
-18.1977,18.2190
-18.2165,18.1881
-18.2353,18.1570
-18.3165,18.1117
-18.2529,18.0990
-18.2859,18.0642
-18.3139,18.0303
-18.3369,17.9975
-18.3598,17.9644
-18.3729,17.9336
-18.4528,17.8861
-18.3842,17.8754
-18.4018,17.8431
-18.4290,17.8081
-18.4512,17.7743
-18.4781,17.7390
-18.5049,17.7036
-18.5979,17.6500
-18.5243,17.6414
-18.5459,17.6068
-18.5770,17.5694
-18.6031,17.5332
-18.6291,17.4968
-18.6549,17.4601
-18.6775,17.3949
-18.7029,17.3579
-18.7378,17.3177
-18.7678,17.2788
-18.7976,17.2397
-18.8272,17.2004
-18.8479,17.1334
-18.8772,17.0936
-18.9062,17.0536
-18.9351,17.0133
-18.9639,16.9729
-18.9972,16.9307
-19.0208,16.8603
-19.0583,16.8159
-19.0910,16.7729

# FrameTime=1781596546.31, PointCount=633
-4.3661,23.6601
-4.3896,23.6907
-4.4087,23.7008
-4.4648,23.6852
-4.4943,23.6878
-4.5052,23.7034
-4.5180,23.7175
-4.3920,23.8545
-4.5370,23.7739
-4.6209,23.7365
-4.5755,23.7929
-4.5886,23.8068
-4.6260,23.8026
-4.6744,23.8134
-4.7256,23.7983
-4.7209,23.8252
-4.7362,23.8370
-4.7931,23.8168
-4.7945,23.8390
-4.8545,23.8390
-4.8776,23.8442
-4.9046,23.8462
-4.9277,23.8511
-4.9469,23.8591
-4.9661,23.8670
-4.9369,23.9141
-4.9967,23.8888
-5.0197,23.8933
-5.0351,23.9041
-5.0620,23.9052
-5.0679,23.9237
-5.0604,23.9536
-5.0950,23.9481
-5.0973,23.9935
-5.1318,23.9876
-5.1079,24.0322
-5.1667,24.0049
-5.2160,23.9855
-5.1979,24.0253
-5.2403,24.0354
-5.1949,24.1004
-5.2107,24.1104
-5.2265,24.1204
-5.2461,24.1270
-5.2656,24.1335
-5.2901,24.1599
-5.3206,24.1559
-5.3438,24.1586
-5.3251,24.2010
-5.3773,24.1761
-5.3968,24.1820
-5.3860,24.2173
-5.4359,24.1937
-5.4732,24.1819
-5.5247,24.1560
-5.5335,24.1719
-5.5529,24.1773
-5.5567,24.1981
-5.5691,24.2105
-5.5906,24.2386
-5.6031,24.2508
-5.6261,24.2522
-5.6317,24.2716
-5.6858,24.2403
-5.6894,24.2617
-5.7424,24.2308
-5.7625,24.2345
-5.7886,24.2316
-5.7902,24.2551
-5.7994,24.2704
-5.7723,24.3254
-5.7669,24.3570
-5.8435,24.3240
-5.8629,24.3280
-5.8757,24.3394
-5.9050,24.3321
-5.9507,24.3060
-5.9241,24.3622
-5.9103,24.4042
-5.9605,24.3724
-5.9702,24.3873
-5.9921,24.3879
-6.0083,24.3951
-5.9983,24.4334
-6.0114,24.4444
-6.0278,24.4515
-6.0059,24.5048
-6.0573,24.4695
-6.0737,24.4764
-6.0944,24.4780
-6.1128,24.4824
-6.1323,24.4852
-6.1331,24.5115
-6.1402,24.5299
-6.1764,24.5115
-6.2052,24.5024
-6.2154,24.5167
-6.2371,24.5162
-6.2626,24.5107
-6.2253,24.5873
-6.3074,24.5073
-6.3207,24.5174
-6.2890,24.5877
-6.2996,24.6018
-6.3410,24.5743
-6.3457,24.5964
-6.3740,24.5862
-6.3542,24.6420
-6.4158,24.5856
-6.4555,24.5588
-6.4603,24.5807
-6.4883,24.5699
-6.4846,24.6040
-6.4782,24.6422
-6.4720,24.6804
-6.4744,24.7366
-6.5353,24.6772
-6.5182,24.7325
-6.5464,24.7208
-6.5722,24.7124
-6.5917,24.7134
-6.6021,24.7280
-6.6516,24.6830
-6.6681,24.6879
-6.6287,24.7794
-6.6536,24.7717
-6.6758,24.7681
-6.6953,24.7686
-6.7111,24.7748
-6.7386,24.7623
-6.7430,24.7868
-6.7545,24.7998
-6.7661,24.8128
-6.7804,24.8215
-6.8067,24.8102
-6.8132,24.8317
-6.8310,24.8345
-6.8572,24.8228
-6.8942,24.7926
-6.9184,24.7837
-6.9376,24.7834
-6.9368,24.8175
-6.8990,24.9167
-6.9752,24.8165
-6.9724,24.8549
-6.9770,24.8804
-6.9793,24.9102
-7.0010,24.9053
-7.0156,24.9133
-7.0644,24.8584
-7.0069,24.9991
-7.0884,24.8827
-7.0865,24.9213
-7.1010,24.9291
-7.1172,24.9338
-7.1256,24.9533
-7.1357,24.9698
-7.1452,24.9876
-7.1690,24.9774
-7.1927,24.9671
-7.2030,24.9835
-7.1917,25.0430
-7.2192,25.0251
-7.2414,25.0175
-7.2314,25.0757
-7.2799,25.0140
-7.2947,25.0212
-7.2580,25.1365
-7.3068,25.0729
-7.3556,25.0078
-7.3621,25.0328
-7.3442,25.1107
-7.3815,25.0692
-7.3993,25.0700
-7.4177,25.0692
-7.4388,25.0624
-7.4639,25.0463
-7.4809,25.0483
-7.4686,25.1173
-7.5148,25.0522
-7.5317,25.0541
-7.5486,25.0559
-7.5655,25.0577
-7.5825,25.0594
-7.5974,25.0657
-7.6181,25.0581
-7.5841,25.1842
-7.6425,25.0842
-7.6539,25.0995
-7.6671,25.1101
-7.6628,25.1655
-7.6835,25.1576
-7.7042,25.1496
-7.6795,25.2596
-7.7188,25.2033
-7.7283,25.2247
-7.7421,25.2351
-7.7697,25.2082
-7.7731,25.2467
-7.7903,25.2477
-7.8076,25.2486
-7.7997,25.3198
-7.8370,25.2645
-7.8548,25.2636
-7.8721,25.2644
-7.8958,25.2461
-7.9194,25.2278
-7.9205,25.2756
-7.9167,25.3394
-7.9481,25.2971
-7.9670,25.2928
-7.9872,25.2836
-7.9983,25.3029
-8.0080,25.3270
-8.0178,25.3510
-8.0642,25.3131
-8.0654,25.3657
-8.0900,25.3418
-8.1001,25.3657
-8.1245,25.3416
-8.1361,25.3606
-8.1285,25.4469
-8.1761,25.3410
-8.1973,25.3262
-8.2144,25.3259
-8.2262,25.3446
-8.2447,25.3393
-8.2489,25.3869
-8.2508,25.4444
-8.2746,25.4194
-8.2832,25.4525
-8.3042,25.4374
-8.3216,25.4366
-8.3401,25.4310
-8.3586,25.4253
-8.3746,25.4292
-8.3733,25.5061
-8.4068,25.4369
-8.4245,25.4343
-8.4402,25.4396
-8.4563,25.4433
-8.4735,25.4420
-8.4907,25.4407
-8.4814,25.5616
-8.5261,25.4331
-8.5433,25.4317
-8.5516,25.4725
-8.5668,25.4807
-8.5801,25.4987
-8.5945,25.5118
-8.6079,25.5297
-8.6222,25.5441
-8.6389,25.5458
-8.6532,25.5601
-8.6697,25.5631
-8.6862,25.5661
-8.7010,25.5789
-8.7118,25.6148
-8.7332,25.5895
-8.7465,25.6120
-8.7680,25.5852
-8.7853,25.5830
-8.8034,25.5758
-8.8200,25.5784
-8.8358,25.5859
-8.8427,25.6530
-8.8710,25.5760
-8.8862,25.5882
-8.8979,25.6251
-8.9112,25.6521
-8.9247,25.6790
-8.9469,25.6404
-8.9507,25.7436
-8.9785,25.6596
-8.9934,25.6765
-9.0091,25.6884
-9.0248,25.7003
-9.0395,25.7221
-9.0505,25.7786
-9.0719,25.7407
-9.1069,25.7343
-9.1244,25.7310
-9.1423,25.7226
-9.1597,25.7192
-9.1728,25.7655
-9.1877,25.7919
-9.1990,25.8650
-9.2205,25.8146
-9.2374,25.8209
-9.2543,25.8272
-9.2716,25.8284
-9.2895,25.8196
-9.3058,25.8357
-9.3197,25.8937
-9.3430,25.7940
-9.3555,25.8807
-9.3714,25.9116
-9.3891,25.9075
-9.4070,25.9012
-9.4221,25.9590
-9.4385,25.9897
-9.4729,26.0260
-9.4919,25.9894
-9.5100,25.9771
-9.5279,25.9726
-9.5450,26.0030
-9.5665,25.8025
-9.5984,26.0017
-9.6163,25.9919
-9.6341,25.9871
-9.6519,25.9722
-9.6697,25.9722
-9.6874,25.9872
-9.7059,26.1193
-9.7231,26.0070
-9.7411,26.0268
-9.7595,26.0565
-9.7768,26.0213
-9.7940,25.9860
-9.8122,26.0056
-9.8307,26.0301
-9.8674,26.0590
-9.8863,26.0833
-9.9051,26.1026
-9.9231,26.0992
-9.9437,26.1560
-9.9610,26.1352
-9.9972,26.1284
-10.0154,26.1274
-10.0335,26.1264
-10.0520,26.1302
-9.6987,20.4481
-10.0898,26.1478
-9.7025,20.4527
-10.1464,26.1687
-10.1655,26.1772
-10.1847,26.1856
-10.2030,26.1841
-10.2236,26.2073
-10.2448,26.2355
-10.2847,26.2618
-10.3048,26.2748
-10.3234,26.2729
-10.3442,26.2908
-10.3667,26.3235
-10.3826,26.2966
-10.4194,26.2872
-10.4375,26.2800
-10.4555,26.2727
-10.4747,26.2753
-10.4927,26.2679
-10.5093,26.2506
-10.5590,26.4735
-10.5540,26.2999
-10.5770,26.3268
-10.5980,26.3389
-10.6183,26.3460
-10.6386,26.3530
-10.6590,26.3600
-10.6795,26.3668
-10.7189,26.3705
-10.7403,26.3821
-10.7609,26.3888
-10.7816,26.3953
-10.7997,26.3870
-10.8187,26.3836
-10.8565,26.3767
-10.8764,26.3780
-10.9029,26.4136
-10.9335,26.4686
-10.9635,26.5187
-10.9948,26.5735
-11.0327,26.5606
-11.0584,26.5858
-11.0896,26.6353
-11.1110,26.6390
-11.1264,26.6151
-11.1464,26.6125
-11.1723,26.6355
-11.1812,26.5841
-11.2007,26.5796
-11.2191,26.5701
-11.2503,26.6140
-11.2825,26.6609
-11.2967,26.6335
-11.3176,26.6334
-11.3558,26.6186
-11.3779,26.6232
-11.4001,26.6277
-11.4262,26.6466
-11.4447,26.6365
-11.4591,26.6119
-11.5212,26.6828
-11.5559,26.7301
-11.5841,26.7533
-11.6194,26.8003
-11.6378,26.7882
-11.6480,26.7487
-11.6997,26.7750
-11.7300,26.8024
-11.7561,26.8153
-11.7853,26.8376
-11.8101,26.8456
-11.8349,26.8534
-11.8614,26.8659
-11.9068,26.8669
-11.9367,26.8887
-11.9524,26.8676
-11.9888,26.9081
-11.9689,26.7829
-11.9776,26.7429
-12.0193,26.7337
-12.0409,26.7313
-12.1204,26.8900
-12.1115,26.8016
-12.1784,26.9221
-12.2128,26.9521
-12.2557,27.0043
-12.2646,26.9647
-12.2888,26.9663
-12.2917,26.9118
-12.3140,26.9085
-12.3381,26.9099
-12.3860,26.9716
-12.4086,26.9681
-12.4817,27.0302
-12.5286,27.0858
-12.5404,27.0548
-12.5936,27.1240
-12.6436,27.1844
-12.6652,27.1760
-12.6842,27.1029
-12.7073,27.0984
-12.7483,27.1351
-12.8096,27.2172
-12.8571,27.2668
-12.9173,27.3439
-12.9453,27.3479
-12.9075,27.2064
-12.9974,27.3466
-13.0129,27.3229
-13.0745,27.3988
-13.0732,27.3387
-13.0907,27.3195
-13.1318,27.3498
-13.1928,27.3650
-13.2365,27.3993
-13.2783,27.4290
-13.3114,27.4406
-13.3269,27.4163
-13.3511,27.4097
-13.3996,27.3964
-13.4421,27.4252
-13.4802,27.4449
-13.5046,27.4379
-13.5429,27.4574
-13.5953,27.5031
-13.7068,27.6593
-13.6681,27.5323
-13.7189,27.5730
-13.7819,27.6355
-13.8286,27.6669
-13.8538,27.6588
-13.8935,27.6768
-13.9653,27.7519
-13.9537,27.6774
-13.9987,27.7037
-14.0439,27.7297
-14.0892,27.7555
-14.1172,27.7509
-14.1734,27.7944
-14.2719,27.9093
-14.3826,27.9889
-14.3884,27.9447
-14.3579,27.8407
-14.4175,27.8864
-14.4617,27.9062
-14.5277,27.9610
-14.4925,27.7993
-14.5661,27.8651
-14.6028,27.8715
-14.6904,27.9578
-14.7625,28.0185
-14.7999,28.0241
-14.8762,28.0897
-14.8448,27.9891
-14.8521,27.9485
-14.8895,27.9537
-14.9519,27.9962
-15.2047,28.3222
-15.2266,28.3015
-15.2892,28.2347
-15.3364,28.2507
-15.3638,28.2378
-14.2127,23.8323
-14.2387,23.7850
-14.2420,23.7650
-14.2492,23.7481
-14.2602,23.7344
-14.2712,23.7206
-14.2782,23.7037
-14.3000,23.6760
-14.3068,23.6590
-14.3176,23.6451
-14.3243,23.6281
-14.3350,23.6142
-14.3456,23.6002
-14.3627,23.5691
-14.3732,23.5550
-14.3837,23.5409
-14.3900,23.5238
-14.4004,23.5096
-14.4107,23.4954
-14.4209,23.4812
-14.4413,23.4527
-14.4515,23.4383
-14.4616,23.4240
-14.4716,23.4096
-14.4816,23.3952
-14.4916,23.3808
-14.5114,23.3518
-14.5171,23.3345
-14.5310,23.3227
-14.5241,23.2970
-14.5296,23.2797
-14.8623,22.5510
-14.8697,22.5354
-14.8680,22.5155
-14.9297,22.5254
-14.9008,22.4928
-14.9080,22.4771
-14.9542,22.4601
-14.9614,22.4442
-14.9639,22.4263
-14.9710,22.4104
-14.9780,22.3945
-14.9895,22.3806
-15.0079,22.3506
-15.0194,22.3366
-15.0261,22.3205
-15.0375,22.3064
-15.0442,22.2903
-15.0555,22.2760
-15.0621,22.2599
-15.0751,22.2275
-15.0816,22.2113
-15.0880,22.1951
-15.0943,22.1788
-15.0960,22.1608
-15.1069,22.1463
-15.1006,22.1066
-15.1254,22.0973
-15.1657,22.0748
-15.1576,22.0532
-15.1494,22.0317
-15.1658,22.0005
-17.3855,19.7623
-17.4089,19.7381
-17.3974,19.6922
-17.4056,19.6685
-17.5865,19.3250
-17.6415,19.2716
-17.6341,19.2482
-17.6413,19.2233
-17.6338,19.2000
-17.6334,19.1517
-17.6356,19.1272
-17.6476,19.1015
-17.6595,19.0758
-17.6764,19.0493
-17.6882,19.0233
-17.7065,18.9719
-17.7577,18.9402
-17.7988,18.9096
-17.8349,18.8795
-17.8510,18.8521
-17.8770,18.8231
-17.8694,18.7739
-17.8803,18.7469
-17.8862,18.7207
-17.9018,18.6927
-17.9174,18.6647
-17.9377,18.6357
-17.9487,18.5826
-17.9688,18.5533
-17.9888,18.5239
-18.0136,18.4934
-18.0383,18.4627
-18.0629,18.4319
-18.0823,18.3757
-18.1115,18.3435
-18.1357,18.3121
-18.1597,18.2805
-18.1837,18.2488
-18.2075,18.2169
-18.2312,18.1849
-18.2980,18.1430
-18.2490,18.1269
-18.2772,18.0934
-18.3005,18.0608
-18.3285,18.0269
-18.3564,17.9928
-18.3793,17.9597
-18.4351,17.9184
-18.3907,17.9015
-18.4084,17.8693
-18.4260,17.8369
-18.4387,17.8056
-18.4609,17.7718
-18.4878,17.7365
-18.5810,17.6832
-18.5074,17.6745
-18.5339,17.6388
-18.5603,17.6028
-18.5866,17.5667
-18.6079,17.5318
-18.6339,17.4954
-18.6519,17.4318
-18.6775,17.3949
-18.7125,17.3550
-18.7426,17.3163
-18.7726,17.2774
-18.8024,17.2382
-18.8233,17.1715
-18.8527,17.1318
-18.8772,17.0936
-18.9062,17.0536
-18.9304,17.0149
-18.9591,16.9745
-18.9830,16.9044
-19.0160,16.8619
-19.0489,16.8191
-19.0863,16.7745

# FrameTime=1781596546.41, PointCount=640
-4.3375,23.7049
-4.3938,23.6898
-4.4088,23.7028
-4.4402,23.7043
-4.5194,23.6953
-4.5202,23.7179
-4.4924,23.7610
-4.4994,23.7794
-4.5694,23.7524
-4.6169,23.7413
-4.5492,23.8140
-4.5886,23.8086
-4.6020,23.8223
-4.6392,23.8182
-4.6625,23.8242
-4.7297,23.7971
-4.7170,23.8301
-4.7323,23.8419
-4.7852,23.8247
-4.8059,23.8555
-4.8585,23.8377
-4.8777,23.8460
-4.9008,23.8510
-4.9239,23.8560
-4.9431,23.8640
-4.9737,23.8860
-4.9967,23.8906
-5.0160,23.8982
-5.0390,23.9026
-5.0620,23.9069
-5.0718,23.9222
-5.0874,23.9562
-5.1067,23.9635
-5.1071,23.9869
-5.1130,24.0056
-5.1248,24.0193
-5.1330,24.0362
-5.1356,24.0579
-5.2167,24.0104
-5.2360,24.0171
-5.1717,24.0986
-5.1801,24.1154
-5.1812,24.1390
-5.2284,24.1206
-5.2389,24.1354
-5.2780,24.1483
-5.2939,24.1581
-5.3208,24.1575
-5.3294,24.1740
-5.3506,24.1786
-5.3810,24.1743
-5.4165,24.1895
-5.4432,24.1883
-5.4841,24.1730
-5.5178,24.1645
-5.5336,24.1735
-5.5495,24.1823
-5.5604,24.1961
-5.5532,24.2283
-5.5783,24.2279
-5.5873,24.2437
-5.5963,24.2595
-5.6193,24.2610
-5.6458,24.2587
-5.6791,24.2490
-5.6174,24.3392
-5.7125,24.2642
-5.7661,24.2324
-5.7888,24.2331
-5.7938,24.2529
-5.7861,24.2865
-5.7374,24.3652
-5.7652,24.3607
-5.7800,24.3702
-5.8470,24.3217
-5.8897,24.2997
-5.8693,24.3483
-5.9184,24.3186
-5.9049,24.3598
-5.9347,24.3777
-5.9607,24.3738
-5.9737,24.3849
-5.9988,24.3817
-5.9957,24.4117
-5.9986,24.4348
-6.0249,24.4568
-6.0412,24.4638
-6.0608,24.4670
-6.0783,24.4724
-6.0967,24.4769
-6.1162,24.4798
-6.1263,24.4944
-6.1178,24.5324
-6.1499,24.5195
-6.1922,24.4932
-6.2116,24.4958
-6.2180,24.5151
-6.2344,24.5215
-6.2079,24.5837
-6.2823,24.5143
-6.3077,24.5086
-6.3159,24.5255
-6.2953,24.5810
-6.2880,24.6192
-6.3324,24.5876
-6.3519,24.5896
-6.3471,24.6248
-6.3879,24.5973
-6.4190,24.5828
-6.4587,24.5560
-6.4635,24.5778
-6.4857,24.5752
-6.4849,24.6052
-6.4432,24.6940
-6.4894,24.6571
-6.4862,24.6913
-6.4853,24.7225
-6.5189,24.7032
-6.5084,24.7487
-6.5419,24.7292
-6.5660,24.7234
-6.5893,24.7187
-6.6216,24.7000
-6.6546,24.6800
-6.6631,24.6974
-6.6318,24.7764
-6.6567,24.7686
-6.6376,24.8298
-6.6903,24.7782
-6.7124,24.7745
-6.7292,24.7791
-6.7407,24.7921
-6.7549,24.8009
-6.7665,24.8139
-6.7782,24.8269
-6.7735,24.8670
-6.8213,24.8199
-6.8288,24.8399
-6.8804,24.7854
-6.8921,24.7980
-6.9188,24.7848
-6.9330,24.7931
-6.8874,24.9051
-6.9540,24.8224
-6.9609,24.8435
-6.9654,24.8690
-6.9806,24.8757
-6.9798,24.9113
-7.0015,24.9063
-7.0088,24.9275
-7.0314,24.9208
-7.0792,24.8672
-7.0865,24.8882
-7.0939,24.9091
-7.1038,24.9257
-7.1176,24.9348
-7.1238,24.9587
-7.1103,25.0208
-7.1509,24.9783
-7.1717,24.9740
-7.1909,24.9726
-7.1990,24.9933
-7.2003,25.0277
-7.2219,25.0216
-7.2192,25.0646
-7.2589,25.0212
-7.2803,25.0150
-7.2952,25.0221
-7.2492,25.1571
-7.3200,25.0468
-7.3540,25.0132
-7.3077,25.1515
-7.3733,25.0497
-7.3661,25.1050
-7.4018,25.0664
-7.4141,25.0792
-7.4332,25.0769
-7.4604,25.0563
-7.4392,25.1451
-7.4923,25.0649
-7.5153,25.0531
-7.5342,25.0504
-7.5511,25.0522
-7.5660,25.0586
-7.5829,25.0603
-7.5623,25.1524
-7.6110,25.0773
-7.6298,25.0743
-7.6411,25.0896
-7.6581,25.0910
-7.6529,25.1480
-7.6651,25.1617
-7.6840,25.1584
-7.6482,25.2964
-7.7164,25.1656
-7.7175,25.2088
-7.7236,25.2394
-7.7461,25.2266
-7.7685,25.2137
-7.7736,25.2475
-7.7909,25.2485
-7.7930,25.2915
-7.8220,25.2597
-7.8431,25.2495
-7.8554,25.2644
-7.8677,25.2793
-7.8996,25.2374
-7.9183,25.2333
-7.9158,25.2921
-7.9336,25.2911
-7.9471,25.3026
-7.9660,25.2982
-7.9909,25.2748
-7.9959,25.3131
-8.0071,25.3325
-7.9813,25.4704
-8.0357,25.3519
-8.0604,25.3281
-8.0660,25.3664
-8.0934,25.3329
-8.1021,25.3616
-8.1208,25.3567
-8.1130,25.4429
-8.1540,25.3610
-8.1767,25.3416
-8.1979,25.3269
-8.2123,25.3361
-8.2255,25.3500
-8.2440,25.3447
-8.2250,25.4793
-8.2629,25.4014
-8.2727,25.4297
-8.2813,25.4628
-8.3061,25.4332
-8.3222,25.4372
-8.3407,25.4316
-8.3484,25.4697
-8.3741,25.4346
-8.3914,25.4337
-8.4075,25.4375
-8.4318,25.4057
-8.4408,25.4401
-8.4580,25.4389
-8.4502,25.5500
-8.4914,25.4413
-8.5085,25.4399
-8.5267,25.4336
-8.5418,25.4419
-8.5542,25.4632
-8.5674,25.4813
-8.5827,25.4894
-8.5831,25.5728
-8.6124,25.5106
-8.6259,25.5284
-8.6395,25.5463
-8.6532,25.5641
-8.6686,25.5734
-8.6860,25.5715
-8.7010,25.5829
-8.7182,25.5822
-8.7339,25.5900
-8.7472,25.6124
-8.7695,25.5808
-8.7868,25.5785
-8.8080,25.5516
-8.8076,25.6631
-8.8379,25.5764
-8.8530,25.5888
-8.8710,25.5813
-8.8840,25.6084
-8.8979,25.6304
-8.9112,25.6574
-8.9254,25.6794
-8.9643,25.6430
-8.9785,25.6649
-8.9941,25.6768
-9.0115,25.6739
-9.0238,25.7155
-9.0391,25.7323
-9.0310,25.9647
-9.0673,25.7907
-9.0901,25.7378
-9.1066,25.7445
-9.1237,25.7462
-9.1430,25.7229
-9.1600,25.7245
-9.1739,25.7608
-9.2057,25.7936
-9.2217,25.8099
-9.2378,25.8262
-9.2558,25.8175
-9.2730,25.8187
-9.2903,25.8199
-9.3262,25.7982
-9.3429,25.8091
-9.3562,25.8809
-9.3721,25.9118
-9.3899,25.9077
-9.4087,25.8815
-9.4403,25.9650
-9.4569,25.9956
-9.4737,26.0262
-9.4926,25.9946
-9.5106,25.9873
-9.5286,25.9778
-9.5457,26.0060
-9.5845,25.8030
-9.5993,25.9969
-9.6171,25.9921
-9.6349,25.9872
-9.6527,25.9723
-9.6705,25.9873
-9.7061,26.0122
-9.7240,26.0121
-9.7424,26.0668
-9.7600,26.0366
-9.7775,26.0114
-9.7950,25.9961
-9.8154,26.1078
-9.8308,26.0052
-9.8495,26.0347
-9.8682,26.0591
-9.8873,26.0884
-9.9059,26.1027
-9.9241,26.1043
-9.9426,26.1111
-9.9791,26.1144
-9.6930,20.4484
-10.0159,26.1224
-10.0344,26.1264
-10.0529,26.1302
-10.0717,26.1390
-10.1096,26.1564
-10.1290,26.1700
-10.1488,26.1886
-10.1672,26.1871
-10.1839,26.1657
-10.2047,26.1940
-9.7068,20.4475
-10.2443,26.2205
-10.2646,26.2386
-10.2846,26.2517
-10.3047,26.2648
-10.3243,26.2728
-10.3451,26.2907
-10.3944,26.5645
-10.3881,26.3361
-10.4022,26.2943
-10.4209,26.2920
-10.4377,26.2749
-10.4564,26.2726
-10.4731,26.2554
-10.4956,26.2826
-10.5273,26.2380
-10.5557,26.3046
-10.5815,26.3514
-10.5996,26.3437
-10.6185,26.3409
-10.6396,26.3528
-10.6704,26.4266
-10.6788,26.3567
-10.6993,26.3636
-10.7206,26.3752
-10.7421,26.3868
-10.7644,26.4033
-10.7834,26.4000
-10.8336,26.5716
-10.8205,26.3883
-10.8385,26.3799
-10.8575,26.3764
-10.8801,26.3924
-10.9077,26.4329
-10.9364,26.4781
-10.9655,26.5233
-11.0092,26.5398
-11.0337,26.5602
-11.0615,26.5952
-11.0934,26.6478
-11.1120,26.6386
-11.1263,26.6098
-11.1693,26.6174
-11.1833,26.5886
-11.2029,26.5840
-11.2270,26.5988
-11.2513,26.6136
-11.2816,26.6524
-11.3105,26.6847
-11.3174,26.6281
-11.3371,26.6232
-11.3580,26.6230
-11.3802,26.6276
-11.4011,26.6272
-11.4260,26.6413
-11.4431,26.6264
-11.4837,26.6205
-11.5236,26.6871
-11.5624,26.7488
-11.5893,26.7671
-11.6136,26.7757
-11.6351,26.7747
-11.6820,26.7853
-11.7036,26.7840
-11.7121,26.7396
-11.7587,26.8195
-11.7834,26.8275
-11.8131,26.8510
-11.8376,26.8576
-11.8675,26.8808
-11.8860,26.8682
-11.9111,26.8758
-11.9362,26.8833
-11.9535,26.8670
-11.9883,26.9027
-11.9716,26.7870
-11.9970,26.7306
-12.0154,26.7188
-12.0286,26.6929
-12.0282,26.6294
-12.1454,26.8913
-12.1830,26.9308
-12.2398,26.9577
-12.2692,26.9733
-12.2843,26.9505
-12.2928,26.9110
-12.3151,26.9077
-12.3447,26.9230
-12.4600,27.1559
-12.4079,26.9626
-12.4360,26.9729
-12.5015,27.0757
-12.5298,27.0849
-12.5397,27.0494
-12.6005,27.1369
-12.6487,27.1927
-12.6877,27.2257
-12.6858,27.1615
-12.6854,27.1020
-12.7124,27.1066
-12.7535,27.1433
-12.8088,27.2117
-12.8605,27.2708
-12.9078,27.2606
-12.9067,27.2009
-13.0111,27.3728
-13.0288,27.3537
-13.0632,27.3705
-13.0745,27.3377
-13.0941,27.3229
-13.1567,27.3985
-13.1657,27.3609
-13.2028,27.3819
-13.2422,27.4072
-13.2840,27.4369
-13.3105,27.4350
-13.3660,27.4912
-13.3524,27.4086
-13.3789,27.4064
-13.4032,27.3997
-13.4434,27.4240
-13.4838,27.4482
-13.5082,27.4412
-13.6255,27.6112
-13.5687,27.4489
-13.6189,27.4901
-13.6742,27.5399
-13.7203,27.5718
-13.7857,27.6386
-13.8300,27.6656
-13.8479,27.6444
-13.9006,27.6322
-13.9551,27.6761
-14.0026,27.7066
-14.0502,27.7370
-14.0956,27.7628
-14.1187,27.7495
-14.2352,27.8966
-14.2127,27.8045
-14.3095,27.9155
-14.3771,27.9755
-14.3771,27.9218
-14.3619,27.8435
-14.4293,27.9020
-14.4762,27.9260
-14.5469,27.9353
-14.6320,28.0192
-14.5675,27.8636
-14.6096,27.8784
-14.7027,27.9731
-14.7721,28.0294
-14.8334,28.0196
-14.8736,28.0292
-14.8591,27.9552
-14.8855,27.9437
-14.9755,28.0278
-15.2091,28.3246
-15.2282,28.2997
-15.2908,28.2329
-15.3465,28.2612
-15.3654,28.2359
-14.2279,23.8204
-14.2348,23.7804
-14.2421,23.7635
-14.2531,23.7498
-14.2603,23.7329
-14.2712,23.7191
-14.2891,23.6884
-14.3000,23.6745
-14.3068,23.6576
-14.3176,23.6436
-14.3243,23.6267
-14.3350,23.6127
-14.3562,23.5846
-14.3627,23.5676
-14.3732,23.5535
-14.3836,23.5394
-14.3900,23.5223
-14.4003,23.5081
-14.4106,23.4939
-14.4311,23.4654
-14.4413,23.4511
-14.4514,23.4368
-14.4615,23.4225
-14.4715,23.4081
-14.4815,23.3937
-14.5014,23.3648
-14.5113,23.3503
-14.5170,23.3329
-14.5309,23.3212
-14.5240,23.2955
-14.5295,23.2782
-14.5570,23.2544
-14.8574,22.5472
-14.8738,22.5359
-14.8676,22.5139
-14.8931,22.5067
-14.9502,22.5142
-14.9076,22.4754
-14.9148,22.4597
-14.9220,22.4439
-14.9610,22.4425
-14.9635,22.4246
-14.9751,22.4107
-14.9821,22.3948
-15.0006,22.3649
-15.0121,22.3509
-15.0235,22.3368
-15.0303,22.3207
-15.0416,22.3066
-15.0483,22.2904
-15.0616,22.2582
-15.0681,22.2420
-15.0746,22.2258
-15.0811,22.2096
-15.0875,22.1933
-15.0938,22.1771
-15.1064,22.1445
-15.1173,22.1300
-15.1375,22.1189
-15.1389,22.1008
-15.2013,22.1051
-15.1604,22.0713
-15.1441,22.0283
-15.1405,22.0085
-17.4032,19.7357
-17.4071,19.7123
-17.3911,19.6898
-17.4042,19.6660
-17.5772,19.3471
-17.5900,19.3220
-17.5625,19.3007
-17.6350,19.2695
-17.6423,19.2446
-17.6422,19.1963
-17.6494,19.1712
-17.6517,19.1467
-17.6588,19.1216
-17.6659,19.0965
-17.6778,19.0706
-17.6915,19.0200
-17.7082,18.9933
-17.7445,18.9638
-17.7808,18.9341
-17.8318,18.9020
-17.8530,18.8739
-17.8605,18.8226
-17.8666,18.7965
-17.8776,18.7696
-17.8835,18.7434
-17.8943,18.7163
-17.9100,18.6884
-17.9255,18.6603
-17.9366,18.6073
-17.9568,18.5781
-17.9769,18.5488
-17.9968,18.5193
-18.0167,18.4897
-18.0414,18.4590
-18.0610,18.4030
-18.0854,18.3719
-18.1146,18.3397
-18.1387,18.3082
-18.1628,18.2767
-18.1867,18.2449
-18.2587,18.2025
-18.2049,18.1874
-18.2285,18.1553
-18.2520,18.1230
-18.2753,18.0905
-18.3034,18.0568
-18.3314,18.0229
-18.3482,17.9639
-18.3709,17.9307
-18.3936,17.8974
-18.4161,17.8639
-18.4385,17.8303
-18.4608,17.7965
-18.4761,17.7361
-18.4980,17.7020
-18.5246,17.6663
-18.5511,17.6305
-18.5727,17.5959
-18.5941,17.5611
-18.6077,17.4993
-18.6288,17.4641
-18.6593,17.4260
-18.6897,17.3877
-18.7199,17.3491
-18.7500,17.3104
-18.7751,17.2729
-18.7964,17.2063
-18.8259,17.1669
-18.8505,17.1288
-18.8797,17.0890
-18.9087,17.0489
-18.9376,17.0087
-18.9617,16.9388
-18.9901,16.8981
-19.0231,16.8555
-19.0560,16.8127
-19.0886,16.7697

# FrameTime=1781596546.51, PointCount=638
-4.3369,23.6851
-4.3519,23.6983
-4.3752,23.7058
-4.4190,23.6989
-4.3151,23.7946
-4.4555,23.7202
-4.5236,23.6956
-4.5446,23.7038
-4.4619,23.7860
-4.5137,23.7725
-4.5837,23.7454
-4.6149,23.7460
-4.5746,23.8222
-4.6081,23.8211
-4.6414,23.8199
-4.6886,23.8080
-4.7078,23.8169
-4.7271,23.8257
-4.7656,23.8431
-4.7947,23.8440
-4.8199,23.8479
-4.8607,23.8394
-4.8877,23.8414
-4.9186,23.8402
-4.9452,23.8656
-4.9644,23.8734
-4.9836,23.8812
-5.0028,23.8890
-5.0220,23.8966
-5.0412,23.9042
-5.0434,23.9494
-5.0627,23.9569
-5.0820,23.9642
-5.1051,23.9682
-5.1375,23.9641
-5.1362,23.9890
-5.1291,24.0190
-5.0488,24.1133
-5.1471,24.0513
-5.1815,24.0450
-5.1769,24.0733
-5.1963,24.0800
-5.1601,24.1370
-5.1815,24.1422
-5.2759,24.1049
-5.2534,24.1501
-5.2840,24.1464
-5.3072,24.1493
-5.3340,24.1486
-5.3172,24.1891
-5.3437,24.2136
-5.3921,24.1919
-5.4260,24.1839
-5.4491,24.1862
-5.5042,24.1569
-5.5201,24.1658
-5.5553,24.1801
-5.5607,24.1995
-5.5681,24.2168
-5.5876,24.2220
-5.5896,24.2450
-5.5987,24.2608
-5.6252,24.2586
-5.6081,24.3017
-5.6711,24.2611
-5.6871,24.2695
-5.7354,24.2436
-5.7718,24.2299
-5.7877,24.2379
-5.7731,24.2789
-5.8188,24.2547
-5.7944,24.3066
-5.7527,24.3781
-5.8166,24.3335
-5.8527,24.3191
-5.8953,24.2971
-5.8492,24.3748
-5.8780,24.3683
-5.9467,24.3160
-5.9267,24.3647
-5.9429,24.3722
-5.9664,24.3711
-5.9696,24.3936
-6.0076,24.3752
-5.9847,24.4286
-5.9823,24.4581
-6.0141,24.4468
-6.0305,24.4540
-6.0468,24.4610
-6.0632,24.4680
-6.0828,24.4711
-6.1023,24.4740
-6.1104,24.4911
-6.1319,24.4915
-6.1421,24.5060
-6.1492,24.5244
-6.1977,24.4903
-6.2171,24.4928
-6.1895,24.5559
-6.2369,24.5224
-6.2502,24.5327
-6.2938,24.5033
-6.3162,24.5015
-6.3055,24.5434
-6.3100,24.5655
-6.3114,24.5920
-6.3312,24.5936
-6.3397,24.6106
-6.3680,24.6004
-6.3933,24.5941
-6.4390,24.5594
-6.4525,24.5690
-6.4747,24.5665
-6.4960,24.5938
-6.4954,24.6237
-6.4891,24.6620
-6.4831,24.7003
-6.5132,24.6863
-6.4941,24.7441
-6.5138,24.7454
-6.5576,24.7104
-6.5714,24.7200
-6.5946,24.7153
-6.6351,24.6841
-6.6572,24.6807
-6.6166,24.7737
-6.6344,24.7771
-6.6341,24.8088
-6.6734,24.7784
-6.6982,24.7705
-6.7177,24.7710
-6.7344,24.7756
-6.7486,24.7844
-6.7601,24.7974
-6.7552,24.8374
-6.7860,24.8190
-6.8045,24.8206
-6.8265,24.8163
-6.8459,24.8161
-6.8856,24.7817
-6.8997,24.7900
-6.8384,24.9279
-6.9381,24.7894
-6.9423,24.8148
-6.9615,24.8143
-6.9660,24.8398
-6.9705,24.8652
-6.9760,24.8893
-6.9775,24.9207
-6.9946,24.9243
-7.0067,24.9368
-7.0364,24.9170
-7.0818,24.8677
-7.0797,24.9063
-7.1013,24.9008
-7.1065,24.9262
-7.0483,25.0726
-7.1311,24.9503
-7.1411,24.9668
-7.1574,24.9714
-7.1767,24.9700
-7.1869,24.9864
-7.1889,25.0192
-7.2076,25.0190
-7.2246,25.0221
-7.2373,25.0339
-7.2617,25.0217
-7.2831,25.0154
-7.2893,25.0406
-7.2586,25.1436
-7.2630,25.1738
-7.3567,25.0136
-7.3653,25.0341
-7.3718,25.0591
-7.3750,25.0917
-7.4025,25.0713
-7.4169,25.0796
-7.4013,25.1548
-7.4611,25.0612
-7.4821,25.0541
-7.5030,25.0470
-7.5200,25.0489
-7.5369,25.0507
-7.5538,25.0525
-7.5462,25.1124
-7.5857,25.0606
-7.6007,25.0668
-7.6195,25.0638
-7.6326,25.0745
-7.6439,25.0899
-7.6627,25.0867
-7.6594,25.1390
-7.6289,25.2612
-7.6850,25.1633
-7.7039,25.1599
-7.7156,25.1751
-7.7109,25.2338
-7.7299,25.2303
-7.7524,25.2175
-7.7592,25.2467
-7.7850,25.2242
-7.7937,25.2487
-7.8093,25.2543
-7.8248,25.2599
-7.8460,25.2497
-7.8582,25.2646
-7.8738,25.2700
-7.8776,25.3099
-7.9211,25.2334
-7.9319,25.2528
-7.9348,25.2959
-7.9516,25.2980
-7.9704,25.2936
-7.9907,25.2844
-7.9563,25.4461
-8.0160,25.3135
-8.0228,25.3470
-8.0431,25.3376
-8.0574,25.3472
-8.0704,25.3617
-8.0963,25.3329
-8.1093,25.3472
-8.1144,25.3886
-8.1298,25.3949
-8.1582,25.3563
-8.1823,25.3320
-8.2021,25.3221
-8.2152,25.3361
-8.1809,25.5236
-8.2494,25.3351
-8.2588,25.3634
-8.2671,25.3965
-8.2756,25.4296
-8.2842,25.4627
-8.3127,25.4186
-8.3263,25.4323
-8.3280,25.4947
-8.3597,25.4355
-8.3782,25.4297
-8.3943,25.4336
-8.4115,25.4325
-8.4336,25.4104
-8.4437,25.4400
-8.4158,25.6388
-8.4771,25.4424
-8.4943,25.4411
-8.5136,25.4300
-8.5307,25.4286
-8.5468,25.4320
-8.5572,25.4631
-8.5431,25.6150
-8.5866,25.4843
-8.6009,25.4974
-8.6211,25.4810
-8.6317,25.5135
-8.6425,25.5461
-8.6569,25.5603
-8.6673,25.5964
-8.6890,25.5712
-8.7046,25.5791
-8.7212,25.5820
-8.7352,25.5995
-8.7535,25.5925
-8.7724,25.5805
-8.7914,25.5684
-8.7853,25.7145
-8.8274,25.5539
-8.8394,25.5859
-8.8552,25.5933
-8.8747,25.5761
-8.8863,25.6130
-8.8995,25.6400
-8.9055,25.7220
-8.9297,25.6692
-8.9506,25.6404
-8.9667,25.6475
-8.9809,25.6694
-8.9972,25.6764
-9.0122,25.6933
-9.0280,25.7052
-9.0597,25.7288
-9.0725,25.7704
-9.0927,25.7423
-9.1107,25.7341
-9.1272,25.7407
-9.1465,25.7175
-9.1800,25.7255
-9.1937,25.7668
-9.2091,25.7891
-9.2244,25.8144
-9.2412,25.8207
-9.2589,25.8170
-9.2708,25.8950
-9.2934,25.8193
-9.3110,25.8155
-9.3261,25.8514
-9.3421,25.8774
-9.3600,25.8683
-9.3753,25.9112
-9.3928,25.9121
-9.4290,25.8866
-9.4433,25.9693
-9.4598,26.0050
-9.4771,26.0206
-9.4959,25.9890
-9.5139,25.9817
-9.5498,25.9625
-9.5705,25.7970
-9.5847,25.9960
-9.6025,25.9962
-9.6203,25.9914
-9.6382,25.9815
-9.6558,26.0288
-9.6736,25.9716
-9.6914,25.9716
-9.7093,26.0065
-9.7271,26.0063
-9.7458,26.0761
-9.7632,26.0359
-9.7803,25.9906
-9.8160,25.9949
-9.8341,26.0094
-9.8529,26.0388
-9.8716,26.0632
-9.8905,26.0875
-9.9096,26.1118
-9.9469,26.1352
-9.9647,26.1244
-9.9828,26.1235
-10.0010,26.1225
-10.0195,26.1265
-9.6961,20.4525
-9.6981,20.4474
-10.0935,26.1418
-10.1132,26.1605
-10.1330,26.1790
-10.1525,26.1926
-10.1705,26.1861
-10.2104,26.4411
-10.2046,26.1532
-10.2269,26.1963
-10.2485,26.2294
-9.7095,20.4465
-10.2914,26.2855
-10.3085,26.2687
-10.3277,26.2717
-10.3649,26.2677
-10.3840,26.2705
-10.4044,26.2833
-10.4224,26.2761
-9.7198,20.4454
-10.4584,26.2616
-10.4936,26.2419
-10.5148,26.2592
-10.5320,26.2468
-10.5590,26.3035
-10.5842,26.3453
-10.6023,26.3376
-10.6226,26.3446
-10.6618,26.3487
-10.6830,26.3605
-10.7035,26.3673
-10.7240,26.3740
-10.7454,26.3856
-10.7661,26.3922
-10.8040,26.3855
-10.8230,26.3821
-10.8410,26.3737
-10.8627,26.3849
-10.8835,26.3911
-10.9139,26.4462
-10.9620,26.4876
-10.9952,26.5522
-11.0187,26.5678
-11.0403,26.5735
-11.0629,26.5840
-11.0969,26.6463
-11.1166,26.6420
-11.1411,26.6590
-11.1509,26.6107
-11.1672,26.5916
-11.1868,26.5871
-11.2052,26.5777
-11.2363,26.6216
-11.2649,26.6540
-11.3037,26.6412
-11.3222,26.6315
-11.3332,26.5926
-11.3615,26.6214
-11.3837,26.6260
-11.4072,26.6353
-11.4561,26.7395
-11.4531,26.6489
-11.4623,26.6050
-11.4952,26.6477
-11.5298,26.6951
-11.5660,26.7472
-11.5943,26.7703
-11.6307,26.8206
-11.6359,26.7634
-11.6588,26.7671
-11.6842,26.7788
-11.7029,26.7679
-11.7230,26.7618
-11.7667,26.8320
-11.7944,26.8496
-11.8492,26.8808
-11.8661,26.8635
-11.8912,26.8712
-11.9163,26.8787
-11.9414,26.8862
-11.9603,26.8746
-11.9839,26.8772
-12.0161,26.9045
-11.9920,26.7687
-12.0006,26.7287
-12.0139,26.7028
-12.0305,26.6863
-12.1133,26.8545
-12.1435,26.8742
-12.1746,26.8960
-12.2089,26.9259
-12.2435,26.9557
-12.2796,26.9891
-12.2847,26.9401
-12.2946,26.9043
-12.3833,27.0725
-12.3411,26.9024
-12.3780,26.9362
-12.4097,26.9559
-12.4489,26.9940
-12.4996,27.0597
-12.5448,27.1106
-12.5529,27.0703
-12.6274,27.1306
-12.6796,27.1954
-12.6915,27.1639
-12.6872,27.0952
-12.7201,27.1136
-12.7612,27.1502
-12.8300,27.1909
-12.8859,27.2589
-12.9034,27.2401
-12.9146,27.2076
-12.9921,27.3205
-13.0557,27.4012
-13.0649,27.3636
-13.0980,27.3205
-13.1154,27.3012
-13.1739,27.3675
-13.2088,27.3839
-13.2482,27.4092
-13.2923,27.4434
-13.3365,27.4215
-13.3541,27.4016
-13.3805,27.3994
-13.4139,27.4105
-13.4541,27.4348
-13.4877,27.4456
-13.5365,27.4314
-13.5819,27.4639
-13.6276,27.4963
-13.6852,27.5504
-13.7361,27.5910
-13.7992,27.6534
-13.8919,27.7685
-13.8495,27.6372
-13.8867,27.6508
-13.9217,27.6600
-13.9665,27.6863
-14.0115,27.7125
-14.0592,27.7428
-14.0996,27.7599
-14.1482,27.7375
-14.2218,27.8102
-14.3340,27.9469
-14.3812,27.9725
-14.3555,27.8760
-14.3686,27.8448
-14.4543,27.8803
-14.5144,27.9255
-14.5169,27.8770
-14.5165,27.8243
-14.5796,27.8731
-14.6270,27.8964
-14.7801,28.0849
-14.7359,27.9632
-14.8083,28.0235
-14.8267,27.9996
-14.8805,28.0301
-14.8797,27.9769
-14.8924,27.9446
-15.1637,28.3003
-15.2409,28.3087
-15.2656,28.2919
-15.3016,28.2916
-15.3508,28.2577
-15.3754,28.2406
-14.2300,23.8174
-14.2370,23.7774
-14.2403,23.7574
-14.2513,23.7437
-14.2733,23.7162
-14.2803,23.6992
-14.2912,23.6854
-14.2981,23.6685
-14.3089,23.6546
-14.3157,23.6376
-14.3264,23.6237
-14.3436,23.5927
-14.3542,23.5786
-14.3607,23.5616
-14.3712,23.5475
-14.3816,23.5334
-14.3920,23.5193
-14.4126,23.4909
-14.4228,23.4766
-14.4330,23.4624
-14.4432,23.4481
-14.4533,23.4338
-14.4634,23.4194
-14.4835,23.3906
-14.4934,23.3761
-14.5033,23.3617
-14.5090,23.3444
-14.5188,23.3298
-14.5245,23.3125
-14.5355,23.2778
-14.5535,23.2687
-14.8934,22.5990
-14.8634,22.5461
-14.8708,22.5305
-14.8691,22.5106
-14.9036,22.5077
-14.9018,22.4878
-14.9409,22.4867
-14.9553,22.4551
-14.9624,22.4392
-14.9695,22.4233
-14.9766,22.4074
-14.9882,22.3935
-14.9997,22.3795
-15.0181,22.3495
-15.0295,22.3354
-15.0363,22.3193
-15.0430,22.3032
-15.0497,22.2871
-15.0564,22.2710
-15.0629,22.2548
-15.0760,22.2224
-15.0824,22.2062
-15.0888,22.1900
-15.0905,22.1719
-15.1015,22.1574
-15.0937,22.1358
-15.1060,22.1032
-15.1168,22.0887
-15.1664,22.0697
-15.1536,22.0464
-15.1548,22.0282
-15.1665,21.9953
-17.4027,19.7313
-17.3973,19.7083
-17.3993,19.6617
-17.5899,19.3174
-17.5624,19.2961
-17.6449,19.2639
-17.6422,19.2400
-17.6496,19.2150
-17.6420,19.1916
-17.6592,19.1655
-17.6915,19.1375
-17.6587,19.1170
-17.6657,19.0918
-17.6677,19.0673
-17.6895,19.0401
-17.7161,19.0122
-17.7228,18.9867
-17.8037,18.9510
-17.7706,18.9308
-17.8068,18.9008
-17.8428,18.8706
-17.8540,18.8439
-17.8701,18.8164
-17.8811,18.7895
-17.8881,18.7378
-17.8989,18.7108
-17.9046,18.6844
-17.9202,18.6564
-17.9405,18.6274
-17.9608,18.5982
-17.9764,18.5440
-17.9915,18.5154
-18.0113,18.4858
-18.0311,18.4561
-18.0557,18.4253
-18.0752,18.3952
-18.0944,18.3388
-18.1186,18.3075
-18.1377,18.2770
-18.1616,18.2453
-18.1854,18.2134
-18.2091,18.1814
-18.2269,18.1236
-18.2552,18.0901
-18.2833,18.0564
-18.3113,18.0225
-18.3391,17.9885
-18.3669,17.9542
-18.3783,17.8960
-18.4008,17.8626
-18.4184,17.8302
-18.4455,17.7952
-18.4677,17.7613
-18.4945,17.7260
-18.5141,17.6639
-18.5406,17.6281
-18.5621,17.5935
-18.5884,17.5573
-18.6097,17.5224
-18.6356,17.4859
-18.6566,17.4507
-18.7384,17.3973
-18.6743,17.3868
-18.7045,17.3483
-18.7298,17.3110
-18.7597,17.2721
-18.7847,17.2345
-18.8143,17.1952
-18.8303,17.1297
-18.8595,17.0899
-18.8885,17.0499
-18.9174,17.0097
-18.9509,16.9678
-18.9794,16.9272
-19.0030,16.8567
-19.0358,16.8140
-19.0732,16.7694

# FrameTime=1781596546.61, PointCount=636
-4.3369,23.6851
-4.3437,23.7040
-4.3752,23.7058
-4.4067,23.7074
-4.2987,23.8060
-4.4595,23.7173
-4.5236,23.6956
-4.5364,23.7096
-4.4741,23.7773
-4.5096,23.7754
-4.5837,23.7454
-4.6230,23.7401
-4.5746,23.8222
-4.6162,23.8151
-4.6414,23.8199
-4.6806,23.8140
-4.7278,23.8018
-4.7271,23.8257
-4.7299,23.8705
-4.7947,23.8440
-4.8199,23.8479
-4.8607,23.8394
-4.8877,23.8414
-4.9108,23.8464
-4.9413,23.8687
-4.9605,23.8766
-4.9797,23.8844
-4.9989,23.8921
-5.0181,23.8998
-5.0412,23.9042
-5.0356,23.9323
-5.0413,23.9512
-5.0741,23.9472
-5.0858,23.9610
-5.1013,23.9715
-5.1337,23.9674
-5.1400,23.9857
-5.1291,24.0190
-5.1434,24.0546
-5.1853,24.0417
-5.2494,24.0086
-5.1963,24.0800
-5.1564,24.1403
-5.1815,24.1422
-5.2759,24.1049
-5.2534,24.1501
-5.2840,24.1464
-5.3035,24.1527
-5.3267,24.1555
-5.3100,24.1960
-5.3365,24.2205
-5.3957,24.1885
-5.4224,24.1874
-5.4491,24.1862
-5.5078,24.1534
-5.5130,24.1729
-5.4884,24.2220
-5.5589,24.1766
-5.5536,24.2066
-5.5716,24.2133
-5.5841,24.2256
-5.5896,24.2450
-5.5987,24.2608
-5.6217,24.2622
-5.6676,24.2647
-5.6906,24.2659
-5.7320,24.2472
-5.7718,24.2299
-5.7843,24.2416
-5.7731,24.2789
-5.8154,24.2583
-5.7911,24.3103
-5.7561,24.3744
-5.7838,24.3698
-5.8527,24.3191
-5.8953,24.2971
-5.8684,24.3532
-5.8509,24.3990
-5.9434,24.3197
-5.9267,24.3647
-5.9429,24.3722
-5.9631,24.3749
-5.9663,24.3974
-6.0109,24.3714
-5.9847,24.4286
-5.9823,24.4581
-6.0141,24.4468
-6.0305,24.4540
-6.0468,24.4610
-6.0664,24.4641
-6.0828,24.4711
-6.1054,24.4702
-6.0842,24.5237
-6.1350,24.4876
-6.1421,24.5060
-6.1492,24.5244
-6.1946,24.4942
-6.2202,24.4889
-6.2235,24.5121
-6.1999,24.5703
-6.2472,24.5367
-6.2938,24.5033
-6.3102,24.5095
-6.3085,24.5395
-6.2862,24.5974
-6.3114,24.5920
-6.3071,24.6262
-6.3456,24.6025
-6.3680,24.6004
-6.3933,24.5941
-6.4390,24.5594
-6.4525,24.5690
-6.4747,24.5665
-6.4238,24.6673
-6.4989,24.5897
-6.4954,24.6237
-6.4891,24.6620
-6.4859,24.6962
-6.5075,24.6945
-6.4941,24.7441
-6.5166,24.7412
-6.5576,24.7104
-6.5686,24.7242
-6.5946,24.7153
-6.6324,24.6883
-6.6572,24.6807
-6.6138,24.7779
-6.6425,24.7645
-6.6341,24.8088
-6.6734,24.7784
-6.6982,24.7705
-6.7203,24.7667
-6.7344,24.7756
-6.7460,24.7886
-6.7601,24.7974
-6.7552,24.8374
-6.7808,24.8276
-6.8019,24.8249
-6.8239,24.8206
-6.8459,24.8161
-6.8881,24.7774
-6.8972,24.7943
-6.8384,24.9279
-6.9381,24.7894
-6.9448,24.8105
-6.9591,24.8187
-6.9635,24.8441
-6.9681,24.8696
-6.9760,24.8893
-6.9775,24.9207
-6.9946,24.9243
-7.0020,24.9454
-7.0674,24.8599
-7.0818,24.8677
-7.0797,24.9063
-7.0989,24.9052
-7.1041,24.9306
-7.0530,25.0637
-7.1311,24.9503
-7.1411,24.9668
-7.1551,24.9758
-7.1744,24.9745
-7.1891,24.9819
-7.1927,25.0116
-7.2053,25.0237
-7.2054,25.0608
-7.2380,25.0324
-7.2638,25.0172
-7.2852,25.0109
-7.2936,25.0316
-7.2627,25.1350
-7.2915,25.1135
-7.3525,25.0226
-7.3674,25.0296
-7.3718,25.0591
-7.3730,25.0963
-7.4046,25.0668
-7.4169,25.0796
-7.4461,25.0545
-7.4267,25.1388
-7.4801,25.0587
-7.5010,25.0515
-7.5200,25.0489
-7.5369,25.0507
-7.5538,25.0525
-7.5707,25.0543
-7.5376,25.1756
-7.6026,25.0622
-7.6176,25.0684
-7.6345,25.0699
-7.6439,25.0899
-7.6627,25.0867
-7.6575,25.1436
-7.6679,25.1620
-7.6699,25.2020
-7.7075,25.1506
-7.7156,25.1751
-7.7168,25.2183
-7.7317,25.2257
-7.7489,25.2268
-7.7730,25.2092
-7.7455,25.3322
-7.7937,25.2487
-7.8110,25.2496
-7.8265,25.2551
-7.8476,25.2450
-7.8599,25.2598
-7.8738,25.2700
-7.8614,25.3573
-7.9211,25.2334
-7.9319,25.2528
-7.9364,25.2912
-7.9531,25.2932
-7.9735,25.2841
-7.9922,25.2796
-8.0002,25.3085
-7.9999,25.3643
-8.0272,25.3327
-8.0416,25.3423
-8.0589,25.3424
-8.0689,25.3665
-8.0949,25.3377
-8.1078,25.3520
-8.1097,25.4047
-8.1326,25.3853
-8.1555,25.3658
-8.1823,25.3320
-8.2007,25.3269
-8.2152,25.3361
-8.2297,25.3452
-8.2078,25.4894
-8.2563,25.3730
-8.2658,25.4013
-8.2756,25.4296
-8.2830,25.4676
-8.3115,25.4234
-8.3263,25.4323
-8.3400,25.4462
-8.3609,25.4306
-8.3782,25.4297
-8.3943,25.4336
-8.4115,25.4325
-8.4347,25.4055
-8.4437,25.4400
-8.4466,25.5023
-8.4771,25.4424
-8.4943,25.4411
-8.5125,25.4349
-8.5307,25.4286
-8.5468,25.4320
-8.5582,25.4582
-8.5704,25.4811
-8.5746,25.5445
-8.6019,25.4925
-8.6191,25.4908
-8.6289,25.5282
-8.6425,25.5461
-8.6559,25.5652
-8.6733,25.5634
-8.6757,25.6454
-8.7072,25.5644
-8.7220,25.5770
-8.7369,25.5897
-8.7510,25.6072
-8.7724,25.5805
-8.7898,25.5782
-8.7938,25.6602
-8.8274,25.5539
-8.8387,25.5909
-8.8560,25.5884
-8.8754,25.5711
-8.8877,25.6031
-8.9009,25.6301
-8.9149,25.6521
-8.9506,25.6404
-8.9673,25.6426
-8.9822,25.6595
-8.9972,25.6764
-9.0128,25.6884
-9.0280,25.7052
-9.0597,25.7288
-9.0715,25.7803
-9.0932,25.7374
-9.1097,25.7441
-9.1267,25.7457
-9.1465,25.7175
-9.1626,25.7290
-9.1937,25.7668
-9.2083,25.7981
-9.2244,25.8144
-9.2409,25.8256
-9.2589,25.8170
-9.2765,25.8132
-9.3113,25.8105
-9.3267,25.8414
-9.3435,25.8524
-9.3606,25.8584
-9.3753,25.9112
-9.3928,25.9121
-9.4088,25.9479
-9.4290,25.8866
-9.4433,25.9693
-9.4598,26.0050
-9.4771,26.0206
-9.4959,25.9890
-9.5140,25.9767
-9.5321,25.9621
-9.5705,25.7921
-9.5847,25.9960
-9.6025,25.9962
-9.6203,25.9914
-9.6381,25.9865
-9.6559,25.9766
-9.6914,25.9966
-9.7093,26.0115
-9.7273,26.0263
-9.7457,26.0661
-9.7631,26.0309
-9.7806,26.0056
-9.8008,26.1174
-9.8158,25.9899
-9.8340,26.0044
-9.8527,26.0338
-9.8715,26.0582
-9.8905,26.0875
-9.9092,26.1018
-9.9276,26.1084
-9.9642,26.1144
-9.9826,26.1185
-10.0010,26.1225
-10.0195,26.1265
-10.0375,26.1228
-10.0564,26.1343
-9.6999,20.4571
-10.1136,26.1655
-10.1334,26.1840
-10.1548,26.2224
-9.7038,20.4470
-10.1871,26.1647
-10.2230,26.3648
-10.2269,26.1963
-10.2476,26.2195
-10.2689,26.2476
-10.2909,26.2805
-10.3060,26.2439
-10.3250,26.2469
-10.3463,26.2697
-10.4128,26.5214
-10.4026,26.2684
-10.4207,26.2612
-10.4392,26.2589
-10.4635,26.3012
-10.4744,26.2394
-10.5148,26.2592
-10.5313,26.2418
-10.5583,26.2985
-10.5842,26.3453
-10.6023,26.3376
-10.6226,26.3446
-10.6429,26.3516
-10.6822,26.3555
-10.7035,26.3673
-10.7240,26.3740
-10.7454,26.3856
-10.7661,26.3922
-10.7859,26.3938
-10.8230,26.3821
-10.8401,26.3688
-10.8608,26.3751
-10.8826,26.3862
-10.9111,26.4315
-10.9418,26.4866
-10.9932,26.5424
-11.0198,26.5727
-11.0393,26.5686
-11.0598,26.5694
-11.0969,26.6463
-11.1155,26.6372
-11.1320,26.6182
-11.1509,26.6107
-11.1683,26.5965
-11.1857,26.5823
-11.2063,26.5825
-11.2340,26.6119
-11.2642,26.6509
-11.2871,26.6589
-11.3037,26.6412
-11.3209,26.6266
-11.3382,26.6120
-11.3603,26.6166
-11.3837,26.6260
-11.4072,26.6353
-11.4320,26.6494
-11.4649,26.6146
-11.4899,26.6285
-11.5284,26.6903
-11.5660,26.7472
-11.5929,26.7655
-11.6172,26.7741
-11.6574,26.7623
-11.6871,26.7883
-11.7087,26.7871
-11.7215,26.7570
-11.7637,26.8225
-11.7885,26.8305
-11.8313,26.8956
-11.8385,26.8475
-11.8615,26.8492
-11.8912,26.8712
-11.9163,26.8787
-11.9414,26.8862
-11.9571,26.8651
-11.9887,26.8914
-11.9816,26.8040
-12.0382,26.9022
-11.9956,26.7145
-12.0172,26.7122
-12.0321,26.6911
-12.0402,26.6510
-12.1490,26.8894
-12.2017,26.9700
-12.2072,26.9212
-12.2435,26.9557
-12.2729,26.9713
-12.2847,26.9401
-12.2928,26.8996
-12.3187,26.9057
-12.3501,26.9257
-12.4134,26.9652
-12.4415,26.9754
-12.4903,27.0366
-12.5429,27.1060
-12.5453,27.0518
-12.6043,27.1348
-12.6757,27.1862
-12.6895,27.1593
-12.6872,27.0952
-12.7142,27.0998
-12.7572,27.1410
-12.8106,27.2049
-12.8839,27.2543
-12.9096,27.2538
-12.9105,27.1985
-12.9859,27.3069
-13.0389,27.3649
-13.0670,27.3681
-13.0762,27.3308
-13.1176,27.3057
-13.1717,27.3629
-13.2045,27.3749
-13.2461,27.4048
-13.2879,27.4344
-13.3166,27.4370
-13.3518,27.3971
-13.3828,27.4039
-13.4093,27.4016
-13.4496,27.4259
-13.4900,27.4500
-13.5121,27.4385
-13.5749,27.4507
-13.6252,27.4919
-13.6805,27.5416
-13.7290,27.5778
-13.7921,27.6402
-13.8292,27.6541
-13.8591,27.6547
-13.9070,27.6338
-13.9591,27.6733
-14.0066,27.7038
-14.0567,27.7385
-14.0996,27.7599
-14.1227,27.7466
-14.2193,27.8058
-14.3162,27.9168
-14.3812,27.9725
-14.3684,27.8974
-14.3686,27.8448
-14.4334,27.8989
-14.5149,27.9794
-14.5065,27.9127
-14.5484,27.9279
-14.6362,28.0161
-14.5769,27.8689
-14.6163,27.8795
-14.7041,27.9657
-14.7790,28.0304
-14.8321,28.0080
-14.8805,28.0301
-14.8632,27.9519
-14.8924,27.9446
-14.9825,28.0286
-15.2162,28.3253
-15.2544,28.2754
-15.2950,28.2294
-15.3480,28.2536
-15.3668,28.2283
-14.2223,23.8111
-14.2370,23.7774
-14.2442,23.7606
-14.2552,23.7468
-14.2624,23.7299
-14.2694,23.7131
-14.2912,23.6854
-14.2981,23.6685
-14.3089,23.6546
-14.3157,23.6376
-14.3264,23.6237
-14.3370,23.6097
-14.3542,23.5786
-14.3647,23.5646
-14.3752,23.5505
-14.3856,23.5364
-14.3920,23.5193
-14.4023,23.5051
-14.4126,23.4909
-14.4330,23.4624
-14.4432,23.4481
-14.4533,23.4338
-14.4634,23.4194
-14.4735,23.4050
-14.4834,23.3906
-14.5033,23.3617
-14.5132,23.3472
-14.5230,23.3326
-14.5245,23.3125
-14.5258,23.2924
-14.5355,23.2778
-14.8679,22.5482
-14.8708,22.5305
-14.8736,22.5127
-14.9172,22.5140
-14.9018,22.4878
-14.9091,22.4721
-14.9572,22.4750
-14.9670,22.4412
-14.9741,22.4253
-14.9812,22.4094
-14.9882,22.3935
-14.9951,22.3775
-15.0066,22.3635
-15.0203,22.3315
-15.0317,22.3174
-15.0430,22.3032
-15.0497,22.2871
-15.0564,22.2710
-15.0629,22.2548
-15.0760,22.2224
-15.0824,22.2062
-15.0888,22.1900
-15.0952,22.1737
-15.1061,22.1592
-15.0984,22.1376
-15.1013,22.1015
-15.1168,22.0887
-15.1664,22.0697
-15.1536,22.0464
-15.1501,22.0265
-15.1570,21.9920
-17.4077,19.7310
-17.3973,19.7083
-17.4043,19.6614
-17.4380,19.6363
-17.5949,19.3169
-17.5674,19.2956
-17.6349,19.2649
-17.6372,19.2405
-17.6496,19.2150
-17.6420,19.1916
-17.6642,19.1649
-17.6915,19.1375
-17.6587,19.1170
-17.6607,19.0925
-17.6677,19.0673
-17.6944,19.0395
-17.7111,19.0128
-17.7426,18.9840
-17.8087,18.9503
-17.7706,18.9308
-17.8068,18.9008
-17.8379,18.8714
-17.8590,18.8432
-17.8701,18.8164
-17.8811,18.7895
-17.8881,18.7378
-17.8989,18.7108
-17.9145,18.6828
-17.9350,18.6539
-17.9504,18.6256
-17.9706,18.5965
-17.9813,18.5431
-18.0013,18.5136
-18.0163,18.4849
-18.0360,18.4551
-18.0557,18.4253
-18.0752,18.3952
-18.0895,18.3398
-18.1137,18.3085
-18.1328,18.2780
-18.1568,18.2463
-18.1757,18.2156
-18.1994,18.1836
-18.2123,18.1269
-18.2405,18.0935
-18.2687,18.0598
-18.2967,18.0260
-18.3245,17.9920
-18.3523,17.9578
-18.3734,17.8973
-18.3960,17.8638
-18.4232,17.8290
-18.4503,17.7940
-18.4773,17.7588
-18.5042,17.7234
-18.5238,17.6613
-18.5502,17.6255
-18.5766,17.5895
-18.5980,17.5546
-18.6193,17.5197
-18.6356,17.4859
-18.6566,17.4507
-18.7384,17.3973
-18.6791,17.3854
-18.7045,17.3483
-18.7346,17.3096
-18.7597,17.2721
-18.7895,17.2330
-18.8143,17.1952
-18.8350,17.1282
-18.8595,17.0899
-18.8885,17.0499
-18.9126,17.0113
-18.9414,16.9709
-18.9699,16.9303
-18.9935,16.8600
-19.0263,16.8173
-19.0637,16.7727

# FrameTime=1781596546.72, PointCount=636
-4.3540,23.6809
-4.3484,23.7081
-4.3923,23.7014
-4.4155,23.7087
-4.4306,23.7216
-4.5174,23.6842
-4.5148,23.7324
-4.4789,23.7814
-4.5184,23.7765
-4.5884,23.7494
-4.6277,23.7441
-4.5601,23.8169
-4.6169,23.8221
-4.6501,23.8209
-4.6814,23.8210
-4.7365,23.8028
-4.7279,23.8327
-4.7273,23.8567
-4.7995,23.8480
-4.8128,23.8611
-4.8654,23.8433
-4.8964,23.8423
-4.9155,23.8504
-4.9347,23.8584
-4.9014,23.9086
-4.9653,23.8805
-4.9845,23.8883
-5.0037,23.8960
-5.0229,23.9037
-5.0498,23.9049
-5.0690,23.9124
-5.0482,23.9533
-5.0578,23.9689
-5.0830,23.9713
-5.1137,23.9688
-5.1179,23.9890
-5.1221,24.0092
-5.1264,24.0294
-5.1383,24.0431
-5.2125,24.0256
-5.2468,24.0191
-5.1751,24.1073
-5.1650,24.1408
-5.1772,24.1544
-5.2503,24.1124
-5.2582,24.1540
-5.2888,24.1502
-5.3047,24.1599
-5.3352,24.1559
-5.3221,24.1929
-5.3345,24.2060
-5.4006,24.1922
-5.4237,24.1946
-5.4468,24.1969
-5.5020,24.1676
-5.5250,24.1696
-5.5408,24.1785
-5.5532,24.1909
-5.5800,24.2134
-5.5855,24.2329
-5.5945,24.2487
-5.6036,24.2645
-5.6266,24.2659
-5.6565,24.2600
-5.6955,24.2695
-5.7266,24.2618
-5.7733,24.2372
-5.7960,24.2379
-5.8010,24.2577
-5.7772,24.3089
-5.7960,24.3140
-5.7691,24.3692
-5.7874,24.3750
-5.8543,24.3265
-5.8969,24.3045
-5.8700,24.3605
-5.9290,24.3196
-5.8755,24.4065
-5.9317,24.3683
-5.9479,24.3757
-5.9713,24.3747
-5.9778,24.3934
-6.0061,24.3864
-5.9966,24.4240
-6.0060,24.4394
-5.9659,24.5141
-6.0355,24.4575
-6.0518,24.4646
-6.0682,24.4715
-6.0877,24.4746
-6.1073,24.4776
-6.1268,24.4805
-6.1119,24.5262
-6.1502,24.5056
-6.1573,24.5240
-6.2058,24.4899
-6.2191,24.5003
-6.2254,24.5195
-6.2418,24.5259
-6.2002,24.6080
-6.2928,24.5147
-6.3152,24.5129
-6.3135,24.5429
-6.3028,24.5853
-6.3104,24.6035
-6.3370,24.5960
-6.3200,24.6478
-6.3701,24.6079
-6.3984,24.5975
-6.4324,24.5790
-6.4662,24.5603
-6.4739,24.5780
-6.4904,24.5835
-6.4896,24.6135
-6.4970,24.6613
-6.4938,24.6955
-6.5042,24.7102
-6.5097,24.7321
-6.5265,24.7374
-6.5524,24.7292
-6.5709,24.7317
-6.5997,24.7187
-6.6320,24.7000
-6.6595,24.6882
-6.6571,24.7223
-6.6422,24.7763
-6.6644,24.7727
-6.6454,24.8339
-6.7007,24.7781
-6.7228,24.7743
-6.7395,24.7789
-6.7537,24.7877
-6.7652,24.8007
-6.7768,24.8136
-6.7876,24.8281
-6.8028,24.8352
-6.8290,24.8239
-6.8391,24.8395
-6.8881,24.7892
-6.8998,24.8019
-6.9290,24.7844
-6.9090,24.8516
-6.9524,24.8094
-6.9617,24.8262
-6.9784,24.8300
-6.9756,24.8685
-6.9884,24.8795
-6.9899,24.9109
-7.0117,24.9058
-7.0095,24.9442
-7.0392,24.9246
-7.0893,24.8665
-7.0919,24.8963
-7.0994,24.9172
-7.1116,24.9294
-7.1231,24.9429
-7.0593,25.1014
-7.1463,24.9700
-7.1603,24.9790
-7.1795,24.9776
-7.1988,24.9762
-7.2068,24.9970
-7.2127,25.0223
-7.2275,25.0297
-7.2410,25.0400
-7.2668,25.0248
-7.2882,25.0185
-7.2988,25.0347
-7.2572,25.1607
-7.3322,25.0413
-7.3139,25.1192
-7.3746,25.0282
-7.3833,25.0486
-7.3782,25.0994
-7.4118,25.0653
-7.4220,25.0827
-7.4493,25.0621
-7.4622,25.0733
-7.4411,25.1623
-7.5022,25.0637
-7.5212,25.0611
-7.5401,25.0583
-7.5590,25.0556
-7.5739,25.0619
-7.5908,25.0636
-7.5581,25.1850
-7.6209,25.0760
-7.6396,25.0729
-7.6491,25.0929
-7.6679,25.0897
-7.6609,25.1512
-7.6731,25.1650
-7.6939,25.1570
-7.6924,25.2063
-7.7244,25.1688
-7.7256,25.2120
-7.7334,25.2380
-7.7542,25.2298
-7.7765,25.2168
-7.7817,25.2507
-7.7700,25.3315
-7.8145,25.2572
-7.8318,25.2581
-7.8457,25.2683
-7.8602,25.2769
-7.8758,25.2823
-7.9076,25.2405
-7.9034,25.3041
-7.9419,25.2415
-7.9448,25.2846
-7.9584,25.2961
-7.9772,25.2917
-7.9974,25.2825
-8.0055,25.3114
-8.0167,25.3306
-8.0226,25.3674
-8.0454,25.3501
-8.0685,25.3310
-8.0756,25.3645
-8.1016,25.3358
-8.1117,25.3597
-8.1262,25.3691
-8.1283,25.4215
-8.1635,25.3591
-8.1848,25.3444
-8.2060,25.3297
-8.2218,25.3341
-8.2350,25.3480
-8.2508,25.3523
-8.2345,25.4773
-8.2724,25.3993
-8.2809,25.4324
-8.2895,25.4655
-8.3168,25.4262
-8.3279,25.4498
-8.3489,25.4343
-8.3555,25.4772
-8.3835,25.4325
-8.4007,25.4315
-8.4180,25.4304
-8.4400,25.4083
-8.4502,25.4379
-8.4663,25.4415
-8.4596,25.5477
-8.5007,25.4390
-8.5168,25.4425
-8.5381,25.4216
-8.5511,25.4396
-8.5635,25.4609
-8.5727,25.4984
-8.5919,25.4870
-8.5712,25.6783
-8.6283,25.4738
-8.6342,25.5309
-8.6478,25.5487
-8.6604,25.5728
-8.6778,25.5709
-8.6987,25.5494
-8.6970,25.6559
-8.7291,25.5699
-8.7431,25.5874
-8.7556,25.6147
-8.7754,25.5978
-8.7943,25.5857
-8.8171,25.5490
-8.8160,25.6654
-8.8455,25.5836
-8.8613,25.5910
-8.8765,25.6033
-8.8910,25.6204
-8.9056,25.6376
-8.9203,25.6547
-8.9372,25.6556
-8.9727,25.6451
-8.9876,25.6621
-9.0020,25.6839
-9.0200,25.6760
-9.0362,25.6829
-9.0503,25.7096
-9.0605,25.9389
-9.1021,25.7051
-9.1176,25.7217
-9.1317,25.7532
-9.1515,25.7250
-9.1689,25.7215
-9.1820,25.7678
-9.2142,25.7955
-9.2298,25.8168
-9.2459,25.8331
-9.2643,25.8194
-9.2819,25.8156
-9.2995,25.8118
-9.3328,25.8339
-9.3486,25.8598
-9.3643,25.8928
-9.3810,25.9086
-9.3983,25.9145
-9.4173,25.8833
-9.4490,25.9667
-9.4656,25.9974
-9.4824,26.0279
-9.5014,25.9913
-9.5195,25.9790
-9.5375,25.9695
-9.5545,26.0026
-9.5760,25.7944
-9.5901,26.0033
-9.6080,25.9985
-9.6258,25.9937
-9.6436,25.9888
-9.6614,25.9789
-9.6791,25.9739
-9.7148,26.0088
-9.7328,26.0236
-9.7510,26.0534
-9.7686,26.0331
-9.7862,26.0129
-9.8036,25.9925
-9.8242,26.1093
-9.8397,26.0116
-9.8584,26.0411
-9.8770,26.0605
-9.8962,26.0948
-9.9145,26.0991
-9.9325,26.0956
-9.9693,26.1066
-9.9879,26.1157
-10.0063,26.1197
-10.0250,26.1287
-10.0427,26.1200
-10.0620,26.1365
-10.0809,26.1452
-9.7040,20.4496
-10.1382,26.1762
-10.1573,26.1847
-10.1752,26.1783
-10.1923,26.1618
-10.2127,26.1851
-10.2525,26.4199
-10.2522,26.2116
-10.2740,26.2447
-10.2970,26.2876
-10.3141,26.2708
-10.3343,26.2837
-10.3540,26.2917
-10.3965,26.3321
-10.4100,26.2853
-10.4280,26.2781
-10.4467,26.2758
-10.4684,26.2983
-10.4807,26.2463
-10.5005,26.2538
-10.5376,26.2487
-10.5738,26.3697
-10.5905,26.3522
-10.6071,26.3346
-10.6282,26.3466
-10.6485,26.3536
-10.6779,26.4175
-10.6878,26.3575
-10.7083,26.3643
-10.7296,26.3759
-10.7511,26.3875
-10.7734,26.4039
-10.7916,26.3957
-10.8105,26.3923
-10.8466,26.3756
-10.8665,26.3769
-10.8873,26.3832
-10.9167,26.4334
-10.9445,26.4737
-10.9736,26.5188
-11.0184,26.5403
-11.0439,26.5655
-11.0655,26.5712
-11.1026,26.6482
-11.1213,26.6390
-11.1366,26.6151
-11.1774,26.6129
-11.1914,26.5840
-11.2098,26.5746
-11.2362,26.5991
-11.2640,26.6284
-11.2920,26.6575
-11.3186,26.6800
-11.3267,26.6283
-11.3463,26.6234
-11.3647,26.6135
-11.3882,26.6229
-11.4116,26.6322
-11.4352,26.6414
-11.4510,26.6217
-11.4929,26.6205
-11.5328,26.6872
-11.5704,26.7440
-11.5973,26.7623
-11.6229,26.7757
-11.6430,26.7698
-11.6928,26.7899
-11.7144,26.7887
-11.7229,26.7443
-11.7666,26.8145
-11.7913,26.8225
-11.8240,26.8556
-11.8455,26.8526
-11.8939,26.8632
-11.9158,26.8612
-11.9457,26.8830
-11.9629,26.8666
-11.9994,26.9071
-12.0053,26.8575
-12.0113,26.7443
-12.0346,26.7467
-12.0312,26.6737
-12.0510,26.6666
-12.1497,26.8767
-12.1907,26.9255
-12.2493,26.9571
-12.2752,26.9634
-12.2955,26.9546
-12.3022,26.9104
-12.3246,26.9071
-12.3523,26.9177
-12.4696,27.1552
-12.4192,26.9665
-12.4436,26.9675
-12.5074,27.0656
-12.5469,27.1026
-12.5493,27.0485
-12.6082,27.1315
-12.6584,27.1918
-12.6896,27.1468
-12.6950,27.1010
-12.7181,27.0965
-12.7611,27.1377
-12.8165,27.2061
-12.8703,27.2697
-12.9284,27.3418
-12.9422,27.3141
-12.9164,27.1997
-13.0187,27.3668
-13.0407,27.3570
-13.0730,27.3693
-13.0843,27.3364
-13.1039,27.3216
-13.1712,27.3505
-13.2083,27.3715
-13.2499,27.4013
-13.2917,27.4310
-13.3226,27.4380
-13.3425,27.4226
-13.3933,27.4138
-13.4131,27.3982
-13.4556,27.4269
-13.4914,27.4421
-13.5181,27.4395
-13.5588,27.4633
-13.6289,27.4884
-13.6818,27.5337
-13.7279,27.5656
-13.7934,27.6323
-13.8376,27.6593
-13.8580,27.6424
-13.9490,27.7526
-13.9131,27.6346
-13.9652,27.6741
-14.0127,27.7046
-14.0604,27.7349
-14.1058,27.7607
-14.1263,27.7430
-14.1875,27.7951
-14.3122,27.9003
-14.3925,27.9818
-14.3899,27.9237
-14.3722,27.8412
-14.4370,27.8953
-14.4813,27.9151
-14.5625,27.9412
-14.6424,28.0166
-14.5804,27.8653
-14.6198,27.8759
-14.7103,27.9662
-14.7852,28.0310
-14.8424,28.0672
-14.8356,28.0043
-14.8785,28.0181
-14.8694,27.9524
-14.8985,27.9451
-14.9804,28.0166
-15.2253,28.3299
-15.2388,28.2966
-15.3013,28.2298
-15.3514,28.2498
-15.3731,28.2286
-14.2004,23.8127
-14.2456,23.7813
-14.2489,23.7613
-14.2600,23.7475
-14.2671,23.7307
-14.2780,23.7169
-14.2959,23.6861
-14.3067,23.6722
-14.3136,23.6553
-14.3243,23.6413
-14.3310,23.6243
-14.3417,23.6104
-14.3629,23.5823
-14.3694,23.5652
-14.3798,23.5512
-14.3862,23.5341
-14.3966,23.5199
-14.4069,23.5057
-14.4172,23.4915
-14.4377,23.4630
-14.4478,23.4487
-14.4580,23.4344
-14.4680,23.4200
-14.4781,23.4056
-14.4881,23.3912
-14.5079,23.3623
-14.5178,23.3478
-14.5276,23.3332
-14.5373,23.3187
-14.5304,23.2930
-14.5401,23.2784
-14.8932,22.5973
-14.8812,22.5530
-14.8706,22.5288
-14.8779,22.5132
-14.8988,22.5040
-14.9061,22.4883
-14.9134,22.4726
-14.9205,22.4569
-14.9596,22.4555
-14.9348,22.4254
-14.9738,22.4238
-14.9878,22.3920
-14.9994,22.3780
-15.0109,22.3640
-15.0177,22.3480
-15.0291,22.3339
-15.0359,22.3178
-15.0539,22.2875
-15.0606,22.2714
-15.0718,22.2571
-15.0783,22.2409
-15.0848,22.2247
-15.0866,22.2066
-15.0993,22.1741
-15.1010,22.1561
-15.1025,22.1380
-15.1134,22.1235
-15.1383,22.1142
-15.1725,22.1082
-15.1927,22.0969
-15.1577,22.0468
-15.1495,22.0253
-15.1318,22.0005
-17.4166,19.7304
-17.3906,19.7084
-17.3695,19.6862
-17.4077,19.6611
-17.6003,19.3402
-17.5881,19.3174
-17.5706,19.2952
-17.6257,19.2416
-17.6428,19.2156
-17.6402,19.1917
-17.6475,19.1667
-17.6497,19.1422
-17.6618,19.1165
-17.6688,19.0914
-17.7354,19.0587
-17.6678,19.0428
-17.6894,19.0156
-17.7308,18.9856
-17.7672,18.9559
-17.8083,18.9254
-17.8445,18.8953
-17.8607,18.8679
-17.8620,18.8426
-17.8731,18.8158
-17.8693,18.7912
-17.8704,18.7659
-17.8714,18.7405
-17.9019,18.7102
-17.9182,18.6567
-17.9435,18.6268
-17.9588,18.5985
-17.9790,18.5692
-17.9990,18.5398
-18.0141,18.5112
-18.0291,18.4564
-18.0488,18.4266
-18.0683,18.3966
-18.0877,18.3665
-18.1071,18.3362
-18.1263,18.3058
-18.1400,18.2499
-18.1638,18.2181
-18.1827,18.1873
-18.2062,18.1552
-18.2297,18.1230
-18.2531,18.0906
-18.2702,18.0322
-18.2981,17.9983
-18.3259,17.9641
-18.3535,17.9298
-18.3810,17.8953
-18.4084,17.8607
-18.4337,17.7983
-18.4607,17.7631
-18.4875,17.7278
-18.5191,17.6910
-18.5505,17.6540
-18.5770,17.6181
-18.6006,17.5539
-18.6170,17.5202
-18.6382,17.4851
-18.6592,17.4498
-18.6848,17.4130
-18.7104,17.3760
-18.7323,17.3102
-18.7574,17.2727
-18.7872,17.2336
-18.8120,17.1958
-18.8367,17.1578
-18.8613,17.1197
-18.8904,17.0798
-18.9056,17.0135
-18.9295,16.9748
-18.9581,16.9342
-18.9865,16.8935
-19.0148,16.8526
-19.0476,16.8098
-19.0750,16.7369

# FrameTime=1781596546.81, PointCount=640
-4.3499,23.6837
-4.3566,23.7025
-4.3758,23.7127
-4.4238,23.7030
-4.4724,23.7157
-4.5283,23.6996
-4.2460,23.9232
-4.4829,23.7785
-4.5103,23.7824
-4.5925,23.7465
-4.6307,23.7652
-4.5754,23.8293
-4.6169,23.8221
-4.6461,23.8239
-4.6974,23.8090
-4.7166,23.8179
-4.7392,23.8476
-4.7307,23.8776
-4.7995,23.8480
-4.8365,23.8426
-4.8654,23.8433
-4.8964,23.8423
-4.9386,23.8553
-4.9539,23.8664
-4.9692,23.8774
-4.9884,23.8852
-5.0076,23.8929
-5.0306,23.8973
-5.0536,23.9017
-5.0500,23.9518
-5.0713,23.9575
-5.0868,23.9681
-5.1061,23.9753
-5.1461,23.9648
-5.1107,24.0190
-5.1232,24.0562
-5.1744,24.0353
-5.1752,24.0588
-5.1556,24.1004
-5.1714,24.1106
-5.1650,24.1408
-5.2060,24.1528
-5.2808,24.1087
-5.2656,24.1472
-5.2852,24.1536
-5.3157,24.1496
-5.3352,24.1559
-5.3112,24.2032
-5.2819,24.2561
-5.3882,24.1794
-5.4078,24.1853
-5.4273,24.1911
-5.4540,24.1899
-5.5091,24.1606
-5.4666,24.2272
-5.5408,24.1785
-5.5638,24.1803
-5.5570,24.2118
-5.5765,24.2170
-5.5869,24.2314
-5.5945,24.2487
-5.6036,24.2645
-5.6427,24.2744
-5.6794,24.2612
-5.6886,24.2768
-5.7437,24.2436
-5.7699,24.2408
-5.7892,24.2452
-5.8204,24.2620
-5.7832,24.3280
-5.7610,24.3781
-5.8282,24.3298
-5.8477,24.3339
-5.8936,24.3082
-5.8895,24.3644
-5.9516,24.3196
-5.9317,24.3683
-5.9519,24.3711
-5.9681,24.3785
-5.9680,24.4048
-5.9733,24.4249
-6.0223,24.3935
-6.0028,24.4432
-6.0191,24.4504
-6.0355,24.4575
-6.0518,24.4646
-6.0682,24.4715
-6.0877,24.4746
-6.0727,24.5203
-6.1205,24.4883
-6.1369,24.4950
-6.1471,24.5095
-6.1573,24.5240
-6.1996,24.4977
-6.2313,24.4845
-6.1884,24.5673
-6.2388,24.5299
-6.2613,24.5283
-6.3018,24.5028
-6.3121,24.5169
-6.3016,24.5588
-6.3031,24.5849
-6.3164,24.5954
-6.3311,24.6040
-6.3495,24.6075
-6.3789,24.5958
-6.4013,24.5935
-6.4499,24.5547
-6.4575,24.5724
-6.4237,24.6487
-6.4961,24.5754
-6.4982,24.6012
-6.5032,24.6230
-6.4913,24.6695
-6.4825,24.7119
-6.5238,24.6814
-6.4964,24.7517
-6.5234,24.7420
-6.5710,24.7013
-6.5764,24.7234
-6.5997,24.7187
-6.6402,24.6875
-6.6595,24.6882
-6.6135,24.7896
-6.5681,24.8912
-6.6590,24.7811
-6.6812,24.7775
-6.7033,24.7738
-6.7228,24.7743
-6.7448,24.7704
-6.7563,24.7834
-6.7460,24.8319
-6.7820,24.8051
-6.7885,24.8266
-6.8122,24.8196
-6.8274,24.8267
-6.8510,24.8194
-6.8906,24.7850
-6.8340,24.9140
-6.9215,24.7973
-6.9432,24.7926
-6.9450,24.8224
-6.9642,24.8219
-6.9686,24.8473
-6.9732,24.8728
-6.9656,24.9202
-6.9924,24.9064
-7.0044,24.9189
-7.0262,24.9137
-7.0725,24.8631
-7.0846,24.8753
-7.0778,24.9227
-7.0970,24.9216
-7.0502,25.0458
-7.1239,24.9415
-7.1362,24.9535
-7.1463,24.9700
-7.1626,24.9745
-7.1841,24.9687
-7.1920,24.9895
-7.1530,25.1043
-7.2068,25.0342
-7.2165,25.0521
-7.2454,25.0310
-7.2668,25.0248
-7.2926,25.0095
-7.2772,25.0797
-7.2636,25.1471
-7.2982,25.1134
-7.3640,25.0122
-7.3683,25.0417
-7.3728,25.0712
-7.3865,25.0812
-7.4036,25.0835
-7.3790,25.1785
-7.4675,25.0212
-7.4703,25.0551
-7.4773,25.0800
-7.5062,25.0546
-7.5212,25.0611
-7.5421,25.0538
-7.5590,25.0556
-7.5236,25.1814
-7.5908,25.0636
-7.6058,25.0698
-7.6265,25.0622
-7.6340,25.0868
-7.6509,25.0882
-7.6697,25.0850
-7.6204,25.2534
-7.6567,25.2068
-7.6920,25.1616
-7.7109,25.1583
-7.7173,25.1874
-7.7197,25.2275
-7.7369,25.2286
-7.7472,25.2486
-7.7731,25.2262
-7.7954,25.2131
-7.7990,25.2516
-7.8145,25.2572
-7.8301,25.2628
-7.8512,25.2526
-7.8618,25.2722
-7.8525,25.3497
-7.8979,25.2688
-7.9264,25.2363
-7.9371,25.2557
-7.9396,25.3004
-7.9599,25.2914
-7.9803,25.2822
-7.9669,25.3774
-8.0116,25.2923
-8.0212,25.3163
-8.0310,25.3404
-8.0557,25.3166
-8.0573,25.3676
-8.0800,25.3502
-8.0944,25.3597
-8.1023,25.3916
-8.1318,25.3499
-8.1352,25.3976
-8.1622,25.3639
-8.1875,25.3348
-8.2047,25.3345
-8.1886,25.4544
-8.2350,25.3480
-8.2521,25.3475
-8.2590,25.3854
-8.2699,25.4089
-8.2784,25.4421
-8.2932,25.4513
-8.3057,25.4699
-8.3316,25.4351
-8.3477,25.4391
-8.3650,25.4382
-8.3835,25.4325
-8.4007,25.4315
-8.4168,25.4353
-8.4333,25.4375
-8.4056,25.6329
-8.4641,25.4512
-8.4781,25.4646
-8.4996,25.4438
-8.5210,25.4230
-8.5370,25.4264
-8.5541,25.4249
-8.5308,25.6192
-8.5767,25.4788
-8.5919,25.4870
-8.6092,25.4853
-8.6235,25.4983
-8.6323,25.5407
-8.6441,25.5683
-8.6552,25.6009
-8.6778,25.5709
-8.6952,25.5690
-8.7117,25.5719
-8.7265,25.5846
-8.7397,25.6070
-8.7588,25.5951
-8.7778,25.5831
-8.7738,25.7144
-8.8132,25.5736
-8.8320,25.5614
-8.8448,25.5885
-8.8606,25.5959
-8.8801,25.5786
-8.8910,25.6204
-8.9217,25.6448
-8.9358,25.6668
-8.9566,25.6380
-8.9714,25.6550
-8.9870,25.6670
-9.0032,25.6740
-9.0035,25.8169
-9.0345,25.6978
-9.0498,25.7146
-9.0635,25.7462
-9.0795,25.7580
-9.0986,25.7399
-9.1161,25.7366
-9.1326,25.7432
-9.1459,25.7856
-9.1689,25.7215
-9.1837,25.7479
-9.1987,25.7742
-9.2145,25.7916
-9.2298,25.8168
-9.2471,25.8181
-9.2595,25.8862
-9.2819,25.8156
-9.3001,25.8018
-9.3161,25.8229
-9.3310,25.8638
-9.3486,25.8598
-9.3644,25.8907
-9.3808,25.9136
-9.3944,25.9972
-9.4156,25.9203
-9.4317,25.9560
-9.4488,25.9717
-9.4647,26.0223
-9.4831,26.0079
-9.5016,25.9835
-9.5375,25.9695
-9.5552,25.9699
-9.5759,25.7994
-9.5902,25.9983
-9.6080,25.9935
-9.6259,25.9887
-9.6433,26.0510
-9.6614,25.9789
-9.6791,25.9640
-9.6969,25.9739
-9.7148,26.0038
-9.7328,26.0236
-9.7512,26.0683
-9.7702,26.1353
-9.7867,26.0428
-9.8037,25.9975
-9.8213,25.9921
-9.8397,26.0116
-9.8584,26.0411
-9.8770,26.0605
-9.8974,26.1270
-9.9139,26.0841
-9.9332,26.1133
-9.9514,26.1125
-9.9695,26.1116
-9.9879,26.1157
-10.0063,26.1197
-10.0243,26.1161
-10.0614,26.1265
-10.0792,26.1203
-10.0987,26.1390
-10.1188,26.1626
-10.1385,26.1812
-10.1600,26.2196
-9.7074,20.4493
-10.1944,26.1867
-10.2101,26.1553
-10.2311,26.1835
-10.2536,26.2266
-10.2779,26.2844
-10.2970,26.2876
-10.3141,26.2708
-10.3524,26.2768
-10.3710,26.2747
-10.3902,26.2776
-10.4094,26.2803
-10.4274,26.2732
-10.4461,26.2709
-10.4833,26.2662
-10.4992,26.2439
-10.5184,26.2464
-10.5438,26.2933
-10.5681,26.3302
-10.5905,26.3522
-10.6282,26.3466
-10.6485,26.3536
-10.6689,26.3605
-10.6886,26.3624
-10.7091,26.3692
-10.7305,26.3808
-10.7511,26.3875
-10.7907,26.3908
-10.8097,26.3874
-10.8295,26.3889
-10.8476,26.3805
-10.8656,26.3720
-10.8910,26.4028
-10.9397,26.4492
-10.9706,26.5042
-11.0029,26.5639
-11.0244,26.5696
-11.0460,26.5753
-11.0718,26.6005
-11.1223,26.6438
-11.1410,26.6346
-11.1556,26.6076
-11.1729,26.5934
-11.1925,26.5889
-11.2109,26.5795
-11.2486,26.6508
-11.2523,26.5798
-11.2904,26.6509
-11.3082,26.6381
-11.3230,26.6138
-11.3402,26.5992
-11.3647,26.6135
-11.3882,26.6229
-11.4326,26.6318
-11.4588,26.6506
-11.4680,26.6067
-11.5050,26.6638
-11.5382,26.7064
-11.5731,26.7536
-11.6188,26.7613
-11.6430,26.7698
-11.6599,26.7528
-11.6885,26.7756
-11.6956,26.7265
-11.7346,26.7825
-11.7868,26.8082
-11.8206,26.8447
-11.8474,26.8586
-11.8719,26.8651
-11.8954,26.8679
-11.9236,26.8850
-11.9457,26.8830
-11.9713,26.8915
-11.9913,26.8834
-12.0069,26.8623
-12.0174,26.8269
-12.0096,26.7396
-12.0430,26.7703
-12.0345,26.6831
-12.0707,26.6595
-12.1770,26.8880
-12.2130,26.9226
-12.2493,26.9571
-12.2819,26.9811
-12.2924,26.9462
-12.3246,26.9071
-12.3451,26.8991
-12.3875,26.9468
-12.4100,26.9433
-12.4641,27.0185
-12.5111,27.0749
-12.5564,27.1258
-12.5664,27.0901
-12.5951,27.0998
-12.6352,27.1365
-12.6838,27.1926
-12.6798,27.1238
-12.6950,27.1010
-12.7300,27.1240
-12.7944,27.1558
-12.8478,27.2190
-12.9082,27.2965
-12.9052,27.2322
-12.9308,27.2315
-12.9856,27.2944
-13.0984,27.4238
-13.1140,27.3998
-13.1039,27.3216
-13.1235,27.3068
-13.1842,27.3776
-13.2235,27.4030
-13.2608,27.4238
-13.3005,27.4489
-13.3226,27.4380
-13.3469,27.4315
-13.3668,27.4160
-13.3843,27.3960
-13.4244,27.4204
-13.4601,27.4358
-13.5204,27.4439
-13.5448,27.4368
-13.5949,27.4781
-13.6453,27.5192
-13.7007,27.5689
-13.7588,27.6227
-13.8352,27.6550
-13.8580,27.6424
-13.9001,27.6648
-13.9351,27.6738
-13.9775,27.6958
-14.0201,27.7176
-14.0756,27.7616
-14.0958,27.7434
-14.1288,27.7473
-14.1619,27.7512
-14.2537,27.8548
-14.3656,27.9905
-14.3925,27.9818
-14.4137,27.9633
-14.3773,27.8497
-14.3981,27.8313
-14.4630,27.8853
-14.5448,27.9654
-14.5020,27.8437
-14.5358,27.8461
-14.5884,27.8780
-14.6754,27.9115
-14.7502,27.9763
-14.8172,28.0282
-14.8220,27.9834
-14.8594,27.9888
-14.8941,27.9899
-15.0900,28.2338
-14.9249,27.9336
-15.2002,28.2925
-15.2444,28.3049
-15.3001,28.3336
-15.3022,28.2837
-15.3127,28.2462
-15.3486,28.2457
-15.4090,28.2279
-14.2417,23.7781
-14.2450,23.7581
-14.2671,23.7307
-14.2780,23.7169
-14.2850,23.7000
-14.2959,23.6861
-14.3028,23.6692
-14.3136,23.6553
-14.3310,23.6243
-14.3417,23.6104
-14.3483,23.5933
-14.3589,23.5793
-14.3694,23.5652
-14.3758,23.5482
-14.3966,23.5199
-14.4069,23.5057
-14.4172,23.4915
-14.4275,23.4773
-14.4377,23.4630
-14.4478,23.4487
-14.4680,23.4200
-14.4781,23.4056
-14.4881,23.3912
-14.4980,23.3768
-14.5079,23.3623
-14.5136,23.3450
-14.5276,23.3332
-14.5387,23.2986
-14.5359,23.2757
-14.5580,23.2693
-14.8632,22.5444
-14.8751,22.5310
-14.8779,22.5132
-14.8943,22.5018
-14.9016,22.4862
-14.9134,22.4726
-14.9205,22.4569
-14.9277,22.4411
-14.9348,22.4254
-14.9692,22.4218
-14.9763,22.4059
-14.9878,22.3920
-15.0063,22.3620
-15.0177,22.3480
-15.0291,22.3339
-15.0359,22.3178
-15.0426,22.3017
-15.0539,22.2875
-15.0672,22.2552
-15.0737,22.2390
-15.0848,22.2247
-15.0913,22.2085
-15.0977,22.1922
-15.0993,22.1741
-15.1103,22.1596
-15.0994,22.1182
-15.1055,22.1019
-15.1163,22.0873
-15.1611,22.0666
-15.1389,22.0400
-15.1365,22.0022
-17.3976,19.7545
-17.4106,19.7074
-17.3945,19.6850
-17.4077,19.6611
-17.5854,19.3416
-17.5881,19.3174
-17.5556,19.2966
-17.6332,19.2649
-17.6304,19.2411
-17.6329,19.2167
-17.6653,19.1890
-17.6326,19.1684
-17.6348,19.1440
-17.6419,19.1189
-17.6539,19.0932
-17.6609,19.0680
-17.6727,19.0422
-17.7787,19.0038
-17.7011,18.9895
-17.7375,18.9600
-17.7786,18.9296
-17.8247,18.8982
-17.8558,18.8687
-17.8571,18.8434
-17.8977,18.8121
-17.8644,18.7920
-17.8753,18.7651
-17.8862,18.7381
-17.8969,18.7110
-17.9175,18.6822
-17.9379,18.6533
-17.9490,18.6003
-17.9691,18.5710
-17.9892,18.5416
-18.0091,18.5121
-18.0290,18.4824
-18.0487,18.4527
-18.0585,18.3985
-18.0779,18.3684
-18.0973,18.3382
-18.1214,18.3068
-18.1454,18.2753
-18.1694,18.2436
-18.1827,18.1873
-18.2014,18.1563
-18.2200,18.1252
-18.2385,18.0939
-18.2666,18.0603
-18.2946,18.0265
-18.3161,17.9665
-18.3438,17.9322
-18.3713,17.8978
-18.3987,17.8631
-18.4259,17.8283
-18.4530,17.7932
-18.4730,17.7316
-18.5046,17.6949
-18.5360,17.6579
-18.5673,17.6207
-18.5936,17.5847
-18.6102,17.5511
-18.6238,17.4893
-18.6496,17.4526
-18.6801,17.4144
-18.7104,17.3760
-18.7406,17.3374
-18.7706,17.2985
-18.7909,17.2624
-18.8073,17.1973
-18.8320,17.1593
-18.8565,17.1212
-18.8809,17.0829
-18.9052,17.0444
-18.9293,17.0057
-18.9486,16.9374
-18.9818,16.8951
-19.0148,16.8526
-19.0476,16.8098
-19.0802,16.7668

# FrameTime=1781596546.91, PointCount=643
-4.3466,23.7068
-4.3947,23.6973
-4.4220,23.7017
-4.4617,23.6975
-4.5116,23.6858
-4.5143,23.7070
-4.5218,23.7482
-4.4720,23.8074
-4.5664,23.7628
-4.6300,23.7400
-4.5685,23.8082
-4.5937,23.8132
-4.6291,23.8106
-4.6384,23.8271
-4.6796,23.8198
-4.7347,23.8016
-4.7221,23.8346
-4.7374,23.8464
-4.7824,23.8353
-4.7996,23.8453
-4.7893,23.8768
-4.8636,23.8422
-4.8906,23.8442
-4.9098,23.8524
-4.9329,23.8573
-4.9521,23.8653
-4.9712,23.8731
-5.0019,23.8950
-5.0211,23.9026
-5.0441,23.9070
-5.0672,23.9113
-5.0770,23.9266
-5.0656,23.9597
-5.1119,23.9678
-5.1122,23.9912
-5.1257,24.0034
-5.1413,24.0138
-5.1645,24.0175
-5.2138,23.9980
-5.1529,24.0758
-5.2300,24.0314
-5.2122,24.0713
-5.1965,24.1097
-5.2161,24.1164
-5.2336,24.1248
-5.2515,24.1329
-5.2710,24.1394
-5.2557,24.1782
-5.2955,24.1657
-5.3260,24.1617
-5.3311,24.1816
-5.3451,24.1931
-5.3863,24.1784
-5.4058,24.1844
-5.4413,24.1995
-5.4858,24.1807
-5.5230,24.1687
-5.5354,24.1811
-5.5548,24.1864
-5.5622,24.2038
-5.5835,24.2320
-5.5926,24.2478
-5.6086,24.2564
-5.6212,24.2686
-5.6407,24.2736
-5.6913,24.2459
-5.7144,24.2719
-5.7714,24.2364
-5.7941,24.2371
-5.7957,24.2605
-5.7948,24.2868
-5.7677,24.3419
-5.7725,24.3625
-5.7801,24.3801
-5.8490,24.3294
-5.8917,24.3074
-5.8746,24.3523
-5.9172,24.3300
-5.9234,24.3488
-5.9305,24.3667
-5.9165,24.4089
-5.9661,24.3777
-5.9790,24.3888
-6.0041,24.3856
-6.0042,24.4118
-6.0007,24.4425
-6.0171,24.4497
-6.0212,24.4715
-6.0466,24.4677
-6.0630,24.4747
-6.0826,24.4778
-6.1021,24.4808
-6.1247,24.4798
-6.1380,24.4904
-6.1264,24.5323
-6.1553,24.5233
-6.1914,24.5049
-6.2201,24.4957
-6.2265,24.5149
-6.2368,24.5292
-6.2714,24.5118
-6.2239,24.6019
-6.3131,24.5123
-6.3205,24.5303
-6.2978,24.5887
-6.3024,24.6109
-6.3379,24.5913
-6.3515,24.6013
-6.3493,24.6330
-6.3934,24.6010
-6.4274,24.5824
-6.4613,24.5637
-6.4690,24.5815
-6.4883,24.5829
-6.4904,24.6088
-6.4812,24.6511
-6.4028,24.7937
-6.4917,24.6949
-6.4803,24.7415
-6.5356,24.6903
-6.5139,24.7523
-6.5475,24.7328
-6.5836,24.7089
-6.5856,24.7363
-6.6189,24.7161
-6.6574,24.6877
-6.6713,24.6968
-6.6373,24.7799
-6.6623,24.7722
-6.6844,24.7686
-6.6548,24.8466
-6.7180,24.7780
-6.7472,24.7628
-6.7463,24.7957
-6.7605,24.8044
-6.7721,24.8174
-6.7838,24.8304
-6.8126,24.8149
-6.8201,24.8348
-6.8344,24.8433
-6.8809,24.7974
-6.9002,24.7972
-6.9269,24.7840
-6.9386,24.7965
-6.8930,24.9086
-6.9571,24.8301
-6.9812,24.8209
-6.9784,24.8594
-6.9862,24.8791
-6.9854,24.9147
-7.0095,24.9054
-7.0200,24.9206
-7.0028,24.9872
-7.0848,24.8706
-7.0898,24.8959
-7.0972,24.9169
-7.1094,24.9290
-7.1217,24.9411
-7.1317,24.9576
-7.1043,25.0466
-7.1588,24.9772
-7.1751,24.9817
-7.1966,24.9759
-7.2046,24.9966
-7.1956,25.0518
-7.2253,25.0294
-7.2116,25.0951
-7.2668,25.0200
-7.2860,25.0182
-7.2987,25.0299
-7.2678,25.1333
-7.3214,25.0590
-7.3575,25.0210
-7.3184,25.1441
-7.3810,25.0484
-7.3718,25.1082
-7.4096,25.0651
-7.4239,25.0733
-7.4491,25.0573
-7.4600,25.0731
-7.4449,25.1483
-7.4980,25.0680
-7.5170,25.0654
-7.5359,25.0627
-7.5548,25.0599
-7.5698,25.0663
-7.5886,25.0634
-7.6036,25.0696
-7.5826,25.1634
-7.6393,25.0681
-7.6468,25.0927
-7.6638,25.0941
-7.6586,25.1511
-7.6690,25.1694
-7.6916,25.1568
-7.6775,25.2389
-7.7222,25.1686
-7.7233,25.2118
-7.7294,25.2425
-7.7467,25.2436
-7.7725,25.2214
-7.7794,25.2505
-7.7967,25.2515
-7.8005,25.2899
-7.8278,25.2627
-7.8489,25.2525
-7.8628,25.2627
-7.8752,25.2775
-7.9053,25.2404
-7.9225,25.2409
-7.9009,25.3567
-7.9394,25.2940
-7.9545,25.3008
-7.9733,25.2964
-7.9967,25.2777
-8.0032,25.3113
-8.0129,25.3354
-8.0416,25.3548
-8.0691,25.3214
-8.0733,25.3645
-8.0978,25.3406
-8.1108,25.3549
-8.1253,25.3643
-8.1231,25.4314
-8.1585,25.3687
-8.1825,25.3444
-8.2037,25.3297
-8.2195,25.3341
-8.2313,25.3528
-8.2485,25.3523
-8.2365,25.4611
-8.2688,25.4042
-8.2785,25.4325
-8.2883,25.4610
-8.3132,25.4311
-8.3281,25.4400
-8.3466,25.4343
-8.3650,25.4286
-8.3635,25.5055
-8.3984,25.4315
-8.4156,25.4305
-8.4388,25.4035
-8.4456,25.4477
-8.4617,25.4514
-8.4811,25.4404
-8.4705,25.5661
-8.5144,25.4426
-8.5368,25.4168
-8.5518,25.4251
-8.5591,25.4708
-8.5743,25.4790
-8.5886,25.4921
-8.6049,25.4953
-8.6171,25.5196
-8.6309,25.5360
-8.6427,25.5636
-8.6589,25.5681
-8.6754,25.5711
-8.6937,25.5643
-8.7070,25.5854
-8.7250,25.5799
-8.7398,25.5925
-8.7531,25.6150
-8.7754,25.5833
-8.7943,25.5712
-8.8139,25.5541
-8.8151,25.6557
-8.8431,25.5838
-8.8582,25.5962
-8.8734,25.6085
-8.8879,25.6256
-8.9025,25.6428
-8.9172,25.6599
-8.9355,25.6510
-8.9391,25.7541
-8.9709,25.6404
-8.9857,25.6574
-8.9995,25.6842
-9.0181,25.6714
-9.0338,25.6832
-9.0473,25.7149
-9.0463,25.8826
-9.0987,25.7154
-9.1151,25.7220
-9.1292,25.7535
-9.1490,25.7253
-9.1665,25.7219
-9.1800,25.7632
-9.2117,25.7959
-9.2273,25.8172
-9.2435,25.8334
-9.2615,25.8248
-9.2791,25.8210
-9.2967,25.8172
-9.3091,25.8951
-9.3303,25.8343
-9.3453,25.8752
-9.3623,25.8832
-9.3780,25.9191
-9.3960,25.9099
-9.4145,25.8887
-9.4288,25.9665
-9.4436,26.0399
-9.4631,25.9978
-9.4799,26.0284
-9.4988,25.9940
-9.5167,25.9895
-9.5348,25.9749
-9.5560,25.8095
-9.5904,25.8151
-9.6054,25.9990
-9.6233,25.9942
-9.6411,25.9844
-9.6589,25.9744
-9.6766,25.9695
-9.7121,25.9893
-9.7301,26.0142
-9.7482,26.0389
-9.7661,26.0337
-9.7837,26.0184
-9.8009,25.9881
-9.8192,26.0077
-9.8557,26.0367
-9.8744,26.0611
-9.8937,26.0954
-9.9119,26.0997
-9.9299,26.0963
-9.9488,26.1131
-9.9853,26.1163
-10.0037,26.1204
-10.0224,26.1293
-10.0398,26.1157
-10.0594,26.1371
-10.0783,26.1459
-10.1158,26.1583
-10.1352,26.1719
-10.1547,26.1854
-10.1730,26.1840
-10.1897,26.1626
-10.2110,26.1958
-10.2485,26.4057
-10.2505,26.2223
-10.2714,26.2454
-10.2939,26.2833
-10.3084,26.2417
-10.3275,26.2448
-10.3492,26.2726
-10.4036,26.5910
-10.4062,26.2762
-10.4230,26.2591
-10.4416,26.2568
-10.4658,26.2991
-10.4787,26.2521
-10.5012,26.2794
-10.5336,26.2397
-10.5613,26.3013
-10.5878,26.3530
-10.6059,26.3453
-10.6248,26.3425
-10.6459,26.3544
-10.6760,26.4233
-10.6851,26.3584
-10.7056,26.3652
-10.7270,26.3768
-10.7484,26.3884
-10.7707,26.4048
-10.7889,26.3966
-10.8070,26.3883
-10.8449,26.3814
-10.8629,26.3730
-10.8846,26.3841
-10.9140,26.4344
-10.9428,26.4796
-10.9738,26.5345
-11.0177,26.5511
-11.0412,26.5665
-11.0628,26.5722
-11.0977,26.6394
-11.1174,26.6351
-11.1328,26.6112
-11.1746,26.6139
-11.1898,26.5899
-11.2082,26.5805
-11.2370,26.6147
-11.2660,26.6489
-11.2881,26.6538
-11.3239,26.6294
-11.3436,26.6245
-11.3632,26.6194
-11.3854,26.6240
-11.4076,26.6285
-11.4324,26.6426
-11.4482,26.6228
-11.4902,26.6217
-11.5300,26.6883
-11.5676,26.7452
-11.5959,26.7683
-11.6187,26.7721
-11.6402,26.7710
-11.6900,26.7912
-11.7116,26.7899
-11.7186,26.7407
-11.7667,26.8253
-11.7899,26.8285
-11.8212,26.8568
-11.8426,26.8538
-11.8741,26.8819
-11.8926,26.8692
-11.9130,26.8626
-11.9444,26.8890
-11.9585,26.8632
-11.9933,26.8990
-12.0057,26.8683
-12.0365,26.8259
-12.0402,26.7716
-12.0737,26.8022
-12.0499,26.6727
-12.0919,26.7266
-12.1600,26.8508
-12.2429,26.9492
-12.2741,26.9695
-12.2948,26.9616
-12.2994,26.9118
-12.3217,26.9085
-12.3531,26.9285
-12.4704,27.1660
-12.4163,26.9680
-12.4426,26.9736
-12.5063,27.0718
-12.5383,27.0903
-12.5464,27.0501
-12.6072,27.1376
-12.6573,27.1980
-12.6925,27.2218
-12.6847,27.1438
-12.6921,27.1026
-12.7191,27.1072
-12.7602,27.1439
-12.8095,27.1986
-12.8653,27.2667
-12.9125,27.2566
-12.9155,27.2059
-12.9867,27.3051
-13.0356,27.3541
-13.0700,27.3710
-13.0813,27.3381
-13.0967,27.3143
-13.1636,27.3989
-13.1682,27.3523
-13.2096,27.3823
-13.2490,27.4076
-13.2908,27.4372
-13.3174,27.4353
-13.3751,27.4959
-13.3593,27.4089
-13.3858,27.4067
-13.4100,27.4000
-13.4525,27.4287
-13.4929,27.4529
-13.5151,27.4414
-13.6301,27.6070
-13.5779,27.4535
-13.6305,27.4991
-13.6811,27.5400
-13.7272,27.5719
-13.7926,27.6386
-13.8369,27.6657
-13.8549,27.6444
-13.9051,27.6279
-13.9596,27.6717
-14.0071,27.7023
-14.0572,27.7369
-14.1026,27.7627
-14.1257,27.7494
-14.2197,27.8044
-14.3192,27.9196
-14.3893,27.9839
-14.3713,27.9002
-14.3664,27.8391
-14.4364,27.9017
-14.4833,27.9258
-14.5514,27.9307
-14.6392,28.0189
-14.5772,27.8675
-14.6220,27.8865
-14.7124,27.9769
-14.7820,28.0333
-14.8405,28.0192
-14.8835,28.0329
-14.8689,27.9589
-14.8953,27.9474
-14.9854,28.0314
-15.2219,28.3323
-15.2574,28.2782
-15.2980,28.2322
-15.3481,28.2523
-15.3698,28.2311
-14.2330,23.8203
-14.2399,23.7802
-14.2471,23.7634
-14.2543,23.7465
-14.2653,23.7328
-14.2833,23.7021
-14.2942,23.6882
-14.3011,23.6713
-14.3118,23.6574
-14.3186,23.6404
-14.3293,23.6265
-14.3506,23.5985
-14.3571,23.5815
-14.3677,23.5674
-14.3741,23.5503
-14.3845,23.5362
-14.3949,23.5221
-14.4053,23.5079
-14.4258,23.4795
-14.4360,23.4652
-14.4462,23.4509
-14.4563,23.4366
-14.4664,23.4222
-14.4764,23.4078
-14.4964,23.3790
-14.5021,23.3617
-14.5120,23.3472
-14.5177,23.3299
-14.5316,23.3181
-14.5246,23.2925
-14.5481,23.2660
-14.5576,23.2514
-14.8963,22.6018
-14.8904,22.5796
-14.8754,22.5532
-14.8647,22.5290
-14.8856,22.5198
-14.8975,22.5063
-14.9048,22.4906
-14.9438,22.4895
-14.9511,22.4737
-14.9583,22.4579
-14.9654,22.4420
-14.9795,22.4102
-14.9865,22.3943
-14.9981,22.3804
-15.0096,22.3664
-15.0164,22.3504
-15.0279,22.3363
-15.0414,22.3041
-15.0481,22.2880
-15.0593,22.2738
-15.0659,22.2576
-15.0724,22.2414
-15.0789,22.2252
-15.0964,22.1946
-15.1028,22.1783
-15.1091,22.1620
-15.1107,22.1440
-15.1169,22.1276
-15.1464,22.1201
-15.1900,22.1176
-15.1881,22.0793
-15.1612,22.0509
-15.1436,22.0260
-15.1259,22.0012
-17.4162,19.7336
-17.3952,19.7113
-17.3492,19.6904
-17.4023,19.6645
-17.5951,19.3439
-17.5531,19.2762
-17.6305,19.2443
-17.6327,19.2200
-17.6251,19.1967
-17.6225,19.1728
-17.6346,19.1472
-17.6290,19.0995
-17.6359,19.0744
-17.6428,19.0493
-17.6596,19.0228
-17.7059,18.9922
-17.7472,18.9620
-17.7884,18.9315
-17.8444,18.8987
-17.8260,18.8764
-17.8471,18.8482
-17.8730,18.8192
-17.8742,18.7938
-17.8802,18.7677
-17.8911,18.7407
-17.9510,18.7055
-17.8977,18.6889
-17.9133,18.6609
-17.9287,18.6328
-17.9539,18.6028
-17.9741,18.5735
-17.9941,18.5441
-18.0776,18.5027
-18.0143,18.4886
-18.0341,18.4589
-18.0537,18.4290
-18.0733,18.3990
-18.0976,18.3679
-18.1219,18.3366
-18.2091,18.2920
-18.1407,18.2798
-18.1646,18.2481
-18.1835,18.2173
-18.2023,18.1864
-18.2259,18.1543
-18.2445,18.1231
-18.3402,18.0740
-18.2619,18.0649
-18.2850,18.0323
-18.3080,17.9995
-18.3309,17.9665
-18.3537,17.9334
-18.3764,17.9001
-18.3971,17.8392
-18.4243,17.8043
-18.4464,17.7705
-18.4782,17.7339
-18.5097,17.6972
-18.5364,17.6615
-18.5603,17.5976
-18.5865,17.5615
-18.6126,17.5252
-18.6386,17.4887
-18.6644,17.4521
-18.6901,17.4152
-18.7123,17.3497
-18.7423,17.3109
-18.7722,17.2720
-18.8020,17.2329
-18.8268,17.1950
-18.8515,17.1570
-18.8672,17.0912
-18.8915,17.0527
-18.9203,17.0126
-18.9443,16.9737
-18.9729,16.9332
-19.0060,16.8908
-19.0390,16.8482
-19.0667,16.7755
-19.0992,16.7323

# FrameTime=1781596547.01, PointCount=643
-4.3431,23.6904
-4.3540,23.7064
-4.3732,23.7167
-4.4252,23.7042
-4.4780,23.7140
-4.5338,23.6979
-4.2882,23.8953
-4.4803,23.7826
-4.5158,23.7806
-4.5939,23.7477
-4.6322,23.7664
-4.5849,23.8245
-4.6304,23.8144
-4.6515,23.8221
-4.6908,23.8162
-4.7060,23.8281
-4.7446,23.8458
-4.7717,23.8483
-4.8009,23.8493
-4.8379,23.8439
-4.8668,23.8446
-4.8978,23.8436
-4.8799,23.8811
-4.9400,23.8566
-4.9553,23.8677
-4.9706,23.8787
-4.9898,23.8865
-5.0051,23.8974
-5.0243,23.9050
-5.0512,23.9062
-5.0572,23.9483
-5.0727,23.9589
-5.0882,23.9694
-5.1113,23.9735
-5.1437,23.9694
-5.1176,24.0156
-5.1246,24.0576
-5.1833,24.0301
-5.1802,24.0568
-5.1868,24.0752
-5.1728,24.1120
-5.1626,24.1456
-5.1786,24.1558
-5.2110,24.1508
-5.2858,24.1068
-5.2669,24.1486
-5.2901,24.1516
-5.3170,24.1511
-5.3365,24.1573
-5.3125,24.2047
-5.2760,24.2644
-5.3571,24.2120
-5.4019,24.1937
-5.4322,24.1892
-5.4553,24.1914
-5.5140,24.1586
-5.5227,24.1746
-5.5545,24.1924
-5.5619,24.2098
-5.5778,24.2185
-5.5847,24.2365
-5.5888,24.2574
-5.6048,24.2660
-5.6405,24.2796
-5.6807,24.2627
-5.6968,24.2711
-5.7450,24.2452
-5.7814,24.2315
-5.7905,24.2468
-5.8216,24.2636
-5.7972,24.3156
-5.7690,24.3723
-5.8295,24.3314
-5.8522,24.3318
-5.8982,24.3061
-5.9006,24.3549
-5.9529,24.3212
-5.9395,24.3624
-5.9524,24.3736
-5.9660,24.3839
-5.9725,24.4026
-5.9746,24.4266
-6.0268,24.3914
-6.0040,24.4449
-6.0203,24.4521
-6.0335,24.4631
-6.0498,24.4701
-6.0694,24.4732
-6.0889,24.4763
-6.0770,24.5181
-6.1217,24.4900
-6.1443,24.4889
-6.1514,24.5073
-6.1585,24.5257
-6.2039,24.4955
-6.2264,24.4941
-6.1926,24.5651
-6.2400,24.5316
-6.2594,24.5340
-6.3030,24.5046
-6.3194,24.5108
-6.3057,24.5567
-6.3162,24.5707
-6.3056,24.6133
-6.3344,24.6029
-6.3517,24.6078
-6.3830,24.5935
-6.3995,24.5994
-6.4540,24.5524
-6.4587,24.5743
-6.4278,24.6464
-6.4973,24.5772
-6.5022,24.5990
-6.5015,24.6290
-6.4953,24.6672
-6.4836,24.7138
-6.5250,24.6833
-6.5003,24.7494
-6.5217,24.7480
-6.5749,24.6991
-6.5776,24.7253
-6.6035,24.7164
-6.6441,24.6852
-6.6634,24.6860
-6.6200,24.7831
-6.5745,24.8847
-6.6601,24.7830
-6.6823,24.7794
-6.7044,24.7758
-6.7239,24.7762
-6.7451,24.7736
-6.7521,24.7938
-6.7471,24.8339
-6.7805,24.8113
-6.7922,24.8243
-6.8133,24.8216
-6.8284,24.8287
-6.8521,24.8214
-6.8917,24.7869
-6.8376,24.9116
-6.9201,24.8036
-6.9443,24.7946
-6.9460,24.8244
-6.9578,24.8369
-6.9672,24.8537
-6.9743,24.8748
-6.9618,24.9310
-6.9935,24.9084
-7.0008,24.9295
-7.0161,24.9362
-7.0736,24.8652
-7.0880,24.8730
-7.0788,24.9247
-7.0832,24.9517
-7.1220,24.9138
-7.1265,24.9406
-7.1373,24.9556
-7.1473,24.9721
-7.1659,24.9722
-7.1851,24.9708
-7.1953,24.9872
-7.1563,25.1019
-7.2071,25.0377
-7.2227,25.0437
-7.2464,25.0331
-7.2700,25.0224
-7.2914,25.0162
-7.2782,25.0818
-7.2624,25.1538
-7.2907,25.1335
-7.3671,25.0098
-7.3714,25.0394
-7.3697,25.0824
-7.3854,25.0879
-7.4046,25.0857
-7.3820,25.1760
-7.4706,25.0188
-7.4713,25.0573
-7.4823,25.0730
-7.5033,25.0659
-7.5229,25.0616
-7.5411,25.0606
-7.5392,25.1066
-7.5730,25.0687
-7.5899,25.0704
-7.6068,25.0720
-7.6256,25.0690
-7.6369,25.0844
-7.6519,25.0905
-7.6707,25.0873
-7.6213,25.2556
-7.6595,25.2044
-7.6930,25.1639
-7.7137,25.1559
-7.7165,25.1944
-7.7189,25.2344
-7.7344,25.2403
-7.7481,25.2509
-7.7706,25.2378
-7.7912,25.2295
-7.7999,25.2539
-7.8154,25.2595
-7.8310,25.2651
-7.8521,25.2549
-7.8644,25.2698
-7.8551,25.3474
-7.8989,25.2711
-7.9273,25.2386
-7.9317,25.2770
-7.9405,25.3028
-7.9593,25.2985
-7.9781,25.2941
-7.9571,25.4129
-8.0125,25.2947
-8.0206,25.3235
-8.0304,25.3475
-8.0610,25.3047
-8.0582,25.3700
-8.0809,25.3526
-8.1126,25.3621
-8.1341,25.3476
-8.1389,25.3904
-8.1644,25.3615
-8.1884,25.3373
-8.2069,25.3321
-8.1761,25.5050
-8.2359,25.3505
-8.2517,25.3548
-8.2586,25.3927
-8.2695,25.4162
-8.2792,25.4445
-8.2916,25.4634
-8.3065,25.4724
-8.3325,25.4376
-8.3474,25.4464
-8.3671,25.4359
-8.3890,25.4156
-8.4028,25.4291
-8.4181,25.4362
-8.4316,25.4512
-8.4064,25.6354
-8.4628,25.4635
-8.4768,25.4768
-8.5005,25.4464
-8.5229,25.4207
-8.5379,25.4290
-8.5550,25.4275
-8.5185,25.6854
-8.5795,25.4716
-8.5928,25.4896
-8.6100,25.4879
-8.6225,25.5107
-8.6341,25.5384
-8.6475,25.5576
-8.6615,25.5740
-8.6795,25.5686
-8.6960,25.5716
-8.7125,25.5745
-8.7282,25.5823
-8.7439,25.5900
-8.7605,25.5928
-8.7649,25.6699
-8.7944,25.5933
-8.8117,25.5910
-8.8313,25.5739
-8.8463,25.5863
-8.8643,25.5789
-8.8780,25.6010
-8.8826,25.6879
-8.9085,25.6255
-8.9231,25.6426
-8.9385,25.6547
-8.9574,25.6407
-8.9722,25.6577
-8.9876,25.6710
-9.0033,25.6817
-9.0042,25.8196
-9.0347,25.7055
-9.0505,25.7173
-9.0643,25.7490
-9.0803,25.7607
-9.0994,25.7426
-9.1169,25.7394
-9.1334,25.7460
-9.1475,25.7785
-9.1701,25.7193
-9.1840,25.7556
-9.1994,25.7770
-9.2148,25.7994
-9.2306,25.8196
-9.2474,25.8259
-9.2823,25.8234
-9.3002,25.8146
-9.3171,25.8207
-9.3320,25.8616
-9.3497,25.8577
-9.3649,25.8985
-9.3817,25.9115
-9.3953,25.9951
-9.4159,25.9331
-9.4326,25.9539
-9.4495,25.9746
-9.4654,26.0252
-9.4843,25.9958
-9.5031,25.9614
-9.5200,25.9897
-9.5381,25.9774
-9.5557,25.9828
-9.5768,25.7923
-9.5908,26.0062
-9.6087,26.0014
-9.6265,25.9916
-9.6621,25.9869
-9.6798,25.9769
-9.6975,25.9719
-9.7154,26.0067
-9.7333,26.0166
-9.7517,26.0563
-9.7871,26.0308
-9.8044,26.0005
-9.8220,25.9951
-9.8403,26.0146
-9.8591,26.0441
-9.8776,26.0635
-9.8982,26.1351
-9.9146,26.0871
-9.9339,26.1163
-9.9520,26.1155
-9.9701,26.1147
-9.9885,26.1188
-9.6997,20.4530
-10.0252,26.1241
-10.0620,26.1296
-10.0798,26.1234
-10.0994,26.1421
-10.1190,26.1607
-10.1388,26.1793
-10.1583,26.1928
-10.1946,26.1849
-10.2107,26.1584
-10.2326,26.1966
-10.2542,26.2297
-10.2760,26.2627
-10.2981,26.2957
-10.3267,26.3909
-10.3333,26.2720
-10.3524,26.2750
-10.3705,26.2680
-10.3902,26.2758
-10.4100,26.2836
-10.4280,26.2764
-10.4466,26.2741
-10.4838,26.2694
-10.5011,26.2570
-10.5197,26.2545
-10.5423,26.2817
-10.5652,26.3087
-10.5911,26.3554
-10.6287,26.3499
-10.6483,26.3519
-10.6687,26.3588
-10.6900,26.3706
-10.7097,26.3725
-10.7310,26.3842
-10.7747,26.5266
-10.7706,26.3876
-10.7912,26.3941
-10.8102,26.3907
-10.8301,26.3922
-10.8481,26.3838
-10.8661,26.3754
-10.9203,26.5562
-10.9115,26.4074
-10.9402,26.4526
-10.9692,26.4978
-11.0014,26.5575
-11.0249,26.5730
-11.0444,26.5690
-11.0733,26.6088
-11.1228,26.6473
-11.1403,26.6332
-11.1549,26.6062
-11.1734,26.5969
-11.1941,26.5972
-11.2114,26.5829
-11.2528,26.5833
-11.2921,26.6593
-11.3074,26.6368
-11.3235,26.6173
-11.3431,26.6124
-11.3652,26.6170
-11.4134,26.7214
-11.4096,26.6261
-11.4344,26.6402
-11.4593,26.6542
-11.4672,26.6054
-11.5081,26.6770
-11.5400,26.7148
-11.5949,26.8327
-11.5908,26.7419
-11.6192,26.7649
-11.6491,26.7926
-11.6589,26.7517
-11.6889,26.7792
-11.7192,26.8067
-11.7423,26.8101
-11.7902,26.8214
-11.8164,26.8341
-11.8428,26.8467
-11.8693,26.8592
-11.8974,26.8764
-11.9256,26.8935
-11.9665,26.8799
-11.9901,26.8824
-12.0040,26.8566
-12.0227,26.8448
-12.0764,26.9333
-12.0717,26.8542
-12.0752,26.7999
-12.0848,26.7008
-12.1202,26.7358
-12.1991,26.8879
-12.2458,26.9506
-12.2752,26.9662
-12.2927,26.9501
-12.3231,26.9063
-12.3472,26.9077
-12.3879,26.9507
-12.4103,26.9472
-12.4681,27.0317
-12.5133,27.0835
-12.5610,27.0802
-12.6031,27.1222
-12.6374,27.1450
-12.6841,27.1966
-12.6781,27.1232
-12.7012,27.1188
-12.7737,27.2283
-12.7514,27.1188
-12.8148,27.2056
-12.8521,27.2322
-12.9166,27.3188
-12.9014,27.2271
-12.9352,27.2447
-12.9858,27.2985
-13.0965,27.4234
-13.0866,27.3451
-13.1042,27.3258
-13.1259,27.3155
-13.1844,27.3817
-13.2215,27.4027
-13.2830,27.4172
-13.3228,27.4422
-13.3449,27.4313
-13.3670,27.4202
-13.3867,27.4047
-13.4268,27.4291
-13.4893,27.4420
-13.5183,27.4438
-13.5473,27.4455
-13.5928,27.4780
-13.6455,27.5235
-13.7008,27.5732
-13.8304,27.7594
-13.7792,27.6104
-13.8401,27.6681
-13.8605,27.6512
-13.9051,27.6779
-13.9400,27.6870
-13.9849,27.7133
-14.0275,27.7351
-14.0984,27.7522
-14.1289,27.7518
-14.1670,27.7643
-14.2533,27.8585
-14.3656,27.9951
-14.3925,27.9863
-14.3774,27.8543
-14.4033,27.8444
-14.4631,27.8899
-14.5448,27.9701
-14.4915,27.8313
-14.5412,27.8592
-14.6118,27.8678
-14.6835,27.9288
-14.7555,27.9894
-14.8145,28.0287
-14.8166,27.9798
-14.8567,27.9894
-14.8941,27.9947
-14.9305,27.9466
-15.2084,28.3098
-15.2443,28.3098
-15.2824,28.2597
-15.3154,28.2552
-15.3758,28.2377
-15.4147,28.2410
-14.2439,23.8290
-14.2431,23.7827
-14.2614,23.7521
-14.2685,23.7352
-14.2756,23.7183
-14.2865,23.7045
-14.2974,23.6907
-14.3082,23.6768
-14.3298,23.6489
-14.3365,23.6319
-14.3472,23.6179
-14.3538,23.6009
-14.3604,23.5839
-14.3709,23.5698
-14.3773,23.5527
-14.3981,23.5245
-14.4085,23.5103
-14.4188,23.4961
-14.4290,23.4819
-14.4392,23.4676
-14.4494,23.4533
-14.4696,23.4246
-14.4796,23.4103
-14.4896,23.3958
-14.4996,23.3814
-14.5095,23.3669
-14.5152,23.3496
-14.5390,23.3233
-14.5362,23.3004
-14.5417,23.2831
-14.5597,23.2740
-14.8951,22.6020
-14.9026,22.5864
-14.8650,22.5491
-14.8725,22.5336
-14.8753,22.5159
-14.9007,22.5087
-14.9080,22.4930
-14.9153,22.4773
-14.9588,22.4782
-14.9569,22.4582
-14.9641,22.4424
-14.9711,22.4265
-14.9782,22.4106
-14.9967,22.3808
-15.0082,22.3668
-15.0151,22.3508
-15.0265,22.3367
-15.0379,22.3226
-15.0446,22.3065
-15.0625,22.2762
-15.0691,22.2600
-15.0757,22.2439
-15.0822,22.2277
-15.0886,22.2114
-15.0950,22.1952
-15.0967,22.1771
-15.1092,22.1446
-15.1061,22.1248
-15.1356,22.1172
-15.1511,22.1043
-15.2041,22.1052
-15.1632,22.0715
-15.1468,22.0284
-15.1433,22.0087
-17.4145,19.7363
-17.4084,19.7133
-17.3867,19.6911
-17.4155,19.6664
-17.5734,19.3486
-17.5911,19.3231
-17.6186,19.2964
-17.6560,19.2686
-17.6135,19.2488
-17.6511,19.2208
-17.6184,19.2002
-17.6257,19.1752
-17.6279,19.1508
-17.6301,19.1264
-17.6371,19.1013
-17.6392,19.0768
-17.6380,19.0284
-17.6596,19.0013
-17.6910,18.9726
-17.7422,18.9409
-17.7932,18.9089
-17.8243,18.8795
-17.8466,18.8261
-17.8675,18.7978
-17.8637,18.7732
-17.8696,18.7471
-17.8804,18.7201
-17.9010,18.6913
-17.9214,18.6625
-18.0056,18.6224
-17.9424,18.6078
-17.9625,18.5786
-17.9826,18.5492
-18.0026,18.5198
-18.0273,18.4892
-18.0471,18.4334
-18.0716,18.4024
-18.0960,18.3713
-18.1251,18.3390
-18.1492,18.3076
-18.1732,18.2760
-18.1867,18.2197
-18.2007,18.1899
-18.2243,18.1578
-18.2429,18.1266
-18.2662,18.0942
-18.2895,18.0617
-18.3126,18.0289
-18.3979,17.9811
-18.3293,17.9701
-18.3521,17.9370
-18.3748,17.9037
-18.3973,17.8703
-18.4197,17.8367
-18.4468,17.8017
-18.5501,17.7466
-18.4621,17.7415
-18.4888,17.7061
-18.5155,17.6705
-18.5420,17.6347
-18.5683,17.5987
-18.5946,17.5626
-18.6866,17.5075
-18.6130,17.4995
-18.6340,17.4643
-18.6693,17.4247
-18.6997,17.3864
-18.7299,17.3478
-18.7647,17.3075
-18.7861,17.2412
-18.8158,17.2019
-18.8405,17.1639
-18.8698,17.1243
-18.8942,17.0859
-18.9232,17.0458
-18.9428,16.9778
-18.9714,16.9372
-19.0045,16.8948
-19.0328,16.8538
-19.0656,16.8110
-19.0982,16.7680

# FrameTime=1781596547.11, PointCount=646
-4.3390,23.6932
-4.3499,23.7092
-4.3814,23.7110
-4.4170,23.7098
-4.4466,23.7126
-4.5298,23.7008
-4.5040,23.7422
-4.4762,23.7855
-4.5158,23.7806
-4.5899,23.7506
-4.6211,23.7512
-4.5768,23.8305
-4.6122,23.8279
-4.6515,23.8221
-4.6868,23.8192
-4.7340,23.8070
-4.7333,23.8309
-4.7361,23.8758
-4.7969,23.8523
-4.8260,23.8531
-4.8629,23.8477
-4.8900,23.8497
-4.9248,23.8455
-4.8952,23.8924
-4.9553,23.8677
-4.9706,23.8787
-4.9898,23.8865
-5.0090,23.8942
-5.0282,23.9019
-5.0512,23.9062
-5.0341,23.9440
-5.0513,23.9532
-5.0689,23.9621
-5.0882,23.9694
-5.1113,23.9735
-5.1361,23.9759
-5.1252,24.0091
-5.1127,24.0439
-5.1458,24.0631
-5.1915,24.0469
-5.2630,24.0072
-5.1765,24.1087
-5.1589,24.1489
-5.1951,24.1407
-5.2821,24.1102
-5.2669,24.1486
-5.2901,24.1516
-5.3134,24.1545
-5.3329,24.1607
-5.3198,24.1978
-5.3105,24.2316
-5.3426,24.2258
-5.3947,24.2006
-5.4286,24.1926
-5.4553,24.1914
-5.5140,24.1586
-5.5263,24.1711
-5.4945,24.2273
-5.5580,24.1889
-5.5598,24.2118
-5.5743,24.2221
-5.5938,24.2273
-5.5958,24.2502
-5.6048,24.2660
-5.6279,24.2675
-5.6738,24.2700
-5.7002,24.2675
-5.7416,24.2489
-5.7814,24.2315
-5.7973,24.2395
-5.8023,24.2593
-5.7972,24.3156
-5.7637,24.3782
-5.8228,24.3388
-5.8456,24.3392
-5.8982,24.3061
-5.8779,24.3547
-5.8604,24.4005
-5.9529,24.3212
-5.9329,24.3700
-5.9491,24.3774
-5.9693,24.3801
-5.9758,24.3988
-6.0171,24.3767
-5.9909,24.4339
-5.9917,24.4596
-6.0203,24.4521
-6.0335,24.4631
-6.0498,24.4701
-6.0694,24.4732
-6.0858,24.4802
-6.1085,24.4793
-6.0935,24.5250
-6.1381,24.4967
-6.1483,24.5112
-6.1585,24.5257
-6.2008,24.4995
-6.2295,24.4902
-6.2266,24.5213
-6.2030,24.5795
-6.2564,24.5380
-6.2970,24.5126
-6.3194,24.5108
-6.3177,24.5407
-6.3222,24.5628
-6.3208,24.5928
-6.3133,24.6314
-6.3536,24.6052
-6.3771,24.6016
-6.3966,24.6034
-6.4423,24.5687
-6.4616,24.5702
-6.4809,24.5717
-6.4271,24.6766
-6.5022,24.5990
-6.5044,24.6249
-6.4953,24.6672
-6.4893,24.7056
-6.5137,24.6997
-6.5003,24.7494
-6.5172,24.7548
-6.5610,24.7198
-6.5748,24.7294
-6.6035,24.7164
-6.6386,24.6936
-6.6634,24.6860
-6.6200,24.7831
-6.6433,24.7782
-6.6376,24.8182
-6.6796,24.7837
-6.7044,24.7758
-6.7265,24.7720
-6.7433,24.7766
-6.7521,24.7938
-6.7663,24.8026
-6.7588,24.8469
-6.7870,24.8328
-6.8081,24.8301
-6.8301,24.8258
-6.8496,24.8256
-6.8917,24.7869
-6.9034,24.7996
-6.8521,24.9201
-6.9443,24.7946
-6.9485,24.8201
-6.9628,24.8282
-6.9672,24.8537
-6.9743,24.8748
-6.9846,24.8902
-6.9837,24.9260
-7.0008,24.9295
-7.0080,24.9508
-7.0402,24.9266
-7.0880,24.8730
-7.0859,24.9115
-7.1075,24.9061
-7.1127,24.9314
-7.0568,25.0734
-7.1373,24.9556
-7.1473,24.9721
-7.1636,24.9766
-7.1828,24.9753
-7.1953,24.9872
-7.2011,25.0124
-7.1803,25.0916
-7.2308,25.0273
-7.2420,25.0421
-7.2700,25.0224
-7.2892,25.0206
-7.2976,25.0413
-7.2710,25.1357
-7.2692,25.1791
-7.3608,25.0234
-7.3714,25.0394
-7.3759,25.0689
-7.3812,25.0970
-7.4087,25.0766
-7.4189,25.0939
-7.4062,25.1631
-7.4733,25.0528
-7.4763,25.0867
-7.5072,25.0568
-7.5261,25.0541
-7.5431,25.0560
-7.5600,25.0578
-7.5769,25.0595
-7.5438,25.1809
-7.6068,25.0720
-7.6275,25.0644
-7.6406,25.0752
-7.6501,25.0951
-7.6670,25.0965
-7.6496,25.1844
-7.6570,25.2106
-7.6912,25.1686
-7.7137,25.1559
-7.7200,25.1851
-7.7171,25.2391
-7.7361,25.2356
-7.7568,25.2274
-7.7654,25.2519
-7.7844,25.2482
-7.7982,25.2586
-7.8154,25.2595
-7.8310,25.2651
-7.8521,25.2549
-7.8628,25.2745
-7.8816,25.2705
-7.8838,25.3151
-7.9273,25.2386
-7.9349,25.2675
-7.9405,25.3028
-7.9593,25.2985
-7.9781,25.2941
-7.9984,25.2849
-7.9623,25.4518
-8.0222,25.3187
-8.0304,25.3475
-8.0551,25.3238
-8.0636,25.3524
-8.0809,25.3526
-8.0996,25.3478
-8.1154,25.3525
-8.1191,25.3987
-8.1360,25.4002
-8.1603,25.3759
-8.1884,25.3373
-8.2069,25.3321
-8.2227,25.3365
-8.1871,25.5288
-8.2504,25.3596
-8.2599,25.3879
-8.2707,25.4114
-8.2792,25.4445
-8.2867,25.4825
-8.3189,25.4239
-8.3313,25.4424
-8.3341,25.5000
-8.3671,25.4359
-8.3844,25.4350
-8.4016,25.4340
-8.4177,25.4378
-8.4375,25.4254
-8.4466,25.4598
-8.4209,25.6489
-8.4735,25.4914
-8.5015,25.4415
-8.5229,25.4207
-8.5410,25.4144
-8.5550,25.4275
-8.5623,25.4732
-8.5493,25.6202
-8.5928,25.4896
-8.6071,25.5026
-8.6263,25.4911
-8.6341,25.5384
-8.6466,25.5625
-8.6621,25.5705
-8.6795,25.5686
-8.6757,25.6851
-8.7134,25.5696
-8.7282,25.5823
-8.7422,25.5999
-8.7605,25.5928
-8.7786,25.5857
-8.7975,25.5736
-8.7907,25.7247
-8.8336,25.5591
-8.8463,25.5863
-8.8607,25.6035
-8.8759,25.6158
-8.8911,25.6281
-8.9064,25.6403
-8.9103,25.7372
-8.9379,25.6596
-8.9574,25.6407
-8.9728,25.6528
-8.9871,25.6747
-9.0033,25.6817
-9.0190,25.6936
-9.0336,25.7154
-9.0653,25.7390
-9.0787,25.7756
-9.0999,25.7377
-9.1164,25.7443
-9.1339,25.7410
-9.1532,25.7178
-9.1862,25.7308
-9.1998,25.7720
-9.2133,25.8182
-9.2306,25.8196
-9.2471,25.8309
-9.2651,25.8222
-9.2774,25.8952
-9.3006,25.8096
-9.3171,25.8207
-9.3323,25.8567
-9.3499,25.8527
-9.3657,25.8836
-9.3817,25.9115
-9.3993,25.9124
-9.4328,25.9489
-9.4495,25.9746
-9.4660,26.0102
-9.4836,26.0158
-9.5022,25.9892
-9.5201,25.9869
-9.5559,25.9728
-9.5765,25.8122
-9.5937,25.8125
-9.6087,26.0014
-9.6265,25.9916
-9.6443,25.9868
-9.6619,26.0390
-9.6798,25.9769
-9.6975,25.9669
-9.7153,25.9868
-9.7333,26.0116
-9.7516,26.0513
-9.7692,26.0311
-9.7890,26.1330
-9.8046,26.0105
-9.8221,26.0001
-9.8403,26.0146
-9.8592,26.0491
-9.8780,26.0735
-9.8963,26.0828
-9.9161,26.1270
-9.9516,26.1056
-9.9701,26.1147
-9.9883,26.1138
-9.6997,20.4530
-10.0251,26.1218
-10.0435,26.1257
-9.7031,20.4527
-10.0789,26.1085
-10.0987,26.1321
-10.1190,26.1607
-10.1392,26.1843
-10.1606,26.2227
-10.1766,26.1914
-10.2158,26.4364
-10.2103,26.1535
-10.2335,26.2065
-10.2542,26.2297
-10.2765,26.2677
-10.2976,26.2907
-10.3142,26.2690
-10.3333,26.2720
-10.3705,26.2680
-10.3902,26.2758
-10.4100,26.2836
-10.4280,26.2764
-10.4466,26.2741
-10.4652,26.2718
-10.4985,26.2372
-10.5197,26.2545
-10.5437,26.2916
-10.5659,26.3137
-10.5903,26.3505
-10.6092,26.3477
-10.6295,26.3548
-10.6679,26.3539
-10.6892,26.3657
-10.7097,26.3725
-10.7302,26.3792
-10.7516,26.3908
-10.7723,26.3974
-10.8111,26.3957
-10.8301,26.3922
-10.8472,26.3789
-10.8670,26.3803
-10.8906,26.4012
-10.9192,26.4466
-10.9692,26.4978
-11.0014,26.5575
-11.0259,26.5779
-11.0454,26.5739
-11.0691,26.5893
-11.1031,26.6516
-11.1217,26.6424
-11.1483,26.6691
-11.1567,26.6141
-11.1734,26.5969
-11.1918,26.5875
-11.2125,26.5878
-11.2425,26.6269
-11.2711,26.6593
-11.3098,26.6465
-11.3283,26.6367
-11.3456,26.6220
-11.3665,26.6219
-11.3899,26.6313
-11.4121,26.6357
-11.4541,26.6349
-11.4685,26.6103
-11.5001,26.6482
-11.5346,26.6956
-11.5708,26.7476
-11.6005,26.7755
-11.6368,26.8259
-11.6435,26.7734
-11.6664,26.7771
-11.6918,26.7888
-11.7206,26.8114
-11.7306,26.7718
-11.7729,26.8373
-11.7961,26.8405
-11.8394,26.9069
-11.8554,26.8861
-11.8677,26.8545
-11.8958,26.8717
-11.9178,26.8697
-11.9476,26.8914
-11.9649,26.8751
-11.9917,26.8872
-12.0239,26.9145
-12.0342,26.8779
-12.0299,26.8000
-12.0517,26.7976
-12.1041,26.8811
-12.0666,26.7127
-12.0985,26.7384
-12.1619,26.8497
-12.1696,26.8082
-12.2475,26.9552
-12.2734,26.9615
-12.2927,26.9501
-12.2990,26.9049
-12.4129,27.1384
-12.3454,26.9030
-12.3805,26.9321
-12.4140,26.9565
-12.4551,26.9992
-12.4983,27.0464
-12.5491,27.1112
-12.5591,27.0756
-12.6336,27.1358
-12.6839,27.1960
-12.6957,27.1646
-12.6973,27.1096
-12.7263,27.1188
-12.7674,27.1554
-12.8361,27.1961
-12.8921,27.2641
-12.9096,27.2453
-12.9249,27.2220
-13.0004,27.3303
-13.0681,27.4200
-13.0711,27.3689
-13.1206,27.4176
-13.1042,27.3258
-13.1216,27.3064
-13.1779,27.3682
-13.2128,27.3847
-13.2544,27.4145
-13.2963,27.4441
-13.3427,27.4268
-13.3625,27.4113
-13.3867,27.4047
-13.4200,27.4158
-13.4603,27.4400
-13.4939,27.4508
-13.5427,27.4367
-13.5858,27.4648
-13.6361,27.5059
-13.6914,27.5556
-13.7470,27.6051
-13.8006,27.6498
-13.8980,27.7738
-13.8557,27.6425
-13.8929,27.6561
-13.9279,27.6652
-13.9727,27.6916
-14.0177,27.7177
-14.0654,27.7480
-14.1058,27.7651
-14.1544,27.7428
-14.2305,27.8197
-14.3427,27.9564
-14.3874,27.9777
-14.3617,27.8812
-14.3748,27.8500
-14.4631,27.8899
-14.5232,27.9350
-14.5257,27.8865
-14.5279,27.8380
-14.5831,27.8742
-14.6385,27.9100
-14.7862,28.0902
-14.7421,27.9684
-14.8172,28.0329
-14.8302,28.0007
-14.8894,28.0395
-14.8941,27.9947
-14.8958,27.9457
-15.1754,28.3139
-15.2471,28.3139
-15.2775,28.3054
-15.2937,28.2762
-15.3012,28.2346
-15.3542,28.2588
-15.3816,28.2459
-14.2401,23.8259
-14.2393,23.7795
-14.2504,23.7658
-14.2575,23.7489
-14.2756,23.7183
-14.2865,23.7045
-14.2974,23.6907
-14.3082,23.6768
-14.3151,23.6598
-14.3258,23.6459
-14.3432,23.6149
-14.3538,23.6009
-14.3604,23.5839
-14.3709,23.5698
-14.3773,23.5527
-14.3878,23.5386
-14.3981,23.5245
-14.4188,23.4961
-14.4290,23.4819
-14.4392,23.4676
-14.4494,23.4533
-14.4595,23.4390
-14.4696,23.4246
-14.4896,23.3958
-14.4996,23.3814
-14.5095,23.3669
-14.5152,23.3496
-14.5292,23.3379
-14.5306,23.3177
-14.5417,23.2831
-14.5597,23.2740
-14.8996,22.6042
-14.8831,22.5578
-14.8725,22.5336
-14.8843,22.5201
-14.8962,22.5066
-14.9080,22.4930
-14.9153,22.4773
-14.9588,22.4782
-14.9296,22.4459
-14.9686,22.4444
-14.9828,22.4127
-14.9898,22.3967
-15.0013,22.3828
-15.0082,22.3668
-15.0197,22.3528
-15.0311,22.3387
-15.0446,22.3065
-15.0559,22.2923
-15.0625,22.2762
-15.0691,22.2600
-15.0757,22.2439
-15.0868,22.2295
-15.0950,22.1952
-15.1013,22.1789
-15.1076,22.1627
-15.1092,22.1446
-15.1201,22.1301
-15.1450,22.1207
-15.1839,22.1165
-15.1867,22.0800
-15.1645,22.0533
-15.1468,22.0284
-15.1291,22.0037
-17.4194,19.7360
-17.3985,19.7138
-17.3674,19.6921
-17.4155,19.6664
-17.5883,19.3473
-17.5812,19.3240
-17.5387,19.3042
-17.6486,19.2452
-17.6259,19.2235
-17.6184,19.2002
-17.6306,19.1747
-17.6230,19.1514
-17.6251,19.1270
-17.6243,19.0787
-17.6262,19.0542
-17.6182,19.0310
-17.6398,19.0039
-17.6861,18.9732
-17.7273,18.9430
-17.7699,18.8875
-17.8009,18.8580
-17.8170,18.8306
-17.8330,18.8032
-17.8489,18.7756
-17.8647,18.7479
-17.8812,18.6947
-17.8968,18.6667
-17.9172,18.6378
-17.9374,18.6087
-17.9625,18.5786
-17.9826,18.5492
-18.0075,18.5188
-18.0957,18.4762
-18.0275,18.4632
-18.0570,18.4315
-18.0814,18.4005
-18.1107,18.3684
-18.1398,18.3360
-18.1635,18.2781
-18.1874,18.2463
-18.2063,18.2155
-18.2300,18.1835
-18.2535,18.1513
-18.2721,18.1200
-18.2954,18.0875
-18.3665,18.0437
-18.3126,18.0289
-18.3307,17.9972
-18.3536,17.9642
-18.3715,17.9322
-18.3893,17.9001
-18.4118,17.8666
-18.5059,17.8147
-18.4275,17.8067
-18.4545,17.7716
-18.4766,17.7376
-18.4985,17.7035
-18.5251,17.6678
-18.5468,17.6334
-18.5657,17.5707
-18.5918,17.5345
-18.6178,17.4981
-18.6436,17.4615
-18.6741,17.4233
-18.7044,17.3849
-18.7264,17.3192
-18.7611,17.2788
-18.7909,17.2397
-18.8205,17.2004
-18.8452,17.1624
-18.8745,17.1227
-18.8899,17.0567
-18.9188,17.0165
-18.9476,16.9762
-18.9809,16.9340
-19.0093,16.8932
-19.0422,16.8506
-19.0652,16.7796
-19.0977,16.7364

# FrameTime=1781596547.21, PointCount=638
-4.3619,23.6763
-4.3893,23.6810
-4.3882,23.7284
-4.4566,23.7043
-4.4943,23.7013
-4.5093,23.7139
-4.5426,23.7136
-4.4477,23.8045
-4.5129,23.8050
-4.6251,23.7470
-4.5999,23.7887
-4.5767,23.8292
-4.6423,23.8043
-4.6675,23.8090
-4.7147,23.7970
-4.7252,23.8358
-4.7405,23.8476
-4.7677,23.8502
-4.7988,23.8496
-4.8417,23.8397
-4.8707,23.8404
-4.9169,23.8506
-4.9360,23.8586
-4.9552,23.8666
-4.9744,23.8744
-4.9935,23.8822
-5.0089,23.8931
-5.0434,23.9115
-5.0626,23.9190
-5.0742,23.9329
-5.0726,23.9578
-5.1033,23.9554
-5.0998,23.9821
-5.1271,24.0063
-5.1200,24.0363
-5.1713,24.0156
-5.2131,24.0027
-5.1763,24.0591
-5.2666,24.0029
-5.1837,24.1009
-5.2117,24.1245
-5.2293,24.1330
-5.2599,24.1294
-5.2667,24.1476
-5.2826,24.1574
-5.3241,24.1433
-5.3523,24.1659
-5.3211,24.2202
-5.3929,24.1765
-5.3981,24.1962
-5.4284,24.1917
-5.4622,24.1835
-5.5296,24.1667
-5.5348,24.1861
-5.5613,24.1844
-5.5652,24.2053
-5.5741,24.2212
-5.5795,24.2406
-5.6011,24.2687
-5.6242,24.2702
-5.6333,24.2859
-5.6943,24.2474
-5.6828,24.2847
-5.7550,24.2335
-5.6431,24.3779
-5.7971,24.2387
-5.7994,24.2613
-5.8214,24.2628
-5.7775,24.3361
-5.7721,24.3678
-5.8325,24.3269
-5.8113,24.3763
-5.8615,24.3462
-5.8975,24.3316
-5.9102,24.3429
-5.9526,24.3205
-5.9359,24.3654
-5.9529,24.3720
-5.9690,24.3794
-5.9553,24.4216
-5.9910,24.4063
-6.0168,24.4021
-6.0037,24.4442
-6.0200,24.4513
-6.0364,24.4585
-6.0527,24.4655
-6.0342,24.5150
-6.0855,24.4795
-6.1050,24.4825
-6.1277,24.4815
-6.1409,24.4921
-6.1480,24.5105
-6.1551,24.5290
-6.1623,24.5474
-6.2138,24.5092
-6.2363,24.5078
-6.2458,24.5231
-6.2622,24.5294
-6.3057,24.5000
-6.3190,24.5101
-6.2721,24.6003
-6.3278,24.5541
-6.3324,24.5762
-6.3408,24.5931
-6.3503,24.6086
-6.3768,24.6010
-6.4021,24.5947
-6.4565,24.5478
-6.4024,24.6519
-6.4719,24.5833
-6.4970,24.5766
-6.4990,24.6025
-6.4926,24.6407
-6.4864,24.6790
-6.4776,24.7214
-6.5496,24.6757
-6.5353,24.7267
-6.5718,24.7027
-6.5809,24.7191
-6.6004,24.7200
-6.6437,24.6847
-6.6055,24.7734
-6.6768,24.6945
-6.6320,24.7944
-6.6570,24.7867
-6.6819,24.7789
-6.7067,24.7710
-6.7261,24.7715
-6.7455,24.7718
-6.7483,24.7989
-6.7659,24.8021
-6.7775,24.8151
-6.7806,24.8421
-6.8154,24.8168
-6.8254,24.8325
-6.8448,24.8324
-6.8660,24.8294
-6.9030,24.7991
-6.9247,24.7945
-6.9464,24.7899
-6.9431,24.8283
-6.9673,24.8192
-6.9668,24.8533
-6.9296,24.9529
-6.9858,24.8868
-6.9906,24.9123
-6.9978,24.9336
-7.0204,24.9270
-7.0732,24.8648
-7.0876,24.8726
-7.0256,25.0228
-7.0953,24.9277
-7.1239,24.9090
-7.1283,24.9358
-7.1368,24.9552
-7.1446,24.9761
-7.1654,24.9718
-7.1279,25.0819
-7.2016,24.9735
-7.2074,24.9987
-7.2006,25.0494
-7.2303,25.0270
-7.2481,25.0283
-7.2717,25.0176
-7.2909,25.0158
-7.2575,25.1236
-7.2970,25.0797
-7.3008,25.1107
-7.3687,25.0051
-7.3730,25.0346
-7.3692,25.0822
-7.3932,25.0695
-7.3620,25.1780
-7.4129,25.1059
-7.4437,25.0777
-7.4587,25.0844
-7.4838,25.0682
-7.5008,25.0702
-7.5237,25.0585
-7.4894,25.1796
-7.5556,25.0667
-7.5706,25.0731
-7.5875,25.0748
-7.6044,25.0764
-7.6232,25.0734
-7.6364,25.0842
-7.6091,25.1951
-7.6665,25.0964
-7.6852,25.0931
-7.6662,25.1856
-7.6925,25.1637
-7.7132,25.1557
-7.7141,25.1989
-7.7147,25.2437
-7.7373,25.2308
-7.7510,25.2412
-7.7804,25.2096
-7.7821,25.2527
-7.7976,25.2585
-7.8132,25.2641
-7.8360,25.2493
-7.8444,25.2752
-7.8655,25.2650
-7.8794,25.2751
-7.9015,25.2616
-7.9283,25.2338
-7.9279,25.2864
-7.9430,25.2932
-7.9603,25.2936
-7.9594,25.3494
-7.9978,25.2848
-8.0089,25.3041
-8.0170,25.3330
-8.0269,25.3570
-8.0417,25.3651
-8.0454,25.4099
-8.0721,25.3796
-8.1019,25.3382
-8.1077,25.3764
-8.1349,25.3427
-8.1396,25.3856
-8.1652,25.3567
-8.1878,25.3373
-8.1686,25.4668
-8.2221,25.3365
-8.2353,25.3505
-8.2524,25.3500
-8.2567,25.3976
-8.2663,25.4259
-8.2761,25.4542
-8.2884,25.4732
-8.3072,25.4674
-8.3270,25.4570
-8.3468,25.4465
-8.3665,25.4360
-8.3896,25.4108
-8.4010,25.4340
-8.4209,25.4217
-8.4343,25.4368
-8.4493,25.4453
-8.4632,25.4587
-8.4718,25.4964
-8.4998,25.4465
-8.5233,25.4159
-8.5262,25.4812
-8.5554,25.4228
-8.5694,25.4359
-8.5759,25.4864
-8.5941,25.4799
-8.6123,25.4734
-8.6228,25.5060
-8.6334,25.5385
-8.6208,25.6957
-8.6617,25.5693
-8.6771,25.5786
-8.6953,25.5718
-8.7118,25.5747
-8.7275,25.5825
-8.7390,25.6148
-8.7465,25.6723
-8.7755,25.6007
-8.7945,25.5886
-8.8141,25.5716
-8.8314,25.5692
-8.8457,25.5865
-8.8600,25.6038
-8.8694,25.6560
-8.8918,25.6184
-8.9071,25.6307
-8.9217,25.6478
-8.9378,25.6549
-8.9573,25.6360
-8.9709,25.6630
-8.9858,25.6799
-9.0037,25.6733
-9.0189,25.6889
-9.0335,25.7107
-9.0482,25.7325
-9.0619,25.7642
-9.0811,25.7461
-9.0991,25.7380
-9.1055,25.8460
-9.1331,25.7414
-9.1501,25.7430
-9.1694,25.7197
-9.1833,25.7560
-9.1983,25.7823
-9.2121,25.8236
-9.2294,25.8250
-9.2639,25.8276
-9.2812,25.8288
-9.2998,25.8100
-9.3154,25.8361
-9.3318,25.8521
-9.3466,25.8980
-9.3637,25.9060
-9.3803,25.9248
-9.3984,25.9128
-9.4155,25.9236
-9.4334,25.9173
-9.4487,25.9750
-9.4644,26.0306
-9.4828,26.0163
-9.5013,25.9947
-9.5189,26.0002
-9.5370,25.9878
-9.5551,25.9732
-9.5755,25.8227
-9.5929,25.8130
-9.6078,26.0019
-9.6435,25.9923
-9.6613,25.9874
-9.6790,25.9774
-9.6967,25.9724
-9.7146,26.0023
-9.7325,26.0171
-9.7687,26.0517
-9.7866,26.0514
-9.8033,25.9911
-9.8214,26.0057
-9.8396,26.0202
-9.8587,26.0596
-9.8792,26.1363
-9.8960,26.0984
-9.9139,26.0927
-9.9324,26.1020
-9.9509,26.1112
-9.9693,26.1153
-9.9879,26.1244
-10.0063,26.1284
-9.7031,20.4533
-10.0614,26.1352
-9.7054,20.4532
-10.0988,26.1478
-10.1181,26.1614
-10.1379,26.1800
-9.7099,20.4529
-10.1745,26.1771
-10.1933,26.1806
-10.2107,26.1691
-10.2312,26.1923
-10.2538,26.2354
-10.2775,26.2883
-10.3148,26.2846
-10.3324,26.2728
-10.3515,26.2757
-10.3707,26.2787
-10.3893,26.2766
-10.4085,26.2794
-10.4277,26.2821
-10.4643,26.2726
-10.4836,26.2751
-10.5002,26.2578
-10.5188,26.2554
-10.5448,26.3072
-10.5698,26.3491
-10.6090,26.3535
-10.6285,26.3556
-10.6481,26.3577
-10.6685,26.3646
-10.6882,26.3666
-10.7095,26.3783
-10.7490,26.3819
-10.7696,26.3885
-10.7903,26.3950
-10.8092,26.3916
-10.8282,26.3882
-10.8480,26.3897
-10.8651,26.3763
-10.9106,26.4083
-10.9392,26.4536
-10.9692,26.5036
-11.0034,26.5731
-11.0229,26.5691
-11.0434,26.5700
-11.0950,26.6202
-11.1217,26.6483
-11.1393,26.6342
-11.1561,26.6170
-11.1724,26.5979
-11.1931,26.5983
-11.2271,26.6551
-11.2310,26.5842
-11.2611,26.6232
-11.2910,26.6604
-11.3052,26.6330
-11.3273,26.6378
-11.3421,26.6135
-11.3861,26.7035
-11.3825,26.6082
-11.4085,26.6272
-11.4333,26.6413
-11.4569,26.6505
-11.4674,26.6114
-11.5070,26.6782
-11.5389,26.7160
-11.5897,26.7431
-11.6195,26.7709
-11.6494,26.7986
-11.6620,26.7673
-11.6878,26.7804
-11.7224,26.8222
-11.7644,26.8146
-11.7920,26.8322
-11.8183,26.8449
-11.8432,26.8528
-11.8697,26.8653
-11.8947,26.8729
-11.9213,26.8853
-11.9453,26.8892
-11.9669,26.8859
-11.9938,26.8980
-12.0013,26.8531
-12.0330,26.8792
-12.0720,26.9252
-12.0805,26.8838
-12.1234,26.8752
-12.0855,26.7069
-12.1225,26.7466
-12.1547,26.7720
-12.2237,26.8958
-12.2635,26.9396
-12.3104,26.9390
-12.3220,26.9077
-12.3461,26.9091
-12.3904,26.9615
-12.4092,26.9487
-12.4706,27.0424
-12.5369,27.0857
-12.5579,27.0771
-12.6054,27.1323
-12.6381,27.1512
-12.6790,27.1889
-12.6769,27.1248
-12.7000,27.1203
-12.7542,27.1296
-12.8175,27.2163
-12.8509,27.2338
-12.9253,27.3430
-12.9001,27.2288
-12.9463,27.2736
-13.0062,27.2902
-13.0993,27.4342
-13.0874,27.3513
-13.1050,27.3320
-13.1268,27.3217
-13.1852,27.3880
-13.2444,27.3983
-13.2839,27.4235
-13.3148,27.4306
-13.3436,27.4330
-13.3656,27.4220
-13.3854,27.4065
-13.4618,27.5022
-13.4499,27.4241
-13.4856,27.4394
-13.5146,27.4412
-13.5483,27.4518
-13.5938,27.4843
-13.6488,27.5342
-13.7042,27.5839
-13.7826,27.6211
-13.8387,27.6701
-13.8639,27.6619
-13.9012,27.6755
-13.9386,27.6890
-13.9811,27.7110
-14.0388,27.7595
-14.0516,27.7284
-14.0994,27.7585
-14.1274,27.7539
-14.1735,27.7801
-14.2594,27.8735
-14.3666,28.0015
-14.3910,27.9885
-14.4269,27.9947
-14.3707,27.8479
-14.4044,27.8509
-14.4538,27.8792
-14.4903,27.8861
-14.4821,27.8208
-14.5450,27.8699
-14.6130,27.8743
-14.6873,27.9395
-14.7621,28.0043
-14.8075,28.0226
-14.8259,27.9988
-14.8524,27.9875
-15.0775,28.2781
-14.9136,27.9772
-14.9373,27.9614
-15.2040,28.3081
-15.2371,28.3039
-15.2836,28.2663
-15.3138,28.2577
-15.3742,28.2401
-15.4131,28.2435
-14.2431,23.7847
-14.2614,23.7542
-14.2685,23.7373
-14.2795,23.7235
-14.2865,23.7066
-14.2974,23.6928
-14.3043,23.6758
-14.3258,23.6480
-14.3325,23.6310
-14.3432,23.6171
-14.3498,23.6000
-14.3604,23.5860
-14.3709,23.5720
-14.3878,23.5408
-14.3982,23.5266
-14.4085,23.5125
-14.4188,23.4983
-14.4291,23.4840
-14.4393,23.4698
-14.4494,23.4555
-14.4697,23.4268
-14.4797,23.4124
-14.4897,23.3980
-14.4955,23.3807
-14.5054,23.3663
-14.5153,23.3518
-14.5349,23.3227
-14.5363,23.3026
-14.5335,23.2798
-14.5556,23.2734
-14.8895,22.5822
-14.8744,22.5558
-14.8728,22.5359
-14.8802,22.5203
-14.9147,22.5174
-14.9084,22.4954
-14.9474,22.4943
-14.9547,22.4785
-14.9619,22.4626
-14.9761,22.4309
-14.9832,22.4150
-14.9902,22.3991
-15.0017,22.3851
-15.0132,22.3711
-15.0201,22.3551
-15.0383,22.3250
-15.0450,22.3089
-15.0563,22.2947
-15.0630,22.2786
-15.0742,22.2643
-15.0808,22.2481
-15.0891,22.2138
-15.0955,22.1976
-15.0972,22.1795
-15.1035,22.1633
-15.1004,22.1434
-15.1159,22.1307
-15.1610,22.1102
-15.2187,22.1128
-15.1825,22.0807
-15.1697,22.0574
-15.1521,22.0325
-15.1438,22.0111
-17.4252,19.7391
-17.4048,19.7167
-17.3588,19.6957
-17.3957,19.6475
-17.5948,19.3501
-17.5478,19.2829
-17.6352,19.2500
-17.6225,19.2272
-17.6199,19.2034
-17.6222,19.1791
-17.6245,19.1547
-17.6864,19.1232
-17.6238,19.1064
-17.6258,19.0820
-17.6278,19.0575
-17.6197,19.0343
-17.6315,19.0085
-17.6877,18.9765
-17.7205,18.9228
-17.7665,18.8915
-17.7976,18.8621
-17.8137,18.8347
-17.8297,18.8073
-17.8456,18.7797
-17.8624,18.7267
-17.8780,18.6988
-17.8985,18.6700
-17.9139,18.6420
-17.9342,18.6129
-17.9544,18.5837
-17.9699,18.5296
-17.9947,18.4991
-18.0243,18.4676
-18.0587,18.4349
-18.0930,18.4020
-18.1272,18.3688
-18.1949,18.3286
-18.1511,18.3110
-18.1800,18.2784
-18.1990,18.2477
-18.2228,18.2158
-18.2465,18.1837
-18.2700,18.1515
-18.2876,18.0932
-18.3108,18.0606
-18.3340,18.0278
-18.3570,17.9949
-18.3750,17.9630
-18.3977,17.9298
-18.4090,17.8714
-18.4265,17.8390
-18.4488,17.8053
-18.4710,17.7714
-18.4931,17.7373
-18.5150,17.7031
-18.5416,17.6675
-18.6247,17.6161
-18.5559,17.6063
-18.5822,17.5702
-18.6083,17.5340
-18.6343,17.4975
-18.6649,17.4595
-18.6906,17.4227
-18.7770,17.3676
-18.7129,17.3572
-18.7429,17.3185
-18.7729,17.2796
-18.8026,17.2404
-18.8323,17.2011
-18.8617,17.1616
-18.8822,17.0942
-18.9112,17.0542
-18.9353,17.0155
-18.9641,16.9751
-18.9926,16.9345
-19.0258,16.8921
-19.0490,16.8214
-19.0817,16.7784

# FrameTime=1781596547.31, PointCount=637
-5.7617,22.7306
-5.8352,22.6976
-5.8345,22.7320
-4.4596,23.7058
-4.4973,23.7027
-4.5082,23.7182
-4.5455,23.7150
-4.4425,23.8117
-4.5159,23.8063
-4.6280,23.7483
-4.6068,23.7871
-4.5837,23.8275
-4.6452,23.8055
-4.6544,23.8222
-4.7176,23.7982
-4.5954,23.9139
-4.7162,23.8461
-4.7275,23.8609
-4.7310,23.8819
-4.7918,23.8584
-4.8426,23.8424
-4.8559,23.8553
-4.8849,23.8559
-4.9197,23.8516
-4.9350,23.8627
-4.9541,23.8707
-4.9733,23.8786
-4.9925,23.8864
-5.0078,23.8972
-5.0423,23.9156
-5.0654,23.9199
-5.0770,23.9338
-5.0753,23.9587
-5.1023,23.9595
-5.1025,23.9830
-5.1261,24.0104
-5.1190,24.0404
-5.1740,24.0164
-5.2159,24.0035
-5.1828,24.0566
-5.2619,24.0102
-5.1912,24.1218
-5.2070,24.1319
-5.2246,24.1404
-5.2552,24.1368
-5.2621,24.1550
-5.2853,24.1580
-5.3195,24.1507
-5.3513,24.1699
-5.3600,24.1863
-5.3884,24.1839
-5.4043,24.1933
-5.4274,24.1956
-5.4577,24.1909
-5.5322,24.1671
-5.5303,24.1936
-5.5568,24.1919
-5.5642,24.2092
-5.5766,24.2216
-5.5786,24.2445
-5.5967,24.2762
-5.6128,24.2849
-5.6428,24.2790
-5.6968,24.2477
-5.6784,24.2923
-5.7575,24.2337
-5.6388,24.3855
-5.7928,24.2462
-5.7985,24.2652
-5.8171,24.2703
-5.7799,24.3363
-5.7678,24.3753
-5.8350,24.3270
-5.8137,24.3764
-5.8606,24.3500
-5.8965,24.3354
-5.9060,24.3504
-5.9550,24.3205
-5.9325,24.3721
-5.9520,24.3758
-5.9408,24.4149
-5.9778,24.3981
-5.9933,24.4062
-6.0160,24.4059
-6.0028,24.4479
-6.0192,24.4551
-6.0355,24.4622
-6.0487,24.4731
-6.0334,24.5188
-6.0846,24.4832
-6.1010,24.4901
-6.1268,24.4852
-6.1401,24.4958
-6.1471,24.5143
-6.1542,24.5327
-6.1615,24.5511
-6.2129,24.5129
-6.2355,24.5114
-6.2419,24.5307
-6.2643,24.5291
-6.3019,24.5076
-6.3152,24.5178
-6.2713,24.6040
-6.3300,24.5538
-6.3345,24.5758
-6.3429,24.5928
-6.3535,24.6068
-6.3818,24.5966
-6.4013,24.5983
-6.3992,24.6299
-6.4662,24.5651
-6.4653,24.5951
-6.4932,24.5843
-6.4924,24.6143
-6.4889,24.6484
-6.4828,24.6867
-6.4711,24.7332
-6.5488,24.6793
-6.5345,24.7303
-6.5654,24.7145
-6.5802,24.7227
-6.5996,24.7236
-6.6429,24.6882
-6.6047,24.7769
-6.6734,24.7022
-6.6340,24.7938
-6.6589,24.7861
-6.6811,24.7825
-6.7059,24.7746
-6.7272,24.7720
-6.7306,24.7980
-6.7536,24.7926
-6.7652,24.8056
-6.7794,24.8143
-6.7825,24.8413
-6.8173,24.8160
-6.8273,24.8317
-6.8228,24.8718
-6.8652,24.8328
-6.9047,24.7983
-6.9239,24.7980
-6.9456,24.7933
-6.9449,24.8274
-6.9666,24.8226
-6.9636,24.8610
-6.9289,24.9563
-6.9851,24.8903
-6.9875,24.9201
-6.9972,24.9369
-7.0173,24.9348
-7.0724,24.8682
-7.0845,24.8804
-7.0249,25.0262
-7.0946,24.9311
-7.1115,24.9344
-7.1253,24.9436
-7.1361,24.9586
-7.1462,24.9751
-7.1624,24.9796
-7.1499,25.0407
-7.2009,24.9769
-7.2111,24.9932
-7.1977,25.0572
-7.2274,25.0348
-7.2496,25.0272
-7.2710,25.0210
-7.2924,25.0147
-7.2590,25.1225
-7.2964,25.0830
-7.3044,25.1050
-7.3659,25.0129
-7.3724,25.0379
-7.3685,25.0855
-7.3925,25.0728
-7.3801,25.1400
-7.4041,25.1274
-7.4410,25.0855
-7.4661,25.0694
-7.4871,25.0624
-7.5041,25.0644
-7.5230,25.0617
-7.4888,25.1828
-7.5549,25.0700
-7.5718,25.0717
-7.5888,25.0734
-7.6038,25.0797
-7.6245,25.0720
-7.6320,25.0966
-7.6022,25.2138
-7.6640,25.1042
-7.6809,25.1056
-7.6693,25.1795
-7.6918,25.1669
-7.7107,25.1635
-7.7135,25.2021
-7.7141,25.2469
-7.7385,25.2293
-7.7539,25.2351
-7.7746,25.2268
-7.7815,25.2560
-7.7987,25.2569
-7.8143,25.2626
-7.8338,25.2571
-7.8205,25.3444
-7.8649,25.2681
-7.8767,25.2845
-7.9009,25.2647
-7.9261,25.2417
-7.9258,25.2942
-7.9425,25.2963
-7.9206,25.4154
-7.9769,25.2971
-7.9987,25.2832
-8.0083,25.3072
-8.0165,25.3360
-8.0263,25.3601
-8.0397,25.3729
-8.0715,25.3827
-8.0970,25.3556
-8.1072,25.3795
-8.1357,25.3410
-8.1335,25.4078
-8.1660,25.3549
-8.1628,25.4268
-8.2031,25.3447
-8.2215,25.3395
-8.2347,25.3535
-8.2506,25.3578
-8.2561,25.4005
-8.2658,25.4289
-8.2731,25.4668
-8.2867,25.4810
-8.3067,25.4703
-8.3289,25.4503
-8.3474,25.4446
-8.3659,25.4389
-8.3902,25.4089
-8.4016,25.4321
-8.4028,25.4993
-8.4353,25.4333
-8.4421,25.4774
-8.4616,25.4665
-8.4724,25.4944
-8.4982,25.4542
-8.5228,25.4188
-8.5024,25.5933
-8.5539,25.4305
-8.5689,25.4387
-8.5754,25.4893
-8.5916,25.4926
-8.6089,25.4909
-8.6185,25.5284
-8.6311,25.5512
-8.6380,25.6047
-8.6610,25.5735
-8.6766,25.5814
-8.6940,25.5795
-8.7096,25.5873
-8.7245,25.6000
-8.7386,25.6176
-8.7469,25.6702
-8.7767,25.5936
-8.7940,25.5914
-8.8137,25.5744
-8.8302,25.5769
-8.8452,25.5893
-8.8603,25.6016
-8.8682,25.6638
-8.8920,25.6163
-8.9073,25.6285
-8.9213,25.6505
-8.9374,25.6577
-8.9562,25.6437
-8.9704,25.6657
-8.9741,25.7738
-9.0028,25.6798
-9.0202,25.6768
-9.0330,25.7135
-9.0477,25.7352
-9.0609,25.7718
-9.0812,25.7439
-9.0982,25.7456
-9.1332,25.7391
-9.1502,25.7407
-9.1685,25.7273
-9.1829,25.7587
-9.1978,25.7850
-9.2122,25.8213
-9.2254,25.8745
-9.2466,25.8239
-9.2635,25.8302
-9.2811,25.8264
-9.2987,25.8226
-9.3153,25.8337
-9.3358,25.7810
-9.3461,25.9026
-9.3808,25.9095
-9.3981,25.9154
-9.4147,25.9362
-9.4324,25.9348
-9.4483,25.9776
-9.4642,26.0282
-9.5009,25.9972
-9.5187,25.9977
-9.5368,25.9854
-9.5546,25.9808
-9.5752,25.8202
-9.5926,25.8106
-9.6068,26.0616
-9.6253,25.9996
-9.6431,25.9948
-9.6609,25.9849
-9.6787,25.9749
-9.6964,25.9749
-9.7142,25.9948
-9.7321,26.0096
-9.7681,26.0341
-9.7856,26.0139
-9.8030,25.9936
-9.8210,26.0031
-9.8396,26.0326
-9.8582,26.0571
-9.8955,26.0958
-9.9136,26.0951
-9.9321,26.1044
-9.9506,26.1136
-9.9690,26.1177
-9.9873,26.1218
-10.0064,26.1381
-10.0242,26.1298
-9.7011,20.4607
-10.0612,26.1376
-10.0800,26.1464
-10.0996,26.1651
-10.1189,26.1787
-10.1483,26.3243
-10.1575,26.2008
-10.1747,26.1844
-10.1926,26.1779
-10.2113,26.1813
-10.2310,26.1946
-10.2535,26.2377
-10.2773,26.2906
-10.3146,26.2869
-10.3327,26.2800
-10.3513,26.2780
-10.3693,26.2710
-10.3885,26.2739
-10.4077,26.2767
-10.4380,26.3713
-10.4449,26.2722
-10.4660,26.2896
-10.4814,26.2625
-10.4986,26.2502
-10.5259,26.3120
-10.5549,26.3836
-10.5827,26.4430
-10.5877,26.3436
-10.6087,26.3557
-10.6283,26.3578
-10.6479,26.3599
-10.6683,26.3668
-10.6880,26.3687
-10.7093,26.3804
-10.7488,26.3840
-10.7694,26.3906
-10.7901,26.3971
-10.8090,26.3938
-10.8280,26.3903
-10.8478,26.3918
-10.8848,26.3797
-10.9113,26.4153
-10.9400,26.4605
-10.9690,26.5057
-11.0033,26.5752
-11.0227,26.5712
-11.0627,26.5679
-11.0959,26.6271
-11.1216,26.6503
-11.1407,26.6429
-11.1560,26.6190
-11.1711,26.5950
-11.2038,26.6471
-11.2102,26.5860
-11.2297,26.5813
-11.2598,26.6203
-11.2909,26.6623
-11.3051,26.6349
-11.3272,26.6397
-11.3419,26.6154
-11.3824,26.6101
-11.4084,26.6291
-11.4332,26.6432
-11.4555,26.6475
-11.4673,26.6133
-11.5082,26.6849
-11.5601,26.7170
-11.5924,26.7545
-11.6250,26.7919
-11.6517,26.8086
-11.6634,26.7739
-11.6892,26.7870
-11.7209,26.8192
-11.7752,26.9243
-11.7658,26.8212
-11.7920,26.8340
-11.8168,26.8419
-11.8416,26.8498
-11.8681,26.8623
-11.8946,26.8747
-11.9401,26.8755
-11.9637,26.8781
-11.9954,26.9044
-11.9996,26.8501
-12.0314,26.8762
-12.0687,26.9174
-12.1063,26.8936
-12.1213,26.8710
-12.0803,26.6944
-12.1208,26.7435
-12.1407,26.7362
-12.1799,26.7803
-12.2476,26.8991
-12.3004,26.9764
-12.3104,26.9405
-12.3220,26.9093
-12.3479,26.9153
-12.3940,26.9723
-12.4147,26.9641
-12.4706,27.0440
-12.5256,27.0595
-12.5522,27.0647
-12.6074,27.1384
-12.6401,27.1573
-12.6771,27.1858
-12.6770,27.1262
-12.7152,27.0989
-12.7563,27.1356
-12.8136,27.2086
-12.8591,27.2535
-12.9254,27.3443
-12.9002,27.2301
-12.9938,27.3793
-12.9867,27.3060
-13.0335,27.3505
-13.0931,27.4217
-13.0855,27.3481
-13.1030,27.3288
-13.1355,27.3411
-13.1854,27.3892
-13.2226,27.4103
-13.2445,27.3995
-13.2841,27.4247
-13.3172,27.4363
-13.3460,27.4387
-13.3658,27.4232
-13.3833,27.4032
-13.4477,27.4209
-13.4858,27.4406
-13.5125,27.4380
-13.5508,27.4574
-13.5986,27.4943
-13.6537,27.5442
-13.7293,27.5773
-13.7852,27.6265
-13.8414,27.6755
-13.8666,27.6673
-13.8990,27.6722
-13.9389,27.6900
-14.0067,27.7034
-14.0518,27.7294
-14.0997,27.7595
-14.1252,27.7505
-14.1835,27.7975
-14.2698,27.8916
-14.3695,28.0067
-14.4145,27.9742
-14.3685,27.8445
-14.4177,27.8731
-14.4593,27.8886
-14.5410,27.9688
-14.6200,28.0434
-14.5740,27.8645
-14.6107,27.8709
-14.6957,27.9529
-14.7652,28.0093
-14.7998,28.0108
-14.8208,27.9912
-14.8418,27.9715
-14.9084,27.9695
-14.9487,27.9787
-15.2045,28.3087
-15.2348,28.3004
-15.2784,28.2586
-15.3445,28.2495
-15.3718,28.2366
-15.4135,28.2440
-14.2492,23.7688
-14.2603,23.7551
-14.2674,23.7382
-14.2744,23.7213
-14.2853,23.7075
-14.2962,23.6937
-14.3139,23.6628
-14.3246,23.6489
-14.3353,23.6350
-14.3420,23.6179
-14.3526,23.6039
-14.3592,23.5869
-14.3802,23.5587
-14.3866,23.5417
-14.3970,23.5275
-14.4073,23.5133
-14.4176,23.4991
-14.4279,23.4849
-14.4381,23.4706
-14.4584,23.4420
-14.4684,23.4277
-14.4785,23.4133
-14.4885,23.3989
-14.4984,23.3844
-14.5042,23.3671
-14.5280,23.3409
-14.5295,23.3208
-14.5309,23.3007
-14.5364,23.2833
-14.8925,22.5851
-14.8819,22.5608
-14.8668,22.5345
-14.8832,22.5231
-14.8950,22.5096
-14.9205,22.5024
-14.9459,22.4950
-14.9531,22.4792
-14.9603,22.4633
-14.9629,22.4454
-14.9816,22.4157
-14.9886,22.3998
-15.0001,22.3858
-15.0116,22.3718
-15.0231,22.3578
-15.0345,22.3437
-15.0480,22.3115
-15.0547,22.2954
-15.0614,22.2792
-15.0680,22.2631
-15.0745,22.2469
-15.0810,22.2307
-15.0938,22.1982
-15.1002,22.1820
-15.1065,22.1657
-15.1081,22.1476
-15.0955,22.1242
-15.1438,22.1238
-15.1968,22.1248
-15.1855,22.0831
-15.1680,22.0580
-15.1504,22.0331
-15.1327,22.0084
-17.4183,19.7391
-17.3973,19.7168
-17.3613,19.6953
-17.4144,19.6695
-17.5922,19.3498
-17.5850,19.3266
-17.5352,19.2837
-17.6425,19.2487
-17.6248,19.2265
-17.6272,19.2021
-17.6245,19.1782
-17.6168,19.1550
-17.6211,19.1062
-17.6231,19.0817
-17.6300,19.0566
-17.6120,19.0347
-17.6238,19.0089
-17.6849,18.9763
-17.7162,18.9474
-17.8316,18.9063
-17.7637,18.8912
-17.7898,18.8625
-17.8059,18.8352
-17.8269,18.8070
-17.8477,18.7786
-17.8685,18.7501
-17.9383,18.7134
-17.8850,18.6968
-17.9006,18.6689
-17.9160,18.6408
-17.9264,18.6134
-17.9466,18.5843
-17.9716,18.5541
-18.0797,18.5082
-17.9967,18.4978
-18.0263,18.4662
-18.0558,18.4345
-18.0852,18.4025
-18.1144,18.3704
-18.1435,18.3380
-18.1672,18.2800
-18.1911,18.2483
-18.2198,18.2153
-18.2434,18.1832
-18.2670,18.1510
-18.2953,18.1175
-18.3126,18.0590
-18.3406,18.0250
-18.3636,17.9921
-18.3864,17.9589
-18.4092,17.9257
-18.4318,17.8922
-18.4476,17.8323
-18.4650,17.7997
-18.4872,17.7658
-18.5044,17.7330
-18.5311,17.6974
-18.5577,17.6617
-18.5720,17.6004
-18.5934,17.5656
-18.6147,17.5307
-18.6310,17.4969
-18.6472,17.4631
-18.6825,17.4235
-18.7095,17.3566
-18.7396,17.3178
-18.7743,17.2774
-18.8041,17.2383
-18.8337,17.1989
-18.8631,17.1594
-18.8835,17.0920
-18.9078,17.0535
-18.9366,17.0133
-18.9606,16.9744
-18.9892,16.9338
-19.0223,16.8914
-19.0505,16.8504
-19.0735,16.7793

# FrameTime=1781596547.41, PointCount=638
-5.8466,22.6713
-5.8585,22.6800
-5.8622,22.6942
-5.8537,22.7170
-5.8698,22.7228
-5.8737,22.7370
-5.8817,22.7484
-5.8128,22.8143
-4.4533,23.8022
-4.4848,23.8033
-4.6185,23.7535
-4.6054,23.7863
-4.5742,23.8327
-4.6318,23.8137
-4.6610,23.8154
-4.7082,23.8035
-4.7307,23.8332
-4.7420,23.8480
-4.7256,23.8842
-4.7943,23.8546
-4.8293,23.8508
-4.8643,23.8469
-4.9105,23.8570
-4.9296,23.8651
-4.9527,23.8699
-4.9719,23.8778
-4.9911,23.8856
-5.0025,23.8996
-4.9891,23.9342
-5.0409,23.9149
-5.0640,23.9192
-5.0623,23.9441
-5.0739,23.9579
-5.1008,23.9588
-5.1011,23.9822
-5.1129,23.9959
-5.1566,23.9820
-5.1176,24.0396
-5.1576,24.0288
-5.2032,24.0126
-5.1702,24.0657
-5.2716,23.9995
-5.1776,24.1076
-5.2056,24.1311
-5.2195,24.1430
-5.2685,24.1226
-5.2643,24.1509
-5.2876,24.1539
-5.3181,24.1499
-5.3499,24.1691
-5.3586,24.1856
-5.3869,24.1831
-5.4029,24.1925
-5.4224,24.1984
-5.4634,24.1832
-5.5272,24.1698
-5.5289,24.1928
-5.5483,24.1982
-5.5628,24.2085
-5.5682,24.2279
-5.5772,24.2438
-5.5862,24.2596
-5.6218,24.2733
-5.6379,24.2819
-5.6850,24.2578
-5.6804,24.2879
-5.7493,24.2402
-5.7788,24.2338
-5.8005,24.2607
-5.8190,24.2659
-5.7751,24.3392
-5.7630,24.3783
-5.8302,24.3300
-5.8090,24.3793
-5.8591,24.3492
-5.8951,24.3346
-5.9046,24.3497
-5.9536,24.3198
-5.9336,24.3685
-5.9473,24.3788
-5.9635,24.3862
-5.9589,24.4177
-5.9886,24.4093
-6.0178,24.4013
-6.0014,24.4472
-6.0177,24.4544
-6.0309,24.4653
-6.0473,24.4724
-6.0668,24.4755
-6.0749,24.4926
-6.0996,24.4893
-6.1254,24.4845
-6.1386,24.4951
-6.1457,24.5135
-6.1528,24.5319
-6.2013,24.4978
-6.1735,24.5609
-6.2371,24.5067
-6.2405,24.5299
-6.2569,24.5363
-6.3004,24.5069
-6.3207,24.5079
-6.3091,24.5510
-6.2924,24.6014
-6.3301,24.5791
-6.3385,24.5960
-6.3492,24.6101
-6.3804,24.5958
-6.3999,24.5976
-6.4543,24.5507
-6.3824,24.6796
-6.4667,24.5903
-6.4947,24.5795
-6.4996,24.6013
-6.4932,24.6394
-6.4842,24.6818
-6.4726,24.7284
-6.4432,24.8014
-6.5446,24.6826
-6.5331,24.7296
-6.5499,24.7348
-6.5760,24.7261
-6.5982,24.7228
-6.6415,24.6875
-6.6180,24.7538
-6.6719,24.7014
-6.6326,24.7930
-6.6575,24.7853
-6.6797,24.7817
-6.6992,24.7822
-6.7239,24.7742
-6.7380,24.7831
-6.7461,24.8016
-6.7637,24.8049
-6.7779,24.8136
-6.7896,24.8265
-6.8133,24.8195
-6.8233,24.8352
-6.8495,24.8236
-6.8205,24.9054
-6.9008,24.8018
-6.9225,24.7972
-6.9442,24.7926
-6.9459,24.8223
-6.9627,24.8262
-6.9646,24.8559
-6.9643,24.8902
-6.9837,24.8895
-6.9885,24.9150
-6.9958,24.9361
-7.0159,24.9341
-7.0686,24.8718
-7.0830,24.8796
-7.0589,24.9593
-7.0932,24.9304
-7.1101,24.9337
-7.1239,24.9428
-7.1247,24.9771
-7.1402,24.9832
-7.1610,24.9789
-7.1651,25.0072
-7.1972,24.9806
-7.2097,24.9924
-7.2007,25.0475
-7.2267,25.0325
-7.2460,25.0309
-7.2696,25.0202
-7.2888,25.0184
-7.2576,25.1217
-7.2928,25.0868
-7.3008,25.1088
-7.3645,25.0121
-7.3689,25.0416
-7.3629,25.0938
-7.3911,25.0720
-7.3600,25.1805
-7.4109,25.1084
-7.4355,25.0939
-7.4546,25.0915
-7.4857,25.0616
-7.5046,25.0590
-7.5255,25.0518
-7.5294,25.0841
-7.5574,25.0600
-7.5724,25.0664
-7.5893,25.0681
-7.6043,25.0743
-7.6249,25.0667
-7.6343,25.0866
-7.6475,25.0974
-7.6106,25.2331
-7.6832,25.0956
-7.6587,25.2020
-7.6904,25.1662
-7.7093,25.1628
-7.7121,25.2013
-7.7222,25.2212
-7.6807,25.3783
-7.7438,25.2577
-7.7715,25.2307
-7.7801,25.2551
-7.7973,25.2562
-7.8146,25.2571
-7.8301,25.2627
-7.8496,25.2572
-7.8333,25.3539
-7.8791,25.2728
-7.8995,25.2640
-7.9263,25.2362
-7.9259,25.2887
-7.9379,25.3050
-7.9583,25.2960
-7.9462,25.3863
-7.9958,25.2872
-8.0084,25.3017
-8.0196,25.3210
-8.0249,25.3593
-8.0398,25.3674
-8.0527,25.3818
-8.0668,25.3929
-8.0846,25.3915
-8.1043,25.3835
-8.1315,25.3498
-8.1307,25.4118
-8.1618,25.3638
-8.1872,25.3347
-8.1653,25.4739
-8.2188,25.3436
-8.2320,25.3575
-8.2465,25.3667
-8.2547,25.3998
-8.2656,25.4233
-8.2754,25.4516
-8.2865,25.4754
-8.3028,25.4792
-8.3251,25.4592
-8.3448,25.4487
-8.3645,25.4382
-8.3876,25.4130
-8.3990,25.4362
-8.4178,25.4288
-8.3860,25.6387
-8.4473,25.4475
-8.4656,25.4415
-8.4709,25.4937
-8.4979,25.4486
-8.5214,25.4181
-8.5364,25.4264
-8.5083,25.6401
-8.5695,25.4282
-8.5750,25.4837
-8.5912,25.4870
-8.6084,25.4853
-8.6189,25.5179
-8.6315,25.5406
-8.6337,25.6192
-8.6614,25.5630
-8.6769,25.5709
-8.6926,25.5788
-8.7082,25.5866
-8.7239,25.5944
-8.7380,25.6119
-8.7587,25.5902
-8.7542,25.7215
-8.7934,25.5857
-8.8115,25.5785
-8.8295,25.5712
-8.8438,25.5885
-8.8618,25.5812
-8.8754,25.6033
-8.9059,25.6277
-8.9199,25.6498
-8.9353,25.6619
-8.9548,25.6430
-8.9690,25.6649
-8.9845,25.6769
-8.9856,25.8099
-9.0182,25.6810
-9.0322,25.7078
-9.0469,25.7295
-9.0606,25.7612
-9.0782,25.7580
-9.0968,25.7449
-9.1143,25.7416
-9.1478,25.7499
-9.1675,25.7216
-9.1815,25.7579
-9.1968,25.7793
-9.2111,25.8155
-9.2280,25.8219
-9.2621,25.8294
-9.2797,25.8257
-9.2980,25.8119
-9.3139,25.8329
-9.3353,25.7654
-9.3454,25.8898
-9.3614,25.9178
-9.3790,25.9167
-9.3964,25.9196
-9.4137,25.9254
-9.4320,25.9091
-9.4471,25.9719
-9.4628,26.0275
-9.4813,26.0109
-9.5174,25.9920
-9.5355,25.9796
-9.5532,25.9800
-9.5737,25.8245
-9.5912,25.8098
-9.6061,26.0037
-9.6234,26.0611
-9.6417,25.9940
-9.6595,25.9891
-9.6772,25.9742
-9.6949,25.9691
-9.7127,25.9890
-9.7307,26.0139
-9.7668,26.0434
-9.7850,26.0581
-9.8017,25.9978
-9.8196,26.0024
-9.8380,26.0269
-9.8568,26.0563
-9.8776,26.1430
-9.8934,26.0751
-9.9122,26.0944
-9.9307,26.1036
-9.9492,26.1128
-9.9675,26.1169
-9.9859,26.1210
-9.6971,20.4552
-10.0412,26.1330
-10.0597,26.1368
-10.0776,26.1307
-10.0971,26.1494
-10.1172,26.1730
-10.1381,26.2065
-10.1769,26.2285
-10.1916,26.1822
-10.2086,26.1657
-10.2287,26.1839
-10.2521,26.2369
-10.2773,26.3048
-10.3046,26.3901
-10.3136,26.2911
-10.3302,26.2693
-10.3499,26.2773
-10.3685,26.2752
-10.3876,26.2781
-10.4068,26.2809
-10.4254,26.2786
-10.4627,26.2740
-10.4806,26.2667
-10.4985,26.2593
-10.5164,26.2519
-10.5528,26.3779
-10.5689,26.3555
-10.6073,26.3549
-10.6269,26.3571
-10.6465,26.3591
-10.6661,26.3611
-10.6866,26.3680
-10.7071,26.3748
-10.7470,26.4976
-10.7465,26.3783
-10.7671,26.3849
-10.7887,26.3964
-10.8076,26.3930
-10.8275,26.3945
-10.8455,26.3861
-10.8663,26.3924
-10.9080,26.4047
-10.9376,26.4549
-10.9666,26.5000
-11.0028,26.5793
-11.0213,26.5704
-11.0408,26.5663
-11.0935,26.6215
-11.1191,26.6447
-11.1382,26.6372
-11.1534,26.6133
-11.1697,26.5943
-11.1904,26.5946
-11.2244,26.6515
-11.2283,26.5806
-11.2514,26.5904
-11.2895,26.6616
-11.3049,26.6390
-11.3185,26.6099
-11.3418,26.6195
-11.3614,26.6144
-11.4082,26.6332
-11.4279,26.6280
-11.4554,26.6516
-11.4646,26.6077
-11.5068,26.6841
-11.5374,26.7171
-11.5882,26.7442
-11.6180,26.7720
-11.6475,26.7982
-11.6492,26.7300
-11.6849,26.7767
-11.7152,26.8041
-11.7427,26.8219
-11.7973,26.9267
-11.7891,26.8285
-11.8154,26.8412
-11.8417,26.8538
-11.8667,26.8615
-11.8932,26.8739
-11.9199,26.8862
-11.9454,26.8949
-11.9655,26.8869
-11.9907,26.8942
-11.9998,26.8541
-12.0234,26.8565
-12.0306,26.8117
-12.0757,26.8753
-12.1220,26.8761
-12.0823,26.7031
-12.1090,26.7146
-12.1272,26.7026
-12.1558,26.7186
-12.2462,26.8983
-12.3107,26.9445
-12.3223,26.9132
-12.3447,26.9099
-12.3908,26.9669
-12.4114,26.9588
-12.4674,27.0386
-12.5216,27.1128
-12.5204,27.0494
-12.5565,27.0778
-12.6021,27.1284
-12.6348,27.1473
-12.6796,27.1942
-12.6775,27.1301
-12.6967,27.1164
-12.7508,27.1257
-12.8142,27.2124
-12.8516,27.2390
-12.9179,27.3299
-12.8988,27.2294
-12.9388,27.2606
-13.0070,27.2953
-13.0960,27.4302
-13.0862,27.3519
-13.1037,27.3326
-13.1255,27.3222
-13.1839,27.3885
-13.2211,27.4094
-13.2541,27.4213
-13.2827,27.4240
-13.3136,27.4311
-13.3423,27.4335
-13.3644,27.4225
-13.3841,27.4069
-13.4243,27.4314
-13.4890,27.4487
-13.5180,27.4505
-13.5471,27.4522
-13.5948,27.4891
-13.6499,27.5390
-13.7030,27.5843
-13.7814,27.6214
-13.8400,27.6747
-13.8627,27.6622
-13.8952,27.6671
-13.9350,27.6849
-13.9823,27.7156
-14.0401,27.7641
-14.0479,27.7243
-14.0983,27.7588
-14.1238,27.7498
-14.1694,27.7752
-14.2689,27.8917
-14.3681,28.0060
-14.3925,27.9929
-14.3696,27.8480
-14.4007,27.8467
-14.4553,27.8836
-14.5396,27.9681
-14.4863,27.8293
-14.5439,27.8699
-14.6092,27.8701
-14.6863,27.9395
-14.7583,28.0001
-14.8065,28.0226
-14.8221,27.9946
-14.8568,27.9958
-15.0820,28.2864
-14.9125,27.9771
-14.9334,27.9572
-15.1975,28.2996
-15.2389,28.3079
-15.2770,28.2579
-15.3128,28.2575
-15.3761,28.2440
-15.4121,28.2433
-14.2406,23.7849
-14.2588,23.7543
-14.2699,23.7406
-14.2730,23.7206
-14.2839,23.7068
-14.2909,23.6898
-14.3017,23.6760
-14.3193,23.6451
-14.3300,23.6312
-14.3406,23.6172
-14.3472,23.6002
-14.3578,23.5861
-14.3683,23.5721
-14.3892,23.5439
-14.3956,23.5268
-14.4059,23.5126
-14.4202,23.5013
-14.4305,23.4871
-14.4407,23.4728
-14.4509,23.4585
-14.4711,23.4298
-14.4771,23.4125
-14.4870,23.3981
-14.4970,23.3837
-14.5069,23.3692
-14.5126,23.3519
-14.5322,23.3228
-14.5294,23.2999
-14.5349,23.2826
-14.5529,23.2735
-14.8865,22.5821
-14.8670,22.5536
-14.8744,22.5380
-14.8772,22.5202
-14.8936,22.5089
-14.9236,22.5037
-14.9127,22.4796
-14.9199,22.4639
-14.9660,22.4467
-14.9731,22.4308
-14.9802,22.4149
-14.9872,22.3990
-14.9987,22.3851
-15.0056,22.3691
-15.0239,22.3390
-15.0353,22.3249
-15.0466,22.3107
-15.0579,22.2965
-15.0646,22.2804
-15.0712,22.2642
-15.0842,22.2318
-15.0907,22.2155
-15.0971,22.1993
-15.0988,22.1812
-15.1097,22.1667
-15.1020,22.1451
-15.1049,22.1090
-15.1110,22.0927
-15.1653,22.0755
-15.1666,22.0573
-17.4113,19.7386
-17.4009,19.7158
-17.4029,19.6692
-17.3767,19.6474
-17.5885,19.3253
-17.5537,19.2809
-17.6361,19.2485
-17.6283,19.2252
-17.6257,19.2013
-17.6181,19.1781
-17.6752,19.1473
-17.6176,19.1298
-17.6246,19.1048
-17.6266,19.0803
-17.6335,19.0552
-17.6057,19.0346
-17.6322,19.0068
-17.7925,18.9605
-17.6851,18.9508
-17.7262,18.9204
-17.7722,18.8890
-17.8131,18.8581
-17.8193,18.8322
-17.8403,18.8039
-17.8473,18.7525
-17.8680,18.7240
-17.8836,18.6961
-17.8991,18.6681
-17.9195,18.6392
-17.9398,18.6101
-17.9554,18.5560
-17.9803,18.5257
-18.0002,18.4961
-18.0249,18.4655
-18.0593,18.4328
-18.0886,18.4008
-18.1176,18.3423
-18.1466,18.3099
-18.1707,18.2783
-18.1946,18.2465
-18.2184,18.2146
-18.2420,18.1825
-18.2705,18.1491
-18.3419,18.1058
-18.2977,18.0886
-18.3209,18.0560
-18.3489,18.0220
-18.3719,17.9890
-18.3947,17.9558
-18.4175,17.9225
-18.4731,17.8808
-18.4383,17.8615
-18.4607,17.8278
-18.4830,17.7940
-18.5100,17.7587
-18.5368,17.7232
-18.5587,17.6889
-18.6130,17.6455
-18.5779,17.6263
-18.5995,17.5916
-18.6160,17.5581
-18.6373,17.5231
-18.6536,17.4893
-18.6746,17.4540
-18.6971,17.3886
-18.7273,17.3500
-18.7573,17.3113
-18.7872,17.2723
-18.8122,17.2346
-18.8418,17.1952
-18.8577,17.1296
-18.8868,17.0897
-18.9111,17.0512
-18.9400,17.0110
-18.9687,16.9705
-19.0020,16.9283
-19.0255,16.8577
-19.0583,16.8149
-19.0909,16.7719

# FrameTime=1781596547.51, PointCount=640
-5.7737,22.7184
-5.8224,22.7023
-5.8719,22.6852
-5.9373,22.6568
-5.9574,22.6594
-5.9692,22.6677
-5.9729,22.6817
-5.9653,22.7037
-5.9651,22.7206
-5.9731,22.7318
-5.9246,22.7837
-5.9191,22.8048
-5.9192,22.8220
-5.9275,22.8332
-5.9358,22.8445
-5.8938,22.8932
-4.6811,23.8212
-5.8737,22.9438
-4.7156,23.8420
-4.7269,23.8569
-4.7799,23.8397
-4.8282,23.8490
-4.8611,23.8466
-4.8842,23.8518
-4.9034,23.8599
-4.9265,23.8649
-4.9457,23.8728
-4.9802,23.8917
-4.9994,23.8994
-5.0186,23.9071
-5.0378,23.9146
-5.0647,23.9157
-5.0707,23.9342
-5.0632,23.9641
-5.0386,24.0088
-5.1132,23.9690
-5.1153,23.9909
-5.1195,24.0111
-5.1220,24.0328
-5.1507,24.0318
-5.2113,24.0025
-5.2312,24.0325
-5.1782,24.1040
-5.1903,24.1175
-5.2062,24.1275
-5.2311,24.1293
-5.2490,24.1374
-5.2808,24.1570
-5.2930,24.1702
-5.3236,24.1662
-5.3322,24.1827
-5.3228,24.2163
-5.3838,24.1829
-5.3406,24.2493
-5.4157,24.2016
-5.4388,24.2039
-5.4905,24.1781
-5.5134,24.1801
-5.5293,24.1891
-5.5488,24.1944
-5.5632,24.2047
-5.5811,24.2364
-5.5901,24.2522
-5.5991,24.2681
-5.6187,24.2731
-5.6417,24.2744
-5.6854,24.2539
-5.7153,24.2727
-5.7689,24.2408
-5.7916,24.2416
-5.7898,24.2686
-5.7957,24.2876
-5.7653,24.3463
-5.7796,24.3823
-5.8432,24.3375
-5.8859,24.3156
-5.8722,24.3567
-5.9180,24.3307
-5.9505,24.3195
-5.8972,24.4065
-5.9376,24.3861
-5.9669,24.3784
-5.9733,24.3971
-6.0017,24.3901
-6.0018,24.4163
-6.0015,24.4431
-6.0178,24.4503
-6.0219,24.4721
-6.0473,24.4683
-6.0637,24.4753
-6.0832,24.4783
-6.0996,24.4852
-6.1223,24.4842
-6.1324,24.4988
-6.1239,24.5367
-6.1528,24.5278
-6.1889,24.5093
-6.2115,24.5080
-6.2209,24.5233
-6.2404,24.5258
-6.2689,24.5163
-6.2184,24.6103
-6.3106,24.5168
-6.3180,24.5348
-6.2953,24.5932
-6.2999,24.6153
-6.3384,24.5918
-6.3519,24.6018
-6.3144,24.6818
-6.3938,24.6014
-6.4249,24.5869
-6.4588,24.5682
-6.4665,24.5860
-6.4887,24.5833
-6.4879,24.6133
-6.4787,24.6556
-6.3975,24.8022
-6.4893,24.6994
-6.4806,24.7419
-6.5303,24.6989
-6.5142,24.7527
-6.5478,24.7331
-6.5784,24.7175
-6.5831,24.7407
-6.6247,24.7081
-6.6549,24.6922
-6.6688,24.7012
-6.6376,24.7802
-6.6598,24.7767
-6.6846,24.7688
-6.6550,24.8469
-6.7182,24.7782
-6.7420,24.7714
-6.7438,24.8001
-6.7580,24.8089
-6.7696,24.8219
-6.7831,24.8318
-6.8127,24.8150
-6.8176,24.8392
-6.8345,24.8435
-6.8666,24.8219
-6.8951,24.8059
-6.9219,24.7927
-6.9386,24.7966
-6.8905,24.9130
-6.9546,24.8346
-6.9763,24.8297
-6.9734,24.8682
-6.9813,24.8879
-6.9829,24.9191
-7.0046,24.9142
-7.0176,24.9251
-6.9883,25.0136
-7.0823,24.8750
-7.0920,24.8916
-7.0924,24.9257
-7.1046,24.9379
-7.1184,24.9470
-7.1269,24.9665
-7.1018,25.0511
-7.1541,24.9861
-7.1726,24.9862
-7.1919,24.9848
-7.2044,24.9966
-7.1954,25.0517
-7.2206,25.0383
-7.2245,25.0681
-7.2621,25.0290
-7.2835,25.0227
-7.2984,25.0298
-7.2589,25.1513
-7.3232,25.0545
-7.3572,25.0209
-7.3181,25.1440
-7.3827,25.0438
-7.3672,25.1172
-7.4050,25.0741
-7.4296,25.0596
-7.4588,25.0345
-7.4555,25.0821
-7.4846,25.0568
-7.4537,25.1686
-7.5165,25.0653
-7.5354,25.0626
-7.5523,25.0644
-7.5673,25.0707
-7.5842,25.0724
-7.6011,25.0741
-7.5821,25.1632
-7.6349,25.0772
-7.6444,25.0971
-7.6613,25.0986
-7.6617,25.1416
-7.6684,25.1692
-7.6891,25.1613
-7.7044,25.1672
-7.7066,25.2073
-7.7226,25.2116
-7.7322,25.2330
-7.7476,25.2388
-7.7701,25.2258
-7.7769,25.2550
-7.7942,25.2559
-7.7896,25.3177
-7.8270,25.2624
-7.8464,25.2569
-7.8604,25.2671
-7.8727,25.2820
-7.9029,25.2448
-7.9184,25.2501
-7.9032,25.3469
-7.9353,25.3032
-7.9520,25.3052
-7.9724,25.2961
-7.9927,25.2869
-8.0022,25.3110
-8.0059,25.3541
-8.0128,25.3877
-8.0377,25.3639
-8.0696,25.3164
-8.0670,25.3817
-8.0882,25.3690
-8.1055,25.3689
-8.1214,25.3736
-8.1192,25.4406
-8.1560,25.3731
-8.1800,25.3489
-8.2012,25.3341
-8.2143,25.3481
-8.2289,25.3573
-8.2408,25.3760
-8.2503,25.4044
-8.2548,25.4522
-8.2760,25.4369
-8.2835,25.4748
-8.3107,25.4355
-8.3256,25.4444
-8.3441,25.4388
-8.3614,25.4379
-8.3610,25.5100
-8.3947,25.4408
-8.4120,25.4398
-8.4341,25.4177
-8.4398,25.4667
-8.4570,25.4655
-8.4776,25.4497
-8.4833,25.5005
-8.5130,25.4422
-8.5332,25.4261
-8.5503,25.4247
-8.5613,25.4524
-8.5718,25.4834
-8.5861,25.4965
-8.5995,25.5144
-8.6146,25.5240
-8.6284,25.5404
-8.6411,25.5631
-8.6573,25.5676
-8.6738,25.5706
-8.6912,25.5687
-8.7051,25.5863
-8.7020,25.7029
-8.7365,25.6019
-8.7490,25.6292
-8.7705,25.6025
-8.7895,25.5904
-8.8107,25.5635
-8.8241,25.5858
-8.8326,25.6412
-8.8565,25.5957
-8.8759,25.5784
-8.8868,25.6202
-8.9021,25.6324
-8.9161,25.6545
-8.9315,25.6666
-8.9517,25.6427
-8.9613,25.7006
-8.9826,25.6668
-8.9970,25.6887
-9.0162,25.6708
-9.0296,25.7026
-9.0437,25.7293
-9.0548,25.7857
-9.0952,25.7297
-9.1107,25.7464
-9.1282,25.7431
-9.1461,25.7347
-9.1644,25.7214
-9.1775,25.7676
-9.1920,25.7989
-9.2249,25.8216
-9.2410,25.8379
-9.2586,25.8342
-9.2766,25.8254
-9.2942,25.8216
-9.3105,25.8377
-9.3442,25.8547
-9.3585,25.9126
-9.3758,25.9185
-9.3935,25.9144
-9.4114,25.9081
-9.4265,25.9659
-9.4434,25.9866
-9.4774,26.0328
-9.4964,25.9962
-9.5145,25.9839
-9.5325,25.9744
-9.5497,25.9998
-9.5666,26.0451
-9.5881,25.8096
-9.6051,25.8247
-9.6208,25.9987
-9.6386,25.9938
-9.6564,25.9839
-9.6741,25.9739
-9.6919,25.9889
-9.7275,26.0086
-9.7457,26.0384
-9.7636,26.0382
-9.7811,26.0179
-9.7983,25.9876
-9.8166,26.0071
-9.8532,26.0411
-9.8719,26.0655
-9.8912,26.0998
-9.9094,26.1041
-9.9275,26.1034
-9.9461,26.1126
-9.6917,20.4551
-9.9826,26.1158
-10.0009,26.1198
-10.0197,26.1288
-10.0381,26.1327
-10.0566,26.1366
-10.0755,26.1454
-10.0997,26.2313
-10.1133,26.1628
-10.1327,26.1764
-10.1537,26.2098
-10.1709,26.1934
-10.1876,26.1720
-10.2094,26.2102
-10.2251,26.1787
-10.2679,26.2399
-10.2894,26.2679
-10.3090,26.2760
-10.3276,26.2740
-10.3489,26.2969
-10.3725,26.3395
-10.3979,26.3946
-10.4049,26.2905
-10.4223,26.2784
-10.4415,26.2811
-10.4614,26.2887
-10.4749,26.2467
-10.4941,26.2492
-10.5207,26.3060
-10.5679,26.3701
-10.5846,26.3525
-10.6035,26.3498
-10.6230,26.3519
-10.6426,26.3539
-10.6630,26.3609
-10.7031,26.3696
-10.7245,26.3813
-10.7459,26.3928
-10.7683,26.4093
-10.7864,26.4010
-10.8045,26.3928
-10.8580,26.5790
-10.8424,26.3859
-10.8604,26.3774
-10.8812,26.3836
-10.9096,26.4290
-10.9384,26.4742
-10.9674,26.5194
-10.9917,26.5399
-11.0367,26.5612
-11.0634,26.5913
-11.0956,26.6456
-11.1160,26.6444
-11.1314,26.6206
-11.1514,26.6180
-11.1873,26.5944
-11.2057,26.5850
-11.2287,26.5949
-11.2553,26.6193
-11.2868,26.6631
-11.3017,26.6388
-11.3368,26.6952
-11.3411,26.6289
-11.3595,26.6190
-11.3829,26.6285
-11.4051,26.6329
-11.4299,26.6470
-11.4484,26.6369
-11.4667,26.6267
-11.5262,26.6880
-11.5610,26.7352
-11.5892,26.7583
-11.6260,26.8101
-11.6443,26.7980
-11.6489,26.7393
-11.7077,26.7895
-11.7366,26.8121
-11.7627,26.8250
-11.7889,26.8378
-11.8152,26.8505
-11.8401,26.8583
-11.8651,26.8660
-11.8951,26.8892
-11.9089,26.8623
-11.9340,26.8697
-11.9560,26.8677
-11.9940,26.9129
-11.9999,26.8633
-12.0203,26.8563
-12.0443,26.7950
-12.1018,26.8926
-12.1201,26.8794
-12.0808,26.7076
-12.1076,26.7191
-12.1275,26.7117
-12.1814,26.7343
-12.2582,26.8763
-12.3040,26.9349
-12.3192,26.9130
-12.3470,26.9236
-12.3913,26.9760
-12.4345,26.9642
-12.4926,27.0485
-12.5396,27.1040
-12.5420,27.0499
-12.6028,27.1374
-12.6510,27.1932
-12.6937,27.2349
-12.6919,27.1712
-12.6896,27.1070
-12.7147,27.1071
-12.7557,27.1437
-12.8151,27.2213
-12.8667,27.2799
-12.9229,27.3479
-12.9584,27.3104
-13.0091,27.3638
-13.0227,27.3359
-13.0759,27.3935
-13.0788,27.3426
-13.0963,27.3233
-13.1592,27.3432
-13.2027,27.3777
-13.2422,27.4030
-13.2839,27.4327
-13.3171,27.4442
-13.3370,27.4288
-13.4151,27.5295
-13.3900,27.4245
-13.4030,27.3955
-13.4478,27.4287
-13.4881,27.4529
-13.5103,27.4414
-13.5509,27.4652
-13.5987,27.5021
-13.6715,27.5312
-13.7271,27.5807
-13.7878,27.6387
-13.8344,27.6701
-13.8596,27.6620
-13.8993,27.6799
-13.9596,27.6805
-14.0071,27.7111
-14.0522,27.7371
-14.0976,27.7628
-14.1207,27.7495
-14.1844,27.8059
-14.3190,27.9820
-14.3040,27.9026
-14.3894,27.9927
-14.3919,27.9432
-14.3639,27.8435
-14.4235,27.8891
-14.4704,27.9132
-14.5332,27.9625
-14.6340,28.0191
-14.5747,27.8720
-14.6115,27.8783
-14.7019,27.9688
-14.7687,28.0209
-14.8061,28.0265
-14.8455,27.9831
-14.8582,27.9508
-14.8901,27.9477
-14.9691,28.0151
-15.2167,28.3326
-15.2274,28.2952
-15.2984,28.2408
-15.3456,28.2567
-15.3701,28.2397
-14.2192,23.8384
-14.2413,23.7878
-14.2447,23.7678
-14.2557,23.7541
-14.2628,23.7372
-14.2699,23.7203
-14.2808,23.7065
-14.2986,23.6757
-14.3094,23.6618
-14.3161,23.6449
-14.3268,23.6309
-14.3375,23.6170
-14.3441,23.5999
-14.3652,23.5718
-14.3756,23.5578
-14.3821,23.5407
-14.3924,23.5265
-14.4028,23.5124
-14.4131,23.4981
-14.4233,23.4839
-14.4437,23.4554
-14.4538,23.4410
-14.4639,23.4267
-14.4739,23.4123
-14.4839,23.3979
-14.4939,23.3834
-14.5136,23.3544
-14.5276,23.3427
-14.5291,23.3226
-14.5263,23.2997
-14.5360,23.2851
-14.8804,22.5997
-14.8819,22.5619
-14.8668,22.5356
-14.8696,22.5179
-14.8950,22.5107
-14.9023,22.4951
-14.9095,22.4794
-14.9167,22.4636
-14.9558,22.4623
-14.9629,22.4465
-14.9700,22.4306
-14.9816,22.4167
-14.9956,22.3848
-15.0071,22.3708
-15.0140,22.3548
-15.0254,22.3407
-15.0368,22.3266
-15.0435,22.3105
-15.0615,22.2801
-15.0680,22.2639
-15.0746,22.2478
-15.0764,22.2297
-15.0829,22.2135
-15.0893,22.1972
-15.1019,22.1647
-15.1082,22.1484
-15.1237,22.1356
-15.1346,22.1210
-15.1454,22.1064
-15.1890,22.1038
-15.1540,22.0536
-15.1411,22.0305
-15.1376,22.0107
-17.4137,19.7381
-17.3878,19.7160
-17.3710,19.6936
-17.3998,19.6690
-17.5876,19.3488
-17.5854,19.3251
-17.5529,19.3043
-17.6354,19.2722
-17.6202,19.2255
-17.6226,19.2011
-17.6249,19.1767
-17.6272,19.1523
-17.6244,19.1284
-17.6265,19.1040
-17.6255,19.0556
-17.6174,19.0324
-17.6440,19.0046
-17.6853,18.9746
-17.7216,18.9450
-17.7627,18.9145
-17.7952,18.8601
-17.8211,18.8312
-17.8322,18.8044
-17.8432,18.7776
-17.8590,18.7499
-17.8747,18.7221
-17.8953,18.6934
-17.9796,18.6536
-17.9065,18.6406
-17.9268,18.6116
-17.9470,18.5824
-17.9671,18.5531
-17.9870,18.5236
-18.0118,18.4931
-18.1097,18.4483
-18.0365,18.4364
-18.0659,18.4045
-18.0952,18.3724
-18.1243,18.3401
-18.1533,18.3076
-18.1773,18.2760
-18.2495,18.2338
-18.2006,18.2175
-18.2243,18.1855
-18.2527,18.1522
-18.2810,18.1187
-18.3092,18.0850
-18.3373,18.0512
-18.3590,17.9911
-18.3819,17.9579
-18.4046,17.9247
-18.4273,17.8912
-18.4546,17.8564
-18.4818,17.8214
-18.5068,17.7585
-18.5337,17.7230
-18.5604,17.6873
-18.5869,17.6515
-18.6134,17.6155
-18.6349,17.5807
-18.6486,17.5187
-18.6697,17.4835
-18.6907,17.4481
-18.7068,17.4140
-18.7371,17.3755
-18.7624,17.3383
-18.7877,17.3008
-18.8043,17.2358
-18.8291,17.1980
-18.8538,17.1599
-18.8784,17.1217
-18.9075,17.0818
-18.9317,17.0432
-18.9513,16.9750
-18.9846,16.9328
-19.0130,16.8920
-19.0460,16.8494
-19.0835,16.8049

# FrameTime=1781596547.61, PointCount=634
-4.3415,23.6896
-5.6861,22.7953
-5.8092,22.7625
-5.8419,22.7569
-5.8622,22.7597
-5.8825,22.7625
-5.8906,22.7738
-5.9028,22.7823
-5.8907,22.8082
-5.9277,22.7986
-5.9529,22.7973
-5.9932,22.7848
-6.0326,22.7727
-6.0407,22.7836
-6.0524,22.7918
-5.9689,22.8720
-6.0609,22.8195
-6.0493,22.8455
-5.9444,22.9435
-5.9372,22.9669
-5.9342,22.9873
-4.8651,23.8436
-4.8663,23.8894
-4.9304,23.8617
-4.9418,23.8760
-4.9882,23.8619
-4.9763,23.8948
-5.0033,23.8962
-4.9859,23.9340
-5.0378,23.9146
-5.0609,23.9189
-5.0630,23.9406
-5.0670,23.9609
-5.0939,23.9618
-5.0980,23.9820
-5.1097,23.9957
-5.1145,24.0394
-5.1319,24.0482
-5.2001,24.0124
-5.1671,24.0655
-5.2611,24.0059
-5.1745,24.1073
-5.2025,24.1309
-5.2274,24.1326
-5.2691,24.1189
-5.2612,24.1506
-5.2844,24.1536
-5.3149,24.1497
-5.3345,24.1559
-5.2613,24.2498
-5.3554,24.1853
-5.3802,24.1863
-5.3962,24.1957
-5.4193,24.1981
-5.4567,24.1865
-5.4140,24.2531
-5.5241,24.1696
-5.5222,24.1961
-5.5417,24.2015
-5.5562,24.2118
-5.5686,24.2241
-5.5776,24.2400
-5.5831,24.2594
-5.6222,24.2695
-5.6348,24.2816
-5.6854,24.2539
-5.6842,24.2804
-5.7427,24.2436
-5.7757,24.2335
-5.7974,24.2605
-5.8159,24.2656
-5.7686,24.3426
-5.7566,24.3817
-5.8237,24.3334
-5.8499,24.3301
-5.8986,24.3269
-5.9015,24.3494
-5.9439,24.3270
-5.9305,24.3682
-5.9441,24.3786
-5.9603,24.3859
-5.9603,24.4122
-5.9823,24.4128
-6.0114,24.4049
-5.9983,24.4470
-6.0146,24.4541
-6.0310,24.4612
-6.0473,24.4683
-6.0669,24.4714
-6.0643,24.5016
-6.0965,24.4891
-6.1160,24.4920
-6.1324,24.4988
-6.1426,24.5133
-6.1528,24.5278
-6.1982,24.4976
-6.1734,24.5567
-6.2340,24.5065
-6.2373,24.5297
-6.2537,24.5360
-6.2973,24.5067
-6.3145,24.5116
-6.3090,24.5467
-6.2863,24.6052
-6.3270,24.5788
-6.3354,24.5958
-6.3450,24.6113
-6.3773,24.5956
-6.3997,24.5933
-6.4482,24.5545
-6.3880,24.6672
-6.4636,24.5900
-6.4945,24.5752
-6.4936,24.6051
-6.4958,24.6310
-6.4811,24.6816
-6.4694,24.7281
-6.4834,24.7377
-6.5331,24.6948
-6.5244,24.7376
-6.5692,24.7011
-6.5719,24.7273
-6.5951,24.7226
-6.6329,24.6956
-6.6549,24.6922
-6.5844,24.8313
-6.6213,24.8054
-6.6544,24.7851
-6.6793,24.7773
-6.7014,24.7736
-6.7235,24.7698
-6.7402,24.7744
-6.7429,24.8016
-6.7658,24.7961
-6.7748,24.8134
-6.7761,24.8434
-6.8102,24.8193
-6.8202,24.8350
-6.8464,24.8234
-6.8564,24.8391
-6.8977,24.8016
-6.9194,24.7970
-6.9386,24.7966
-6.9428,24.8221
-6.9645,24.8173
-6.9640,24.8514
-6.9620,24.8885
-6.9830,24.8849
-6.9853,24.9148
-6.9974,24.9273
-7.0152,24.9294
-7.0655,24.8716
-7.0799,24.8794
-7.0731,24.9268
-7.0376,25.0287
-7.1163,24.9158
-7.1192,24.9456
-7.1315,24.9576
-7.1416,24.9741
-7.1556,24.9831
-7.1794,24.9729
-7.1715,25.0250
-7.2066,24.9922
-7.1998,25.0428
-7.2236,25.0323
-7.2429,25.0307
-7.2665,25.0200
-7.2857,25.0182
-7.2660,25.0974
-7.2675,25.1332
-7.2828,25.1401
-7.3614,25.0119
-7.3657,25.0414
-7.3577,25.0980
-7.3859,25.0763
-7.3968,25.0922
-7.3763,25.1781
-7.4628,25.0254
-7.4616,25.0684
-7.4806,25.0659
-7.5015,25.0588
-7.5185,25.0607
-7.5354,25.0626
-7.4996,25.1884
-7.5673,25.0707
-7.5842,25.0724
-7.5992,25.0787
-7.6199,25.0710
-7.6293,25.0910
-7.6462,25.0925
-7.6075,25.2329
-7.6800,25.0953
-7.6519,25.2111
-7.6873,25.1659
-7.7080,25.1579
-7.7072,25.2057
-7.7149,25.2318
-7.7251,25.2517
-7.7442,25.2481
-7.7632,25.2445
-7.7855,25.2315
-7.7925,25.2606
-7.8097,25.2616
-7.8292,25.2561
-7.8464,25.2569
-7.8549,25.2828
-7.8710,25.2867
-7.8980,25.2590
-7.9216,25.2407
-7.9196,25.2980
-7.9364,25.3000
-7.9552,25.2957
-7.9786,25.2771
-7.9514,25.4150
-8.0068,25.2967
-8.0134,25.3303
-8.0203,25.3639
-8.0568,25.3020
-8.0525,25.3720
-8.0708,25.3690
-8.0696,25.4309
-8.1012,25.3833
-8.1298,25.3448
-8.1276,25.4116
-8.1573,25.3683
-8.1814,25.3441
-8.1999,25.3389
-8.1691,25.5119
-8.2302,25.3525
-8.2473,25.3520
-8.2529,25.3947
-8.2612,25.4279
-8.2735,25.4465
-8.2846,25.4703
-8.2996,25.4793
-8.3292,25.4299
-8.3429,25.4436
-8.3626,25.4331
-8.3845,25.4128
-8.3971,25.4311
-8.4131,25.4350
-8.4285,25.4420
-8.4442,25.4473
-8.4603,25.4509
-8.4776,25.4497
-8.4948,25.4484
-8.5161,25.4276
-8.5343,25.4213
-8.5404,25.4718
-8.5664,25.4280
-8.5738,25.4737
-8.5891,25.4818
-8.6053,25.4851
-8.6168,25.5127
-8.6284,25.5404
-8.6402,25.5681
-8.6473,25.6220
-8.6729,25.5755
-8.6894,25.5785
-8.7051,25.5863
-8.7216,25.5892
-8.7349,25.6117
-8.7547,25.5948
-8.7595,25.6701
-8.7895,25.5904
-8.8068,25.5881
-8.8264,25.5710
-8.8406,25.5883
-8.8572,25.5908
-8.8752,25.5833
-8.8769,25.6899
-8.9041,25.6176
-8.9181,25.6397
-8.9322,25.6616
-8.9517,25.6427
-8.9671,25.6548
-8.9820,25.6718
-8.9982,25.6788
-9.0302,25.6976
-9.0448,25.7193
-9.0602,25.7361
-9.0745,25.7627
-9.0936,25.7446
-9.1112,25.7414
-9.1151,25.8793
-9.1452,25.7447
-9.1640,25.7263
-9.1801,25.7378
-9.1941,25.7741
-9.2084,25.8103
-9.2245,25.8266
-9.2414,25.8329
-9.2766,25.8254
-9.2948,25.8117
-9.3111,25.8277
-9.3263,25.8637
-9.3439,25.8597
-9.3594,25.8956
-9.3933,25.9194
-9.4108,25.9202
-9.4269,25.9559
-9.4440,25.9716
-9.4597,26.0272
-9.4781,26.0107
-9.4963,25.9984
-9.5143,25.9918
-9.5322,25.9844
-9.5503,25.9698
-9.5674,26.0029
-9.5881,25.8096
-9.6030,25.9985
-9.6208,25.9937
-9.6564,25.9889
-9.6741,25.9789
-9.6918,25.9789
-9.7098,26.0138
-9.7277,26.0236
-9.7461,26.0684
-9.7814,26.0329
-9.7985,25.9976
-9.8164,26.0022
-9.8346,26.0167
-9.8534,26.0461
-9.8721,26.0705
-9.8927,26.1421
-9.9090,26.0941
-9.9282,26.1183
-9.9463,26.1176
-9.9647,26.1217
-9.9831,26.1258
-10.0015,26.1298
-10.0197,26.1288
-10.0563,26.1316
-10.0741,26.1254
-10.0937,26.1441
-9.7009,20.4545
-10.1335,26.1863
-10.1526,26.1949
-10.1893,26.1919
-10.2055,26.1654
-10.2273,26.2036
-10.2490,26.2367
-10.2723,26.2846
-10.2919,26.2928
-10.3095,26.2809
-10.3467,26.2770
-10.3653,26.2750
-10.3839,26.2729
-10.4031,26.2757
-10.4223,26.2784
-10.4409,26.2761
-10.4788,26.2764
-10.4954,26.2591
-10.5146,26.2615
-10.5401,26.3084
-10.5637,26.3404
-10.5854,26.3575
-10.6230,26.3519
-10.6434,26.3589
-10.6630,26.3609
-10.6835,26.3677
-10.7048,26.3795
-10.7253,26.3862
-10.7459,26.3928
-10.7855,26.3961
-10.8036,26.3878
-10.8226,26.3844
-10.8406,26.3760
-10.8595,26.3725
-10.8859,26.4082
-10.9345,26.4547
-10.9654,26.5096
-10.9967,26.5644
-11.0192,26.5751
-11.0397,26.5759
-11.0676,26.6108
-11.1171,26.6493
-11.1346,26.6352
-11.1514,26.6180
-11.1655,26.5892
-11.1873,26.5944
-11.2057,26.5850
-11.2433,26.6563
-11.2588,26.6339
-11.2852,26.6565
-11.3029,26.6436
-11.3202,26.6290
-11.3349,26.6047
-11.3583,26.6142
-11.3829,26.6285
-11.4274,26.6374
-11.4536,26.6562
-11.4628,26.6123
-11.4997,26.6694
-11.5329,26.7120
-11.5678,26.7592
-11.6121,26.7621
-11.6363,26.7707
-11.6418,26.7154
-11.6746,26.7525
-11.7120,26.8039
-11.7395,26.8217
-11.7874,26.8330
-11.8137,26.8457
-11.8386,26.8535
-11.8635,26.8613
-11.8885,26.8689
-11.9136,26.8765
-11.9387,26.8840
-11.9659,26.8973
-11.9844,26.8845
-12.0016,26.8680
-12.0317,26.8894
-12.0390,26.8445
-12.0610,26.8421
-12.0951,26.8737
-12.0894,26.7310
-12.0939,26.6815
-12.1223,26.6977
-12.1474,26.7044
-12.2787,26.9926
-12.2799,26.9334
-12.3192,26.9130
-12.3397,26.9050
-12.3803,26.9481
-12.4028,26.9446
-12.4605,27.0291
-12.5057,27.0809
-12.5472,27.1225
-12.5648,27.1053
-12.5859,27.0966
-12.6317,27.1471
-12.6803,27.2032
-12.6724,27.1252
-12.6935,27.1162
-12.7246,27.1300
-12.7890,27.1619
-12.8444,27.2296
-12.9007,27.2981
-12.8977,27.2337
-12.9233,27.2331
-12.9780,27.2960
-13.0908,27.4254
-13.1085,27.4059
-13.1006,27.3323
-13.1180,27.3130
-13.1808,27.3883
-13.2158,27.4047
-13.2509,27.4210
-13.3149,27.4397
-13.3414,27.4378
-13.3612,27.4222
-13.3788,27.4022
-13.4189,27.4267
-13.4569,27.4465
-13.5172,27.4547
-13.5393,27.4431
-13.5894,27.4845
-13.6398,27.5256
-13.6951,27.5752
-13.7508,27.6247
-13.8296,27.6614
-13.8524,27.6489
-13.8945,27.6712
-13.9295,27.6803
-13.9719,27.7023
-14.0169,27.7284
-14.0724,27.7724
-14.0926,27.7542
-14.1207,27.7495
-14.1588,27.7620
-14.2324,27.8346
-14.3548,27.9885
-14.3868,27.9884
-14.3509,27.8747
-14.3950,27.8422
-14.4574,27.8919
-14.5417,27.9764
-14.5015,27.8588
-14.5275,27.8485
-14.5774,27.8762
-14.6644,27.9098
-14.7417,27.9789
-14.8115,28.0349
-14.8136,27.9860
-14.8537,27.9956
-14.8939,28.0050
-14.8928,27.9519
-15.1944,28.2994
-15.2414,28.3159
-15.2886,28.3323
-15.2964,28.2906
-15.2984,28.2408
-15.3542,28.2691
-15.4004,28.2307
-14.2374,23.7847
-14.2447,23.7678
-14.2589,23.7341
-14.2738,23.7234
-14.2808,23.7065
-14.2917,23.6927
-14.2986,23.6757
-14.3094,23.6618
-14.3308,23.6340
-14.3375,23.6170
-14.3481,23.6029
-14.3547,23.5859
-14.3652,23.5718
-14.3756,23.5578
-14.3861,23.5436
-14.4068,23.5153
-14.4131,23.4981
-14.4233,23.4839
-14.4335,23.4696
-14.4437,23.4554
-14.4538,23.4410
-14.4739,23.4123
-14.4839,23.3979
-14.4898,23.3806
-14.4997,23.3661
-14.5095,23.3516
-14.5193,23.3371
-14.5305,23.3024
-14.5318,23.2823
-14.5540,23.2760
-14.8639,22.5533
-14.8713,22.5377
-14.8696,22.5179
-14.9177,22.5213
-14.8978,22.4930
-14.9095,22.4794
-14.9167,22.4636
-14.9558,22.4623
-14.9584,22.4444
-14.9654,22.4286
-14.9771,22.4147
-14.9841,22.3988
-14.9956,22.3848
-15.0140,22.3548
-15.0208,22.3388
-15.0322,22.3247
-15.0389,22.3086
-15.0502,22.2944
-15.0568,22.2782
-15.0634,22.2621
-15.0764,22.2297
-15.0829,22.2135
-15.0893,22.1972
-15.0956,22.1810
-15.0973,22.1629
-15.1035,22.1466
-15.1112,22.1122
-15.1173,22.0959
-15.1669,22.0769
-15.1587,22.0553
-15.1553,22.0355
-15.1669,22.0026
-17.4131,19.7381
-17.4121,19.7149
-17.3916,19.6926
-17.3948,19.6692
-17.5854,19.3251
-17.6454,19.2711
-17.6379,19.2478
-17.6252,19.2250
-17.6276,19.2006
-17.6172,19.1534
-17.6343,19.1272
-17.6314,19.1034
-17.6285,19.0795
-17.6354,19.0544
-17.6521,19.0279
-17.6853,18.9746
-17.7265,18.9443
-17.7627,18.9145
-17.8037,18.8837
-17.8199,18.8564
-17.8508,18.8266
-17.8520,18.8014
-17.9122,18.7667
-17.8590,18.7499
-17.8747,18.7221
-17.8854,18.6950
-17.9059,18.6662
-17.9262,18.6372
-17.9514,18.6072
-18.0352,18.5665
-17.9671,18.5531
-17.9919,18.5227
-18.0118,18.4931
-18.0365,18.4624
-18.0611,18.4316
-18.0904,18.3996
-18.1681,18.3576
-18.1145,18.3421
-18.1435,18.3096
-18.1724,18.2770
-18.1914,18.2463
-18.2103,18.2154
-18.2291,18.1844
-18.2518,18.1253
-18.2849,18.0906
-18.3130,18.0569
-18.3409,18.0229
-18.3688,17.9887
-18.3965,17.9544
-18.4176,17.8936
-18.4449,17.8589
-18.4721,17.8239
-18.5041,17.7875
-18.5358,17.7508
-18.5675,17.7140
-18.5918,17.6502
-18.6230,17.6129
-18.6445,17.5780
-18.6610,17.5443
-18.6822,17.5091
-18.6985,17.4752
-18.7116,17.4126
-18.7371,17.3755
-18.7624,17.3383
-18.7877,17.3008
-18.8128,17.2632
-18.8377,17.2254
-18.8625,17.1875
-18.8784,17.1217
-18.9027,17.0833
-18.9270,17.0447
-18.9511,17.0060
-18.9798,16.9655
-19.0130,16.9232
-19.0365,16.8526
-19.0693,16.8098
-19.1019,16.7667

# FrameTime=1781596547.71, PointCount=638
-4.3358,23.7157
-4.3921,23.7005
-4.4195,23.7050
-4.4550,23.7036
-4.5218,23.7032
-4.5267,23.7229
-5.8385,22.8105
-5.8467,22.8220
-5.8671,22.8247
-5.9113,22.8100
-5.9235,22.8184
-5.9398,22.8237
-5.9296,22.8486
-5.9609,22.8427
-5.9812,22.8448
-5.9855,22.8589
-5.9899,22.8730
-6.0018,22.8813
-6.0749,22.8427
-6.0187,22.9033
-6.0994,22.8581
-6.1078,22.8688
-6.1240,22.8733
-6.1121,22.9001
-6.1206,22.9108
-6.0819,22.9593
-6.1303,22.9556
-6.1467,22.9598
-6.1554,22.9704
-6.1641,22.9810
-5.0645,23.9148
-5.0858,23.9204
-5.0480,23.9996
-5.1092,23.9713
-5.1113,23.9933
-5.1138,24.0150
-5.1181,24.0352
-5.1392,24.0407
-5.2074,24.0048
-5.2311,24.0316
-5.1797,24.1015
-5.1641,24.1400
-5.1874,24.1434
-5.2457,24.1149
-5.2524,24.1331
-5.2805,24.1561
-5.3001,24.1625
-5.3270,24.1619
-5.3138,24.1990
-5.3459,24.1932
-5.3836,24.1820
-5.3403,24.2484
-5.4155,24.2008
-5.4386,24.2031
-5.4867,24.1808
-5.5168,24.1758
-5.5326,24.1847
-5.5485,24.1936
-5.5630,24.2039
-5.5557,24.2361
-5.5808,24.2356
-5.5898,24.2515
-5.5989,24.2673
-5.6184,24.2723
-5.6449,24.2700
-5.6816,24.2568
-5.6200,24.3470
-5.7185,24.2683
-5.7686,24.2401
-5.7914,24.2408
-5.7896,24.2679
-5.7920,24.2906
-5.7400,24.3729
-5.7711,24.3647
-5.7793,24.3816
-5.8462,24.3331
-5.8856,24.3149
-5.8652,24.3635
-5.9210,24.3263
-5.9075,24.3675
-5.9340,24.3892
-5.9665,24.3777
-5.9697,24.4002
-6.0046,24.3856
-6.0014,24.4156
-5.9979,24.4463
-6.0143,24.4535
-6.0216,24.4715
-6.0438,24.4715
-6.0633,24.4747
-6.0829,24.4777
-6.1087,24.4729
-6.1219,24.4836
-6.1352,24.4943
-6.1235,24.5361
-6.1524,24.5272
-6.1947,24.5009
-6.2142,24.5035
-6.2145,24.5306
-6.2400,24.5252
-6.2105,24.5914
-6.2879,24.5180
-6.3103,24.5162
-6.3215,24.5291
-6.2949,24.5926
-6.3055,24.6067
-6.3380,24.5913
-6.3545,24.5972
-6.3467,24.6364
-6.3934,24.6009
-6.4216,24.5905
-6.4555,24.5718
-6.4690,24.5814
-6.4854,24.5869
-6.4818,24.6210
-6.4430,24.7058
-6.4920,24.6647
-6.4888,24.6989
-6.4802,24.7414
-6.5299,24.6984
-6.5110,24.7563
-6.5446,24.7368
-6.5659,24.7352
-6.5919,24.7263
-6.6243,24.7076
-6.6518,24.6959
-6.6657,24.7050
-6.6344,24.7840
-6.6593,24.7763
-6.6815,24.7726
-6.6546,24.8464
-6.7177,24.7778
-6.7345,24.7825
-6.7486,24.7912
-6.7575,24.8085
-6.7691,24.8215
-6.7826,24.8314
-6.7761,24.8746
-6.8291,24.8189
-6.8340,24.8431
-6.8805,24.7972
-6.8972,24.8013
-6.9215,24.7924
-6.9356,24.8006
-6.8900,24.9127
-6.9566,24.8299
-6.9758,24.8294
-6.9730,24.8679
-6.9808,24.8876
-6.9848,24.9146
-7.0065,24.9095
-7.0171,24.9248
-7.0023,24.9866
-7.0818,24.8747
-7.0915,24.8913
-7.0942,24.9211
-7.1065,24.9332
-7.1164,24.9497
-7.1264,24.9662
-7.1152,25.0239
-7.1535,24.9859
-7.1744,24.9815
-7.1913,24.9845
-7.1994,25.0053
-7.2030,25.0352
-7.2267,25.0246
-7.2064,25.1038
-7.2638,25.0243
-7.2852,25.0180
-7.2935,25.0386
-7.2519,25.1646
-7.3354,25.0273
-7.3545,25.0252
-7.3125,25.1545
-7.3822,25.0436
-7.3708,25.1079
-7.4045,25.0739
-7.4311,25.0549
-7.4582,25.0344
-7.4550,25.0820
-7.4405,25.1556
-7.5010,25.0587
-7.5159,25.0652
-7.5368,25.0579
-7.5537,25.0597
-7.5687,25.0660
-7.5837,25.0723
-7.5611,25.1691
-7.6156,25.0802
-7.6344,25.0771
-7.6438,25.0971
-7.6607,25.0985
-7.6574,25.1508
-7.6678,25.1692
-7.6885,25.1612
-7.6744,25.2433
-7.7155,25.1824
-7.7220,25.2116
-7.7333,25.2282
-7.7505,25.2294
-7.7729,25.2164
-7.7780,25.2503
-7.7936,25.2559
-7.7940,25.3037
-7.8247,25.2671
-7.8442,25.2616
-7.8597,25.2671
-7.8737,25.2773
-7.9039,25.2401
-7.9098,25.2738
-7.9153,25.3089
-7.9347,25.3032
-7.9514,25.3053
-7.9718,25.2962
-7.9951,25.2775
-8.0016,25.3110
-8.0038,25.3589
-7.9899,25.4588
-8.0400,25.3544
-8.0646,25.3307
-8.0663,25.3817
-8.0890,25.3642
-8.1077,25.3594
-8.1137,25.3976
-8.1171,25.4455
-8.1553,25.3732
-8.1807,25.3442
-8.2006,25.3343
-8.2150,25.3435
-8.2282,25.3574
-8.2402,25.3762
-8.2372,25.4512
-8.2657,25.4088
-8.2754,25.4371
-8.2840,25.4702
-8.3113,25.4309
-8.3261,25.4398
-8.3434,25.4390
-8.3524,25.4722
-8.3768,25.4420
-8.3952,25.4362
-8.4125,25.4351
-8.4334,25.4179
-8.4446,25.4426
-8.4608,25.4463
-8.4790,25.4402
-8.4694,25.5610
-8.5134,25.4375
-8.5315,25.4312
-8.5486,25.4298
-8.5580,25.4657
-8.5702,25.4886
-8.5884,25.4821
-8.5868,25.5752
-8.6218,25.4836
-8.6286,25.5358
-8.6395,25.5683
-8.6539,25.5826
-8.6704,25.5856
-8.6887,25.5788
-8.7029,25.5951
-8.7201,25.5944
-8.7358,25.6022
-8.7491,25.6246
-8.7722,25.5881
-8.7911,25.5760
-8.8107,25.5589
-8.8119,25.6605
-8.8399,25.5886
-8.8557,25.5960
-8.8709,25.6083
-8.8854,25.6255
-8.9000,25.6427
-8.9147,25.6598
-8.9288,25.6818
-8.9385,25.7391
-8.9670,25.6502
-8.9819,25.6672
-8.9969,25.6841
-9.0155,25.6712
-9.0294,25.6980
-9.0452,25.7098
-9.0414,25.9024
-9.0954,25.7202
-9.1124,25.7219
-9.1264,25.7534
-9.1458,25.7302
-9.1632,25.7268
-9.1763,25.7731
-9.2084,25.8008
-9.2240,25.8221
-9.2405,25.8334
-9.2585,25.8247
-9.2758,25.8259
-9.2934,25.8221
-9.3058,25.9001
-9.3284,25.8153
-9.3420,25.8802
-9.3581,25.9061
-9.3752,25.9140
-9.3927,25.9149
-9.4112,25.8937
-9.4256,25.9664
-9.4411,26.0249
-9.4597,26.0028
-9.4765,26.0334
-9.4955,25.9968
-9.5135,25.9895
-9.5315,25.9800
-9.5484,26.0182
-9.5872,25.8151
-9.6043,25.8204
-9.6199,25.9993
-9.6378,25.9894
-9.6555,25.9795
-9.6733,25.9745
-9.6913,26.1017
-9.7087,25.9894
-9.7267,26.0143
-9.7449,26.0440
-9.7626,26.0338
-9.7803,26.0235
-9.7976,25.9932
-9.8159,26.0178
-9.8525,26.0468
-9.8712,26.0712
-9.8903,26.1005
-9.9087,26.1098
-9.9267,26.1064
-9.9454,26.1183
-9.9819,26.1215
-10.0003,26.1256
-10.0185,26.1246
-10.0362,26.1159
-9.6985,20.4554
-10.0739,26.1362
-10.1120,26.1586
-10.1318,26.1771
-10.1528,26.2106
-9.7053,20.4549
-10.1867,26.1728
-10.2067,26.1911
-10.2251,26.1895
-10.2660,26.2308
-10.2860,26.2439
-10.3070,26.2669
-10.3256,26.2650
-10.3474,26.2928
-10.3721,26.3453
-10.4045,26.2964
-10.4237,26.2991
-10.4406,26.2820
-10.4623,26.3044
-10.4740,26.2476
-10.4951,26.2649
-10.5375,26.4384
-10.5391,26.3094
-10.5676,26.3759
-10.5836,26.3535
-10.6025,26.3507
-10.6220,26.3528
-10.6416,26.3549
-10.6718,26.4238
-10.6809,26.3588
-10.7021,26.3706
-10.7235,26.3822
-10.7449,26.3938
-10.7673,26.4103
-10.7854,26.4021
-10.8044,26.3987
-10.8414,26.3869
-10.8612,26.3883
-10.8830,26.3994
-10.9096,26.4350
-10.9393,26.4851
-10.9673,26.5253
-11.0111,26.5419
-11.0376,26.5721
-11.0644,26.6022
-11.0956,26.6516
-11.1160,26.6504
-11.1303,26.6217
-11.1532,26.6319
-11.1722,26.6244
-11.1862,26.5955
-11.2046,26.5861
-11.2288,26.6009
-11.2542,26.6205
-11.2845,26.6594
-11.3006,26.6400
-11.3412,26.6350
-11.3609,26.6299
-11.3831,26.6345
-11.4053,26.6390
-11.4289,26.6483
-11.4460,26.6333
-11.4879,26.6322
-11.5264,26.6940
-11.5640,26.7509
-11.5909,26.7692
-11.6165,26.7826
-11.6366,26.7768
-11.6706,26.7443
-11.7065,26.7909
-11.7340,26.8087
-11.7616,26.8263
-11.7878,26.8391
-11.8141,26.8518
-11.8405,26.8644
-11.8858,26.8656
-11.9093,26.8684
-11.9328,26.8712
-11.9580,26.8786
-11.9800,26.8764
-12.0036,26.8789
-12.0395,26.8507
-12.0598,26.8435
-12.1006,26.8940
-12.1177,26.8773
-12.0678,26.6761
-12.0979,26.6971
-12.1411,26.6918
-12.1697,26.7077
-12.2570,26.8778
-12.3046,26.9411
-12.3162,26.9099
-12.3458,26.9252
-12.3938,26.9868
-12.4352,26.9704
-12.4914,27.0501
-12.5365,27.1010
-12.5446,27.0607
-12.6035,27.1437
-12.6516,27.1995
-12.6907,27.1729
-12.6884,27.1087
-12.7134,27.1088
-12.7544,27.1454
-12.8098,27.2139
-12.8635,27.2775
-12.9236,27.3542
-12.9374,27.3265
-12.9097,27.2076
-13.0120,27.3749
-13.0276,27.3513
-13.0704,27.3863
-13.0796,27.3489
-13.0950,27.3251
-13.1622,27.3540
-13.2014,27.3795
-13.2430,27.4094
-13.2826,27.4346
-13.3157,27.4461
-13.3356,27.4307
-13.3864,27.4220
-13.4062,27.4064
-13.4487,27.4351
-13.4845,27.4504
-13.5112,27.4478
-13.5495,27.4672
-13.6196,27.4923
-13.6749,27.5420
-13.7281,27.5871
-13.7887,27.6451
-13.8330,27.6722
-13.8606,27.6684
-13.9419,27.7612
-13.9231,27.6737
-13.9606,27.6870
-14.0056,27.7132
-14.0508,27.7392
-14.0962,27.7650
-14.1167,27.7474
-14.1804,27.8038
-14.3024,27.9048
-14.3852,27.9906
-14.3776,27.9240
-14.3650,27.8500
-14.4298,27.9042
-14.4767,27.9282
-14.5526,27.9460
-14.6325,28.0214
-14.5679,27.8658
-14.6126,27.8849
-14.7004,27.9711
-14.7725,28.0317
-14.8378,28.0806
-14.8256,28.0093
-14.8740,28.0315
-14.8622,27.9616
-14.8858,27.9460
-14.9731,28.0259
-15.2178,28.3393
-15.2286,28.3019
-15.2939,28.2392
-15.3468,28.2634
-15.3685,28.2423
-14.2153,23.8374
-14.2373,23.7869
-14.2446,23.7700
-14.2517,23.7532
-14.2627,23.7394
-14.2737,23.7256
-14.2916,23.6949
-14.3025,23.6810
-14.3093,23.6641
-14.3200,23.6502
-14.3268,23.6332
-14.3374,23.6192
-14.3546,23.5881
-14.3651,23.5741
-14.3756,23.5600
-14.3820,23.5429
-14.3924,23.5288
-14.4028,23.5146
-14.4131,23.5004
-14.4335,23.4719
-14.4437,23.4576
-14.4538,23.4433
-14.4639,23.4289
-14.4740,23.4146
-14.4798,23.3973
-14.4997,23.3684
-14.5096,23.3539
-14.5152,23.3366
-14.5250,23.3221
-14.5306,23.3047
-14.5277,23.2819
-14.5594,23.2609
-14.8642,22.5557
-14.8716,22.5402
-14.8744,22.5224
-14.9225,22.5259
-14.9027,22.4975
-14.9099,22.4818
-14.9561,22.4648
-14.9633,22.4489
-14.9658,22.4310
-14.9774,22.4171
-14.9844,22.4012
-14.9960,22.3873
-15.0144,22.3573
-15.0258,22.3432
-15.0326,22.3271
-15.0439,22.3130
-15.0506,22.2969
-15.0572,22.2807
-15.0704,22.2484
-15.0722,22.2303
-15.0787,22.2141
-15.0897,22.1997
-15.0961,22.1835
-15.1117,22.1708
-15.1040,22.1491
-15.1116,22.1148
-15.1177,22.0984
-15.1674,22.0794
-15.1357,22.0494
-15.1275,22.0279
-17.3911,19.7656
-17.4094,19.7416
-17.3979,19.6957
-17.4061,19.6720
-17.5741,19.3536
-17.5918,19.3280
-17.5995,19.3033
-17.6319,19.2760
-17.6444,19.2506
-17.6366,19.2273
-17.6340,19.2034
-17.6714,19.1750
-17.6237,19.1562
-17.6309,19.1312
-17.6329,19.1067
-17.6399,19.0816
-17.6518,19.0558
-17.6685,19.0293
-17.7893,18.9888
-17.6918,18.9773
-17.7430,18.9456
-17.7890,18.9144
-17.8300,18.8835
-17.8363,18.8576
-17.8672,18.8278
-17.8979,18.7979
-17.8645,18.7779
-17.8804,18.7502
-17.8911,18.7231
-17.9068,18.6952
-17.9223,18.6671
-17.9378,18.6390
-17.9536,18.5850
-17.9737,18.5557
-18.0035,18.5244
-18.0283,18.4938
-18.0530,18.4631
-18.0824,18.4313
-18.1067,18.3739
-18.1310,18.3426
-18.1551,18.3111
-18.1742,18.2806
-18.1981,18.2488
-18.2171,18.2179
-18.2350,18.1601
-18.2585,18.1278
-18.2819,18.0954
-18.3100,18.0616
-18.3379,18.0277
-18.3658,17.9935
-18.3823,17.9343
-18.4098,17.8997
-18.4372,17.8650
-18.4692,17.8288
-18.5012,17.7924
-18.5378,17.7545
-18.5672,17.6897
-18.5986,17.6526
-18.6299,17.6152
-18.6610,17.5777
-18.6823,17.5426
-18.7035,17.5074
-18.7246,17.4720
-18.7538,17.4342
-18.7424,17.4079
-18.7631,17.3722
-18.7885,17.3349
-18.8137,17.2973
-18.8388,17.2597
-18.8637,17.2218
-18.8798,17.1562
-18.8996,17.1194
-18.9240,17.0810
-18.9482,17.0424
-18.9771,17.0020
-19.0010,16.9630
-19.0200,16.8943
-19.0530,16.8516
-19.0811,16.8104

# FrameTime=1781596547.81, PointCount=636
-4.3399,23.7128
-4.3880,23.7034
-4.4153,23.7078
-4.4673,23.6951
-4.5117,23.7103
-4.4919,23.7476
-4.4653,23.8136
-4.5719,23.7603
-4.6274,23.7433
-4.5820,23.7997
-5.8518,22.8884
-5.9240,22.8527
-5.8540,22.9223
-5.9487,22.8692
-5.9691,22.8713
-5.9820,22.8790
-6.0063,22.8780
-6.0186,22.8859
-6.0231,22.8999
-6.0272,22.9143
-6.0411,22.9210
-6.0522,22.9299
-6.0647,22.9377
-6.1097,22.9194
-6.1532,22.9020
-6.0867,22.9732
-6.1702,22.9231
-6.1788,22.9336
-5.9508,23.1388
-5.9523,23.1563
-5.0244,23.9482
-6.1782,23.0048
-6.1832,23.0185
-6.2161,23.0265
-6.2136,23.0466
-5.1213,24.0084
-5.2253,23.9419
-5.1693,24.0144
-5.2149,23.9983
-5.1502,24.0793
-5.2236,24.0382
-5.2281,24.0582
-5.1901,24.1166
-5.2060,24.1266
-5.2457,24.1149
-5.2488,24.1365
-5.2720,24.1395
-5.2529,24.1818
-5.2965,24.1659
-5.3233,24.1653
-5.3501,24.1646
-5.3262,24.2120
-5.3800,24.1855
-5.4031,24.1880
-5.4386,24.2031
-5.4760,24.1913
-5.5168,24.1758
-5.5326,24.1847
-5.5520,24.1901
-5.5630,24.2039
-5.5773,24.2392
-5.5898,24.2515
-5.6058,24.2601
-5.6184,24.2723
-5.6449,24.2700
-5.6816,24.2568
-5.7281,24.2582
-5.7721,24.2365
-5.7914,24.2408
-5.7929,24.2643
-5.7988,24.2832
-5.7683,24.3419
-5.7663,24.3699
-5.7739,24.3875
-5.8462,24.3331
-5.8889,24.3112
-5.8719,24.3560
-5.9177,24.3301
-5.9206,24.3526
-5.9211,24.3780
-5.9137,24.4126
-5.9665,24.3777
-5.9762,24.3926
-5.9981,24.3932
-6.0079,24.4080
-6.0012,24.4425
-6.0143,24.4535
-6.0216,24.4715
-6.0438,24.4715
-6.0633,24.4747
-6.0797,24.4816
-6.0993,24.4846
-6.1188,24.4875
-6.1289,24.5021
-6.1391,24.5166
-6.1400,24.5429
-6.1886,24.5088
-6.2111,24.5074
-6.2061,24.5414
-6.2400,24.5252
-6.2685,24.5157
-6.2241,24.6018
-6.3103,24.5162
-6.3176,24.5343
-6.2799,24.6126
-6.2936,24.6228
-6.3410,24.5872
-6.3486,24.6053
-6.3464,24.6369
-6.3934,24.6009
-6.4245,24.5864
-6.4613,24.5636
-6.4661,24.5855
-6.4883,24.5828
-6.4875,24.6128
-6.4783,24.6551
-6.4027,24.7935
-6.4888,24.6989
-6.4802,24.7414
-6.5355,24.6902
-6.5268,24.7330
-6.5473,24.7326
-6.5807,24.7129
-6.5826,24.7403
-6.6160,24.7201
-6.6518,24.6959
-6.6684,24.7008
-6.6344,24.7840
-6.6593,24.7763
-6.6788,24.7769
-6.7009,24.7732
-6.7141,24.7835
-6.7345,24.7824
-6.7486,24.7912
-6.7575,24.8085
-6.7691,24.8215
-6.7808,24.8345
-6.8123,24.8147
-6.8112,24.8487
-6.8314,24.8474
-6.8686,24.8173
-6.8997,24.7970
-6.9215,24.7924
-6.9356,24.8006
-6.9258,24.8506
-6.9517,24.8386
-6.9611,24.8554
-6.9656,24.8809
-6.9833,24.8832
-6.9823,24.9190
-7.0090,24.9051
-7.0187,24.9219
-6.9830,25.0221
-7.0818,24.8747
-7.0915,24.8913
-7.0942,24.9211
-7.1065,24.9332
-7.1156,24.9512
-7.1241,24.9707
-7.1013,25.0508
-7.1528,24.9873
-7.1698,24.9904
-7.1936,24.9801
-7.2016,25.0009
-7.2052,25.0307
-7.2223,25.0336
-7.2196,25.0768
-7.2616,25.0287
-7.2830,25.0225
-7.2935,25.0386
-7.2583,25.1511
-7.3248,25.0498
-7.3566,25.0207
-7.3652,25.0412
-7.3646,25.1215
-7.4045,25.0739
-7.4311,25.0549
-7.4582,25.0344
-7.4570,25.0774
-7.4860,25.0521
-7.4551,25.1639
-7.5159,25.0652
-7.5349,25.0625
-7.5518,25.0643
-7.5668,25.0706
-7.5837,25.0723
-7.6006,25.0740
-7.5834,25.1585
-7.6344,25.0771
-7.6438,25.0971
-7.6607,25.0985
-7.6611,25.1416
-7.6660,25.1738
-7.6885,25.1612
-7.7002,25.1765
-7.7042,25.2119
-7.7220,25.2116
-7.7316,25.2329
-7.7418,25.2527
-7.7695,25.2258
-7.7780,25.2503
-7.7936,25.2559
-7.7923,25.3083
-7.8247,25.2671
-7.8442,25.2616
-7.8597,25.2671
-7.8704,25.2867
-7.9071,25.2307
-7.9114,25.2691
-7.9185,25.2996
-7.9363,25.2985
-7.9530,25.3005
-7.9718,25.2962
-7.9936,25.2822
-8.0001,25.3158
-8.0053,25.3542
-8.0092,25.3973
-8.0385,25.3592
-8.0660,25.3260
-8.0663,25.3817
-8.0890,25.3642
-8.1062,25.3642
-8.1193,25.3785
-8.1143,25.4551
-8.1512,25.3876
-8.1780,25.3538
-8.2006,25.3343
-8.2150,25.3435
-8.2269,25.3622
-8.2454,25.3569
-8.2509,25.3997
-8.2541,25.4523
-8.2766,25.4322
-8.2853,25.4653
-8.3100,25.4357
-8.3224,25.4545
-8.3422,25.4438
-8.3595,25.4429
-8.3627,25.5004
-8.3929,25.4459
-8.4113,25.4400
-8.4334,25.4179
-8.4435,25.4475
-8.4597,25.4511
-8.4780,25.4450
-8.4837,25.4958
-8.5113,25.4473
-8.5326,25.4264
-8.5486,25.4298
-8.5570,25.4706
-8.5692,25.4935
-8.5884,25.4821
-8.6056,25.4804
-8.6129,25.5292
-8.6286,25.5358
-8.6395,25.5683
-8.6557,25.5728
-8.6722,25.5758
-8.6896,25.5739
-8.7044,25.5866
-8.7013,25.7032
-8.7358,25.6022
-8.7491,25.6246
-8.7698,25.6028
-8.7887,25.5907
-8.8076,25.5786
-8.8241,25.5812
-8.8301,25.6532
-8.8557,25.5960
-8.8744,25.5837
-8.8896,25.5959
-8.9007,25.6377
-8.9133,25.6696
-8.9276,25.6904
-8.9365,25.7540
-8.9676,25.6453
-8.9819,25.6672
-8.9969,25.6841
-9.0149,25.6762
-9.0300,25.6930
-9.0446,25.7148
-9.0403,25.9124
-9.0944,25.7302
-9.1124,25.7219
-9.1264,25.7534
-9.1458,25.7302
-9.1623,25.7367
-9.1763,25.7731
-9.1852,25.8711
-9.2080,25.8058
-9.2237,25.8271
-9.2405,25.8334
-9.2585,25.8247
-9.2761,25.8209
-9.2937,25.8171
-9.3090,25.8482
-9.3284,25.8153
-9.3423,25.8752
-9.3581,25.9061
-9.3754,25.9091
-9.3929,25.9099
-9.4112,25.8937
-9.4256,25.9664
-9.4599,25.9978
-9.4765,26.0334
-9.4957,25.9918
-9.5136,25.9845
-9.5315,25.9800
-9.5525,25.8245
-9.5872,25.8151
-9.6044,25.8154
-9.6199,25.9993
-9.6377,25.9944
-9.6555,25.9845
-9.6733,25.9745
-9.6913,26.1017
-9.7087,25.9745
-9.7266,25.9993
-9.7448,26.0341
-9.7626,26.0288
-9.7803,26.0185
-9.7977,25.9982
-9.8157,26.0078
-9.8522,26.0368
-9.8709,26.0612
-9.8903,26.1005
-9.9085,26.1048
-9.9267,26.1064
-9.9456,26.1233
-9.9822,26.1265
-9.6953,20.4605
-10.0190,26.1345
-10.0364,26.1209
-10.0557,26.1373
-10.0739,26.1362
-10.0991,26.2371
-10.1124,26.1635
-10.1314,26.1722
-10.1512,26.1907
-10.1700,26.1942
-10.1871,26.1778
-10.2080,26.2060
-10.2291,26.2342
-10.2689,26.2606
-10.2914,26.2986
-10.3080,26.2768
-10.3287,26.2948
-10.3479,26.2977
-10.3710,26.3354
-10.4057,26.3063
-10.4220,26.2842
-10.4406,26.2820
-10.4617,26.2995
-10.4753,26.2575
-10.4958,26.2699
-10.5369,26.4334
-10.5316,26.2549
-10.5676,26.3759
-10.5844,26.3584
-10.6017,26.3458
-10.6220,26.3528
-10.6416,26.3549
-10.6628,26.3668
-10.7021,26.3706
-10.7235,26.3822
-10.7441,26.3889
-10.7647,26.3955
-10.7854,26.4021
-10.8044,26.3987
-10.8414,26.3869
-10.8612,26.3883
-10.8821,26.3945
-10.9086,26.4301
-10.9393,26.4851
-10.9693,26.5351
-11.0062,26.6174
-11.0192,26.5810
-11.0346,26.5574
-11.0571,26.5680
-11.0935,26.6419
-11.1149,26.6456
-11.1292,26.6168
-11.1521,26.6270
-11.1666,26.6000
-11.1862,26.5955
-11.2058,26.5910
-11.2299,26.6058
-11.2565,26.6302
-11.2869,26.6691
-11.3006,26.6400
-11.3400,26.6301
-11.3584,26.6203
-11.3806,26.6248
-11.4053,26.6390
-11.4289,26.6483
-11.4460,26.6333
-11.4866,26.6274
-11.5264,26.6940
-11.5640,26.7509
-11.5922,26.7740
-11.6165,26.7826
-11.6352,26.7720
-11.6463,26.7358
-11.7080,26.7957
-11.7355,26.8134
-11.7616,26.8263
-11.7878,26.8391
-11.8141,26.8518
-11.8390,26.8597
-11.8858,26.8656
-11.9109,26.8731
-11.9344,26.8759
-11.9596,26.8833
-11.9832,26.8859
-12.0053,26.8837
-12.0395,26.8507
-12.0631,26.8530
-12.0989,26.8893
-12.1177,26.8773
-12.0729,26.6902
-12.1013,26.7065
-12.1411,26.6918
-12.1715,26.7124
-12.2588,26.8825
-12.3064,26.9458
-12.3180,26.9145
-12.3476,26.9298
-12.3938,26.9868
-12.4352,26.9704
-12.4989,27.0686
-12.5365,27.1010
-12.5408,27.0515
-12.6054,27.1483
-12.6516,27.1995
-12.6829,27.1545
-12.6903,27.1133
-12.7114,27.1042
-12.7544,27.1454
-12.8098,27.2139
-12.8635,27.2775
-12.9236,27.3542
-12.9333,27.3174
-12.9097,27.2076
-13.0161,27.3838
-13.0318,27.3603
-13.0704,27.3863
-13.0753,27.3398
-13.0950,27.3251
-13.1644,27.3585
-13.2058,27.3885
-13.2452,27.4139
-13.2848,27.4391
-13.3135,27.4417
-13.3289,27.4173
-13.3842,27.4175
-13.4039,27.4019
-13.4464,27.4307
-13.4891,27.4593
-13.5112,27.4478
-13.5495,27.4672
-13.6243,27.5011
-13.6772,27.5465
-13.7209,27.5740
-13.7863,27.6408
-13.8306,27.6678
-13.8485,27.6466
-13.9443,27.7656
-13.9036,27.6388
-13.9582,27.6827
-14.0056,27.7132
-14.0483,27.7349
-14.1011,27.7737
-14.1192,27.7517
-14.1875,27.8160
-14.3050,27.9091
-14.3827,27.9863
-14.3776,27.9240
-14.3624,27.8457
-14.4298,27.9042
-14.4741,27.9240
-14.5526,27.9460
-14.6325,28.0214
-14.5706,27.8700
-14.6126,27.8849
-14.7031,27.9753
-14.7752,28.0359
-14.8310,28.0177
-14.8685,28.0231
-14.8594,27.9574
-14.8885,27.9502
-14.9731,28.0259
-15.2150,28.3351
-15.2258,28.2978
-15.2967,28.2434
-15.3440,28.2593
-15.3685,28.2423
-14.2188,23.8174
-14.2412,23.7900
-14.2446,23.7700
-14.2556,23.7563
-14.2588,23.7363
-14.2737,23.7256
-14.2916,23.6949
-14.3025,23.6810
-14.3093,23.6641
-14.3200,23.6502
-14.3268,23.6332
-14.3374,23.6192
-14.3546,23.5881
-14.3651,23.5741
-14.3756,23.5600
-14.3861,23.5459
-14.3924,23.5288
-14.4028,23.5146
-14.4131,23.5004
-14.4335,23.4719
-14.4437,23.4576
-14.4538,23.4433
-14.4639,23.4289
-14.4740,23.4146
-14.4840,23.4002
-14.5038,23.3712
-14.5137,23.3567
-14.5235,23.3422
-14.5291,23.3249
-14.5264,23.3020
-14.5361,23.2874
-14.8792,22.5822
-14.8687,22.5579
-14.8716,22.5402
-14.8699,22.5203
-14.8954,22.5132
-14.9208,22.5059
-14.9462,22.4985
-14.9535,22.4827
-14.9633,22.4489
-14.9704,22.4330
-14.9774,22.4171
-14.9844,22.4012
-14.9914,22.3853
-15.0029,22.3713
-15.0098,22.3553
-15.0280,22.3252
-15.0347,22.3091
-15.0460,22.2949
-15.0526,22.2788
-15.0592,22.2627
-15.0704,22.2484
-15.0833,22.2160
-15.0897,22.1997
-15.0961,22.1835
-15.1071,22.1690
-15.0993,22.1473
-15.0961,22.1275
-15.1131,22.0967
-15.1721,22.0812
-15.1592,22.0579
-15.1463,22.0347
-15.1428,22.0149
-17.4044,19.7418
-17.3990,19.7188
-17.3962,19.6725
-17.4199,19.6480
-17.5990,19.3513
-17.6369,19.2755
-17.6444,19.2506
-17.6317,19.2278
-17.6340,19.2034
-17.6314,19.1795
-17.6408,19.1300
-17.6429,19.1055
-17.6449,19.0810
-17.6568,19.0552
-17.6685,19.0293
-17.7000,19.0007
-17.7430,18.9456
-17.7841,18.9151
-17.8251,18.8842
-17.8413,18.8568
-17.8722,18.8271
-17.8733,18.8017
-17.8804,18.7502
-17.8911,18.7231
-17.9068,18.6952
-17.9223,18.6671
-17.9427,18.6381
-17.9679,18.6081
-17.9835,18.5539
-18.0084,18.5235
-18.0332,18.4929
-18.0579,18.4621
-18.0824,18.4313
-18.1069,18.4002
-18.1310,18.3426
-18.1551,18.3111
-18.1742,18.2805
-18.1933,18.2498
-18.2122,18.2190
-18.2310,18.1880
-18.2545,18.1558
-18.3309,18.1114
-18.2770,18.0965
-18.3051,18.0627
-18.3282,18.0300
-18.3561,17.9959
-18.3790,17.9628
-18.4066,17.9283
-18.4719,17.8842
-18.4275,17.8674
-18.4547,17.8325
-18.4867,17.7961
-18.5233,17.7583
-18.5550,17.7216
-18.5913,17.6833
-18.6263,17.6451
-18.6202,17.6179
-18.6514,17.5804
-18.6775,17.5440
-18.6987,17.5088
-18.7246,17.4720
-18.7504,17.4351
-18.7679,17.3708
-18.7933,17.3334
-18.8185,17.2959
-18.8436,17.2582
-18.8685,17.2203
-18.8933,17.1823
-18.9091,17.1164
-18.9287,17.0794
-18.9530,17.0408
-18.9771,17.0020
-19.0010,16.9630
-19.0295,16.9223
-19.0483,16.8532
-19.0811,16.8104
-19.1090,16.7689

# FrameTime=1781596547.91, PointCount=643
-4.3616,23.6673
-4.3783,23.6792
-4.3750,23.7048
-4.4001,23.7109
-4.4603,23.6925
-4.4939,23.6922
-4.5007,23.7106
-4.5339,23.7103
-4.4146,23.8186
-4.5245,23.7871
-4.6245,23.7379
-4.5872,23.7884
-4.5801,23.8171
-4.6377,23.7981
-4.6468,23.8147
-4.5080,23.9665
-5.8879,22.9435
-5.9566,22.9266
-6.0042,22.9076
-6.0211,22.9121
-6.0135,22.9357
-6.0500,22.9247
-6.0625,22.9324
-6.0681,22.9456
-6.0793,22.9544
-6.0880,22.9652
-6.0967,22.9759
-6.1093,22.9835
-6.1180,22.9941
-6.1512,22.9846
-6.2059,22.9569
-6.2107,22.9705
-6.2194,22.9809
-6.2282,22.9913
-6.0267,23.1809
-6.0935,23.1426
-5.1730,23.9560
-6.0510,23.2169
-5.1813,23.9961
-5.2306,23.9766
-6.2596,23.0900
-6.2762,23.0936
-6.2721,23.1340
-6.2591,23.1643
-6.2684,23.1745
-5.2437,24.1331
-5.2616,24.1412
-5.2775,24.1510
-5.3239,24.1567
-5.3435,24.1629
-5.3123,24.2172
-5.3841,24.1735
-5.4000,24.1829
-5.4196,24.1887
-5.4053,24.2274
-5.4693,24.1897
-5.5173,24.1672
-5.5296,24.1797
-5.5490,24.1850
-5.5564,24.2024
-5.5688,24.2147
-5.5742,24.2341
-5.5672,24.2663
-5.5958,24.2622
-5.6188,24.2637
-5.6349,24.2722
-5.6820,24.2482
-5.7296,24.2232
-5.7462,24.2306
-5.7849,24.2395
-5.7906,24.2585
-5.8092,24.2636
-5.7686,24.3332
-5.7599,24.3686
-5.7942,24.3566
-5.8398,24.3319
-5.8559,24.3396
-5.8820,24.3362
-5.9080,24.3326
-5.9471,24.3139
-5.9271,24.3626
-5.9473,24.3654
-5.9698,24.3915
-5.9885,24.3959
-6.0080,24.3993
-5.9948,24.4414
-6.0111,24.4486
-6.0243,24.4595
-6.0406,24.4666
-6.0487,24.4837
-6.0746,24.4791
-6.0929,24.4836
-6.1125,24.4865
-6.1320,24.4894
-6.1359,24.5117
-6.1473,24.5248
-6.1534,24.5447
-6.2079,24.5026
-6.2274,24.5051
-6.2338,24.5243
-6.2563,24.5228
-6.2938,24.5013
-6.2435,24.5953
-6.3204,24.5215
-6.3189,24.5515
-6.3264,24.5695
-6.3348,24.5865
-6.3417,24.6056
-6.3767,24.5862
-6.3961,24.5880
-6.3852,24.6317
-6.4610,24.5548
-6.4571,24.5889
-6.4880,24.5740
-6.4872,24.6040
-6.4808,24.6422
-6.4746,24.6805
-6.4250,24.7821
-6.4797,24.7325
-6.5379,24.6772
-6.5291,24.7200
-6.5517,24.7166
-6.5719,24.7165
-6.5942,24.7133
-6.5796,24.7657
-6.6513,24.6871
-6.6706,24.6878
-6.6284,24.7835
-6.6507,24.7800
-6.6755,24.7722
-6.6977,24.7685
-6.7198,24.7647
-6.7197,24.7962
-6.7453,24.7866
-6.7543,24.8039
-6.7659,24.8169
-6.7742,24.8353
-6.8064,24.8143
-6.8164,24.8300
-6.7940,24.9001
-6.8569,24.8269
-6.8914,24.8010
-6.9182,24.7878
-6.9373,24.7874
-6.9341,24.8258
-6.9434,24.8427
-6.9405,24.8813
-6.9672,24.8676
-6.9743,24.8888
-6.9791,24.9142
-7.0008,24.9093
-7.0153,24.9173
-7.0641,24.8624
-7.0421,24.9376
-7.0906,24.8824
-7.0886,24.9209
-7.1148,24.9066
-7.1146,24.9422
-7.1177,24.9721
-7.1332,24.9782
-7.1456,24.9902
-7.1710,24.9770
-7.1925,24.9711
-7.2005,24.9919
-7.1893,25.0515
-7.2167,25.0336
-7.2390,25.0260
-7.2648,25.0108
-7.2354,25.1095
-7.2967,25.0207
-7.2592,25.1376
-7.3108,25.0678
-7.3554,25.0118
-7.3660,25.0277
-7.3559,25.0889
-7.3376,25.1687
-7.3991,25.0740
-7.3970,25.1186
-7.4305,25.0845
-7.4516,25.0776
-7.4827,25.0477
-7.4976,25.0543
-7.4650,25.1707
-7.5335,25.0535
-7.5504,25.0553
-7.5634,25.0663
-7.5803,25.0680
-7.5953,25.0742
-7.6160,25.0666
-7.5839,25.1882
-7.6404,25.0927
-7.6592,25.0895
-7.6688,25.1094
-7.6607,25.1741
-7.6851,25.1569
-7.7004,25.1628
-7.7032,25.2014
-7.6522,25.3817
-7.7299,25.2239
-7.7401,25.2437
-7.7660,25.2215
-7.7729,25.2507
-7.7901,25.2516
-7.8074,25.2526
-7.8213,25.2628
-7.8407,25.2574
-7.8579,25.2581
-7.8664,25.2840
-7.9005,25.2359
-7.9127,25.2506
-7.9140,25.2985
-7.9339,25.2911
-7.9371,25.3341
-7.9668,25.2967
-7.9901,25.2780
-7.9981,25.3068
-8.0033,25.3452
-8.0167,25.3581
-8.0296,25.3726
-8.0614,25.3823
-8.0912,25.3409
-8.0985,25.3744
-8.1201,25.3599
-8.1332,25.3740
-8.1587,25.3451
-8.1541,25.4217
-8.1971,25.3301
-8.2129,25.3345
-8.2261,25.3485
-8.2445,25.3432
-8.2487,25.3907
-8.2583,25.4191
-8.2617,25.4718
-8.2830,25.4564
-8.3016,25.4509
-8.3214,25.4405
-8.3375,25.4445
-8.3560,25.4388
-8.3745,25.4331
-8.3778,25.4905
-8.4090,25.4311
-8.4288,25.4187
-8.4400,25.4434
-8.4562,25.4471
-8.4734,25.4459
-8.4927,25.4348
-8.5120,25.4237
-8.4946,25.5836
-8.5451,25.4257
-8.5592,25.4389
-8.5676,25.4797
-8.5849,25.4781
-8.6021,25.4764
-8.6106,25.5188
-8.6059,25.6317
-8.6396,25.5447
-8.6513,25.5737
-8.6678,25.5767
-8.6852,25.5748
-8.7000,25.5876
-8.7157,25.5954
-8.7224,25.6559
-8.7488,25.6010
-8.7670,25.5939
-8.7836,25.5966
-8.8017,25.5894
-8.8183,25.5920
-8.8341,25.5995
-8.8426,25.6567
-8.8673,25.6044
-8.8825,25.6167
-8.8971,25.6338
-8.9111,25.6559
-8.9265,25.6680
-8.9467,25.6442
-8.9615,25.6612
-8.9739,25.6992
-8.9937,25.6765
-9.0107,25.6773
-9.0241,25.7090
-9.0394,25.7258
-9.0525,25.7624
-9.0717,25.7444
-9.0804,25.8277
-9.1063,25.7430
-9.1247,25.7297
-9.1413,25.7363
-9.1601,25.7180
-9.1731,25.7643
-9.1880,25.7906
-9.2036,25.8120
-9.2377,25.8196
-9.2553,25.8159
-9.2722,25.8222
-9.2904,25.8084
-9.3057,25.8394
-9.3260,25.7917
-9.3368,25.9034
-9.3568,25.8574
-9.3715,25.9103
-9.3890,25.9112
-9.4062,25.9199
-9.4222,25.9577
-9.4390,25.9784
-9.4548,26.0341
-9.4669,26.2071
-9.4917,25.9981
-9.5098,25.9858
-9.5279,25.9713
-9.5452,25.9917
-9.5662,25.8162
-9.5806,26.0002
-9.6007,25.8167
-9.6162,25.9956
-9.6340,25.9908
-9.6518,25.9809
-9.6696,25.9709
-9.6873,25.9709
-9.7051,25.9908
-9.7408,26.0055
-9.7588,26.0202
-9.7765,26.0100
-9.7940,25.9946
-9.8120,26.0042
-9.8306,26.0337
-9.8515,26.1354
-9.8672,26.0576
-9.8864,26.0920
-9.9044,26.0913
-9.9229,26.1005
-9.9412,26.1048
-9.9598,26.1139
-9.9831,26.2152
-9.9963,26.1171
-9.6944,20.4519
-10.0327,26.1173
-10.0520,26.1338
-10.0708,26.1426
-10.0897,26.1514
-10.1094,26.1700
-10.1475,26.1872
-10.1666,26.1957
-10.1854,26.1992
-10.2034,26.1926
-10.2222,26.1960
-10.2452,26.2440
-10.2871,26.2902
-10.3063,26.2933
-10.3229,26.2715
-10.3425,26.2794
-10.3611,26.2774
-10.3798,26.2753
-10.4149,26.4147
-10.4164,26.2660
-10.4350,26.2637
-10.4554,26.2763
-10.4747,26.2789
-10.4946,26.2863
-10.5159,26.3036
-10.5367,26.3159
-10.5770,26.3304
-10.5979,26.3425
-10.6175,26.3446
-10.6378,26.3516
-10.6582,26.3585
-10.6786,26.3654
-10.7188,26.3740
-10.7402,26.3856
-10.7634,26.4070
-10.7807,26.3939
-10.7997,26.3905
-10.8186,26.3871
-10.8348,26.3689
-10.8764,26.3815
-10.9029,26.4170
-10.9345,26.4770
-10.9635,26.5222
-10.9957,26.5819
-11.0143,26.5730
-11.0574,26.5843
-11.0864,26.6241
-11.1121,26.6473
-11.1290,26.6301
-11.1471,26.6190
-11.1605,26.5872
-11.2019,26.5879
-11.2202,26.5784
-11.2526,26.6271
-11.2813,26.6594
-11.2967,26.6369
-11.3176,26.6369
-11.3541,26.6980
-11.3558,26.6220
-11.3767,26.6218
-11.4001,26.6311
-11.4249,26.6452
-11.4460,26.6448
-11.4578,26.6105
-11.5000,26.6869
-11.5519,26.7191
-11.5800,26.7422
-11.6153,26.7892
-11.6420,26.8059
-11.6381,26.7185
-11.6753,26.7700
-11.7300,26.8057
-11.7561,26.8186
-11.7823,26.8314
-11.8101,26.8489
-11.8350,26.8568
-11.8599,26.8645
-11.9053,26.8655
-11.9320,26.8778
-11.9588,26.8899
-11.9776,26.8783
-11.9948,26.8619
-12.0200,26.8691
-12.0371,26.8526
-12.0795,26.9079
-12.0949,26.8865
-12.1154,26.8792
-12.1137,26.8108
-12.0957,26.6990
-12.1208,26.7057
-12.1441,26.7077
-12.2530,26.8751
-12.3006,26.9384
-12.3140,26.9118
-12.3363,26.9085
-12.3842,26.9702
-12.4031,26.9574
-12.4836,27.0381
-12.5362,27.1076
-12.5405,27.0581
-12.5936,27.1272
-12.6379,27.1738
-12.6672,27.1839
-12.7313,27.2755
-12.6882,27.1153
-12.7074,27.1016
-12.7464,27.1337
-12.8077,27.2159
-12.8531,27.2608
-12.9175,27.3471
-12.9292,27.3149
-12.9954,27.3452
-13.0297,27.3624
-13.0684,27.3885
-13.0733,27.3419
-13.0930,27.3271
-13.1276,27.3439
-13.1994,27.3816
-13.2388,27.4070
-13.2784,27.4322
-13.3115,27.4437
-13.3336,27.4328
-13.3579,27.4262
-13.4543,27.5624
-13.3975,27.3951
-13.4399,27.4239
-13.4803,27.4481
-13.5047,27.4410
-13.5430,27.4605
-13.5908,27.4974
-13.7093,27.6668
-13.6636,27.5266
-13.7191,27.5761
-13.7773,27.6298
-13.8335,27.6787
-13.8587,27.6706
-13.8960,27.6842
-13.9335,27.6977
-13.9989,27.7067
-14.0415,27.7284
-14.0894,27.7586
-14.1149,27.7496
-14.1735,27.7974
-14.2670,27.9037
-14.3673,28.0199
-14.3828,27.9919
-14.3963,27.9606
-14.3607,27.8480
-14.4099,27.8766
-14.4567,27.9007
-14.4802,27.8863
-14.6042,28.0343
-14.4900,27.7980
-14.5636,27.8639
-14.6029,27.8745
-14.6853,27.9524
-14.7627,28.0214
-14.7947,28.0187
-14.8131,27.9949
-14.8523,27.9514
-14.8924,27.9608
-14.9493,27.9950
-15.2021,28.3210
-15.2269,28.3043
-15.2951,28.2458
-15.3367,28.2535
-15.3640,28.2406
-15.4086,28.2522
-14.1892,23.8161
-14.2383,23.7880
-14.2378,23.7648
-14.2527,23.7542
-14.2598,23.7374
-14.2708,23.7236
-14.2778,23.7067
-14.2996,23.6790
-14.3064,23.6620
-14.3172,23.6481
-14.3239,23.6311
-14.3346,23.6172
-14.3412,23.6001
-14.3623,23.5721
-14.3688,23.5550
-14.3792,23.5409
-14.3896,23.5268
-14.3999,23.5126
-14.4102,23.4984
-14.4205,23.4842
-14.4409,23.4556
-14.4510,23.4413
-14.4611,23.4270
-14.4712,23.4126
-14.4812,23.3982
-14.4911,23.3837
-14.5109,23.3548
-14.5207,23.3402
-14.5264,23.3229
-14.5236,23.3000
-14.5333,23.2854
-14.8767,22.5803
-14.8662,22.5561
-14.8691,22.5383
-14.8674,22.5185
-14.8929,22.5113
-14.9319,22.5104
-14.9483,22.4988
-14.9510,22.4809
-14.9537,22.4630
-14.9679,22.4312
-14.9704,22.4133
-14.9820,22.3994
-14.9935,22.3855
-15.0050,22.3715
-15.0165,22.3574
-15.0347,22.3273
-15.0415,22.3112
-15.0482,22.2951
-15.0548,22.2789
-15.0614,22.2628
-15.0680,22.2466
-15.0809,22.2142
-15.0874,22.1980
-15.0937,22.1817
-15.1000,22.1654
-15.0969,22.1456
-15.1078,22.1311
-15.1576,22.1124
-15.2246,22.1184
-15.1744,22.0811
-15.1569,22.0561
-15.1487,22.0346
-15.1357,22.0115
-17.4029,19.7409
-17.3925,19.7181
-17.3958,19.6947
-17.3934,19.6484
-17.5976,19.3504
-17.6355,19.2746
-17.6380,19.2502
-17.6353,19.2264
-17.6377,19.2020
-17.6350,19.1781
-17.6395,19.1291
-17.6465,19.1040
-17.6486,19.0795
-17.6703,19.0524
-17.6821,19.0265
-17.7087,18.9985
-17.7550,18.9676
-17.8308,18.9323
-17.7927,18.9128
-17.8288,18.8827
-17.8499,18.8546
-17.8759,18.8255
-17.8771,18.8002
-17.8880,18.7732
-17.9432,18.7391
-17.8949,18.7215
-17.9105,18.6936
-17.9261,18.6655
-17.9514,18.6356
-17.9717,18.6064
-17.9918,18.5771
-18.0607,18.5388
-18.0122,18.5218
-18.0321,18.4921
-18.0568,18.4614
-18.0764,18.4315
-18.1058,18.3995
-18.1351,18.3673
-18.1882,18.3300
-18.1590,18.3094
-18.1781,18.2788
-18.1922,18.2491
-18.2112,18.2183
-18.2300,18.1873
-18.2584,18.1540
-18.2760,18.0958
-18.2993,18.0632
-18.3273,18.0293
-18.3503,17.9964
-18.3780,17.9621
-18.4008,17.9289
-18.4217,17.8680
-18.4538,17.8319
-18.4858,17.7956
-18.5176,17.7590
-18.5542,17.7210
-18.5857,17.6840
-18.6146,17.6187
-18.6458,17.5812
-18.6767,17.5434
-18.7028,17.5069
-18.7287,17.4701
-18.7545,17.4332
-18.7720,17.3688
-18.7974,17.3315
-18.8274,17.2925
-18.8525,17.2548
-18.8774,17.2169
-18.9022,17.1788
-18.9180,17.1129
-18.9424,17.0744
-18.9666,17.0357
-18.9907,16.9969
-19.0147,16.9579
-19.0384,16.9187
-19.0668,16.8777
-19.0853,16.8083

# FrameTime=1781596548.01, PointCount=637
-4.3657,23.6645
-4.3892,23.6951
-4.4124,23.7024
-4.4644,23.6896
-4.5048,23.7078
-4.5176,23.7219
-4.4502,23.8169
-4.5569,23.7637
-4.6205,23.7409
-4.5670,23.8031
-4.5841,23.8141
-4.6296,23.8040
-4.6580,23.8298
-4.7252,23.8026
-4.7165,23.8326
-4.7239,23.8505
-4.7808,23.8303
-4.7763,23.8572
-4.8856,23.8187
-6.0346,22.9545
-6.0550,22.9561
-6.0797,22.9540
-6.0893,22.9641
-6.0967,22.9759
-6.1067,22.9855
-6.1194,22.9930
-6.1307,23.0016
-6.1433,23.0090
-6.1521,23.0196
-6.1648,23.0269
-6.1661,23.0439
-6.1649,23.0630
-6.2344,23.0216
-6.2546,23.0221
-6.2672,23.0291
-6.2761,23.0393
-6.1343,23.1820
-6.1020,23.2295
-5.2548,24.0264
-5.1796,24.1181
-6.2665,23.1576
-6.2942,23.1510
-6.2924,23.1712
-5.2653,24.1378
-6.3022,23.2186
-5.3239,24.1567
-5.3471,24.1595
-5.3212,24.2088
-5.3805,24.1769
-5.3893,24.1932
-5.3857,24.2215
-5.4248,24.2084
-5.4729,24.1862
-5.5173,24.1672
-5.5331,24.1762
-5.5454,24.1886
-5.5564,24.2024
-5.5653,24.2183
-5.5902,24.2428
-5.6028,24.2551
-5.6153,24.2673
-5.6349,24.2722
-5.6855,24.2445
-5.6822,24.2731
-5.7352,24.2423
-5.7656,24.2351
-5.7849,24.2395
-5.7899,24.2593
-5.8024,24.2709
-5.7720,24.3296
-5.7632,24.3649
-5.8398,24.3319
-5.8559,24.3396
-5.8754,24.3436
-5.9047,24.3363
-5.9471,24.3139
-5.9271,24.3626
-5.9100,24.4084
-5.9602,24.3766
-5.9698,24.3915
-5.9918,24.3921
-6.0015,24.4069
-5.9948,24.4414
-6.0111,24.4486
-6.0275,24.4557
-6.0088,24.5052
-6.0570,24.4736
-6.0766,24.4767
-6.0961,24.4797
-6.1156,24.4826
-6.1257,24.4972
-6.1359,24.5117
-6.1368,24.5380
-6.1700,24.5235
-6.2049,24.5065
-6.2182,24.5169
-6.2307,24.5283
-6.2593,24.5188
-6.2938,24.5013
-6.2405,24.5993
-6.3204,24.5215
-6.3189,24.5515
-6.3234,24.5735
-6.3348,24.5865
-6.3454,24.6005
-6.3796,24.5822
-6.3540,24.6461
-6.4126,24.5938
-6.4552,24.5630
-6.4600,24.5848
-6.4851,24.5781
-6.4843,24.6081
-6.4779,24.6463
-6.4746,24.6805
-6.4797,24.7325
-6.5379,24.6772
-6.5235,24.7283
-6.5461,24.7249
-6.5747,24.7124
-6.5886,24.7216
-6.6046,24.7279
-6.6513,24.6871
-6.6706,24.6878
-6.6284,24.7835
-6.6534,24.7758
-6.6755,24.7722
-6.6977,24.7685
-6.7082,24.7831
-6.7410,24.7622
-6.7427,24.7908
-6.7516,24.8081
-6.7633,24.8211
-6.7801,24.8256
-6.8064,24.8143
-6.8129,24.8357
-6.8307,24.8385
-6.8544,24.8312
-6.8939,24.7967
-6.9157,24.7921
-6.9348,24.7917
-6.9341,24.8258
-6.9062,24.9078
-6.9750,24.8205
-6.9721,24.8589
-6.9768,24.8844
-6.9814,24.9100
-7.0032,24.9050
-7.0177,24.9129
-7.0593,24.8712
-7.0327,24.9550
-7.0906,24.8824
-7.0956,24.9077
-7.1125,24.9110
-7.1131,24.9452
-7.1200,24.9676
-7.1332,24.9782
-7.1710,24.9770
-7.1902,24.9756
-7.1983,24.9964
-7.1893,25.0515
-7.2167,25.0336
-7.2412,25.0215
-7.2356,25.0707
-7.2796,25.0180
-7.2967,25.0207
-7.2700,25.1150
-7.3193,25.0498
-7.3533,25.0163
-7.3660,25.0277
-7.3440,25.1147
-7.3585,25.1230
-7.4011,25.0695
-7.4114,25.0868
-7.4569,25.0254
-7.4536,25.0730
-7.4867,25.0386
-7.5036,25.0406
-7.4650,25.1707
-7.5335,25.0535
-7.5484,25.0599
-7.5634,25.0663
-7.5803,25.0680
-7.5953,25.0742
-7.6179,25.0620
-7.5820,25.1928
-7.6423,25.0881
-7.6574,25.0942
-7.6669,25.1141
-7.6607,25.1741
-7.6851,25.1569
-7.7004,25.1628
-7.6918,25.2309
-7.7168,25.2119
-7.7299,25.2239
-7.7454,25.2297
-7.7608,25.2355
-7.7746,25.2460
-7.7919,25.2469
-7.8074,25.2526
-7.7962,25.3331
-7.8407,25.2574
-7.8547,25.2676
-7.8686,25.2777
-7.9005,25.2359
-7.9063,25.2695
-7.9156,25.2937
-7.9054,25.3765
-7.9480,25.3010
-7.9668,25.2967
-7.9901,25.2780
-7.9981,25.3068
-8.0033,25.3452
-8.0152,25.3628
-8.0484,25.3679
-8.0629,25.3775
-8.0927,25.3361
-8.1014,25.3648
-8.1172,25.3695
-8.1332,25.3740
-8.1298,25.4460
-8.1745,25.3496
-8.1958,25.3349
-8.2102,25.3441
-8.2261,25.3485
-8.2445,25.3432
-8.2475,25.3956
-8.2506,25.4482
-8.2719,25.4329
-8.2817,25.4612
-8.3028,25.4461
-8.3190,25.4502
-8.3375,25.4445
-8.3560,25.4388
-8.3745,25.4331
-8.3708,25.5197
-8.4090,25.4311
-8.4299,25.4138
-8.4411,25.4386
-8.4573,25.4422
-8.4755,25.4361
-8.4938,25.4300
-8.5102,25.4319
-8.5291,25.4223
-8.5451,25.4257
-8.5572,25.4486
-8.5666,25.4846
-8.5839,25.4830
-8.6021,25.4764
-8.6097,25.5237
-8.6211,25.5528
-8.6396,25.5447
-8.6531,25.5639
-8.6696,25.5669
-8.6860,25.5699
-8.7008,25.5827
-8.7157,25.5954
-8.7204,25.6676
-8.7455,25.6207
-8.7678,25.5890
-8.7852,25.5868
-8.8072,25.5550
-8.8206,25.5772
-8.8356,25.5896
-8.8433,25.6518
-8.8673,25.6044
-8.8825,25.6167
-8.8978,25.6289
-8.9124,25.6460
-8.9285,25.6532
-8.9480,25.6343
-8.9481,25.7672
-8.9783,25.6633
-8.9939,25.6753
-9.0107,25.6773
-9.0241,25.7090
-9.0388,25.7308
-9.0515,25.7724
-9.0723,25.7395
-9.1063,25.7430
-9.1243,25.7347
-9.1417,25.7313
-9.1596,25.7230
-9.1735,25.7593
-9.1889,25.7807
-9.2006,25.8488
-9.2204,25.8183
-9.2373,25.8246
-9.2549,25.8209
-9.2718,25.8271
-9.2904,25.8084
-9.3054,25.8444
-9.3218,25.8604
-9.3434,25.7877
-9.3568,25.8574
-9.3713,25.9153
-9.3890,25.9112
-9.4062,25.9199
-9.4220,25.9627
-9.4389,25.9834
-9.4727,26.0347
-9.4917,25.9981
-9.5098,25.9858
-9.5278,25.9763
-9.5453,25.9867
-9.5664,25.8062
-9.5796,26.0623
-9.5983,26.0054
-9.6162,26.0006
-9.6340,25.9908
-9.6518,25.9859
-9.6696,25.9759
-9.6873,25.9609
-9.7051,25.9908
-9.7408,26.0055
-9.7588,26.0202
-9.7765,26.0100
-9.7939,25.9896
-9.8120,26.0042
-9.8306,26.0337
-9.8672,26.0576
-9.8864,26.0920
-9.9040,26.0813
-9.9225,26.0906
-9.9480,26.2569
-9.6910,20.4521
-9.9963,26.1171
-9.6947,20.4568
-10.0324,26.1123
-10.0523,26.1388
-10.0705,26.1376
-10.0894,26.1464
-10.1090,26.1650
-10.1467,26.1772
-10.1658,26.1857
-10.1854,26.1992
-10.2038,26.1976
-10.2240,26.2159
-10.2452,26.2440
-10.2866,26.2852
-10.3063,26.2933
-10.3239,26.2814
-10.3425,26.2794
-10.3617,26.2824
-10.3803,26.2803
-10.4182,26.2809
-10.4368,26.2786
-10.4554,26.2763
-10.4747,26.2789
-10.4933,26.2764
-10.5092,26.2541
-10.5353,26.3060
-10.5770,26.3304
-10.5979,26.3425
-10.6182,26.3495
-10.6386,26.3565
-10.6590,26.3635
-10.6794,26.3703
-10.7197,26.3790
-10.7402,26.3856
-10.7634,26.4070
-10.7807,26.3939
-10.7997,26.3905
-10.8186,26.3871
-10.8780,26.6027
-10.8537,26.3654
-10.8764,26.3815
-10.9038,26.4219
-10.9345,26.4770
-10.9635,26.5222
-10.9947,26.5770
-11.0280,26.6396
-11.0317,26.5591
-11.0532,26.5648
-11.0885,26.6339
-11.1121,26.6473
-11.1290,26.6301
-11.1420,26.5965
-11.1616,26.5921
-11.2007,26.5830
-11.2202,26.5784
-11.2515,26.6223
-11.2813,26.6594
-11.2967,26.6369
-11.3164,26.6320
-11.3553,26.7028
-11.3520,26.6075
-11.3716,26.6025
-11.3989,26.6263
-11.4249,26.6452
-11.4460,26.6448
-11.4591,26.6153
-11.5421,26.8395
-11.5198,26.6814
-11.5560,26.7335
-11.5842,26.7566
-11.6153,26.7893
-11.6406,26.8011
-11.6381,26.7185
-11.6738,26.7653
-11.7333,26.8897
-11.7315,26.8105
-11.7591,26.8282
-11.7838,26.8362
-11.8101,26.8489
-11.8350,26.8568
-11.8599,26.8645
-11.9053,26.8655
-11.9304,26.8730
-11.9540,26.8757
-11.9744,26.8688
-11.9916,26.8524
-12.0168,26.8596
-12.0355,26.8478
-12.0811,26.9126
-12.1000,26.9006
-12.1204,26.8933
-12.1222,26.8343
-12.1008,26.7130
-12.1259,26.7198
-12.1529,26.7312
-12.2335,26.8237
-12.3006,26.9384
-12.3140,26.9118
-12.3382,26.9132
-12.3842,26.9702
-12.4049,26.9620
-12.4836,27.0381
-12.5195,27.0667
-12.5386,27.0535
-12.5975,27.1365
-12.6379,27.1738
-12.6633,27.1747
-12.6863,27.1107
-12.7093,27.1062
-12.7504,27.1428
-12.8115,27.2246
-12.8572,27.2700
-12.9175,27.3471
-12.8903,27.2284
-12.9975,27.3497
-13.0130,27.3261
-13.0788,27.4110
-13.0754,27.3464
-13.0930,27.3271
-13.1297,27.3485
-13.2016,27.3861
-13.2366,27.4025
-13.2762,27.4277
-13.3071,27.4348
-13.3336,27.4328
-13.3535,27.4173
-13.4498,27.5535
-13.3975,27.3951
-13.4399,27.4239
-13.4826,27.4525
-13.5047,27.4410
-13.5430,27.4605
-13.5931,27.5018
-13.7093,27.6668
-13.6636,27.5266
-13.7191,27.5761
-13.7773,27.6298
-13.8335,27.6787
-13.8587,27.6706
-13.8960,27.6842
-13.9310,27.6933
-13.9989,27.7067
-14.0415,27.7284
-14.0919,27.7629
-14.1149,27.7496
-14.1710,27.7931
-14.2670,27.9037
-14.3647,28.0156
-14.3879,28.0004
-14.3963,27.9606
-14.3607,27.8480
-14.4099,27.8766
-14.4567,27.9007
-14.5305,27.9682
-14.6068,28.0386
-14.4874,27.7938
-14.5636,27.8639
-14.6029,27.8745
-14.6880,27.9566
-14.7601,28.0172
-14.7947,28.0187
-14.8765,28.0926
-14.8368,27.9794
-14.8550,27.9556
-14.8897,27.9566
-14.9465,27.9908
-15.1994,28.3168
-15.2269,28.3043
-15.2923,28.2417
-15.3367,28.2535
-15.3612,28.2365
-15.4057,28.2481
-14.2352,23.8312
-14.2378,23.7648
-14.2527,23.7542
-14.2598,23.7374
-14.2708,23.7236
-14.2778,23.7067
-14.2956,23.6759
-14.3064,23.6620
-14.3132,23.6451
-14.3239,23.6311
-14.3306,23.6141
-14.3412,23.6001
-14.3518,23.5861
-14.3688,23.5550
-14.3792,23.5409
-14.3896,23.5268
-14.3999,23.5126
-14.4102,23.4984
-14.4205,23.4842
-14.4409,23.4556
-14.4510,23.4413
-14.4611,23.4270
-14.4712,23.4126
-14.4812,23.3982
-14.4911,23.3837
-14.5068,23.3520
-14.5166,23.3374
-14.5264,23.3229
-14.5236,23.3000
-14.5291,23.2827
-14.5471,23.2736
-14.8617,22.5539
-14.8691,22.5383
-14.8674,22.5185
-14.9382,22.5325
-14.9364,22.5125
-14.9465,22.4788
-14.9537,22.4630
-14.9608,22.4471
-14.9633,22.4292
-14.9658,22.4113
-14.9774,22.3974
-14.9959,22.3675
-15.0073,22.3535
-15.0187,22.3394
-15.0301,22.3253
-15.0369,22.3093
-15.0482,22.2951
-15.0614,22.2628
-15.0680,22.2466
-15.0745,22.2304
-15.0809,22.2142
-15.0874,22.1980
-15.0937,22.1817
-15.1156,22.1527
-15.1031,22.1293
-15.1140,22.1147
-15.1295,22.1019
-15.1556,22.0743
-15.1393,22.0312
-15.1357,22.0115
-17.3995,19.7642
-17.4075,19.7174
-17.3914,19.6949
-17.4046,19.6710
-17.5827,19.3518
-17.5954,19.3266
-17.5679,19.3053
-17.6405,19.2741
-17.6378,19.2503
-17.6402,19.2258
-17.6677,19.1987
-17.6400,19.1775
-17.6422,19.1530
-17.6593,19.1268
-17.6664,19.1016
-17.6833,19.0752
-17.6753,19.0518
-17.7813,19.0136
-17.6988,18.9998
-17.7401,18.9697
-17.7813,18.9393
-17.8274,18.9079
-17.8486,18.8798
-17.8648,18.8524
-17.8956,18.8225
-17.8721,18.8009
-17.8831,18.7740
-17.8940,18.7470
-17.9097,18.7191
-17.9253,18.6911
-17.9458,18.6621
-17.9618,18.6082
-17.9869,18.5780
-18.0070,18.5486
-18.0319,18.5181
-18.0517,18.4884
-18.0764,18.4576
-18.0960,18.4014
-18.1204,18.3702
-18.1397,18.3399
-18.1639,18.3084
-18.1879,18.2768
-18.2069,18.2460
-18.2251,18.1884
-18.2438,18.1573
-18.2673,18.1249
-18.2906,18.0925
-18.3139,18.0598
-18.3419,18.0259
-18.3649,17.9929
-18.4306,17.9494
-18.3862,17.9324
-18.4089,17.8991
-18.4363,17.8643
-18.4684,17.8282
-18.5003,17.7918
-18.5252,17.7286
-18.5567,17.6918
-18.5881,17.6547
-18.6146,17.6187
-18.6458,17.5812
-18.6767,17.5434
-18.6951,17.4798
-18.7257,17.4416
-18.7561,17.4032
-18.7864,17.3646
-18.8165,17.3257
-18.8417,17.2882
-18.8716,17.2489
-18.8879,17.1833
-18.9173,17.1436
-18.9371,17.1068
-18.9614,17.0682
-18.9856,17.0295
-19.0097,16.9906
-19.0242,16.9235
-19.0479,16.8842
-19.0761,16.8431
-19.1042,16.8018

# FrameTime=1781596548.11, PointCount=639
-4.3394,23.6801
-4.3420,23.7017
-4.3777,23.7008
-4.4133,23.6996
-4.4429,23.7024
-4.5219,23.6936
-4.4880,23.7407
-4.4805,23.7694
-4.5160,23.7675
-4.5779,23.7464
-4.6213,23.7382
-4.5728,23.8203
-4.6184,23.8103
-4.6436,23.8150
-4.6828,23.8091
-4.7300,23.7970
-4.7253,23.8239
-4.7241,23.8718
-4.7968,23.8393
-4.8062,23.8555
-4.8588,23.8378
-4.8859,23.8398
-4.9128,23.8418
-4.8911,23.8825
-4.9356,23.8703
-5.9963,23.0381
-6.0707,22.9960
-6.0911,22.9973
-6.1115,22.9986
-6.1323,22.9993
-6.1406,23.0103
-6.1456,23.0241
-6.1622,23.0282
-6.1749,23.0355
-6.1876,23.0428
-6.2041,23.0467
-6.2130,23.0571
-6.2220,23.0675
-6.2160,23.0910
-6.2363,23.0915
-6.2578,23.0908
-6.2967,23.0746
-6.3131,23.0780
-6.3222,23.0881
-6.3312,23.0982
-6.1545,23.2774
-6.2084,23.2475
-5.2659,24.1354
-6.3268,23.1761
-6.3325,23.1895
-6.3382,23.2029
-6.3622,23.1992
-6.3096,23.2680
-6.3288,23.2882
-6.3313,23.3051
-6.3339,23.3221
-5.5020,24.1560
-5.5108,24.1720
-5.5531,24.1793
-5.5549,24.2023
-5.5694,24.2125
-5.5783,24.2284
-5.5873,24.2442
-5.5998,24.2565
-5.6228,24.2579
-5.6688,24.2605
-5.6882,24.2652
-5.7297,24.2467
-5.7696,24.2294
-5.7855,24.2374
-5.7972,24.2499
-5.7887,24.3098
-5.7550,24.3724
-5.8142,24.3331
-5.8503,24.3187
-5.8930,24.2968
-5.8626,24.3565
-5.8484,24.3985
-5.9410,24.3194
-5.9243,24.3644
-5.9405,24.3718
-5.9639,24.3708
-5.9638,24.3971
-6.0020,24.3787
-5.9789,24.4322
-5.9829,24.4540
-6.0116,24.4466
-6.0252,24.4570
-6.0443,24.4608
-6.0606,24.4678
-6.0802,24.4709
-6.0997,24.4739
-6.0815,24.5235
-6.1356,24.4836
-6.1426,24.5020
-6.1497,24.5204
-6.1982,24.4863
-6.2176,24.4889
-6.2209,24.5121
-6.1942,24.5743
-6.2506,24.5288
-6.2912,24.5034
-6.3075,24.5096
-6.3059,24.5396
-6.3103,24.5616
-6.3119,24.5877
-6.3044,24.6263
-6.3428,24.6027
-6.3653,24.6006
-6.3906,24.5943
-6.4334,24.5637
-6.4498,24.5693
-6.4691,24.5708
-6.4210,24.6675
-6.4962,24.5900
-6.4955,24.6200
-6.4863,24.6623
-6.4774,24.7047
-6.4963,24.7072
-6.4933,24.7414
-6.5165,24.7375
-6.5520,24.7149
-6.5685,24.7204
-6.5945,24.7116
-6.6296,24.6888
-6.6516,24.6854
-6.6054,24.7867
-6.6342,24.7734
-6.6284,24.8135
-6.6732,24.7747
-6.6926,24.7753
-6.7165,24.7688
-6.7289,24.7804
-6.7430,24.7892
-6.7572,24.7980
-6.7522,24.8380
-6.7856,24.8154
-6.8015,24.8213
-6.8210,24.8213
-6.8430,24.8169
-6.8826,24.7825
-6.8993,24.7865
-6.8428,24.9156
-6.9376,24.7859
-6.9419,24.8113
-6.9536,24.8238
-6.9605,24.8450
-6.9650,24.8705
-6.9721,24.8916
-6.9890,24.8954
-6.9915,24.9252
-7.0204,24.9071
-7.0285,24.9267
-7.0740,24.8775
-7.0861,24.8897
-7.0982,24.9019
-7.1010,24.9316
-7.0474,25.0691
-7.1248,24.9573
-7.1372,24.9694
-7.1542,24.9725
-7.1735,24.9712
-7.1882,24.9786
-7.1857,25.0203
-7.2088,25.0114
-7.2022,25.0620
-7.2326,25.0380
-7.2628,25.0139
-7.2820,25.0122
-7.2666,25.0823
-7.2615,25.1317
-7.2617,25.1706
-7.3556,25.0105
-7.3641,25.0309
-7.3644,25.0695
-7.3856,25.0628
-7.3972,25.0773
-7.4423,25.0175
-7.4469,25.0469
-7.4193,25.1493
-7.4708,25.0738
-7.5018,25.0439
-7.5147,25.0550
-7.5336,25.0523
-7.5486,25.0587
-7.5636,25.0650
-7.5323,25.1818
-7.5955,25.0730
-7.6143,25.0700
-7.6274,25.0808
-7.6425,25.0869
-7.6612,25.0838
-7.6345,25.1947
-7.6590,25.1776
-7.6629,25.2130
-7.7041,25.1524
-7.7051,25.1956
-7.7110,25.2263
-7.7265,25.2321
-7.7507,25.2146
-7.7557,25.2485
-7.7764,25.2401
-7.7885,25.2552
-7.8058,25.2562
-7.8213,25.2617
-7.8425,25.2516
-7.8531,25.2712
-7.8752,25.2578
-7.8480,25.3876
-7.9176,25.2354
-7.9156,25.2927
-7.9323,25.2948
-7.9558,25.2763
-7.9715,25.2814
-7.9871,25.2865
-7.9921,25.3249
-7.9963,25.3664
-8.0167,25.3571
-8.0410,25.3349
-8.0524,25.3541
-8.0755,25.3352
-8.0826,25.3687
-8.1099,25.3351
-8.1121,25.3861
-8.1221,25.4113
-8.1505,25.3729
-8.1773,25.3391
-8.1945,25.3388
-8.2116,25.3384
-8.1948,25.4615
-8.2432,25.3471
-8.2526,25.3754
-8.2609,25.4086
-8.2719,25.4321
-8.2754,25.4848
-8.3078,25.4259
-8.3214,25.4396
-8.3351,25.4535
-8.3548,25.4428
-8.3733,25.4371
-8.3894,25.4410
-8.4067,25.4400
-8.4311,25.4082
-8.4389,25.4475
-8.4384,25.5244
-8.4723,25.4499
-8.4916,25.4389
-8.5120,25.4230
-8.5291,25.4216
-8.5451,25.4250
-8.5534,25.4658
-8.5656,25.4887
-8.5697,25.5521
-8.6001,25.4855
-8.6154,25.4936
-8.6241,25.5360
-8.6365,25.5601
-8.6521,25.5681
-8.6695,25.5663
-8.6655,25.6828
-8.7025,25.5722
-8.7181,25.5800
-8.7330,25.5927
-8.7479,25.6053
-8.7686,25.5835
-8.7875,25.5714
-8.7907,25.6583
-8.8236,25.5570
-8.8355,25.5890
-8.8514,25.5965
-8.8672,25.6038
-8.8817,25.6210
-8.8963,25.6382
-8.9028,25.7153
-8.9277,25.6576
-8.9466,25.6436
-8.9633,25.6458
-8.9776,25.6677
-8.9926,25.6847
-9.0112,25.6718
-9.0263,25.6887
-9.0584,25.7074
-9.0486,25.9596
-9.0922,25.7110
-9.1071,25.7326
-9.1202,25.7740
-9.1420,25.7259
-9.1466,25.8638
-9.1760,25.7290
-9.1896,25.7703
-9.2050,25.7916
-9.2202,25.8179
-9.2371,25.8242
-9.2547,25.8205
-9.2720,25.8218
-9.3068,25.8191
-9.3222,25.8501
-9.3393,25.8561
-9.3561,25.8671
-9.3705,25.9249
-9.3888,25.9109
-9.4250,25.8854
-9.4390,25.9731
-9.4554,26.0088
-9.4729,26.0194
-9.4917,25.9878
-9.5097,25.9805
-9.5275,25.9760
-9.5446,26.0042
-9.5625,25.9996
-9.5834,25.8063
-9.5982,25.9952
-9.6160,25.9904
-9.6338,25.9856
-9.6516,25.9757
-9.6870,25.9707
-9.7048,25.9856
-9.7227,26.0055
-9.7409,26.0453
-9.7586,26.0301
-9.7764,26.0198
-9.8115,25.9941
-9.8298,26.0137
-9.8485,26.0431
-9.8672,26.0675
-9.8860,26.0919
-9.9050,26.1162
-9.9227,26.1028
-9.9413,26.1147
-9.9597,26.1188
-9.9781,26.1229
-9.9965,26.1270
-10.0147,26.1260
-10.0330,26.1273
-10.0589,26.2510
-10.0691,26.1227
-10.0887,26.1414
-10.1086,26.1651
-10.1288,26.1886
-10.1506,26.2321
-10.1663,26.1958
-10.1822,26.1644
-10.2231,26.2110
-10.2393,26.1845
-10.2666,26.2772
-10.2867,26.2903
-10.3033,26.2686
-10.3219,26.2666
-10.3596,26.2676
-10.3788,26.2705
-10.3980,26.2733
-10.4172,26.2761
-10.4352,26.2689
-10.4531,26.2616
-10.4918,26.4155
-10.4890,26.2469
-10.5102,26.2643
-10.5267,26.2469
-10.5536,26.3036
-10.5794,26.3504
-10.5975,26.3427
-10.6178,26.3498
-10.6570,26.3539
-10.6774,26.3608
-10.6995,26.3775
-10.7208,26.3891
-10.7448,26.4155
-10.7629,26.4074
-10.8001,26.3958
-10.8173,26.3826
-10.8344,26.3693
-10.8542,26.3707
-10.8787,26.3966
-10.9071,26.4420
-10.9571,26.4932
-10.9892,26.5530
-11.0147,26.5783
-11.0342,26.5743
-11.0579,26.5897
-11.0907,26.6472
-11.1115,26.6478
-11.1465,26.6196
-11.1610,26.5926
-11.1817,26.5930
-11.2001,26.5836
-11.2301,26.6227
-11.2598,26.6600
-11.2973,26.6424
-11.3170,26.6375
-11.3343,26.6228
-11.3564,26.6275
-11.3798,26.6369
-11.4021,26.6414
-11.4496,26.7408
-11.4467,26.6503
-11.4585,26.6160
-11.4914,26.6588
-11.5246,26.7014
-11.5594,26.7487
-11.5890,26.7766
-11.6105,26.7756
-11.6545,26.7768
-11.6589,26.7181
-11.7077,26.8079
-11.7366,26.8304
-11.7599,26.8338
-11.7846,26.8418
-11.8297,26.8433
-11.8546,26.8511
-11.8811,26.8636
-11.9062,26.8712
-11.9297,26.8740
-11.9549,26.8814
-11.9785,26.8840
-12.0106,26.9113
-12.0242,26.8842
-12.0381,26.8583
-12.0601,26.8559
-12.1009,26.9063
-12.1163,26.8849
-12.1364,26.8764
-12.1418,26.8279
-12.1270,26.7255
-12.1557,26.7415
-12.1933,26.7809
-12.2700,26.9229
-12.2910,26.9161
-12.3169,26.9222
-12.3689,26.9341
-12.4023,26.9585
-12.4415,26.9967
-12.4940,27.0671
-12.5372,27.1134
-12.5435,27.0685
-12.6236,27.1427
-12.6758,27.2076
-12.6877,27.1761
-12.6835,27.1074
-12.7144,27.1212
-12.7575,27.1625
-12.8126,27.2305
-12.8222,27.1941
-12.8577,27.2166
-12.8955,27.2434
-12.9088,27.2155
-12.9841,27.3239
-13.0434,27.3956
-13.0568,27.3671
-13.0942,27.3332
-13.1074,27.3048
-13.1657,27.3711
-13.2028,27.3922
-13.2444,27.4220
-13.2840,27.4472
-13.3304,27.4299
-13.3525,27.4189
-13.3768,27.4123
-13.4056,27.4145
-13.4458,27.4389
-13.4862,27.4630
-13.5304,27.4400
-13.5735,27.4682
-13.6214,27.5050
-13.6790,27.5592
-13.7275,27.5955
-13.7905,27.6579
-13.8228,27.6631
-13.8828,27.6642
-13.9178,27.6734
-13.9626,27.6998
-14.0051,27.7217
-14.0528,27.7520
-14.0932,27.7692
-14.1418,27.7469
-14.2178,27.8239
-14.3222,27.9479
-14.3720,27.9778
-14.3541,27.8941
-14.3646,27.8587
-14.4477,27.8901
-14.5077,27.9353
-14.5129,27.8910
-14.5152,27.8425
-14.5703,27.8788
-14.6177,27.9020
-14.7028,27.9841
-14.8015,28.0336
-14.8172,28.0056
-14.8765,28.0445
-14.8675,27.9788
-14.8857,27.9548
-15.1483,28.2984
-15.2366,28.3234
-15.2558,28.2984
-15.2804,28.2817
-15.2880,28.2401
-15.3438,28.2684
-15.3655,28.2473
-14.2321,23.8301
-14.2352,23.7869
-14.2386,23.7669
-14.2535,23.7563
-14.2607,23.7394
-14.2826,23.7118
-14.2896,23.6949
-14.3004,23.6811
-14.3073,23.6641
-14.3180,23.6502
-14.3248,23.6332
-14.3461,23.6053
-14.3567,23.5912
-14.3632,23.5742
-14.3737,23.5601
-14.3841,23.5460
-14.3905,23.5289
-14.4112,23.5005
-14.4214,23.4863
-14.4317,23.4721
-14.4418,23.4578
-14.4520,23.4435
-14.4621,23.4291
-14.4821,23.4003
-14.4921,23.3859
-14.5020,23.3714
-14.5119,23.3569
-14.5218,23.3424
-14.5232,23.3223
-14.5302,23.2849
-14.5440,23.2730
-14.8840,22.6048
-14.8811,22.5649
-14.8660,22.5385
-14.8779,22.5251
-14.8852,22.5095
-14.9560,22.5233
-14.9497,22.5012
-14.9524,22.4833
-14.9551,22.4654
-14.9623,22.4495
-14.9694,22.4336
-14.9835,22.4018
-14.9904,22.3859
-15.0019,22.3719
-15.0088,22.3559
-15.0203,22.3419
-15.0316,22.3278
-15.0451,22.2956
-15.0564,22.2814
-15.0630,22.2652
-15.0695,22.2490
-15.0760,22.2329
-15.0825,22.2166
-15.0953,22.1842
-15.0969,22.1661
-15.0985,22.1480
-15.1141,22.1353
-15.1390,22.1260
-15.1779,22.1218
-15.1854,22.0871
-15.1586,22.0586
-15.1410,22.0337
-15.1186,22.0072
-17.4163,19.7440
-17.3953,19.7217
-17.3736,19.6995
-17.3974,19.6751
-17.6055,19.3536
-17.6033,19.3298
-17.5858,19.3075
-17.6510,19.2529
-17.6532,19.2285
-17.6506,19.2046
-17.6579,19.1795
-17.6751,19.1533
-17.6723,19.1293
-17.6645,19.1059
-17.7460,19.0715
-17.6784,19.0555
-17.6952,19.0289
-17.7366,18.9989
-17.7779,18.9687
-17.8191,18.9382
-17.8518,18.8836
-17.8581,18.8576
-17.8742,18.8301
-17.8852,18.8032
-17.9012,18.7755
-17.9170,18.7476
-17.9327,18.7197
-17.9876,18.6851
-17.9491,18.6660
-17.9695,18.6369
-17.9898,18.6077
-18.0099,18.5784
-18.0349,18.5480
-18.0549,18.5184
-18.0749,18.4625
-18.0995,18.4316
-18.1190,18.4015
-18.1434,18.3702
-18.1628,18.3398
-18.1820,18.3093
-18.2397,18.2706
-18.1957,18.2531
-18.2147,18.2223
-18.2384,18.1902
-18.2620,18.1580
-18.2855,18.1257
-18.3088,18.0931
-18.3309,18.0334
-18.3539,18.0004
-18.3768,17.9674
-18.4045,17.9329
-18.4271,17.8995
-18.4545,17.8648
-18.4750,17.8034
-18.5069,17.7669
-18.5386,17.7302
-18.5653,17.6946
-18.5968,17.6575
-18.6232,17.6215
-18.6469,17.5571
-18.6778,17.5193
-18.7037,17.4827
-18.7343,17.4444
-18.7648,17.4060
-18.7951,17.3674
-18.8218,17.2997
-18.8517,17.2606
-18.8814,17.2212
-18.9062,17.1832
-18.9357,17.1434
-18.9602,17.1050
-18.9845,17.0664
-18.9996,16.9997
-19.0235,16.9607
-19.0521,16.9199
-19.0757,16.8805
-19.1039,16.8394

# FrameTime=1781596548.21, PointCount=639
-4.3583,23.6674
-4.3980,23.6636
-4.3694,23.7064
-4.3457,23.7463
-4.2870,23.8106
-4.4865,23.6952
-4.5056,23.7051
-4.5429,23.7019
-4.4398,23.7984
-4.4835,23.7908
-4.5010,23.8019
-4.6173,23.7411
-4.6001,23.7769
-4.5648,23.8262
-4.6304,23.8014
-4.6556,23.8061
-4.7068,23.7912
-4.7253,23.8239
-4.7405,23.8357
-4.7241,23.8718
-4.7929,23.8424
-4.8279,23.8386
-4.8588,23.8378
-4.9050,23.8480
-4.9281,23.8529
-4.9550,23.8547
-4.9858,23.8532
-4.9740,23.8861
-4.9970,23.8907
-5.0393,23.9028
-6.1035,23.0594
-6.1239,23.0604
-6.1520,23.0549
-6.1686,23.0590
-6.1889,23.0597
-6.2017,23.0669
-6.2182,23.0708
-6.2310,23.0778
-6.2438,23.0849
-6.2604,23.0885
-6.2732,23.0954
-6.2823,23.1056
-6.2728,23.1325
-6.2968,23.1293
-6.3023,23.1428
-6.3164,23.1484
-6.3623,23.1248
-6.3751,23.1313
-6.3807,23.1446
-6.2285,23.3059
-6.3992,23.1643
-6.3245,23.2538
-6.3846,23.2156
-6.3977,23.2220
-6.4107,23.2283
-5.4095,24.2216
-6.4428,23.2541
-6.4059,23.3098
-6.4156,23.3196
-6.4148,23.3400
-6.4141,23.3604
-5.5692,24.2376
-5.5768,24.2549
-5.5915,24.2902
-5.6216,24.2845
-5.6860,24.2424
-5.6745,24.2797
-5.7434,24.2322
-5.7730,24.2257
-5.7946,24.2527
-5.8165,24.2542
-5.7887,24.3098
-5.7570,24.3702
-5.8242,24.3220
-5.8096,24.3639
-5.8631,24.3302
-5.8957,24.3193
-5.8953,24.3455
-5.9443,24.3157
-5.9309,24.3569
-5.9445,24.3672
-5.9574,24.3784
-5.9496,24.4137
-5.9826,24.4015
-6.0117,24.3935
-5.9953,24.4394
-6.0084,24.4504
-6.0247,24.4576
-6.0411,24.4647
-6.0606,24.4678
-6.0656,24.4888
-6.0934,24.4817
-6.1161,24.4807
-6.1356,24.4836
-6.1395,24.5059
-6.1466,24.5243
-6.1951,24.4903
-6.1672,24.5533
-6.2309,24.4992
-6.2342,24.5225
-6.2537,24.5249
-6.2942,24.4995
-6.3175,24.4965
-6.3059,24.5396
-6.2861,24.5940
-6.3238,24.5717
-6.3352,24.5846
-6.3399,24.6067
-6.3741,24.5885
-6.3936,24.5903
-6.4480,24.5434
-6.3760,24.6723
-6.4575,24.5871
-6.4884,24.5723
-6.4904,24.5982
-6.4840,24.6363
-6.4749,24.6787
-6.4661,24.7212
-6.4366,24.7941
-6.5354,24.6796
-6.5239,24.7265
-6.5490,24.7194
-6.5667,24.7231
-6.5945,24.7116
-6.6351,24.6805
-6.6115,24.7467
-6.6682,24.6903
-6.6233,24.7902
-6.6510,24.7783
-6.6732,24.7747
-6.6953,24.7711
-6.7148,24.7715
-6.7289,24.7804
-6.7368,24.7992
-6.7546,24.8022
-6.7688,24.8110
-6.7830,24.8197
-6.8067,24.8127
-6.8167,24.8284
-6.8430,24.8169
-6.8138,24.8986
-6.8968,24.7908
-6.9135,24.7949
-6.9351,24.7902
-6.9394,24.8157
-6.9610,24.8109
-6.9580,24.8493
-6.9552,24.8879
-6.9794,24.8786
-6.9842,24.9040
-6.9890,24.9297
-7.0068,24.9319
-7.0548,24.8785
-7.0740,24.8775
-7.0546,24.9484
-7.0935,24.9107
-7.1127,24.9096
-7.1172,24.9364
-7.1202,24.9662
-7.1349,24.9738
-7.1565,24.9681
-7.1583,25.0008
-7.1905,24.9742
-7.2029,24.9861
-7.1917,25.0456
-7.2199,25.0262
-7.2348,25.0336
-7.2628,25.0139
-7.2798,25.0167
-7.2463,25.1244
-7.2572,25.1407
-7.3088,25.0710
-7.3556,25.0105
-7.3641,25.0309
-7.3498,25.1011
-7.3842,25.0659
-7.3530,25.1743
-7.4040,25.1023
-7.4591,25.0196
-7.4538,25.0717
-7.4808,25.0510
-7.5018,25.0439
-7.5167,25.0504
-7.5336,25.0523
-7.4957,25.1826
-7.5636,25.0650
-7.5805,25.0668
-7.5955,25.0730
-7.6162,25.0654
-7.6255,25.0854
-7.6406,25.0915
-7.6054,25.2226
-7.6763,25.0898
-7.6572,25.1823
-7.6816,25.1650
-7.7023,25.1570
-7.7033,25.2002
-7.7128,25.2216
-7.7229,25.2416
-7.7437,25.2333
-7.7627,25.2297
-7.7730,25.2495
-7.7902,25.2505
-7.8058,25.2562
-7.8236,25.2555
-7.8408,25.2563
-7.8376,25.3152
-7.8681,25.2782
-7.8940,25.2537
-7.9160,25.2401
-7.9167,25.2895
-7.9339,25.2901
-7.9512,25.2905
-7.9529,25.3382
-7.9887,25.2817
-7.9997,25.3011
-8.0064,25.3346
-8.0152,25.3618
-8.0498,25.3064
-8.0455,25.3765
-8.0624,25.3780
-8.0927,25.3352
-8.0971,25.3782
-8.1229,25.3494
-8.1290,25.3874
-8.1560,25.3537
-8.1800,25.3295
-8.1580,25.4687
-8.2143,25.3288
-8.2261,25.3476
-8.2432,25.3471
-8.2488,25.3899
-8.2596,25.4134
-8.2693,25.4417
-8.2804,25.4655
-8.2979,25.4645
-8.3226,25.4348
-8.3387,25.4388
-8.3572,25.4332
-8.3803,25.4080
-8.3929,25.4264
-8.4082,25.4336
-8.3785,25.6337
-8.4378,25.4523
-8.4539,25.4560
-8.4668,25.4742
-8.4906,25.4438
-8.5141,25.4133
-8.5301,25.4167
-8.5018,25.6304
-8.5612,25.4284
-8.5686,25.4740
-8.5819,25.4920
-8.5952,25.5100
-8.6087,25.5279
-8.6222,25.5458
-8.6359,25.5636
-8.6521,25.5681
-8.6686,25.5712
-8.6860,25.5692
-8.7025,25.5722
-8.7173,25.5849
-8.7305,25.6074
-8.7496,25.5955
-8.7466,25.7170
-8.7851,25.5862
-8.8032,25.5790
-8.8213,25.5717
-8.8355,25.5890
-8.8514,25.5965
-8.8665,25.6088
-8.8977,25.6283
-8.9123,25.6454
-8.9271,25.6625
-8.9472,25.6387
-8.9627,25.6508
-8.9776,25.6677
-8.9754,25.8255
-9.0100,25.6817
-9.0245,25.7036
-9.0398,25.7204
-9.0535,25.7520
-9.0700,25.7588
-9.0886,25.7457
-9.1066,25.7375
-9.1187,25.7899
-9.1397,25.7508
-9.1599,25.7176
-9.1738,25.7539
-9.1891,25.7753
-9.2034,25.8115
-9.2198,25.8229
-9.2543,25.8255
-9.2720,25.8218
-9.2906,25.8030
-9.3065,25.8241
-9.3273,25.7665
-9.3372,25.8910
-9.3547,25.8920
-9.3890,25.9059
-9.4059,25.9217
-9.4242,25.9054
-9.4388,25.9781
-9.4548,26.0238
-9.4736,25.9972
-9.5095,25.9884
-9.5272,25.9910
-9.5454,25.9714
-9.5662,25.8060
-9.5835,25.8013
-9.5981,26.0002
-9.6153,26.0576
-9.6338,25.9905
-9.6515,25.9857
-9.6693,25.9757
-9.6870,25.9657
-9.7048,25.9806
-9.7227,26.0055
-9.7589,26.0450
-9.7765,26.0298
-9.7941,26.0145
-9.8116,25.9991
-9.8299,26.0187
-9.8486,26.0481
-9.8675,26.0775
-9.9041,26.0912
-9.9226,26.1005
-9.9409,26.1047
-9.9594,26.1138
-9.9781,26.1229
-9.9965,26.1270
-10.0327,26.1223
-10.0513,26.1288
-10.0688,26.1177
-10.0887,26.1414
-10.1090,26.1700
-10.1288,26.1886
-10.1515,26.2445
-10.1691,26.2306
-10.1846,26.1943
-10.2013,26.1728
-10.2214,26.1911
-10.2439,26.2342
-10.2675,26.2871
-10.2872,26.2953
-10.3230,26.2766
-10.3416,26.2746
-10.3596,26.2676
-10.3793,26.2755
-10.3985,26.2783
-10.4177,26.2810
-10.4550,26.2765
-10.4730,26.2692
-10.4903,26.2568
-10.5095,26.2593
-10.5328,26.2914
-10.5557,26.3185
-10.5926,26.4421
-10.5989,26.3526
-10.6178,26.3498
-10.6381,26.3568
-10.6585,26.3638
-10.6782,26.3657
-10.6987,26.3725
-10.7384,26.4955
-10.7381,26.3761
-10.7587,26.3828
-10.7794,26.3893
-10.7992,26.3909
-10.8190,26.3924
-10.8380,26.3889
-10.8542,26.3707
-10.8996,26.4027
-10.9291,26.4529
-10.9580,26.4981
-10.9912,26.5627
-11.0127,26.5686
-11.0332,26.5694
-11.0837,26.6148
-11.1115,26.6478
-11.1305,26.6404
-11.1448,26.6116
-11.1599,26.5877
-11.1817,26.5930
-11.2001,26.5836
-11.2427,26.5889
-11.2807,26.6600
-11.2961,26.6375
-11.3110,26.6132
-11.3318,26.6132
-11.3527,26.6130
-11.3983,26.6270
-11.4192,26.6266
-11.4480,26.6551
-11.4559,26.6064
-11.4980,26.6828
-11.5286,26.7158
-11.5808,26.7478
-11.6091,26.7708
-11.6390,26.7985
-11.6502,26.7624
-11.6632,26.7325
-11.7048,26.7983
-11.7337,26.8209
-11.7867,26.9210
-11.7846,26.8418
-11.8079,26.8450
-11.8328,26.8529
-11.8592,26.8654
-11.8858,26.8778
-11.9144,26.8962
-11.9565,26.8861
-11.9769,26.8792
-11.9909,26.8534
-12.0242,26.8842
-12.0545,26.9055
-12.0767,26.9030
-12.1339,26.9994
-12.1163,26.8849
-12.1266,26.8494
-12.1332,26.8045
-12.1305,26.7349
-12.1592,26.7509
-12.2056,26.8136
-12.2736,26.9323
-12.2963,26.9301
-12.3115,26.9083
-12.3356,26.9096
-12.3798,26.9620
-12.3987,26.9492
-12.4600,27.0431
-12.5071,27.0995
-12.5511,27.0870
-12.5912,27.1245
-12.6255,27.1474
-12.6702,27.1943
-12.6662,27.1256
-12.6874,27.1166
-12.7435,27.1304
-12.8028,27.2081
-12.8401,27.2348
-12.9085,27.3306
-12.8894,27.2298
-12.9273,27.2565
-12.9933,27.2867
-13.0842,27.4262
-13.0766,27.3524
-13.0942,27.3332
-13.1159,27.3229
-13.1743,27.3892
-13.2093,27.4057
-13.2708,27.4203
-13.3105,27.4453
-13.3349,27.4389
-13.3547,27.4234
-13.3745,27.4079
-13.4146,27.4323
-13.4747,27.4408
-13.5060,27.4471
-13.5374,27.4533
-13.5851,27.4903
-13.6355,27.5315
-13.6908,27.5812
-13.7715,27.6228
-13.8276,27.6718
-13.8456,27.6506
-13.8901,27.6773
-13.9226,27.6821
-13.9675,27.7085
-14.0100,27.7304
-14.0907,27.7649
-14.1188,27.7602
-14.1619,27.7814
-14.2537,27.8851
-14.3603,28.0124
-14.3796,27.9907
-14.3595,27.8501
-14.3906,27.8488
-14.4451,27.8858
-14.5293,27.9704
-14.4735,27.8273
-14.5311,27.8680
-14.5964,27.8683
-14.6680,27.9293
-14.7426,27.9942
-14.7961,28.0252
-14.8118,27.9972
-14.8438,27.9943
-15.0576,28.2684
-14.9022,27.9798
-14.9204,27.9558
-15.1840,28.2985
-15.2311,28.3151
-15.2889,28.2941
-15.2994,28.2566
-15.3655,28.2473
-15.3986,28.2425
-14.2352,23.7869
-14.2535,23.7563
-14.2607,23.7394
-14.2677,23.7225
-14.2787,23.7087
-14.2856,23.6918
-14.2965,23.6780
-14.3180,23.6502
-14.3248,23.6332
-14.3354,23.6192
-14.3461,23.6053
-14.3527,23.5882
-14.3632,23.5742
-14.3737,23.5601
-14.3905,23.5289
-14.4009,23.5147
-14.4112,23.5005
-14.4214,23.4863
-14.4317,23.4721
-14.4418,23.4578
-14.4621,23.4291
-14.4721,23.4147
-14.4821,23.4003
-14.4921,23.3859
-14.5020,23.3714
-14.5078,23.3541
-14.5316,23.3279
-14.5288,23.3050
-14.5302,23.2849
-14.5481,23.2758
-14.8826,22.5848
-14.8676,22.5584
-14.8660,22.5385
-14.8688,22.5208
-14.8943,22.5137
-14.9016,22.4980
-14.9452,22.4991
-14.9161,22.4666
-14.9551,22.4654
-14.9694,22.4336
-14.9764,22.4177
-14.9789,22.3998
-14.9950,22.3879
-15.0019,22.3719
-15.0134,22.3579
-15.0316,22.3278
-15.0384,22.3117
-15.0451,22.2956
-15.0517,22.2795
-15.0630,22.2652
-15.0649,22.2472
-15.0779,22.2148
-15.0889,22.2004
-15.0953,22.1842
-15.1063,22.1697
-15.1079,22.1516
-15.1328,22.1424
-15.1592,22.1149
-15.2169,22.1175
-15.1760,22.0836
-15.1586,22.0586
-15.1410,22.0337
-15.1374,22.0139
-17.4107,19.7442
-17.4003,19.7215
-17.3936,19.6986
-17.4112,19.6512
-17.5778,19.3800
-17.6155,19.3527
-17.5759,19.3085
-17.6385,19.2783
-17.6557,19.2524
-17.6532,19.2285
-17.6705,19.2024
-17.6729,19.1779
-17.6751,19.1533
-17.7221,19.1235
-17.6794,19.1041
-17.6765,19.0801
-17.6982,19.0530
-17.7299,19.0244
-17.7713,18.9943
-17.8126,18.9640
-17.8538,18.9334
-17.8504,18.9089
-17.8617,18.8822
-17.8729,18.8554
-17.8890,18.8279
-17.9001,18.8009
-17.9160,18.7732
-17.9278,18.7205
-17.9434,18.6925
-17.9590,18.6643
-17.9793,18.6352
-17.9996,18.6060
-18.0247,18.5757
-18.0451,18.5202
-18.0649,18.4905
-18.0896,18.4597
-18.1142,18.4287
-18.1387,18.3976
-18.1581,18.3673
-18.2112,18.3300
-18.1722,18.3113
-18.1914,18.2807
-18.2104,18.2500
-18.2342,18.2180
-18.2530,18.1870
-18.2766,18.1548
-18.2942,18.0965
-18.3175,18.0639
-18.3455,18.0299
-18.3685,17.9970
-18.3914,17.9638
-18.4142,17.9306
-18.4303,17.8709
-18.4575,17.8360
-18.4847,17.8009
-18.5165,17.7644
-18.5482,17.7277
-18.5750,17.6920
-18.5991,17.6281
-18.6255,17.5920
-18.6517,17.5557
-18.6778,17.5193
-18.7085,17.4813
-18.7343,17.4444
-18.7648,17.4060
-18.8080,17.3636
-18.7918,17.3386
-18.8218,17.2997
-18.8565,17.2591
-18.8862,17.2197
-18.9158,17.1802
-18.9404,17.1419
-18.9607,17.0741
-18.9850,17.0354
-19.0138,16.9950
-19.0378,16.9559
-19.0663,16.9151
-19.0946,16.8741
-19.1131,16.8046

# FrameTime=1781596548.31, PointCount=640
-4.3602,23.6710
-4.3875,23.6757
-4.3864,23.7231
-4.4589,23.6961
-4.4925,23.6959
-4.5075,23.7086
-4.5407,23.7083
-4.4417,23.8020
-4.5110,23.7996
-4.6111,23.7505
-4.6020,23.7804
-4.5708,23.8268
-4.6324,23.8048
-4.6576,23.8095
-4.7088,23.7946
-4.5785,23.9162
-4.7113,23.8394
-4.7226,23.8543
-4.7261,23.8752
-4.7909,23.8488
-4.8358,23.8373
-4.8510,23.8487
-4.8761,23.8524
-4.9109,23.8482
-4.9301,23.8562
-4.9492,23.8642
-4.9684,23.8721
-4.9876,23.8799
-5.0029,23.8908
-5.0374,23.9092
-5.0605,23.9135
-5.0665,23.9320
-5.0513,23.9684
-5.0935,23.9563
-5.0938,23.9798
-5.1417,23.9861
-5.1465,24.0297
-6.2245,23.1241
-6.2411,23.1278
-6.2577,23.1314
-6.2744,23.1350
-6.2947,23.1351
-6.3113,23.1385
-6.3279,23.1418
-6.3297,23.1586
-6.3464,23.1618
-6.3520,23.1752
-6.3504,23.1954
-6.3707,23.1951
-6.3812,23.2039
-6.4194,23.1863
-6.4323,23.1926
-6.4417,23.2023
-6.3753,23.2858
-6.4641,23.2181
-6.4516,23.2494
-6.4682,23.2521
-6.4813,23.2581
-5.5871,24.1998
-6.4993,23.2978
-6.5187,23.3168
-6.5215,23.3334
-5.5768,24.3362
-6.5480,23.3450
-5.6747,24.2847
-5.7456,24.2349
-5.6405,24.3721
-5.7911,24.2365
-5.7934,24.2591
-5.8154,24.2606
-5.7680,24.3376
-5.7593,24.3730
-5.8231,24.3284
-5.8086,24.3704
-5.8620,24.3366
-5.8914,24.3294
-5.9042,24.3407
-5.9499,24.3146
-5.9299,24.3633
-5.9435,24.3736
-5.9356,24.4090
-5.9726,24.3921
-5.9849,24.4041
-6.0140,24.3962
-6.0008,24.4382
-6.0139,24.4492
-6.0303,24.4563
-6.0466,24.4634
-6.0281,24.5129
-6.0794,24.4773
-6.0958,24.4842
-6.1153,24.4872
-6.1348,24.4900
-6.1419,24.5084
-6.1521,24.5229
-6.1531,24.5492
-6.2108,24.5032
-6.2302,24.5057
-6.2305,24.5328
-6.2561,24.5273
-6.2966,24.5019
-6.3099,24.5120
-6.2690,24.5942
-6.3217,24.5521
-6.3263,24.5741
-6.3406,24.5831
-6.3423,24.6091
-6.3765,24.5909
-6.3989,24.5886
-6.4504,24.5458
-6.3991,24.6458
-6.4658,24.5813
-6.4908,24.5746
-6.4929,24.6005
-6.4865,24.6387
-6.4803,24.6769
-6.4714,24.7194
-6.5407,24.6778
-6.5292,24.7247
-6.5628,24.7048
-6.5720,24.7212
-6.5942,24.7181
-6.6375,24.6827
-6.6021,24.7672
-6.6707,24.6925
-6.6231,24.7966
-6.6535,24.7805
-6.6757,24.7770
-6.7005,24.7691
-6.7218,24.7666
-6.7252,24.7925
-6.7482,24.7872
-6.7571,24.8044
-6.7713,24.8132
-6.7856,24.8218
-6.8093,24.8149
-6.8193,24.8305
-6.8173,24.8663
-6.8598,24.8274
-6.8993,24.7929
-6.9185,24.7926
-6.9377,24.7923
-6.9394,24.8220
-6.9636,24.8129
-6.9631,24.8470
-6.9234,24.9509
-6.9820,24.8806
-6.9844,24.9104
-7.0037,24.9099
-7.0206,24.9135
-7.0503,24.8936
-7.0719,24.8883
-7.0336,24.9944
-7.0985,24.9082
-7.1177,24.9071
-7.1152,24.9472
-7.1229,24.9682
-7.1376,24.9758
-7.1569,24.9744
-7.1512,25.0221
-7.1931,24.9761
-7.2034,24.9924
-7.1921,25.0520
-7.2196,25.0341
-7.2419,25.0265
-7.2655,25.0158
-7.2803,25.0230
-7.2469,25.1308
-7.2664,25.1291
-7.3179,25.0593
-7.3562,25.0168
-7.3626,25.0418
-7.3629,25.0804
-7.3869,25.0677
-7.3807,25.1213
-7.4149,25.0859
-7.4354,25.0805
-7.4626,25.0598
-7.4856,25.0482
-7.5025,25.0502
-7.5214,25.0475
-7.4832,25.1778
-7.5493,25.0650
-7.5663,25.0667
-7.5832,25.0684
-7.5982,25.0747
-7.6189,25.0671
-7.6282,25.0871
-7.5965,25.2088
-7.6602,25.0946
-7.6753,25.1007
-7.6636,25.1746
-7.6862,25.1620
-7.7051,25.1586
-7.7043,25.2065
-7.7084,25.2420
-7.7310,25.2291
-7.7465,25.2349
-7.7672,25.2266
-7.7758,25.2511
-7.7948,25.2474
-7.8103,25.2530
-7.8258,25.2586
-7.8198,25.3254
-7.8609,25.2586
-7.8693,25.2845
-7.9017,25.2410
-7.9189,25.2416
-7.9200,25.2894
-7.9352,25.2963
-7.9180,25.4012
-7.9681,25.3019
-7.9915,25.2832
-8.0011,25.3072
-8.0077,25.3408
-8.0181,25.3633
-8.0542,25.3030
-8.0658,25.3780
-8.0941,25.3413
-8.1043,25.3652
-8.1202,25.3699
-8.1347,25.3792
-8.1575,25.3599
-8.1570,25.4222
-8.1987,25.3353
-8.2158,25.3349
-8.2277,25.3537
-8.2448,25.3532
-8.2504,25.3960
-8.2600,25.4243
-8.2659,25.4674
-8.2847,25.4616
-8.3008,25.4658
-8.3255,25.4361
-8.3416,25.4401
-8.3601,25.4344
-8.3833,25.4093
-8.3958,25.4276
-8.3970,25.4948
-8.4317,25.4191
-8.4363,25.4729
-8.4613,25.4377
-8.4676,25.4851
-8.4924,25.4498
-8.5170,25.4144
-8.4986,25.5791
-8.5470,25.4310
-8.5591,25.4538
-8.5676,25.4947
-8.5838,25.4980
-8.5992,25.5062
-8.6126,25.5241
-8.6262,25.5419
-8.6386,25.5661
-8.6563,25.5629
-8.6716,25.5722
-8.6881,25.5752
-8.7038,25.5830
-8.7203,25.5859
-8.7360,25.5937
-8.7410,25.6659
-8.7700,25.5943
-8.7873,25.5920
-8.8055,25.5848
-8.8228,25.5825
-8.8386,25.5900
-8.8537,25.6023
-8.8623,25.6595
-8.8854,25.6170
-8.9000,25.6341
-8.9147,25.6512
-8.9301,25.6634
-8.9503,25.6396
-8.9645,25.6615
-8.9687,25.7647
-8.9973,25.6719
-9.0137,25.6776
-9.0276,25.7044
-9.0423,25.7261
-9.0555,25.7628
-9.0736,25.7547
-9.0917,25.7465
-9.1263,25.7449
-9.1423,25.7565
-9.1630,25.7183
-9.1769,25.7546
-9.1919,25.7810
-9.2061,25.8172
-9.2193,25.8704
-9.2402,25.8249
-9.2582,25.8162
-9.2751,25.8224
-9.2937,25.8037
-9.3090,25.8347
-9.3299,25.7771
-9.3427,25.8517
-9.3745,25.9106
-9.3918,25.9164
-9.4093,25.9173
-9.4267,25.9209
-9.4424,25.9687
-9.4581,26.0243
-9.4947,25.9984
-9.5127,25.9911
-9.5308,25.9765
-9.5485,25.9769
-9.5693,25.8114
-9.5867,25.8018
-9.6007,26.0578
-9.6209,25.8221
-9.6370,25.9910
-9.6548,25.9861
-9.6726,25.9761
-9.6903,25.9711
-9.7081,25.9960
-9.7260,26.0109
-9.7620,26.0354
-9.7795,26.0152
-9.7969,25.9899
-9.8150,26.0045
-9.8334,26.0290
-9.8520,26.0534
-9.8895,26.0972
-9.9076,26.0965
-9.9259,26.1008
-9.9444,26.1100
-9.9630,26.1191
-9.9814,26.1232
-10.0008,26.1446
-9.6968,20.4522
-10.0357,26.1175
-10.0546,26.1290
-9.7002,20.4519
-10.0920,26.1416
-10.1124,26.1702
-10.1461,26.3757
-10.1505,26.1874
-10.1721,26.2258
-10.1884,26.1994
-10.2051,26.1779
-10.2252,26.1962
-10.2477,26.2392
-10.2715,26.2922
-10.3093,26.2934
-10.3269,26.2816
-10.3455,26.2796
-10.3642,26.2776
-10.3833,26.2804
-10.4020,26.2783
-10.4328,26.3779
-10.4398,26.2788
-10.4584,26.2764
-10.4770,26.2741
-10.4956,26.2716
-10.5122,26.2543
-9.7282,20.4540
-10.5770,26.4447
-10.5771,26.3107
-10.6024,26.3525
-10.6213,26.3497
-10.6416,26.3567
-10.6620,26.3636
-10.6825,26.3705
-10.7038,26.3822
-10.7441,26.3907
-10.7673,26.4121
-10.7846,26.3989
-10.8027,26.3907
-10.8208,26.3823
-10.8388,26.3740
-10.8775,26.3718
-10.9050,26.4122
-10.9356,26.4673
-10.9655,26.5174
-10.9968,26.5722
-11.0163,26.5682
-11.0605,26.5844
-11.0895,26.6242
-11.1151,26.6474
-11.1316,26.6284
-11.1495,26.6161
-11.1658,26.5970
-11.1973,26.6442
-11.2038,26.5831
-11.2233,26.5785
-11.2533,26.6175
-11.2844,26.6595
-11.2998,26.6370
-11.3195,26.6321
-11.3355,26.6126
-11.3747,26.6025
-11.4019,26.6264
-11.4267,26.6404
-11.4503,26.6496
-11.4621,26.6154
-11.5017,26.6822
-11.5536,26.7143
-11.5859,26.7519
-11.6156,26.7797
-11.6437,26.8012
-11.6497,26.7473
-11.6683,26.7365
-11.7114,26.8071
-11.7685,26.9217
-11.7562,26.8091
-11.7869,26.8362
-11.8132,26.8489
-11.8365,26.8520
-11.8630,26.8645
-11.8880,26.8722
-11.9335,26.8730
-11.9555,26.8710
-11.9775,26.8688
-11.9930,26.8477
-12.0264,26.8785
-12.0583,26.9045
-12.1030,26.9006
-12.1235,26.8933
-12.1287,26.8437
-12.1314,26.7881
-12.1394,26.7479
-12.1734,26.7780
-12.2269,26.8594
-12.2955,26.9788
-12.2966,26.9197
-12.3153,26.9071
-12.3394,26.9085
-12.3855,26.9655
-12.4062,26.9573
-12.4695,27.0557
-12.5339,27.0943
-12.5474,27.0673
-12.5987,27.1318
-12.6352,27.1599
-12.6684,27.1792
-12.6702,27.1242
-12.7105,27.1015
-12.7495,27.1336
-12.8128,27.2204
-12.8542,27.2561
-12.9185,27.3425
-12.8913,27.2237
-12.9828,27.3684
-12.9840,27.3133
-13.0287,27.3532
-13.0862,27.4200
-13.0786,27.3463
-13.0961,27.3270
-13.1264,27.3348
-13.1806,27.3920
-13.2156,27.4086
-13.2376,27.3978
-13.2771,27.4230
-13.3103,27.4346
-13.3368,27.4326
-13.3611,27.4261
-13.3764,27.4016
-13.4431,27.4237
-13.4857,27.4523
-13.5079,27.4408
-13.5438,27.4559
-13.5939,27.4972
-13.6467,27.5427
-13.7222,27.5759
-13.7781,27.6252
-13.8343,27.6741
-13.8595,27.6660
-13.8968,27.6796
-13.9342,27.6931
-13.9996,27.7021
-14.0422,27.7238
-14.0925,27.7583
-14.1206,27.7537
-14.1738,27.7921
-14.2651,27.8948
-14.3546,27.9928
-14.4072,27.9731
-14.3613,27.8435
-14.4079,27.8678
-14.4495,27.8834
-14.5311,27.9636
-14.6101,28.0383
-14.5641,27.8593
-14.6061,27.8742
-14.6912,27.9563
-14.7579,28.0085
-14.7979,28.0184
-14.8163,27.9946
-14.9584,28.1603
-14.8610,27.9594
-14.9012,27.9688
-14.9387,27.9739
-15.1998,28.3123
-15.2273,28.2998
-15.2709,28.2581
-15.3370,28.2490
-15.3673,28.2402
-15.4090,28.2477
-14.2444,23.7677
-14.2515,23.7509
-14.2626,23.7371
-14.2696,23.7202
-14.2806,23.7064
-14.2875,23.6895
-14.3091,23.6618
-14.3159,23.6448
-14.3266,23.6309
-14.3333,23.6139
-14.3439,23.5999
-14.3545,23.5859
-14.3755,23.5577
-14.3819,23.5406
-14.3923,23.5265
-14.4026,23.5123
-14.4129,23.4981
-14.4232,23.4839
-14.4334,23.4696
-14.4537,23.4410
-14.4638,23.4267
-14.4739,23.4123
-14.4839,23.3979
-14.4938,23.3834
-14.4996,23.3662
-14.5193,23.3372
-14.5249,23.3198
-14.5263,23.2997
-14.5276,23.2796
-14.5540,23.2760
-14.8673,22.5934
-14.8598,22.5514
-14.8717,22.5380
-14.8700,22.5181
-14.8955,22.5110
-14.9028,22.4953
-14.9100,22.4796
-14.9627,22.4847
-14.9608,22.4647
-14.9634,22.4468
-14.9659,22.4289
-14.9730,22.4130
-14.9915,22.3831
-15.0030,22.3692
-15.0099,22.3532
-15.0213,22.3391
-15.0281,22.3231
-15.0395,22.3089
-15.0528,22.2767
-15.0594,22.2605
-15.0659,22.2444
-15.0771,22.2301
-15.0835,22.2138
-15.0899,22.1976
-15.0916,22.1795
-15.1042,22.1470
-15.0964,22.1254
-15.1306,22.1197
-15.1461,22.1068
-15.1991,22.1076
-15.1535,22.0722
-15.1419,22.0309
-15.1336,22.0094
-17.4108,19.7400
-17.3898,19.7177
-17.3788,19.6951
-17.4019,19.6707
-17.6197,19.3480
-17.5724,19.3284
-17.6500,19.2969
-17.6574,19.2720
-17.6624,19.2231
-17.6747,19.1975
-17.6869,19.1719
-17.6892,19.1473
-17.6963,19.1220
-17.6885,19.0986
-17.7153,19.0708
-17.7867,19.0372
-17.7240,19.0207
-17.7654,18.9906
-17.8067,18.9602
-17.8479,18.9296
-17.8791,18.9002
-17.8854,18.8741
-17.9015,18.8466
-17.8929,18.8226
-17.9040,18.7957
-17.9149,18.7687
-17.9307,18.7408
-17.9464,18.7128
-17.9620,18.6847
-18.0118,18.6506
-17.9782,18.6307
-17.9984,18.6014
-18.0235,18.5712
-18.0436,18.5416
-18.0684,18.5111
-18.0932,18.4803
-18.1129,18.4241
-18.1325,18.3939
-18.1568,18.3626
-18.1761,18.3322
-18.1954,18.3016
-18.2145,18.2709
-18.2719,18.2318
-18.2279,18.2144
-18.2516,18.1823
-18.2752,18.1500
-18.2987,18.1176
-18.3220,18.0850
-18.3501,18.0512
-18.4015,18.0116
-18.3670,17.9922
-18.3899,17.9591
-18.4126,17.9258
-18.4352,17.8923
-18.4626,17.8575
-18.4898,17.8225
-18.5052,17.7621
-18.5321,17.7266
-18.5636,17.6897
-18.5902,17.6539
-18.6215,17.6166
-18.6430,17.5818
-18.6616,17.5184
-18.6779,17.4846
-18.7085,17.4464
-18.7389,17.4081
-18.7693,17.3695
-18.8042,17.3293
-18.8258,17.2628
-18.8556,17.2235
-18.8851,17.1841
-18.9146,17.1444
-18.9438,17.1045
-18.9729,17.0644
-18.9927,16.9961
-19.0214,16.9555
-19.0499,16.9147
-19.0783,16.8737
-19.1065,16.8326

# FrameTime=1781596548.41, PointCount=642
-4.3398,23.7082
-4.3878,23.6987
-4.4193,23.7004
-4.4548,23.6990
-4.5048,23.6873
-4.5116,23.7057
-4.5069,23.7556
-4.4733,23.8031
-4.5758,23.7528
-4.6232,23.7417
-4.5617,23.8098
-4.5850,23.8163
-4.6375,23.8245
-4.6688,23.8246
-4.7359,23.7974
-4.7233,23.8303
-4.7385,23.8421
-4.7915,23.8250
-4.7968,23.8442
-4.7786,23.8818
-4.8569,23.8441
-4.8839,23.8462
-4.9070,23.8513
-4.9262,23.8593
-4.9492,23.8642
-4.9121,23.9175
-4.9798,23.8862
-4.9990,23.8939
-5.0182,23.9016
-5.0374,23.9092
-5.0643,23.9103
-5.0665,23.9320
-5.0628,23.9587
-5.0343,24.0065
-5.0862,23.9863
-5.1073,23.9920
-5.1228,24.0025
-5.1141,24.0340
-5.1390,24.0363
-5.2109,23.9971
-5.2345,24.0238
-5.1981,24.0804
-5.1630,24.1609
-6.2542,23.2094
-6.3065,23.1989
-6.3232,23.2021
-6.3504,23.1954
-6.3707,23.1951
-6.3764,23.2084
-6.4039,23.2011
-6.4133,23.2108
-6.4228,23.2206
-6.4322,23.2304
-6.4605,23.2216
-6.4948,23.2068
-6.5078,23.2128
-6.5172,23.2223
-6.4733,23.2854
-6.5397,23.2376
-6.5487,23.2476
-6.5582,23.2570
-6.4225,23.4157
-6.5389,23.3154
-6.5833,23.2888
-6.5929,23.2980
-6.6158,23.3128
-5.7718,24.2321
-5.7911,24.2365
-5.7893,24.2636
-5.7917,24.2862
-5.7613,24.3450
-5.7823,24.3736
-5.8459,24.3288
-5.8886,24.3069
-5.8682,24.3555
-5.9174,24.3258
-5.9072,24.3633
-5.8932,24.4053
-5.9370,24.3812
-5.9695,24.3697
-5.9694,24.3959
-6.0010,24.3852
-6.0043,24.4076
-6.0008,24.4382
-6.0139,24.4492
-6.0276,24.4596
-6.0435,24.4673
-6.0630,24.4704
-6.0825,24.4735
-6.1021,24.4765
-6.1247,24.4755
-6.1348,24.4900
-6.1232,24.5319
-6.1521,24.5229
-6.1913,24.5006
-6.2108,24.5032
-6.2202,24.5185
-6.2336,24.5289
-6.2101,24.5872
-6.2876,24.5138
-6.3099,24.5120
-6.3211,24.5249
-6.2945,24.5884
-6.3051,24.6026
-6.3376,24.5871
-6.3512,24.5971
-6.3107,24.6812
-6.3931,24.5967
-6.4271,24.5782
-6.4551,24.5676
-6.4658,24.5813
-6.4880,24.5787
-6.4843,24.6128
-6.4425,24.7016
-6.4917,24.6605
-6.4884,24.6947
-6.4798,24.7372
-6.4994,24.7385
-6.5134,24.7480
-6.5469,24.7285
-6.5831,24.7046
-6.5822,24.7362
-6.6239,24.7035
-6.6514,24.6918
-6.6653,24.7009
-6.6367,24.7757
-6.6589,24.7721
-6.6811,24.7685
-6.6568,24.8381
-6.7146,24.7780
-6.7341,24.7784
-6.7456,24.7914
-6.7571,24.8044
-6.7687,24.8174
-6.7848,24.8231
-6.7757,24.8705
-6.8261,24.8192
-6.8310,24.8434
-6.8682,24.8132
-6.8993,24.7929
-6.9210,24.7883
-6.9377,24.7923
-6.8896,24.9087
-6.9587,24.8216
-6.9631,24.8470
-6.9701,24.8682
-6.9747,24.8936
-6.9867,24.9062
-6.9917,24.9316
-7.0094,24.9339
-7.0019,24.9826
-7.0624,24.9059
-7.0887,24.8917
-7.1032,24.8994
-7.1153,24.9115
-7.1159,24.9457
-7.1213,24.9711
-7.1124,25.0244
-7.1546,24.9788
-7.1739,24.9775
-7.1909,24.9806
-7.1922,25.0147
-7.2070,25.0222
-7.2159,25.0415
-7.2214,25.0681
-7.2633,25.0203
-7.2847,25.0140
-7.2801,25.0617
-7.2535,25.1561
-7.3413,25.0098
-7.3519,25.0258
-7.3099,25.1551
-7.3796,25.0442
-7.3925,25.0556
-7.3978,25.0836
-7.4388,25.0328
-7.4557,25.0350
-7.4565,25.0735
-7.4393,25.1533
-7.5045,25.0456
-7.5174,25.0567
-7.5363,25.0540
-7.5513,25.0604
-7.5663,25.0667
-7.5832,25.0684
-7.5561,25.1760
-7.6132,25.0809
-7.6339,25.0732
-7.6433,25.0932
-7.6639,25.0854
-7.6551,25.1516
-7.6636,25.1746
-7.6898,25.1527
-7.6486,25.3047
-7.7132,25.1832
-7.7197,25.2124
-7.7293,25.2337
-7.7483,25.2302
-7.7672,25.2266
-7.7758,25.2511
-7.7930,25.2521
-7.7923,25.3031
-7.8258,25.2586
-7.8436,25.2578
-7.8576,25.2680
-7.8732,25.2734
-7.9050,25.2316
-7.9140,25.2558
-7.9148,25.3051
-7.9341,25.2994
-7.9524,25.2967
-7.9728,25.2876
-7.9930,25.2784
-7.9980,25.3168
-8.0017,25.3599
-7.9849,25.4693
-8.0394,25.3506
-8.0611,25.3365
-8.0658,25.3780
-8.0898,25.3557
-8.1085,25.3508
-8.1117,25.3987
-8.1222,25.4223
-8.1534,25.3742
-8.1802,25.3404
-8.2000,25.3305
-8.2158,25.3349
-8.2303,25.3441
-8.2396,25.3724
-8.2323,25.4636
-8.2651,25.4050
-8.2735,25.4381
-8.2809,25.4761
-8.3107,25.4272
-8.3255,25.4361
-8.3428,25.4352
-8.3494,25.4782
-8.3762,25.4383
-8.3935,25.4373
-8.4096,25.4411
-8.4295,25.4288
-8.4430,25.4438
-8.4591,25.4475
-8.4523,25.5536
-8.4935,25.4449
-8.5107,25.4436
-8.5299,25.4324
-8.5470,25.4310
-8.5554,25.4718
-8.5686,25.4898
-8.5858,25.4882
-8.5629,25.6893
-8.6183,25.4947
-8.6280,25.5321
-8.6416,25.5500
-8.6560,25.5643
-8.6716,25.5722
-8.6881,25.5752
-8.6855,25.6868
-8.7203,25.5859
-8.7360,25.5937
-8.7493,25.6161
-8.7708,25.5894
-8.7881,25.5871
-8.8093,25.5602
-8.8105,25.6619
-8.8393,25.5850
-8.8551,25.5924
-8.8710,25.5998
-8.8862,25.6121
-8.9007,25.6292
-8.9147,25.6512
-8.9277,25.6819
-8.9476,25.6606
-8.9670,25.6417
-8.9807,25.6686
-8.9956,25.6855
-9.0137,25.6776
-9.0293,25.6895
-9.0434,25.7162
-9.0608,25.8759
-9.0948,25.7167
-9.1107,25.7284
-9.1238,25.7698
-9.1447,25.7316
-9.1630,25.7183
-9.1769,25.7546
-9.2090,25.7824
-9.2234,25.8186
-9.2402,25.8249
-9.2579,25.8212
-9.2755,25.8175
-9.2930,25.8136
-9.3257,25.8457
-9.3419,25.8667
-9.3570,25.9096
-9.3745,25.9106
-9.3920,25.9115
-9.4110,25.8803
-9.4426,25.9637
-9.4592,25.9944
-9.4760,26.0250
-9.4947,25.9984
-9.5127,25.9911
-9.5305,25.9865
-9.5480,26.0019
-9.5692,25.8164
-9.5865,25.8117
-9.6037,25.8169
-9.6192,25.9959
-9.6370,25.9910
-9.6548,25.9861
-9.6726,25.9712
-9.7080,25.9810
-9.7259,26.0009
-9.7441,26.0357
-9.7619,26.0304
-9.7796,26.0202
-9.7970,25.9949
-9.8330,26.0140
-9.8518,26.0434
-9.8705,26.0678
-9.8894,26.0922
-9.9082,26.1115
-9.9262,26.1081
-9.9630,26.1191
-9.9812,26.1182
-9.9996,26.1222
-10.0180,26.1262
-10.0365,26.1302
-10.0550,26.1340
-10.0805,26.2450
-10.0920,26.1416
-9.7025,20.4518
-10.1310,26.1739
-10.1509,26.1924
-10.1692,26.1909
-10.1859,26.1695
-10.2073,26.2028
-10.2463,26.2243
-10.2672,26.2474
-10.2872,26.2605
-10.3068,26.2686
-10.3259,26.2716
-10.3471,26.2945
-10.3896,26.3350
-10.4037,26.2931
-10.4218,26.2860
-10.4392,26.2738
-10.4584,26.2764
-10.4751,26.2592
-10.5156,26.2790
-10.5301,26.2468
-10.5570,26.3035
-10.5800,26.3305
-10.6010,26.3426
-10.6205,26.3447
-10.6408,26.3517
-10.6809,26.3606
-10.7022,26.3724
-10.7243,26.3889
-10.7483,26.4153
-10.7656,26.4022
-10.7846,26.3989
-10.8216,26.3872
-10.8397,26.3789
-10.8568,26.3655
-10.8813,26.3914
-10.9107,26.4417
-10.9394,26.4869
-10.9779,26.5791
-10.9908,26.5428
-11.0173,26.5731
-11.0378,26.5739
-11.0594,26.5796
-11.0954,26.6517
-11.1151,26.6474
-11.1305,26.6235
-11.1484,26.6112
-11.1669,26.6019
-11.1853,26.5925
-11.2049,26.5879
-11.2337,26.6222
-11.2635,26.6594
-11.2868,26.6692
-11.3022,26.6467
-11.3195,26.6321
-11.3367,26.6174
-11.3563,26.6124
-11.3822,26.6315
-11.4057,26.6408
-11.4306,26.6549
-11.4635,26.6202
-11.4898,26.6389
-11.5269,26.6959
-11.5617,26.7432
-11.5927,26.7759
-11.6128,26.7701
-11.6572,26.7727
-11.6626,26.7174
-11.7057,26.7880
-11.7360,26.8153
-11.7636,26.8330
-11.7884,26.8410
-11.8282,26.8966
-11.8370,26.8533
-11.8615,26.8598
-11.8865,26.8674
-11.9084,26.8655
-11.9335,26.8730
-11.9587,26.8804
-11.9823,26.8830
-12.0280,26.8832
-12.0402,26.8526
-12.0622,26.8501
-12.1030,26.9006
-12.1235,26.8933
-12.1219,26.8249
-12.1342,26.7338
-12.1646,26.7545
-12.2111,26.8172
-12.2739,26.9218
-12.3055,26.9430
-12.3189,26.9164
-12.4153,27.1031
-12.3709,26.9283
-12.4080,26.9620
-12.4417,26.9862
-12.4960,27.0612
-12.5393,27.1075
-12.5455,27.0626
-12.6044,27.1456
-12.6759,27.1970
-12.6897,27.1702
-12.6854,27.1014
-12.7164,27.1153
-12.7574,27.1519
-12.8048,27.2021
-12.8780,27.2516
-12.8995,27.2419
-12.9107,27.2095
-12.9881,27.3224
-13.0433,27.3850
-13.0609,27.3655
-13.0764,27.3418
-13.1218,27.3814
-13.1136,27.3077
-13.1698,27.3695
-13.2047,27.3860
-13.2441,27.4113
-13.2837,27.4365
-13.3191,27.4525
-13.3323,27.4237
-13.3499,27.4038
-13.3764,27.4016
-13.4097,27.4127
-13.4499,27.4371
-13.4857,27.4523
-13.5148,27.4541
-13.5753,27.4619
-13.6256,27.5031
-13.6809,27.5528
-13.7317,27.5935
-13.7924,27.6515
-13.8271,27.6610
-13.8750,27.6403
-13.9099,27.6495
-13.9620,27.6890
-14.0094,27.7195
-14.0571,27.7498
-14.1025,27.7756
-14.1385,27.7846
-14.1436,27.7403
-14.2176,27.8138
-14.3241,27.9412
-14.3790,27.9797
-14.3585,27.8917
-14.3664,27.8520
-14.4681,27.9670
-14.4521,27.8876
-14.5095,27.9285
-14.5173,27.8885
-14.5117,27.8274
-14.5721,27.8720
-14.6221,27.8995
-14.7072,27.9815
-14.8060,28.0309
-14.8244,28.0071
-14.8782,28.0376
-14.8720,27.9761
-14.8846,27.9438
-14.9830,28.0404
-15.2385,28.3164
-15.2604,28.2955
-15.2850,28.2787
-15.2926,28.2372
-15.3427,28.2573
-15.3673,28.2402
-14.2341,23.8278
-14.2371,23.7846
-14.2444,23.7677
-14.2554,23.7540
-14.2735,23.7233
-14.2845,23.7095
-14.2914,23.6926
-14.3023,23.6787
-14.3091,23.6618
-14.3199,23.6478
-14.3266,23.6309
-14.3479,23.6029
-14.3545,23.5859
-14.3650,23.5718
-14.3715,23.5547
-14.3819,23.5406
-14.3923,23.5265
-14.4129,23.4981
-14.4232,23.4839
-14.4334,23.4696
-14.4436,23.4554
-14.4537,23.4410
-14.4638,23.4267
-14.4839,23.3979
-14.4938,23.3834
-14.5037,23.3690
-14.5095,23.3517
-14.5276,23.3427
-14.5249,23.3198
-14.5360,23.2852
-14.5498,23.2733
-14.8853,22.6021
-14.8823,22.5622
-14.8672,22.5358
-14.8791,22.5224
-14.8955,22.5110
-14.9028,22.4953
-14.9509,22.4984
-14.9581,22.4826
-14.9608,22.4647
-14.9634,22.4468
-14.9705,22.4309
-14.9846,22.3991
-14.9915,22.3831
-15.0030,22.3692
-15.0145,22.3551
-15.0213,22.3391
-15.0327,22.3250
-15.0461,22.2928
-15.0528,22.2767
-15.0594,22.2605
-15.0659,22.2444
-15.0771,22.2301
-15.0835,22.2138
-15.0963,22.1814
-15.1026,22.1651
-15.1088,22.1488
-15.1197,22.1342
-15.1353,22.1214
-15.1648,22.1137
-15.1850,22.1025
-15.1595,22.0558
-15.1325,22.0275
-15.1336,22.0094
-17.4158,19.7398
-17.3898,19.7177
-17.3731,19.6953
-17.3969,19.6710
-17.6069,19.3731
-17.6297,19.3471
-17.6073,19.3251
-17.6149,19.3003
-17.6698,19.2466
-17.6723,19.2221
-17.6846,19.1964
-17.7219,19.1679
-17.7041,19.1455
-17.6963,19.1220
-17.7004,19.0727
-17.7073,19.0474
-17.7537,19.0168
-17.7852,18.9879
-17.8265,18.9575
-17.8628,18.9275
-17.8755,18.8756
-17.8867,18.8488
-17.8979,18.8219
-17.9138,18.7941
-17.9248,18.7671
-17.9406,18.7392
-17.9563,18.7111
-18.0012,18.6781
-17.9726,18.6573
-17.9930,18.6281
-18.0132,18.5988
-18.0383,18.5685
-18.0632,18.5380
-18.0832,18.5083
-18.1271,18.4739
-18.1031,18.4522
-18.1228,18.4222
-18.1472,18.3910
-18.1666,18.3607
-18.1859,18.3302
-18.2100,18.2986
-18.2530,18.2628
-18.2237,18.2422
-18.2475,18.2102
-18.2663,18.1791
-18.2898,18.1468
-18.3133,18.1143
-18.3366,18.0817
-18.3882,18.0423
-18.3537,18.0229
-18.3718,17.9910
-18.3947,17.9579
-18.4175,17.9246
-18.4401,17.8911
-18.4675,17.8563
-18.5227,17.8141
-18.4879,17.7948
-18.5149,17.7595
-18.5417,17.7241
-18.5685,17.6884
-18.5950,17.6526
-18.6215,17.6166
-18.6355,17.5549
-18.6616,17.5184
-18.6827,17.4832
-18.7085,17.4464
-18.7389,17.4081
-18.7693,17.3695
-18.7912,17.3034
-18.8210,17.2643
-18.8508,17.2250
-18.8804,17.1855
-18.9146,17.1444
-18.9438,17.1045
-18.9639,17.0365
-18.9927,16.9961
-19.0261,16.9539
-19.0546,16.9131
-19.0830,16.8721
-19.1159,16.8293

# FrameTime=1781596548.51, PointCount=642
-4.3551,23.6774
-4.3411,23.7102
-4.3933,23.6979
-4.4248,23.6995
-4.4357,23.7153
-4.5143,23.6836
-4.5198,23.7260
-4.4839,23.7750
-4.5072,23.7818
-4.5893,23.7459
-4.6286,23.7406
-4.5489,23.8222
-4.6097,23.8245
-4.6429,23.8234
-4.6742,23.8234
-4.7334,23.8023
-4.7247,23.8322
-4.7360,23.8470
-4.7672,23.8466
-4.7963,23.8475
-4.8096,23.8606
-4.8623,23.8429
-4.8893,23.8449
-4.9084,23.8530
-4.9315,23.8580
-4.8982,23.9081
-4.9621,23.8801
-4.9813,23.8879
-5.0005,23.8956
-5.0197,23.9033
-5.0428,23.9077
-5.0351,23.9376
-5.0450,23.9530
-5.0508,23.9718
-5.0683,23.9807
-5.0877,23.9880
-5.1315,23.9742
-5.1151,24.0122
-5.1231,24.0291
-5.1330,24.0445
-5.2093,24.0253
-5.2435,24.0188
-5.1793,24.1003
-5.1580,24.1439
-5.1757,24.1524
-5.2617,24.0986
-5.2770,24.1333
-5.2855,24.1499
-5.3014,24.1596
-6.2815,23.2816
-6.3641,23.2604
-6.3920,23.2526
-6.4123,23.2520
-6.4289,23.2548
-6.4676,23.2358
-6.5125,23.2103
-6.4751,23.2665
-6.5419,23.2186
-6.5514,23.2280
-6.5678,23.2302
-6.5738,23.2431
-6.6002,23.2350
-6.6271,23.2263
-6.6642,23.2066
-6.4815,23.4170
-6.5525,23.3623
-6.5689,23.3647
-6.6575,23.2901
-6.6705,23.2955
-6.6768,23.3082
-5.7907,24.2905
-5.7643,24.3706
-5.7806,24.3786
-5.8509,24.3264
-5.8936,24.3045
-5.8699,24.3568
-5.9289,24.3159
-5.8655,24.4140
-5.9250,24.3721
-5.9387,24.3824
-5.9647,24.3785
-5.9744,24.3934
-6.0092,24.3788
-5.9932,24.4240
-6.0025,24.4395
-5.9625,24.5141
-6.0320,24.4576
-6.0484,24.4646
-6.0647,24.4716
-6.0843,24.4747
-6.1018,24.4801
-6.1170,24.4884
-6.1252,24.5053
-6.1436,24.5096
-6.1507,24.5280
-6.2023,24.4900
-6.2156,24.5004
-6.2220,24.5197
-6.2014,24.5740
-6.2487,24.5403
-6.2893,24.5149
-6.3117,24.5131
-6.3101,24.5431
-6.2847,24.6050
-6.3129,24.5956
-6.3364,24.5922
-6.3168,24.6474
-6.3695,24.6040
-6.3949,24.5978
-6.4347,24.5711
-6.4569,24.5686
-6.4733,24.5742
-6.4840,24.5879
-6.4997,24.6233
-6.4906,24.6656
-6.4903,24.6957
-6.4950,24.7187
-6.5145,24.7200
-6.5285,24.7294
-6.5422,24.7393
-6.5701,24.7278
-6.5961,24.7190
-6.6284,24.7003
-6.6560,24.6886
-6.6153,24.7815
-6.6386,24.7766
-6.6302,24.8208
-6.6776,24.7779
-6.6997,24.7742
-6.7218,24.7704
-6.7386,24.7750
-6.7501,24.7880
-6.7616,24.8010
-6.7732,24.8140
-6.7658,24.8584
-6.8017,24.8313
-6.8254,24.8243
-6.8449,24.8241
-6.8871,24.7854
-6.8987,24.7980
-6.9254,24.7848
-6.8595,24.9314
-6.9463,24.8142
-6.9581,24.8267
-6.9748,24.8305
-6.9745,24.8646
-6.9791,24.8901
-6.9935,24.8982
-6.9622,24.9894
-7.0274,24.9054
-7.0260,24.9426
-7.0643,24.9066
-7.0906,24.8924
-7.1051,24.9001
-7.1033,24.9387
-7.1125,24.9567
-7.1088,24.9997
-7.1373,24.9809
-7.1589,24.9751
-7.1759,24.9782
-7.1929,24.9812
-7.1904,25.0229
-7.2112,25.0184
-7.1995,25.0796
-7.2395,25.0361
-7.2653,25.0209
-7.2867,25.0146
-7.2749,25.0774
-7.2599,25.1477
-7.3455,25.0059
-7.2798,25.1848
-7.3688,25.0333
-7.3796,25.0493
-7.4028,25.0380
-7.3978,25.0887
-7.4490,25.0152
-7.4496,25.0537
-7.4241,25.1517
-7.4776,25.0715
-7.5065,25.0461
-7.5195,25.0572
-7.5384,25.0545
-7.5533,25.0609
-7.5702,25.0626
-7.5371,25.1840
-7.6021,25.0705
-7.6209,25.0675
-7.6359,25.0737
-7.6472,25.0890
-7.6641,25.0904
-7.6394,25.1968
-7.6657,25.1750
-7.6368,25.2943
-7.7072,25.1590
-7.7117,25.1929
-7.7141,25.2329
-7.7279,25.2434
-7.7434,25.2493
-7.7641,25.2410
-7.7487,25.3313
-7.7935,25.2571
-7.8090,25.2628
-7.8246,25.2683
-7.8458,25.2582
-7.8580,25.2730
-7.8786,25.2643
-7.8531,25.3895
-7.9210,25.2419
-7.9285,25.2708
-7.9373,25.2966
-7.9561,25.2923
-7.9765,25.2831
-7.9921,25.2882
-8.0017,25.3123
-7.9814,25.4312
-8.0212,25.3604
-8.0489,25.3271
-8.0603,25.3462
-8.0680,25.3782
-8.0863,25.3751
-8.1135,25.3415
-8.1055,25.4277
-8.1286,25.4081
-8.1556,25.3744
-8.1810,25.3454
-8.2022,25.3307
-8.2166,25.3399
-8.2311,25.3490
-8.2144,25.4739
-8.2564,25.3817
-8.2673,25.4052
-8.2770,25.4335
-8.2831,25.4765
-8.3129,25.4273
-8.3265,25.4410
-8.3402,25.4549
-8.3612,25.4393
-8.3796,25.4335
-8.3980,25.4277
-8.4152,25.4267
-8.4351,25.4142
-8.4474,25.4341
-8.4437,25.5256
-8.4796,25.4414
-8.4968,25.4401
-8.5140,25.4387
-8.5321,25.4324
-8.5493,25.4310
-8.5576,25.4718
-8.5718,25.4849
-8.5760,25.5483
-8.6053,25.4865
-8.6244,25.4750
-8.6303,25.5321
-8.6411,25.5646
-8.6565,25.5740
-8.6739,25.5721
-8.6780,25.6444
-8.7069,25.5780
-8.7226,25.5858
-8.7383,25.5936
-8.7524,25.6111
-8.7747,25.5794
-8.7936,25.5673
-8.7953,25.6641
-8.8288,25.5578
-8.8423,25.5800
-8.8574,25.5923
-8.8718,25.6095
-8.8871,25.6218
-8.9023,25.6340
-8.9064,25.7289
-8.9338,25.6533
-8.9507,25.6542
-8.9681,25.6514
-8.9830,25.6684
-8.9968,25.6952
-9.0160,25.6774
-9.0323,25.6843
-9.0633,25.7129
-9.0564,25.9403
-9.0981,25.7065
-9.1121,25.7380
-9.1253,25.7794
-9.1470,25.7313
-9.1823,25.7195
-9.1963,25.7558
-9.2114,25.7821
-9.2258,25.8183
-9.2427,25.8246
-9.2603,25.8209
-9.2772,25.8271
-9.3127,25.8144
-9.3281,25.8454
-9.3449,25.8563
-9.3617,25.8673
-9.3769,25.9102
-9.3947,25.9060
-9.4306,25.8856
-9.4447,25.9733
-9.4612,26.0089
-9.4785,26.0245
-9.4973,25.9929
-9.5154,25.9806
-9.5333,25.9761
-9.5504,26.0042
-9.5716,25.8159
-9.5891,25.8013
-9.6060,25.8214
-9.6217,25.9953
-9.6395,25.9905
-9.6571,26.0477
-9.6750,25.9806
-9.6927,25.9706
-9.7105,25.9855
-9.7284,26.0053
-9.7467,26.0451
-9.7644,26.0248
-9.7819,26.0096
-9.8172,25.9938
-9.8355,26.0134
-9.8543,26.0428
-9.8732,26.0722
-9.8919,26.0915
-9.9111,26.1208
-9.9468,26.1066
-9.9653,26.1134
-9.9835,26.1125
-10.0018,26.1165
-9.6966,20.4516
-10.0387,26.1244
-10.0643,26.2404
-9.7000,20.4514
-10.0942,26.1359
-10.1146,26.1645
-10.1347,26.1880
-10.1562,26.2264
-10.1722,26.1951
-10.2097,26.4202
-10.2059,26.1572
-10.2282,26.2003
-10.2499,26.2334
-10.2727,26.2764
-10.2923,26.2845
-10.3099,26.2727
-10.3290,26.2757
-10.3662,26.2717
-10.3854,26.2746
-10.4052,26.2823
-10.4232,26.2751
-10.4412,26.2679
-10.4592,26.2606
-10.4943,26.2410
-10.5162,26.2632
-10.5327,26.2458
-10.5590,26.2976
-10.5848,26.3443
-10.6036,26.3416
-10.6239,26.3486
-10.6631,26.3527
-10.6835,26.3596
-10.7048,26.3713
-10.7254,26.3780
-10.7468,26.3896
-10.7674,26.3962
-10.8054,26.3895
-10.8243,26.3861
-10.8424,26.3777
-10.8604,26.3693
-10.8839,26.3902
-10.9153,26.4503
-10.9643,26.4966
-10.9966,26.5563
-11.0201,26.5719
-11.0406,26.5727
-11.0632,26.5832
-11.0971,26.6455
-11.1169,26.6412
-11.1402,26.6533
-11.1530,26.6178
-11.1674,26.5908
-11.1893,26.5961
-11.2065,26.5818
-11.2388,26.6306
-11.2663,26.6581
-11.2936,26.6841
-11.3050,26.6453
-11.3211,26.6259
-11.3346,26.5967
-11.3604,26.6159
-11.3850,26.6301
-11.4085,26.6394
-11.4531,26.6482
-11.4623,26.6043
-11.4992,26.6615
-11.5311,26.6992
-11.5673,26.7513
-11.5956,26.7744
-11.6358,26.7627
-11.6615,26.7760
-11.7143,26.8055
-11.7433,26.8281
-11.7680,26.8362
-11.7883,26.8299
-11.8330,26.9010
-11.8379,26.8456
-11.8628,26.8534
-11.8894,26.8658
-11.9129,26.8686
-11.9380,26.8761
-11.9632,26.8835
-11.9920,26.9015
-12.0073,26.8791
-12.0326,26.8863
-12.0415,26.8461
-12.0684,26.8579
-12.1043,26.8942
-12.1231,26.8821
-12.1433,26.8111
-12.1336,26.7227
-12.1658,26.7481
-12.2104,26.8061
-12.2843,26.9397
-12.2959,26.9085
-12.3405,26.9019
-12.3775,26.9357
-12.4073,26.9508
-12.4539,27.0075
-12.5046,27.0732
-12.5461,27.1148
-12.5805,27.1385
-12.5771,27.0705
-12.6287,27.1348
-12.6848,27.2088
-12.6732,27.1222
-12.6904,27.1040
-12.7234,27.1224
-12.7645,27.1590
-12.8411,27.2175
-12.8913,27.2722
-12.9047,27.2443
-12.9179,27.2164
-12.9954,27.3293
-13.0632,27.4190
-13.1071,27.3984
-13.1035,27.3338
-13.1188,27.3100
-13.1773,27.3762
-13.2101,27.3882
-13.2495,27.4135
-13.2913,27.4432
-13.3223,27.4502
-13.3400,27.4303
-13.3620,27.4193
-13.3841,27.4082
-13.4219,27.4282
-13.4599,27.4480
-13.6657,27.7919
-13.5203,27.4561
-13.5401,27.4401
-13.5808,27.4638
-13.6358,27.5138
-13.6888,27.5591
-13.7421,27.6041
-13.8005,27.6577
-13.8531,27.6459
-13.8928,27.6639
-13.9278,27.6730
-13.9751,27.7037
-14.0177,27.7255
-14.0682,27.7608
-14.1112,27.7823
-14.1264,27.7553
-14.1545,27.7505
-14.2281,27.8231
-14.3479,27.9728
-14.3875,27.9855
-14.3542,27.8761
-14.4401,27.9656
-14.3879,27.8265
-14.4633,27.8975
-14.5208,27.9384
-14.5102,27.8686
-14.5256,27.8414
-14.5808,27.8775
-14.6362,27.9134
-14.7398,27.9718
-14.8122,28.0321
-14.8197,27.9915
-14.8544,27.9928
-14.8836,27.9855
-14.8936,27.9490
-15.1979,28.3007
-15.2449,28.3173
-15.2753,28.3088
-15.2915,28.2796
-15.3019,28.2421
-15.3492,28.2581
-15.3737,28.2410
-14.2432,23.8313
-14.2347,23.7786
-14.2419,23.7618
-14.2640,23.7343
-14.2749,23.7205
-14.2819,23.7036
-14.2928,23.6898
-14.2997,23.6728
-14.3105,23.6589
-14.3280,23.6280
-14.3386,23.6141
-14.3452,23.5970
-14.3558,23.5830
-14.3663,23.5690
-14.3728,23.5519
-14.3832,23.5378
-14.4039,23.5095
-14.4142,23.4953
-14.4245,23.4810
-14.4347,23.4668
-14.4448,23.4525
-14.4550,23.4381
-14.4751,23.4094
-14.4851,23.3950
-14.4950,23.3805
-14.5049,23.3661
-14.5107,23.3488
-14.5205,23.3342
-14.5358,23.3023
-14.5288,23.2767
-14.5551,23.2731
-14.8801,22.5769
-14.8786,22.5569
-14.8680,22.5328
-14.8708,22.5150
-14.8963,22.5079
-14.9262,22.5027
-14.9562,22.4974
-14.9589,22.4795
-14.9616,22.4615
-14.9713,22.4278
-14.9783,22.4119
-14.9853,22.3959
-14.9968,22.3820
-15.0037,22.3660
-15.0152,22.3520
-15.0334,22.3218
-15.0401,22.3057
-15.0468,22.2896
-15.0535,22.2735
-15.0600,22.2574
-15.0666,22.2412
-15.0795,22.2088
-15.0906,22.1944
-15.0969,22.1781
-15.1079,22.1637
-15.1094,22.1456
-15.1390,22.1381
-15.1607,22.1088
-15.2184,22.1113
-15.1775,22.0775
-15.1600,22.0525
-15.1518,22.0310
-15.1388,22.0079
-17.4152,19.7355
-17.3992,19.7129
-17.3975,19.6898
-17.4001,19.6432
-17.6261,19.3669
-17.6137,19.3440
-17.6042,19.2969
-17.6615,19.2671
-17.6840,19.2406
-17.6864,19.2160
-17.7186,19.1882
-17.7060,19.1651
-17.7082,19.1405
-17.7452,19.1117
-17.7025,19.0923
-17.7144,19.0664
-17.7460,19.0378
-17.7776,19.0091
-17.8140,18.9794
-17.8454,18.9503
-17.8667,18.9223
-17.8830,18.8949
-17.8894,18.8688
-17.9006,18.8420
-17.9117,18.8150
-17.9276,18.7873
-17.9386,18.7602
-17.9503,18.7074
-17.9659,18.6792
-17.9814,18.6510
-18.0066,18.6209
-18.0269,18.5916
-18.0519,18.5612
-18.0961,18.5272
-18.0722,18.5055
-18.0969,18.4747
-18.1166,18.4447
-18.1412,18.4137
-18.1607,18.3834
-18.1801,18.3530
-18.2184,18.3186
-18.1990,18.2959
-18.2181,18.2651
-18.2371,18.2343
-18.2608,18.2022
-18.2796,18.1711
-18.3031,18.1387
-18.3206,18.0803
-18.3438,18.0475
-18.3669,18.0146
-18.3850,17.9827
-18.4078,17.9495
-18.4306,17.9162
-18.4514,17.8551
-18.4738,17.8214
-18.5009,17.7862
-18.5278,17.7509
-18.5547,17.7154
-18.5814,17.6797
-18.6006,17.6170
-18.6269,17.5808
-18.6531,17.5445
-18.6743,17.5094
-18.7002,17.4727
-18.7260,17.4359
-18.7436,17.3716
-18.7689,17.3344
-18.7990,17.2954
-18.8288,17.2563
-18.8585,17.2170
-18.8881,17.1775
-18.9087,17.1101
-18.9378,17.0701
-18.9667,17.0298
-18.9956,16.9894
-19.0242,16.9488
-19.0527,16.9080
-19.0858,16.8654
-19.1089,16.7942

# FrameTime=1781596548.61, PointCount=638
-4.3656,23.6702
-4.3974,23.6951
-4.4083,23.7109
-4.4644,23.6953
-4.4980,23.6950
-4.5048,23.7134
-4.5380,23.7131
-4.4310,23.8127
-4.3796,23.8734
-4.5327,23.7869
-4.6286,23.7406
-4.5833,23.7970
-4.5883,23.8168
-4.6418,23.8008
-4.6630,23.8084
-4.7294,23.8053
-4.7207,23.8352
-4.7360,23.8470
-4.7672,23.8466
-4.7943,23.8491
-4.8431,23.8345
-4.8814,23.8511
-4.9124,23.8499
-4.9315,23.8580
-4.9507,23.8659
-4.9699,23.8738
-4.9890,23.8816
-5.0158,23.9065
-5.0389,23.9109
-5.0620,23.9152
-5.0756,23.9273
-5.0681,23.9572
-5.1026,23.9515
-5.0839,23.9912
-5.1012,24.0002
-5.1432,23.9878
-5.1118,24.0389
-5.1556,24.0248
-5.2162,23.9954
-5.1794,24.0518
-5.1635,24.0901
-5.2665,24.0221
-5.1988,24.1070
-5.2147,24.1171
-5.2396,24.1188
-5.2501,24.1336
-5.2696,24.1401
-5.2782,24.1567
-5.3283,24.1590
-5.3515,24.1617
-5.3565,24.1816
-5.3849,24.1792
-5.3936,24.1955
-5.4188,24.1959
-6.3470,23.3352
-6.4135,23.3085
-6.4471,23.2944
-6.5068,23.2539
-6.5549,23.2244
-6.5843,23.2324
-6.5868,23.2488
-6.6479,23.2047
-6.6954,23.1742
-6.6493,23.2411
-6.6657,23.2429
-6.6753,23.2519
-6.5925,23.3594
-6.6944,23.2699
-6.6123,23.3779
-6.5884,23.4238
-6.5550,23.4806
-6.5292,23.5295
-5.8088,24.3475
-5.8770,24.3230
-5.8865,24.3381
-5.9092,24.3383
-5.9483,24.3196
-5.9290,24.3674
-5.9518,24.3673
-5.9444,24.4020
-5.9744,24.3934
-5.9963,24.3940
-6.0125,24.4012
-6.0025,24.4395
-6.0157,24.4505
-6.0320,24.4576
-6.0484,24.4646
-6.0533,24.4856
-6.0811,24.4785
-6.1007,24.4815
-6.1202,24.4845
-6.1366,24.4912
-6.1405,24.5135
-6.1507,24.5280
-6.1653,24.5371
-6.2094,24.5083
-6.2289,24.5107
-6.2414,24.5221
-6.2639,24.5205
-6.3014,24.4991
-6.2481,24.5971
-6.3250,24.5232
-6.3235,24.5532
-6.3280,24.5752
-6.3394,24.5881
-6.3500,24.6022
-6.3783,24.5919
-6.4066,24.5816
-6.3899,24.6334
-6.4657,24.5564
-6.4647,24.5864
-6.4926,24.5756
-6.4918,24.6056
-6.4826,24.6479
-6.4793,24.6821
-6.4816,24.7382
-6.5397,24.6829
-6.5310,24.7257
-6.5591,24.7140
-6.5794,24.7139
-6.5989,24.7148
-6.5816,24.7714
-6.6532,24.6927
-6.6726,24.6934
-6.6305,24.7892
-6.6581,24.7773
-6.6803,24.7737
-6.7024,24.7700
-6.7218,24.7704
-6.7431,24.7678
-6.7580,24.7753
-6.7590,24.8053
-6.7680,24.8225
-6.7790,24.8367
-6.8138,24.8114
-6.8212,24.8314
-6.7988,24.9015
-6.8617,24.8283
-6.8987,24.7980
-6.9254,24.7848
-6.9421,24.7887
-6.9414,24.8228
-6.9680,24.8094
-6.9453,24.8826
-6.9793,24.8559
-6.9840,24.8814
-6.9863,24.9112
-7.0105,24.9019
-7.0202,24.9186
-7.0260,24.9426
-7.0517,24.9300
-7.0812,24.9100
-7.1051,24.9001
-7.1173,24.9122
-7.1156,24.9508
-7.1225,24.9733
-7.1373,24.9808
-7.1338,25.0241
-7.1736,24.9826
-7.1996,24.9679
-7.2009,25.0020
-7.1942,25.0527
-7.2194,25.0392
-7.2439,25.0271
-7.2697,25.0119
-7.2381,25.1152
-7.2951,25.0353
-7.2685,25.1297
-7.3285,25.0419
-7.3582,25.0174
-7.3688,25.0333
-7.3629,25.0855
-7.3425,25.1698
-7.4040,25.0751
-7.4163,25.0879
-7.4415,25.0719
-7.4686,25.0512
-7.4896,25.0442
-7.5085,25.0416
-7.4719,25.1671
-7.5384,25.0545
-7.5533,25.0609
-7.5683,25.0672
-7.5852,25.0689
-7.5983,25.0798
-7.6228,25.0629
-7.5851,25.1984
-7.6435,25.0982
-7.6604,25.0997
-7.6682,25.1242
-7.6675,25.1704
-7.6901,25.1578
-7.7072,25.1590
-7.7082,25.2022
-7.6591,25.3779
-7.7331,25.2294
-7.7434,25.2493
-7.7624,25.2457
-7.7779,25.2515
-7.7952,25.2524
-7.8124,25.2534
-7.8263,25.2636
-7.8219,25.3257
-7.8613,25.2636
-7.8720,25.2832
-7.9022,25.2461
-7.9226,25.2372
-7.9254,25.2803
-7.9389,25.2918
-7.9406,25.3395
-7.9703,25.3021
-7.9967,25.2739
-8.0062,25.2980
-8.0099,25.3411
-8.0203,25.3635
-8.0376,25.3637
-8.0680,25.3782
-8.0877,25.3703
-8.1036,25.3750
-8.1266,25.3557
-8.1397,25.3698
-8.1624,25.3505
-8.1592,25.4223
-8.1995,25.3403
-8.2180,25.3351
-8.2312,25.3490
-8.2496,25.3437
-8.2539,25.3913
-8.2635,25.4196
-8.2669,25.4723
-8.2881,25.4569
-8.3068,25.4514
-8.3253,25.4458
-8.3439,25.4402
-8.3623,25.4345
-8.3808,25.4287
-8.3829,25.4910
-8.4141,25.4315
-8.4328,25.4240
-8.4452,25.4438
-8.4613,25.4475
-8.4796,25.4414
-8.4968,25.4401
-8.5171,25.4241
-8.4998,25.5840
-8.5503,25.4261
-8.5623,25.4490
-8.5708,25.4898
-8.5890,25.4833
-8.6072,25.4767
-8.6177,25.5093
-8.6140,25.6173
-8.6458,25.5401
-8.6583,25.5642
-8.6748,25.5672
-8.6904,25.5751
-8.7060,25.5829
-8.7217,25.5907
-8.7350,25.6132
-8.7351,25.7151
-8.7731,25.5892
-8.7904,25.5870
-8.8101,25.5700
-8.8258,25.5774
-8.8408,25.5898
-8.8559,25.6021
-8.8878,25.6168
-8.9030,25.6290
-8.9177,25.6461
-8.9344,25.6484
-8.9526,25.6394
-8.9668,25.6613
-8.9992,25.6754
-9.0148,25.6873
-9.0294,25.7091
-9.0447,25.7259
-9.0584,25.7575
-9.0765,25.7494
-9.0946,25.7413
-9.1066,25.7937
-9.1291,25.7397
-9.1447,25.7562
-9.1654,25.7180
-9.1806,25.7394
-9.1947,25.7757
-9.2085,25.8169
-9.2430,25.8196
-9.2599,25.8258
-9.2772,25.8271
-9.2954,25.8133
-9.3111,25.8393
-9.3322,25.7767
-9.3419,25.9083
-9.3628,25.8473
-9.3769,25.9102
-9.3947,25.9060
-9.4115,25.9218
-9.4290,25.9255
-9.4445,25.9783
-9.4604,26.0289
-9.4973,25.9929
-9.5152,25.9884
-9.5333,25.9761
-9.5509,25.9814
-9.5717,25.8109
-9.5860,26.0049
-9.6062,25.8065
-9.6217,25.9953
-9.6395,25.9905
-9.6573,25.9855
-9.6750,25.9756
-9.6927,25.9706
-9.7105,25.9755
-9.7293,26.1025
-9.7463,26.0051
-9.7644,26.0248
-9.7828,26.0595
-9.8002,26.0292
-9.8175,26.0038
-9.8359,26.0283
-9.8549,26.0628
-9.8915,26.0815
-9.9100,26.0908
-9.9284,26.1001
-9.9470,26.1093
-9.9653,26.1134
-9.6943,20.4517
-10.0206,26.1255
-9.6980,20.4564
-10.0575,26.1333
-10.0757,26.1321
-9.7011,20.4513
-10.1153,26.1744
-10.1499,26.3898
-10.1535,26.1916
-9.7061,20.4558
-10.1910,26.1985
-10.2081,26.1821
-10.2278,26.1953
-9.7103,20.4506
-10.2863,26.4183
-10.2923,26.2845
-10.3119,26.2926
-10.3280,26.2658
-10.3482,26.2787
-10.3668,26.2767
-10.3860,26.2795
-10.4046,26.2774
-10.4418,26.2729
-10.4611,26.2755
-10.4803,26.2781
-10.4983,26.2707
-10.5142,26.2484
-10.5403,26.3002
-10.5798,26.3098
-10.6051,26.3515
-10.6239,26.3486
-10.6435,26.3507
-10.6639,26.3576
-10.6851,26.3694
-10.7222,26.4776
-10.7254,26.3780
-10.7468,26.3896
-10.7700,26.4110
-10.7873,26.3978
-10.8054,26.3895
-10.8234,26.3812
-10.8424,26.3777
-10.8802,26.3706
-10.9077,26.4111
-10.9383,26.4661
-10.9683,26.5162
-11.0006,26.5759
-11.0191,26.5670
-11.0580,26.5588
-11.0933,26.6278
-11.1179,26.6461
-11.1348,26.6289
-11.1534,26.6197
-11.1674,26.5908
-11.2088,26.5915
-11.2249,26.5723
-11.2573,26.6210
-11.2872,26.6582
-11.3026,26.6356
-11.3223,26.6307
-11.3383,26.6112
-11.3775,26.6011
-11.4047,26.6250
-11.4295,26.6390
-11.4505,26.6386
-11.4663,26.6188
-11.5032,26.6759
-11.5578,26.7177
-11.5860,26.7408
-11.6199,26.7830
-11.6466,26.7996
-11.6568,26.7601
-11.6726,26.7398
-11.7129,26.8008
-11.7729,26.9249
-11.7576,26.8027
-11.7898,26.8346
-11.8146,26.8426
-11.8394,26.8504
-11.8659,26.8629
-11.8925,26.8753
-11.9427,26.8903
-11.9584,26.8693
-11.9804,26.8671
-11.9975,26.8507
-12.0277,26.8721
-12.0580,26.8933
-12.1026,26.8895
-12.1281,26.8962
-12.1248,26.8231
-12.1102,26.7207
-12.1336,26.7227
-12.1588,26.7294
-12.2122,26.8108
-12.2967,26.9723
-12.3027,26.9261
-12.3200,26.9099
-12.3442,26.9113
-12.3903,26.9683
-12.4128,26.9647
-12.5168,27.1644
-12.4916,27.0408
-12.5238,27.0600
-12.5485,27.0607
-12.6017,27.1298
-12.6383,27.1579
-12.6734,27.1818
-12.6732,27.1222
-12.7135,27.0995
-12.7525,27.1315
-12.8159,27.2183
-12.8594,27.2586
-12.9237,27.3449
-12.8944,27.2216
-12.9859,27.3662
-12.9830,27.3020
-13.0088,27.3011
-13.0894,27.4177
-13.0796,27.3396
-13.0992,27.3248
-13.1317,27.3371
-13.1816,27.3853
-13.2188,27.4063
-13.2407,27.3955
-13.2803,27.4207
-13.3134,27.4323
-13.3422,27.4348
-13.3620,27.4193
-13.3818,27.4037
-13.4463,27.4213
-13.4866,27.4455
-13.5064,27.4296
-13.5470,27.4534
-13.5972,27.4947
-13.6452,27.5314
-13.7231,27.5690
-13.7814,27.6226
-13.8376,27.6716
-13.8628,27.6634
-13.9001,27.6770
-13.9351,27.6861
-14.0029,27.6995
-14.0505,27.7298
-14.0984,27.7599
-14.1239,27.7509
-14.1725,27.7814
-14.2868,27.9231
-14.3657,28.0028
-14.4106,27.9703
-14.3647,27.8406
-14.4087,27.8606
-14.4581,27.8890
-14.5346,27.9607
-14.4707,27.8050
-14.5675,27.8564
-14.6095,27.8712
-14.6919,27.9490
-14.7586,28.0012
-14.8041,28.0195
-14.8197,27.9915
-14.9811,28.1865
-14.8617,27.9522
-14.9018,27.9615
-14.9504,27.9832
-15.2062,28.3132
-15.2309,28.2966
-15.2745,28.2548
-15.3406,28.2457
-15.3708,28.2369
-15.4154,28.2484
-14.2274,23.7955
-14.2458,23.7649
-14.2529,23.7481
-14.2640,23.7343
-14.2749,23.7205
-14.2819,23.7036
-14.2928,23.6898
-14.3105,23.6589
-14.3212,23.6450
-14.3280,23.6280
-14.3386,23.6141
-14.3452,23.5970
-14.3558,23.5830
-14.3768,23.5549
-14.3832,23.5378
-14.3936,23.5236
-14.4039,23.5095
-14.4142,23.4953
-14.4245,23.4810
-14.4347,23.4668
-14.4550,23.4381
-14.4650,23.4238
-14.4751,23.4094
-14.4851,23.3950
-14.4950,23.3805
-14.5008,23.3632
-14.5205,23.3342
-14.5302,23.3197
-14.5316,23.2996
-14.5330,23.2795
-14.5509,23.2704
-14.8951,22.6034
-14.8937,22.5834
-14.8831,22.5591
-14.8725,22.5349
-14.8799,22.5193
-14.8917,22.5058
-14.9035,22.4922
-14.9471,22.4932
-14.9589,22.4795
-14.9616,22.4615
-14.9642,22.4436
-14.9737,22.4098
-14.9807,22.3939
-14.9923,22.3800
-14.9992,22.3640
-15.0106,22.3500
-15.0220,22.3359
-15.0355,22.3038
-15.0468,22.2896
-15.0535,22.2735
-15.0600,22.2574
-15.0666,22.2412
-15.0731,22.2250
-15.0795,22.2088
-15.0922,22.1763
-15.1032,22.1619
-15.1048,22.1438
-15.1156,22.1293
-15.1358,22.1182
-15.1748,22.1140
-15.1916,22.0827
-15.1600,22.0525
-15.1424,22.0276
-15.1247,22.0029
-17.4152,19.7355
-17.3892,19.7134
-17.3675,19.6913
-17.4163,19.6656
-17.6311,19.3665
-17.6187,19.3436
-17.6164,19.3197
-17.6639,19.2911
-17.6964,19.2636
-17.6991,19.2390
-17.6914,19.2155
-17.7186,19.1882
-17.7109,19.1646
-17.7131,19.1399
-17.7202,19.1146
-17.7173,19.0905
-17.7411,19.0384
-17.7776,19.0091
-17.8091,18.9801
-17.8404,18.9510
-17.8717,18.9216
-17.8880,18.8942
-17.9006,18.8420
-17.9166,18.8143
-17.9276,18.7873
-17.9435,18.7594
-17.9543,18.7322
-17.9700,18.7041
-17.9863,18.6501
-18.0116,18.6201
-18.0318,18.5907
-18.0568,18.5603
-18.0768,18.5307
-18.1017,18.5000
-18.1216,18.4438
-18.1412,18.4137
-18.1607,18.3834
-18.1801,18.3530
-18.1994,18.3225
-18.2186,18.2918
-18.2322,18.2353
-18.2511,18.2044
-18.2747,18.1722
-18.2983,18.1398
-18.3265,18.1062
-18.3498,18.0735
-18.3779,18.0396
-18.4098,18.0045
-18.3899,17.9816
-18.4127,17.9483
-18.4306,17.9162
-18.4532,17.8827
-18.4757,17.8490
-18.5029,17.8139
-18.5230,17.7521
-18.5498,17.7166
-18.5765,17.6809
-18.6031,17.6451
-18.6247,17.6104
-18.6510,17.5741
-18.6647,17.5121
-18.6858,17.4769
-18.7068,17.4415
-18.7276,17.4059
-18.7532,17.3688
-18.7785,17.3315
-18.8049,17.2637
-18.8347,17.2244
-18.8642,17.1850
-18.8937,17.1453
-18.9229,17.1055
-18.9520,17.0654
-18.9718,16.9973
-19.0052,16.9551
-19.0337,16.9144
-19.0668,16.8718
-19.0950,16.8307

# FrameTime=1781596548.71, PointCount=637
-4.3567,23.6818
-4.3469,23.7118
-4.3908,23.7051
-4.4223,23.7067
-4.4455,23.7139
-4.5118,23.6908
-4.5255,23.7274
-4.4814,23.7822
-4.5129,23.7832
-4.5869,23.7531
-4.6303,23.7449
-4.5586,23.8206
-4.6093,23.8304
-4.6446,23.8276
-4.6719,23.8306
-4.7350,23.8064
-4.7224,23.8394
-4.7218,23.8634
-4.7649,23.8538
-4.7940,23.8547
-4.8074,23.8678
-4.8640,23.8469
-4.8910,23.8490
-4.9101,23.8571
-4.9332,23.8620
-4.9524,23.8699
-4.9830,23.8919
-5.0022,23.8996
-5.0253,23.9041
-5.0445,23.9116
-5.0522,23.9287
-5.0774,23.9312
-5.0816,23.9749
-5.0971,23.9854
-5.1219,23.9878
-5.1131,24.0193
-5.1287,24.0297
-5.1424,24.0418
-5.1488,24.0602
-5.2186,24.0225
-5.2416,24.0259
-5.1737,24.1108
-5.1673,24.1410
-5.1870,24.1478
-5.2525,24.1125
-5.2557,24.1341
-5.2109,24.2000
-5.2838,24.1571
-5.3033,24.1634
-5.3302,24.1628
-5.3280,24.1895
-5.3311,24.2113
-5.3724,24.1967
-5.4223,24.1981
-5.4454,24.2004
-5.5006,24.1710
-5.5236,24.1730
-5.5571,24.1643
-5.5518,24.1943
-6.4047,23.3806
-6.4644,23.3398
-6.4804,23.3430
-6.5708,23.2696
-6.6281,23.2294
-6.6411,23.2349
-6.6609,23.2331
-6.6329,23.2818
-6.6765,23.2548
-6.6417,23.3112
-6.6106,23.3642
-6.6171,23.3770
-6.6270,23.3862
-6.6370,23.3953
-6.6470,23.4044
-6.6603,23.4098
-6.6703,23.4188
-6.6405,23.4726
-6.6146,23.5224
-6.5585,23.6070
-5.9083,24.3708
-5.9139,24.4168
-5.9700,24.3780
-5.9764,24.3967
-6.0048,24.3897
-6.0017,24.4197
-5.9982,24.4504
-6.0309,24.4647
-6.0473,24.4717
-6.0669,24.4749
-6.0833,24.4818
-6.1040,24.4833
-6.1192,24.4916
-6.1325,24.5022
-6.1240,24.5402
-6.1529,24.5312
-6.1983,24.5010
-6.2177,24.5035
-6.2211,24.5267
-6.2405,24.5292
-6.2111,24.5954
-6.2885,24.5220
-6.3138,24.5162
-6.3221,24.5331
-6.2955,24.5966
-6.2972,24.6228
-6.3416,24.5912
-6.3552,24.6012
-6.3563,24.6283
-6.3971,24.6008
-6.4252,24.5903
-6.4591,24.5716
-6.4698,24.5853
-6.4920,24.5826
-6.4883,24.6167
-6.4496,24.7015
-6.4958,24.6645
-6.4897,24.7028
-6.4839,24.7412
-6.5036,24.7425
-6.5176,24.7520
-6.5511,24.7324
-6.5817,24.7168
-6.5864,24.7400
-6.6280,24.7073
-6.6583,24.6914
-6.6721,24.7004
-6.6382,24.7836
-6.6631,24.7759
-6.6880,24.7680
-6.6584,24.8461
-6.7215,24.7774
-6.7383,24.7820
-6.7524,24.7908
-6.7640,24.8038
-6.7756,24.8168
-6.7847,24.8340
-6.8136,24.8184
-6.8210,24.8384
-6.8379,24.8426
-6.8843,24.7966
-6.9011,24.8007
-6.9253,24.7918
-6.9370,24.8043
-6.8940,24.9121
-6.9580,24.8336
-6.9674,24.8504
-6.9744,24.8715
-6.9815,24.8927
-6.9935,24.9052
-7.0105,24.9088
-7.0154,24.9343
-7.0087,24.9815
-7.0478,24.9443
-7.0884,24.9037
-7.1075,24.9026
-7.1197,24.9147
-7.1204,24.9489
-7.1296,24.9669
-7.1100,25.0412
-7.1591,24.9820
-7.1738,24.9895
-7.1931,24.9881
-7.1967,25.0178
-7.2137,25.0209
-7.2219,25.0417
-7.2127,25.0984
-7.2678,25.0233
-7.2870,25.0215
-7.2890,25.0557
-7.2710,25.1321
-7.3458,25.0127
-7.3565,25.0287
-7.3216,25.1428
-7.3842,25.0471
-7.3929,25.0675
-7.4024,25.0865
-7.4393,25.0448
-7.4582,25.0423
-7.4611,25.0763
-7.4921,25.0464
-7.4573,25.1674
-7.5200,25.0640
-7.5389,25.0613
-7.5539,25.0677
-7.5689,25.0740
-7.5858,25.0757
-7.6028,25.0773
-7.5838,25.1665
-7.6385,25.0758
-7.6479,25.0958
-7.6648,25.0972
-7.6634,25.1449
-7.6683,25.1772
-7.6945,25.1552
-7.7044,25.1751
-7.7084,25.2105
-7.7244,25.2149
-7.7358,25.2315
-7.7461,25.2513
-7.7651,25.2477
-7.7806,25.2535
-7.7978,25.2545
-7.7864,25.3354
-7.8290,25.2657
-7.8468,25.2649
-7.8640,25.2656
-7.8763,25.2805
-7.9081,25.2386
-7.9188,25.2580
-7.9228,25.2980
-7.9390,25.3017
-7.9573,25.2989
-7.9776,25.2898
-7.9979,25.2806
-8.0074,25.3046
-8.0096,25.3525
-8.0106,25.4052
-8.0389,25.3703
-8.0704,25.3243
-8.0707,25.3801
-8.0890,25.3769
-8.1078,25.3720
-8.1237,25.3767
-8.1230,25.4390
-8.1597,25.3714
-8.1824,25.3520
-8.2022,25.3420
-8.2194,25.3416
-8.2339,25.3508
-8.2523,25.3455
-8.2553,25.3978
-8.2586,25.4505
-8.2798,25.4352
-8.2885,25.4683
-8.3145,25.4338
-8.3269,25.4523
-8.3467,25.4418
-8.3640,25.4410
-8.3707,25.4839
-8.3985,25.4390
-8.4169,25.4331
-8.4367,25.4207
-8.4491,25.4406
-8.4652,25.4442
-8.4824,25.4430
-8.5006,25.4368
-8.4873,25.5771
-8.5370,25.4242
-8.5510,25.4374
-8.5621,25.4651
-8.5736,25.4913
-8.5919,25.4848
-8.6100,25.4782
-8.5851,25.6941
-8.6341,25.5286
-8.6477,25.5465
-8.6603,25.5705
-8.6768,25.5736
-8.6933,25.5765
-8.7089,25.5843
-8.7110,25.6714
-8.7404,25.5999
-8.7545,25.6174
-8.7760,25.5906
-8.7933,25.5884
-8.8137,25.5664
-8.8279,25.5837
-8.8437,25.5911
-8.8747,25.6108
-8.8900,25.6230
-8.9060,25.6303
-8.9206,25.6474
-8.9380,25.6447
-8.9549,25.6456
-8.9865,25.6646
-9.0015,25.6815
-9.0172,25.6935
-9.0318,25.7152
-9.0466,25.7370
-9.0588,25.7835
-9.0806,25.7407
-9.1146,25.7441
-9.1312,25.7507
-9.1482,25.7523
-9.1679,25.7241
-9.1823,25.7554
-9.1973,25.7817
-9.2288,25.8193
-9.2461,25.8206
-9.2633,25.8219
-9.2803,25.8281
-9.2988,25.8093
-9.3136,25.8503
-9.3275,25.9082
-9.3507,25.8085
-9.3653,25.8583
-9.3798,25.9161
-9.3976,25.9120
-9.4154,25.9057
-9.4311,25.9514
-9.4475,25.9842
-9.4817,26.0254
-9.5003,25.9988
-9.5187,25.9765
-9.5366,25.9719
-9.5536,26.0023
-9.5714,26.0054
-9.6092,25.8073
-9.6248,26.0011
-9.6427,25.9962
-9.6605,25.9863
-9.6782,25.9763
-9.6959,25.9713
-9.7146,26.1183
-9.7315,25.9910
-9.7494,26.0008
-9.7674,26.0155
-9.7851,26.0102
-9.8026,25.9949
-9.8207,26.0045
-9.8393,26.0340
-9.8759,26.0578
-9.8955,26.1021
-9.9134,26.0964
-9.9317,26.1007
-9.9502,26.1098
-9.9686,26.1140
-10.0054,26.1221
-10.0241,26.1310
-10.0415,26.1173
-10.0611,26.1388
-10.0790,26.1326
-9.7008,20.4569
-10.1384,26.4465
-10.1365,26.1685
-10.1568,26.1920
-10.1780,26.2254
-10.1948,26.2039
-10.2123,26.1924
-10.2325,26.2106
-10.2541,26.2437
-9.7108,20.4512
-10.2961,26.2898
-10.3148,26.2879
-10.3329,26.2810
-10.3521,26.2840
-10.3707,26.2819
-10.3893,26.2798
-10.4266,26.2754
-10.4458,26.2780
-10.4644,26.2757
-10.4837,26.2783
-10.5016,26.2708
-10.5169,26.2436
-10.5437,26.3004
-10.5861,26.3296
-10.6063,26.3368
-10.6273,26.3487
-10.6469,26.3508
-10.6681,26.3626
-10.6886,26.3695
-10.7288,26.3781
-10.7502,26.3896
-10.7735,26.4110
-10.7907,26.3978
-10.8088,26.3895
-10.8269,26.3812
-10.8865,26.5967
-10.8647,26.3741
-10.8846,26.3754
-10.9111,26.4110
-10.9428,26.4709
-10.9728,26.5209
-11.0041,26.5757
-11.0365,26.6334
-11.0432,26.5676
-11.0679,26.5879
-11.0980,26.6325
-11.1205,26.6410
-11.1348,26.6122
-11.1548,26.6096
-11.1699,26.5857
-11.2113,26.5863
-11.2331,26.5914
-11.2609,26.6207
-11.2909,26.6578
-11.3062,26.6352
-11.3259,26.6303
-11.3649,26.7011
-11.3615,26.6058
-11.3798,26.5959
-11.4083,26.6245
-11.4344,26.6434
-11.4554,26.6429
-11.4685,26.6134
-11.5095,26.6850
-11.5615,26.7171
-11.5897,26.7402
-11.6250,26.7872
-11.6503,26.7990
-11.6577,26.7499
-11.6763,26.7392
-11.7383,26.7987
-11.7629,26.8068
-11.7935,26.8339
-11.8214,26.8514
-11.8447,26.8544
-11.8712,26.8669
-11.8963,26.8745
-11.9218,26.8833
-11.9465,26.8895
-11.9654,26.8779
-11.9842,26.8663
-12.0013,26.8499
-12.0298,26.8665
-12.0469,26.8500
-12.1098,26.8979
-12.1285,26.8859
-12.1302,26.8269
-12.1139,26.7197
-12.1355,26.7171
-12.1607,26.7237
-12.2290,26.7834
-12.3047,26.9204
-12.3257,26.9135
-12.3462,26.9055
-12.3942,26.9671
-12.4130,26.9543
-12.4955,27.0396
-12.5258,27.0542
-12.5505,27.0548
-12.6057,27.1285
-12.6461,27.1658
-12.6754,27.1758
-12.7416,27.2720
-12.6983,27.1118
-12.7194,27.1027
-12.7565,27.1302
-12.8219,27.2214
-12.8614,27.2526
-12.9278,27.3434
-12.8964,27.2155
-12.9891,27.3050
-13.0150,27.3041
-13.0915,27.4117
-13.0858,27.3425
-13.1012,27.3186
-13.1337,27.3309
-13.1879,27.3881
-13.2273,27.4136
-13.2449,27.3938
-13.2867,27.4235
-13.3154,27.4261
-13.3441,27.4285
-13.3684,27.4219
-13.3837,27.3974
-13.4504,27.4195
-13.4908,27.4436
-13.5152,27.4365
-13.5489,27.4471
-13.6014,27.4928
-13.6542,27.5382
-13.7298,27.5713
-13.7857,27.6205
-13.8443,27.6738
-13.8671,27.6613
-13.8972,27.6617
-13.9394,27.6839
-14.0072,27.6972
-14.0499,27.7189
-14.1003,27.7533
-14.1258,27.7443
-14.1795,27.7834
-14.2730,27.8896
-14.3728,28.0046
-14.4158,27.9688
-14.3665,27.8338
-14.4132,27.8581
-14.4600,27.8822
-14.5365,27.9538
-14.4751,27.8024
-14.5720,27.8538
-14.6140,27.8686
-14.6938,27.9421
-14.7659,28.0027
-14.8059,28.0125
-14.8243,27.9887
-14.9666,28.1543
-14.8662,27.9493
-14.9091,27.9628
-14.9467,27.9679
-15.2026,28.2977
-15.2385,28.2976
-15.2765,28.2476
-15.3454,28.2426
-15.3784,28.2378
-15.4087,28.2288
-14.2474,23.7625
-14.2546,23.7457
-14.2656,23.7319
-14.2765,23.7181
-14.2835,23.7012
-14.2944,23.6873
-14.3013,23.6704
-14.3228,23.6426
-14.3295,23.6256
-14.3402,23.6116
-14.3508,23.5976
-14.3613,23.5835
-14.3678,23.5665
-14.3887,23.5382
-14.3950,23.5211
-14.4054,23.5069
-14.4157,23.4927
-14.4259,23.4785
-14.4361,23.4642
-14.4564,23.4356
-14.4665,23.4212
-14.4765,23.4068
-14.4865,23.3924
-14.4964,23.3780
-14.5063,23.3635
-14.5218,23.3316
-14.5316,23.3171
-14.5330,23.2970
-14.5343,23.2769
-14.5522,23.2677
-14.8554,22.5809
-14.8614,22.5455
-14.8778,22.5342
-14.8761,22.5143
-14.8970,22.5050
-14.9615,22.4966
-14.9551,22.4745
-14.9623,22.4586
-14.9649,22.4407
-14.9720,22.4248
-14.9790,22.4089
-14.9929,22.3771
-14.9998,22.3611
-15.0113,22.3471
-15.0181,22.3310
-15.0294,22.3169
-15.0362,22.3009
-15.0541,22.2705
-15.0606,22.2544
-15.0672,22.2382
-15.0736,22.2220
-15.0801,22.2058
-15.0865,22.1896
-15.0928,22.1733
-15.1100,22.1426
-15.1115,22.1245
-15.1363,22.1152
-15.1471,22.1005
-15.2048,22.1031
-15.1592,22.0676
-15.1476,22.0263
-15.1346,22.0032
-17.3951,19.7549
-17.4080,19.7079
-17.3920,19.6854
-17.4101,19.6613
-17.6424,19.3365
-17.6299,19.3136
-17.6525,19.2873
-17.6999,19.2583
-17.6974,19.2342
-17.7197,19.2075
-17.7222,19.1828
-17.7144,19.1592
-17.7166,19.1345
-17.7236,19.1092
-17.7257,19.0845
-17.7475,19.0572
-17.7742,19.0292
-17.8074,18.9752
-17.8437,18.9454
-17.8799,18.9153
-17.8962,18.8878
-17.9074,18.8610
-17.9235,18.8333
-17.9357,18.7808
-17.9466,18.7536
-17.9574,18.7264
-17.9682,18.6991
-17.9887,18.6701
-18.0090,18.6409
-18.0298,18.5857
-18.0549,18.5553
-18.0749,18.5256
-18.0997,18.4949
-18.1195,18.4650
-18.1441,18.4340
-18.1586,18.3783
-18.1829,18.3469
-18.2022,18.3163
-18.2213,18.2856
-18.2404,18.2548
-18.2593,18.2239
-18.2774,18.1659
-18.2960,18.1346
-18.3243,18.1010
-18.3476,18.0683
-18.3707,18.0355
-18.3938,18.0024
-18.4070,17.9716
-18.4482,17.9338
-18.4185,17.9133
-18.4265,17.8834
-18.4635,17.8461
-18.4955,17.8098
-18.5274,17.7733
-18.5543,17.7379
-18.5896,17.7000
-18.5740,17.6756
-18.6005,17.6397
-18.6221,17.6049
-18.6484,17.5687
-18.6697,17.5336
-18.6909,17.4984
-18.7298,17.4579
-18.6993,17.4374
-18.7297,17.3990
-18.7552,17.3618
-18.7805,17.3245
-18.8105,17.2855
-18.8355,17.2478
-18.8566,17.1809
-18.8860,17.1412
-18.9152,17.1014
-18.9443,17.0613
-18.9732,17.0211
-19.0068,16.9790
-19.0259,16.9103
-19.0590,16.8677
-19.0871,16.8265

# FrameTime=1781596548.81, PointCount=642
-4.3672,23.6746
-4.3949,23.7023
-4.4099,23.7153
-4.4660,23.6996
-4.4955,23.7022
-4.5145,23.7120
-4.5315,23.7232
-4.4245,23.8229
-4.3854,23.8749
-4.5465,23.7824
-4.6262,23.7478
-4.5849,23.8013
-4.5900,23.8211
-4.6475,23.8020
-4.6647,23.8126
-4.7310,23.8095
-4.7264,23.8364
-4.7377,23.8512
-4.7649,23.8538
-4.7960,23.8532
-4.8448,23.8386
-4.8792,23.8582
-4.9141,23.8540
-4.9293,23.8651
-4.9485,23.8731
-4.9677,23.8810
-4.9869,23.8887
-5.0176,23.9104
-5.0368,23.9180
-5.0637,23.9191
-5.0697,23.9376
-5.0699,23.9611
-5.1044,23.9555
-5.0895,23.9919
-5.0992,24.0074
-5.1413,23.9949
-5.1136,24.0428
-5.1686,24.0188
-5.2180,23.9993
-5.1887,24.0490
-5.1654,24.0939
-5.2684,24.0259
-5.1970,24.1142
-5.2129,24.1243
-5.2378,24.1260
-5.2409,24.1476
-5.2642,24.1507
-5.2801,24.1605
-5.3266,24.1662
-5.3497,24.1689
-5.3295,24.2129
-5.3832,24.1863
-5.3956,24.1992
-5.4259,24.1946
-5.4721,24.1990
-5.5271,24.1695
-5.5394,24.1819
-5.5588,24.1873
-5.5627,24.2081
-5.5751,24.2204
-5.5876,24.2327
-5.5806,24.2649
-5.5989,24.2966
-5.6738,24.2439
-6.6403,23.2548
-6.6498,23.2639
-6.6628,23.2693
-6.6459,23.3067
-6.6753,23.2947
-6.6721,23.3175
-6.6135,23.4009
-6.6336,23.3990
-6.6503,23.4007
-6.6603,23.4098
-6.6603,23.4300
-6.6804,23.4278
-6.6905,23.4368
-6.7039,23.4419
-6.7206,23.4433
-6.7110,23.4748
-6.7409,23.4610
-6.7348,23.4887
-6.6869,23.5655
-6.7359,23.5291
-6.0146,24.4045
-6.0111,24.4351
-6.0242,24.4461
-6.0341,24.4608
-6.0410,24.4794
-6.0289,24.5213
-6.0801,24.4857
-6.0965,24.4925
-6.1192,24.4916
-6.1356,24.4983
-6.1364,24.5245
-6.1498,24.5351
-6.1601,24.5496
-6.2116,24.5114
-6.2311,24.5139
-6.2405,24.5292
-6.2660,24.5236
-6.2945,24.5140
-6.2504,24.6002
-6.3272,24.5263
-6.3257,24.5562
-6.3302,24.5783
-6.3416,24.5912
-6.3522,24.6052
-6.3806,24.5950
-6.4000,24.5967
-6.3921,24.6364
-6.4678,24.5594
-6.4640,24.5934
-6.4948,24.5786
-6.4969,24.6044
-6.4905,24.6426
-6.4815,24.6850
-6.4728,24.7275
-6.5448,24.6817
-6.5333,24.7286
-6.5698,24.7045
-6.5789,24.7209
-6.5984,24.7219
-6.6124,24.7311
-6.6528,24.6997
-6.6775,24.6921
-6.6301,24.7962
-6.6578,24.7843
-6.6799,24.7807
-6.7021,24.7770
-6.7313,24.7618
-6.7294,24.7962
-6.7498,24.7950
-6.7614,24.8081
-6.7756,24.8168
-6.7873,24.8297
-6.8136,24.8184
-6.8252,24.8313
-6.8217,24.8699
-6.8641,24.8310
-6.9011,24.8007
-6.9228,24.7961
-6.9419,24.7957
-6.9412,24.8298
-6.9654,24.8206
-6.9526,24.8765
-6.9817,24.8585
-6.9912,24.8753
-6.9984,24.8964
-7.0177,24.8957
-7.0250,24.9168
-7.0284,24.9452
-7.0715,24.9004
-7.0215,25.0286
-7.1052,24.9071
-7.1174,24.9192
-7.1173,24.9548
-7.1273,24.9714
-7.1398,24.9834
-7.1614,24.9776
-7.1602,25.0164
-7.2021,24.9703
-7.2056,25.0000
-7.1989,25.0507
-7.2131,25.0596
-7.2486,25.0251
-7.2700,25.0188
-7.2849,25.0260
-7.2537,25.1294
-7.2796,25.1140
-7.3267,25.0533
-7.3607,25.0197
-7.3693,25.0402
-7.3633,25.0923
-7.3894,25.0751
-7.3605,25.1791
-7.4093,25.1115
-7.4400,25.0833
-7.4651,25.0672
-7.4901,25.0510
-7.5090,25.0484
-7.5259,25.0503
-7.4879,25.1806
-7.5539,25.0677
-7.5708,25.0694
-7.5858,25.0757
-7.6028,25.0773
-7.6235,25.0697
-7.6328,25.0897
-7.5845,25.2532
-7.6611,25.1065
-7.6799,25.1032
-7.6647,25.1865
-7.6909,25.1645
-7.7098,25.1612
-7.7108,25.2043
-7.7132,25.2445
-7.7358,25.2315
-7.7461,25.2513
-7.7702,25.2337
-7.7875,25.2347
-7.7978,25.2545
-7.8151,25.2554
-7.8290,25.2657
-7.8446,25.2712
-7.8624,25.2703
-7.8742,25.2868
-7.9049,25.2480
-7.9204,25.2533
-7.9212,25.3028
-7.9416,25.2938
-7.9573,25.2989
-7.9550,25.3595
-7.9979,25.2806
-8.0105,25.2951
-8.0156,25.3335
-8.0275,25.3511
-8.0590,25.3052
-8.0455,25.4056
-8.0717,25.3767
-8.0862,25.3865
-8.1035,25.3864
-8.1307,25.3527
-8.1396,25.3812
-8.1638,25.3571
-8.1864,25.3376
-8.1646,25.4768
-8.2207,25.3368
-8.2339,25.3508
-8.2536,25.3406
-8.2605,25.3786
-8.2688,25.4117
-8.2773,25.4448
-8.2872,25.4734
-8.3059,25.4676
-8.3306,25.4378
-8.3467,25.4418
-8.3651,25.4361
-8.3836,25.4303
-8.3997,25.4342
-8.4127,25.4510
-8.4319,25.4417
-8.4472,25.4487
-8.4630,25.4539
-8.4770,25.4673
-8.4996,25.4417
-8.5209,25.4208
-8.5370,25.4242
-8.5091,25.6380
-8.5681,25.4358
-8.5756,25.4815
-8.5928,25.4799
-8.6100,25.4782
-8.6206,25.5108
-8.6322,25.5385
-8.6345,25.6170
-8.6603,25.5705
-8.6768,25.5736
-8.6933,25.5765
-8.7081,25.5893
-8.7238,25.5970
-8.7371,25.6195
-8.7474,25.6604
-8.7728,25.6103
-8.7925,25.5933
-8.8122,25.5762
-8.8295,25.5739
-8.8437,25.5911
-8.8589,25.6035
-8.8740,25.6157
-8.9060,25.6303
-8.9213,25.6425
-8.9367,25.6546
-8.9556,25.6406
-8.9704,25.6576
-8.9853,25.6745
-8.9859,25.8124
-9.0178,25.6885
-9.0335,25.7004
-9.0488,25.7171
-9.0641,25.7339
-9.0785,25.7605
-9.0971,25.7474
-9.1146,25.7441
-9.1268,25.7965
-9.1487,25.7474
-9.1675,25.7290
-9.1827,25.7504
-9.1977,25.7767
-9.2116,25.8180
-9.2288,25.8193
-9.2633,25.8219
-9.2809,25.8181
-9.2992,25.8043
-9.3151,25.8254
-9.3303,25.8613
-9.3485,25.8473
-9.3635,25.8932
-9.3974,25.9170
-9.4147,25.9228
-9.4308,25.9585
-9.4477,25.9792
-9.4638,26.0248
-9.4824,26.0032
-9.5183,25.9943
-9.5361,25.9919
-9.5543,25.9723
-9.5714,26.0054
-9.5920,25.8070
-9.6071,26.0009
-9.6243,26.0633
-9.6427,25.9912
-9.6605,25.9863
-9.6782,25.9763
-9.6959,25.9663
-9.7137,25.9812
-9.7316,26.0060
-9.7498,26.0308
-9.7858,26.0452
-9.8032,26.0199
-9.8204,25.9945
-9.8389,26.0190
-9.8576,26.0484
-9.8771,26.0927
-9.9132,26.0914
-9.9315,26.0957
-9.9498,26.0999
-9.9683,26.1090
-9.9870,26.1180
-10.0057,26.1270
-10.0237,26.1234
-10.0423,26.1299
-10.0608,26.1338
-10.0783,26.1226
-10.0979,26.1413
-10.1179,26.1649
-10.1377,26.1835
-10.1613,26.2493
-10.1776,26.2204
-10.1935,26.1890
-10.2092,26.1576
-10.2306,26.1907
-10.2532,26.2338
-10.2770,26.2867
-10.2966,26.2948
-10.3313,26.2661
-10.3510,26.2740
-10.3696,26.2720
-10.3888,26.2748
-10.4080,26.2776
-10.4266,26.2754
-10.4632,26.2658
-10.4817,26.2634
-10.4990,26.2510
-10.5182,26.2535
-10.5409,26.2806
-10.5630,26.3027
-10.6023,26.4411
-10.6078,26.3466
-10.6273,26.3487
-10.6469,26.3508
-10.6673,26.3577
-10.6886,26.3695
-10.7083,26.3713
-10.7296,26.3830
-10.7692,26.3864
-10.7890,26.3880
-10.8088,26.3895
-10.8278,26.3861
-10.8467,26.3826
-10.8647,26.3741
-10.9181,26.5500
-10.9092,26.4012
-10.9389,26.4513
-10.9679,26.4964
-11.0021,26.5659
-11.0226,26.5668
-11.0442,26.5725
-11.0842,26.6642
-11.0927,26.6081
-11.1205,26.6410
-11.1380,26.6269
-11.1559,26.6145
-11.1710,26.5906
-11.1917,26.5909
-11.2101,26.5815
-11.2633,26.6304
-11.2897,26.6529
-11.3074,26.6401
-11.3271,26.6352
-11.3394,26.6011
-11.3627,26.6106
-11.4097,26.7102
-11.4070,26.6197
-11.4331,26.6386
-11.4528,26.6333
-11.4672,26.6086
-11.5069,26.6754
-11.5388,26.7131
-11.5924,26.8262
-11.5924,26.7498
-11.6194,26.7680
-11.6437,26.7765
-11.6691,26.7883
-11.7399,26.9511
-11.7268,26.8336
-11.7441,26.8178
-11.7920,26.8292
-11.8138,26.8275
-11.8402,26.8401
-11.8666,26.8526
-11.8932,26.8650
-11.9198,26.8773
-11.9670,26.8827
-11.9874,26.8758
-12.0062,26.8641
-12.0364,26.8854
-12.0452,26.8452
-12.0772,26.8711
-12.1047,26.8838
-12.1353,26.8410
-12.1173,26.7291
-12.1355,26.7171
-12.1572,26.7143
-12.2001,26.7677
-12.2806,26.9189
-12.3202,26.8995
-12.3444,26.9009
-12.3887,26.9532
-12.4074,26.9404
-12.4671,27.0295
-12.5048,27.0627
-12.5676,27.0964
-12.5945,27.1015
-12.6346,27.1381
-12.6832,27.1942
-12.6811,27.1301
-12.6944,27.1026
-12.7333,27.1348
-12.7958,27.1620
-12.8513,27.2297
-12.9076,27.2981
-12.9026,27.2292
-12.9302,27.2331
-12.9891,27.3050
-13.0978,27.4253
-13.0879,27.3470
-13.1055,27.3277
-13.1229,27.3083
-13.1836,27.3791
-13.2207,27.4000
-13.2559,27.4163
-13.3021,27.4549
-13.3198,27.4350
-13.3441,27.4285
-13.3662,27.4175
-13.3837,27.3974
-13.4284,27.4308
-13.4664,27.4506
-13.5198,27.4454
-13.5443,27.4382
-13.5920,27.4751
-13.6448,27.5206
-13.6978,27.5659
-13.7535,27.6152
-13.8323,27.6519
-13.8599,27.6482
-13.8972,27.6617
-13.9346,27.6752
-13.9819,27.7058
-14.0220,27.7233
-14.0751,27.7629
-14.1028,27.7576
-14.1258,27.7443
-14.1639,27.7568
-14.2401,27.8336
-14.3652,27.9918
-14.3946,27.9873
-14.3561,27.8693
-14.4002,27.8368
-14.4626,27.8864
-14.5470,27.9709
-14.5015,27.8448
-14.5354,27.8473
-14.5853,27.8749
-14.6750,27.9126
-14.7443,27.9690
-14.8168,28.0293
-14.8134,27.9720
-14.8562,27.9857
-14.8964,27.9952
-15.0896,28.2349
-14.9245,27.9346
-15.1998,28.2935
-15.2469,28.3100
-15.2913,28.3222
-15.2991,28.2806
-15.3038,28.2348
-15.3539,28.2549
-15.4058,28.2247
-14.2402,23.7794
-14.2435,23.7594
-14.2695,23.7350
-14.2726,23.7150
-14.2835,23.7012
-14.2905,23.6843
-14.3013,23.6704
-14.3121,23.6565
-14.3228,23.6426
-14.3402,23.6116
-14.3508,23.5976
-14.3573,23.5805
-14.3678,23.5665
-14.3743,23.5494
-14.3847,23.5353
-14.4054,23.5069
-14.4157,23.4927
-14.4259,23.4785
-14.4361,23.4642
-14.4463,23.4499
-14.4564,23.4356
-14.4665,23.4212
-14.4865,23.3924
-14.4964,23.3780
-14.5063,23.3635
-14.5120,23.3462
-14.5260,23.3344
-14.5274,23.3143
-14.5343,23.2769
-14.5564,23.2705
-14.8869,22.5962
-14.8945,22.5805
-14.8884,22.5584
-14.8688,22.5299
-14.8852,22.5186
-14.8880,22.5008
-14.9043,22.4894
-14.9115,22.4737
-14.9551,22.4745
-14.9578,22.4566
-14.9649,22.4407
-14.9674,22.4228
-14.9860,22.3930
-14.9929,22.3771
-14.9998,22.3611
-15.0113,22.3471
-15.0227,22.3330
-15.0294,22.3169
-15.0428,22.2848
-15.0541,22.2705
-15.0606,22.2544
-15.0672,22.2382
-15.0736,22.2220
-15.0847,22.2077
-15.0974,22.1752
-15.1037,22.1589
-15.1053,22.1408
-15.1162,22.1263
-15.1410,22.1169
-15.1612,22.1057
-15.1921,22.0796
-15.1605,22.0495
-15.1381,22.0229
-15.1346,22.0032
-17.4141,19.7309
-17.3881,19.7088
-17.3664,19.6867
-17.4001,19.6618
-17.6346,19.3613
-17.6322,19.3374
-17.6200,19.3145
-17.6824,19.2843
-17.7048,19.2578
-17.7026,19.2337
-17.7197,19.2075
-17.7171,19.1834
-17.7193,19.1587
-17.7166,19.1345
-17.7187,19.1098
-17.7306,19.0839
-17.7692,19.0298
-17.8007,19.0009
-17.8322,18.9719
-17.8635,18.9426
-17.8848,18.9146
-17.9061,18.8864
-17.9186,18.8341
-17.9346,18.8063
-17.9357,18.7808
-17.9417,18.7544
-17.9426,18.7288
-17.9780,18.6975
-17.9992,18.6426
-18.0293,18.6116
-18.0495,18.5822
-18.0745,18.5517
-18.0945,18.5220
-18.1144,18.4922
-18.1293,18.4368
-18.1538,18.4057
-18.1733,18.3753
-18.1927,18.3449
-18.2119,18.3143
-18.2311,18.2836
-18.2447,18.2270
-18.2684,18.1949
-18.2871,18.1637
-18.3106,18.1313
-18.3340,18.0988
-18.3524,18.0672
-18.3694,18.0082
-18.3875,17.9763
-18.4103,17.9431
-18.4330,17.9097
-18.4556,17.8761
-18.4829,17.8412
-18.5101,17.8061
-18.5505,17.7673
-18.5302,17.7442
-18.5570,17.7087
-18.5836,17.6730
-18.6150,17.6357
-18.6414,17.5996
-18.6676,17.5633
-18.6972,17.5259
-18.6813,17.5012
-18.7023,17.4658
-18.7233,17.4304
-18.7441,17.3947
-18.7695,17.3575
-18.7949,17.3202
-18.8164,17.2537
-18.8413,17.2159
-18.8709,17.1764
-18.9003,17.1367
-18.9295,17.0968
-18.9586,17.0567
-18.9783,16.9885
-19.0069,16.9479
-19.0401,16.9055
-19.0684,16.8645
-19.1013,16.8216

# FrameTime=1781596548.91, PointCount=641
-4.3457,23.6858
-4.3524,23.7046
-4.3675,23.7177
-4.2822,23.8002
-4.4723,23.7150
-4.5241,23.7018
-4.3599,23.8415
-4.4706,23.7865
-4.4980,23.7904
-4.5801,23.7545
-4.6265,23.7673
-4.5792,23.8255
-4.6207,23.8184
-4.6379,23.8291
-4.6931,23.8111
-4.7123,23.8200
-4.7429,23.8437
-4.7661,23.8493
-4.7952,23.8502
-4.8204,23.8541
-4.8651,23.8424
-4.8960,23.8414
-4.9305,23.8606
-4.9496,23.8686
-4.9649,23.8796
-4.9841,23.8874
-4.9994,23.8982
-5.0187,23.9059
-5.0494,23.9039
-5.0763,23.9284
-5.0671,23.9597
-5.0826,23.9703
-5.1019,23.9775
-5.1136,23.9912
-5.1065,24.0213
-5.1190,24.0585
-5.1777,24.0310
-5.1709,24.0610
-5.1513,24.1026
-5.1672,24.1128
-5.1607,24.1431
-5.2054,24.1516
-5.2802,24.1076
-5.2576,24.1528
-5.2846,24.1524
-5.3114,24.1519
-5.3346,24.1547
-5.3469,24.1677
-5.2740,24.2617
-5.3515,24.2127
-5.3999,24.1910
-5.4266,24.1899
-5.4533,24.1887
-5.5120,24.1558
-5.4516,24.2400
-5.5401,24.1772
-5.5665,24.1755
-5.5542,24.2126
-5.5687,24.2228
-5.5777,24.2387
-5.5832,24.2581
-5.5819,24.2847
-5.6211,24.2947
-5.6855,24.2526
-5.6809,24.2827
-5.7429,24.2423
-5.7725,24.2358
-5.7918,24.2402
-5.7866,24.2709
-6.6921,23.3118
-6.7052,23.3170
-6.7152,23.3257
-6.7281,23.3311
-6.7252,23.3540
-6.7384,23.3591
-6.6613,23.4659
-6.7384,23.3991
-6.7114,23.4501
-6.7248,23.4552
-6.7383,23.4602
-6.7484,23.4690
-6.7619,23.4739
-6.7721,23.4827
-6.7856,23.4875
-6.7991,23.4923
-6.8126,23.4971
-6.8037,23.5288
-6.7445,23.6218
-6.7583,23.6267
-6.8412,23.5467
-6.0821,24.5056
-6.1162,24.4906
-6.1357,24.4934
-6.1428,24.5118
-6.1499,24.5302
-6.1953,24.5000
-6.2178,24.4986
-6.1871,24.5657
-6.2345,24.5322
-6.2540,24.5346
-6.2975,24.5052
-6.3109,24.5153
-6.3003,24.5572
-6.3078,24.5753
-6.3001,24.6138
-6.3319,24.5994
-6.3463,24.6083
-6.3717,24.6021
-6.3940,24.5999
-6.4485,24.5529
-6.4503,24.5788
-6.4889,24.5818
-6.4967,24.5995
-6.4961,24.6295
-6.4899,24.6677
-6.4725,24.7225
-6.5195,24.6838
-6.4949,24.7499
-6.5163,24.7485
-6.5722,24.6954
-6.5721,24.7257
-6.5953,24.7210
-6.6359,24.6898
-6.6525,24.6948
-6.6119,24.7878
-6.5691,24.8852
-6.6547,24.7835
-6.6742,24.7841
-6.6990,24.7762
-6.7203,24.7737
-6.7405,24.7728
-6.7467,24.7943
-6.7417,24.8343
-6.7725,24.8160
-6.7764,24.8418
-6.8079,24.8220
-6.8221,24.8305
-6.8467,24.8218
-6.8863,24.7873
-6.8271,24.9207
-6.9172,24.7997
-6.9389,24.7950
-6.9431,24.8204
-6.9623,24.8199
-6.9643,24.8497
-6.9689,24.8752
-6.9710,24.9052
-6.9905,24.9044
-7.0001,24.9213
-7.0051,24.9468
-7.0229,24.9489
-7.0589,24.9173
-7.0899,24.8943
-7.0778,24.9520
-7.1189,24.9097
-7.1165,24.9498
-7.1219,24.9751
-7.1389,24.9783
-7.1537,24.9858
-7.1775,24.9756
-7.1749,25.0173
-7.2069,24.9905
-7.1980,25.0456
-7.2195,25.0395
-7.2410,25.0334
-7.2690,25.0137
-7.2839,25.0209
-7.2635,25.1017
-7.2571,25.1541
-7.3044,25.0933
-7.3575,25.0191
-7.3661,25.0396
-7.3602,25.0918
-7.3876,25.0715
-7.3889,25.1087
-7.3767,25.1763
-7.4632,25.0236
-7.4579,25.0758
-7.4809,25.0641
-7.5039,25.0524
-7.5188,25.0589
-7.5377,25.0562
-7.5378,25.0977
-7.5657,25.0735
-7.5827,25.0752
-7.5977,25.0815
-7.6184,25.0738
-7.6297,25.0892
-7.6466,25.0907
-7.6246,25.1893
-7.6804,25.0935
-7.6523,25.2092
-7.6841,25.1734
-7.7084,25.1560
-7.7076,25.2039
-7.7136,25.2346
-7.7326,25.2311
-7.7445,25.2463
-7.7687,25.2286
-7.7962,25.2016
-7.7946,25.2541
-7.8101,25.2597
-7.8257,25.2653
-7.8435,25.2645
-7.8553,25.2810
-7.8715,25.2848
-7.9000,25.2524
-7.9204,25.2435
-7.9232,25.2866
-7.9383,25.2934
-7.9556,25.2938
-7.9790,25.2752
-7.9579,25.3941
-8.0102,25.2853
-8.0093,25.3427
-8.0197,25.3651
-8.0557,25.3048
-8.0540,25.3668
-8.0742,25.3574
-8.1002,25.3861
-8.1288,25.3476
-8.1336,25.3905
-8.1591,25.3616
-8.1845,25.3325
-8.2030,25.3274
-8.1708,25.5051
-8.2306,25.3505
-8.2503,25.3404
-8.2546,25.3879
-8.2642,25.4163
-8.2740,25.4446
-8.2851,25.4680
-8.3025,25.4676
-8.3272,25.4376
-8.3433,25.4416
-8.3618,25.4359
-8.3838,25.4156
-8.3975,25.4291
-8.4124,25.4378
-8.4323,25.4254
-8.4435,25.4501
-8.4597,25.4538
-8.4769,25.4525
-8.4952,25.4463
-8.5145,25.4352
-8.5337,25.4241
-8.5498,25.4275
-8.5123,25.6902
-8.5723,25.4814
-8.5856,25.4993
-8.6067,25.4781
-8.6220,25.4862
-8.6298,25.5334
-8.6425,25.5562
-8.6526,25.5936
-8.6743,25.5685
-8.6908,25.5715
-8.7064,25.5793
-8.7230,25.5822
-8.7387,25.5900
-8.7560,25.5878
-8.7600,25.6680
-8.7907,25.5834
-8.8088,25.5762
-8.8268,25.5689
-8.8404,25.5911
-8.8555,25.6034
-8.8707,25.6157
-8.8774,25.6878
-8.9026,25.6303
-8.9179,25.6424
-8.9333,25.6545
-8.9509,25.6505
-8.9670,25.6576
-8.9832,25.6646
-8.9976,25.6865
-9.0008,25.8045
-9.0307,25.6954
-9.0459,25.7122
-9.0618,25.7240
-9.0746,25.7655
-9.0937,25.7474
-9.1112,25.7442
-9.1292,25.7359
-9.1424,25.7783
-9.1645,25.7241
-9.1793,25.7505
-9.1943,25.7768
-9.2090,25.8081
-9.2254,25.8194
-9.2426,25.8207
-9.2537,25.9087
-9.2775,25.8182
-9.2957,25.8044
-9.3123,25.8155
-9.3327,25.7629
-9.3448,25.8525
-9.3605,25.8833
-9.3763,25.9162
-9.3904,25.9898
-9.4116,25.9129
-9.4275,25.9536
-9.4446,25.9693
-9.4605,26.0199
-9.4787,26.0084
-9.4968,26.0011
-9.5149,25.9895
-9.5327,25.9871
-9.5506,25.9825
-9.5679,26.0056
-9.5886,25.8072
-9.6035,26.0011
-9.6214,25.9913
-9.6570,25.9865
-9.6747,25.9716
-9.6924,25.9715
-9.7102,25.9864
-9.7281,26.0063
-9.7463,26.0360
-9.7654,26.1130
-9.7823,26.0455
-9.7998,26.0251
-9.8170,25.9998
-9.8353,26.0193
-9.8540,26.0437
-9.8727,26.0681
-9.8935,26.1447
-9.9097,26.0917
-9.9286,26.1110
-9.9469,26.1151
-9.9653,26.1193
-9.9837,26.1234
-10.0021,26.1274
-10.0201,26.1237
-10.0569,26.1292
-9.6978,20.4524
-10.0943,26.1417
-10.1143,26.1653
-10.1345,26.1888
-10.1563,26.2322
-10.1903,26.1944
-10.2057,26.1580
-10.2271,26.1912
-10.2496,26.2342
-10.2734,26.2871
-10.2930,26.2952
-10.3217,26.3904
-9.7126,20.4511
-10.3474,26.2745
-10.3654,26.2675
-10.3846,26.2703
-10.4038,26.2731
-10.4230,26.2759
-10.4410,26.2686
-10.4781,26.2639
-10.4947,26.2466
-9.7240,20.4497
-10.5373,26.2811
-10.5601,26.3082
-10.5846,26.3450
-10.6237,26.3493
-10.6433,26.3514
-10.6637,26.3583
-10.6841,26.3651
-10.7054,26.3769
-10.7276,26.3934
-10.7516,26.4198
-10.7871,26.3984
-10.8052,26.3901
-10.8232,26.3818
-10.8431,26.3832
-10.8592,26.3650
-10.8856,26.4006
-10.9342,26.4471
-10.9642,26.4971
-10.9974,26.5617
-11.0199,26.5724
-11.0394,26.5683
-11.0704,26.6179
-11.1178,26.6466
-11.1380,26.6440
-11.1522,26.6153
-11.1673,26.5913
-11.1891,26.5965
-11.2064,26.5822
-11.2441,26.6536
-11.2607,26.6360
-11.2871,26.6586
-11.3037,26.6409
-11.3210,26.6263
-11.3357,26.6020
-11.3590,26.6114
-11.4059,26.7110
-11.4033,26.6205
-11.4294,26.6394
-11.4543,26.6534
-11.4622,26.6047
-11.5018,26.6714
-11.5351,26.7140
-11.5686,26.7564
-11.6156,26.7689
-11.6385,26.7726
-11.6667,26.7940
-11.7389,26.9616
-11.7230,26.8345
-11.7403,26.8188
-11.7897,26.8349
-11.8100,26.8285
-11.8379,26.8459
-11.8628,26.8536
-11.8909,26.8708
-11.9175,26.8831
-11.9443,26.8953
-11.9667,26.8944
-11.9852,26.8815
-12.0040,26.8698
-12.0326,26.8864
-12.0398,26.8416
-12.0784,26.8863
-12.1026,26.8896
-12.1315,26.8420
-12.1187,26.7443
-12.1318,26.7182
-12.1569,26.7248
-12.1998,26.7781
-12.2768,26.9200
-12.3182,26.9053
-12.3424,26.9067
-12.3848,26.9544
-12.4055,26.9462
-12.4632,27.0307
-12.5084,27.0824
-12.5600,27.0884
-12.5925,27.1073
-12.6326,27.1440
-12.6793,27.1955
-12.6733,27.1221
-12.6905,27.1039
-12.7254,27.1269
-12.7918,27.1633
-12.8453,27.2265
-12.9057,27.3040
-12.8986,27.2306
-12.9283,27.2390
-12.9831,27.3019
-13.0896,27.4177
-13.0818,27.3439
-13.1015,27.3291
-13.1190,27.3098
-13.1796,27.3805
-13.2167,27.4015
-13.2562,27.4268
-13.3003,27.4608
-13.3180,27.4410
-13.3401,27.4300
-13.3622,27.4190
-13.3775,27.3945
-13.4198,27.4234
-13.6063,27.7323
-13.4845,27.4407
-13.5181,27.4514
-13.5403,27.4398
-13.5904,27.4811
-13.6454,27.5310
-13.6985,27.5763
-13.7542,27.6257
-13.8331,27.6623
-13.8534,27.6455
-13.8979,27.6722
-13.9329,27.6812
-13.9729,27.6989
-14.0155,27.7207
-14.0962,27.7551
-14.1267,27.7547
-14.1623,27.7629
-14.2517,27.8621
-14.3635,27.9979
-14.3905,27.9891
-14.4065,27.9621
-14.3701,27.8485
-14.3960,27.8387
-14.4532,27.8798
-14.5402,27.9685
-14.4921,27.8383
-14.5365,27.8576
-14.7255,28.1064
-14.6045,27.8621
-14.6708,27.9146
-14.7482,27.9836
-14.8126,28.0313
-14.8092,27.9740
-14.8520,27.9878
-14.8922,27.9972
-14.9286,27.9491
-15.1928,28.2915
-15.2398,28.3080
-15.2954,28.3368
-15.2806,28.2621
-15.3052,28.2453
-15.3496,28.2571
-15.4044,28.2310
-14.2336,23.7780
-14.2557,23.7506
-14.2628,23.7337
-14.2738,23.7199
-14.2808,23.7030
-14.2917,23.6892
-14.3025,23.6753
-14.3094,23.6583
-14.3308,23.6304
-14.3375,23.6134
-14.3481,23.5994
-14.3546,23.5824
-14.3651,23.5683
-14.3716,23.5512
-14.3924,23.5230
-14.4027,23.5088
-14.4130,23.4946
-14.4233,23.4804
-14.4335,23.4661
-14.4436,23.4518
-14.4638,23.4231
-14.4739,23.4087
-14.4839,23.3943
-14.4938,23.3799
-14.5037,23.3654
-14.5136,23.3509
-14.5275,23.3391
-14.5346,23.3016
-14.5359,23.2815
-14.5497,23.2697
-14.8831,22.5782
-14.8681,22.5518
-14.8665,22.5319
-14.8783,22.5185
-14.8947,22.5071
-14.9020,22.4914
-14.9547,22.4966
-14.9619,22.4807
-14.9646,22.4628
-14.9743,22.4289
-14.9767,22.4110
-14.9792,22.3931
-14.9907,22.3791
-14.9976,22.3632
-15.0090,22.3491
-15.0272,22.3190
-15.0339,22.3029
-15.0452,22.2888
-15.0518,22.2726
-15.0584,22.2565
-15.0650,22.2403
-15.0779,22.2079
-15.0843,22.1917
-15.0906,22.1755
-15.1015,22.1610
-15.1031,22.1429
-15.1140,22.1284
-15.1544,22.1061
-15.2167,22.1104
-15.1806,22.0783
-15.1583,22.0516
-15.1548,22.0318
-17.4022,19.7342
-17.3967,19.7113
-17.3988,19.6647
-17.6483,19.3630
-17.6310,19.3404
-17.6439,19.3151
-17.6364,19.2917
-17.6987,19.2613
-17.7062,19.2362
-17.7185,19.2105
-17.7209,19.1858
-17.7281,19.1605
-17.7453,19.1341
-17.7324,19.1110
-17.7246,19.0875
-17.7563,19.0590
-17.7879,19.0303
-17.8195,19.0014
-17.8509,18.9723
-17.8624,18.9457
-17.8739,18.9191
-17.8951,18.8909
-17.9163,18.8626
-17.9324,18.8349
-17.9435,18.8079
-17.9594,18.7800
-17.9663,18.7279
-17.9820,18.6998
-18.0025,18.6707
-18.0179,18.6424
-18.0432,18.6122
-18.0634,18.5827
-18.0789,18.5279
-18.1037,18.4971
-18.1235,18.4672
-18.1481,18.4362
-18.1677,18.4059
-18.1920,18.3746
-18.2157,18.3432
-18.2062,18.3185
-18.2254,18.2878
-18.2444,18.2570
-18.2683,18.2250
-18.2871,18.1939
-18.3107,18.1615
-18.3284,18.1031
-18.3517,18.0704
-18.3700,18.0387
-18.3930,18.0057
-18.4111,17.9737
-18.4290,17.9416
-18.4403,17.8830
-18.4628,17.8494
-18.4949,17.8131
-18.5219,17.7779
-18.5489,17.7425
-18.5756,17.7069
-18.5951,17.6443
-18.6215,17.6083
-18.6478,17.5720
-18.6739,17.5356
-18.6999,17.4990
-18.7210,17.4637
-18.7387,17.3995
-18.7642,17.3623
-18.7896,17.3250
-18.8195,17.2860
-18.8446,17.2483
-18.8695,17.2104
-18.8990,17.1708
-18.9148,17.1048
-18.9439,17.0648
-18.9681,17.0261
-18.9969,16.9856
-19.0302,16.9434
-19.0492,16.8744
-19.0821,16.8316
-19.1101,16.7903

# FrameTime=1781596549.01, PointCount=634
-4.3480,23.6850
-4.3382,23.7151
-4.3904,23.7027
-4.4177,23.7072
-4.4451,23.7115
-4.5073,23.6912
-4.5210,23.7279
-4.4769,23.7827
-4.4962,23.7924
-4.5784,23.7566
-4.6177,23.7512
-4.5482,23.8254
-4.5895,23.8186
-4.5989,23.8352
-4.6401,23.8281
-4.6714,23.8282
-4.7265,23.8100
-4.7218,23.8369
-4.7173,23.8639
-4.7683,23.8482
-4.7855,23.8583
-4.8068,23.8653
-4.8594,23.8475
-4.8864,23.8496
-4.9095,23.8546
-4.9287,23.8626
-4.9478,23.8706
-4.9785,23.8925
-4.9977,23.9003
-5.0169,23.9079
-5.0399,23.9123
-5.0323,23.9422
-5.0651,23.9383
-5.0731,23.9788
-5.0887,23.9893
-5.1211,23.9853
-5.1085,24.0200
-5.1166,24.0370
-5.1285,24.0506
-5.2139,24.0233
-5.2407,24.0233
-5.1654,24.1148
-5.1627,24.1417
-5.1729,24.1570
-5.2553,24.1065
-5.2485,24.1616
-5.2828,24.1544
-5.2987,24.1641
-5.3292,24.1601
-5.3160,24.1972
-5.3590,24.1811
-5.3945,24.1965
-5.4248,24.1919
-5.4443,24.1977
-5.4995,24.1684
-5.5402,24.1528
-5.5631,24.1546
-5.5506,24.1916
-5.5669,24.2248
-5.5794,24.2371
-5.5884,24.2530
-5.5975,24.2688
-5.6205,24.2702
-5.6504,24.2643
-5.7210,24.2405
-5.7274,24.2588
-5.7673,24.2415
-5.7866,24.2459
-5.7916,24.2656
-5.7880,24.2948
-5.7631,24.3735
-5.7813,24.3793
-5.8449,24.3345
-5.8909,24.3088
-6.6065,23.5277
-6.6631,23.4844
-6.7364,23.4418
-6.8054,23.3826
-6.8218,23.3836
-6.8285,23.3960
-6.8357,23.4078
-6.8425,23.4201
-6.8005,23.4905
-6.8275,23.4791
-6.8274,23.5000
-6.8409,23.5047
-6.8512,23.5131
-6.8521,23.5332
-6.8751,23.5261
-6.8854,23.5345
-6.8989,23.5389
-6.8845,23.5785
-6.8364,23.6610
-6.9025,23.5991
-6.8549,23.6819
-6.2163,24.5278
-6.1958,24.5821
-6.2522,24.5366
-6.2897,24.5151
-6.3091,24.5173
-6.3074,24.5473
-6.3090,24.5733
-6.3136,24.5954
-6.3309,24.6003
-6.3227,24.6400
-6.3699,24.6041
-6.3952,24.5979
-6.4350,24.5712
-6.4514,24.5768
-6.4736,24.5742
-6.4843,24.5879
-6.3935,24.7462
-6.5000,24.6233
-6.4909,24.6656
-6.4849,24.7039
-6.4952,24.7187
-6.5036,24.7364
-6.5315,24.7253
-6.5313,24.7558
-6.5676,24.7319
-6.5936,24.7231
-6.6232,24.7085
-6.6534,24.6926
-6.6429,24.7392
-6.6388,24.7764
-6.6304,24.8207
-6.6724,24.7861
-6.6999,24.7740
-6.7193,24.7744
-6.7361,24.7790
-6.7476,24.7920
-6.7591,24.8050
-6.7707,24.8180
-6.7661,24.8578
-6.8035,24.8283
-6.8229,24.8283
-6.8449,24.8238
-6.8871,24.7851
-6.8987,24.7977
-6.8374,24.9355
-6.9396,24.7927
-6.9438,24.8181
-6.9556,24.8306
-6.9650,24.8474
-6.9695,24.8729
-6.9766,24.8940
-6.9886,24.9065
-6.9984,24.9232
-7.0225,24.9138
-7.0235,24.9465
-7.0524,24.9281
-7.0858,24.9007
-7.1026,24.9040
-7.1101,24.9249
-7.1100,24.9606
-7.1301,24.9579
-7.1356,24.9833
-7.1564,24.9790
-7.1779,24.9732
-7.1926,24.9806
-7.1880,25.0267
-7.2065,25.0268
-7.2222,25.0326
-7.2370,25.0399
-7.2629,25.0247
-7.2843,25.0185
-7.2638,25.0992
-7.2684,25.1286
-7.2884,25.1255
-7.3536,25.0257
-7.3643,25.0416
-7.3709,25.0666
-7.3900,25.0644
-7.3954,25.0925
-7.4486,25.0144
-7.4472,25.0575
-7.4177,25.1646
-7.4791,25.0662
-7.5021,25.0544
-7.5170,25.0609
-7.5340,25.0628
-7.5509,25.0646
-7.5678,25.0663
-7.5328,25.1923
-7.5978,25.0789
-7.6185,25.0712
-7.6297,25.0866
-7.6448,25.0927
-7.6673,25.0803
-7.6351,25.2052
-7.6517,25.2082
-7.6768,25.1894
-7.7066,25.1581
-7.7076,25.2012
-7.7118,25.2366
-7.7273,25.2424
-7.7480,25.2342
-7.7600,25.2494
-7.7927,25.2083
-7.7928,25.2561
-7.8151,25.2429
-7.8239,25.2673
-7.8451,25.2571
-7.8573,25.2720
-7.8795,25.2585
-7.8687,25.3408
-7.9186,25.2455
-7.9230,25.2839
-7.9366,25.2954
-7.9538,25.2958
-7.9757,25.2820
-7.9898,25.2918
-7.9525,25.4629
-8.0091,25.3399
-8.0179,25.3671
-8.0466,25.3306
-8.0566,25.3545
-8.0724,25.3595
-8.0839,25.3786
-8.1112,25.3450
-8.1135,25.3960
-8.1249,25.4164
-8.1560,25.3684
-8.1800,25.3441
-8.1999,25.3342
-8.2143,25.3434
-8.1854,25.5116
-8.2447,25.3568
-8.2554,25.3803
-8.2650,25.4086
-8.2735,25.4418
-8.2796,25.4845
-8.3118,25.4259
-8.3218,25.4543
-8.3416,25.4436
-8.3600,25.4379
-8.3808,25.4225
-8.3946,25.4360
-8.4107,25.4398
-8.4294,25.4323
-8.4440,25.4424
-8.4139,25.6510
-8.4773,25.4448
-8.4945,25.4435
-8.5127,25.4373
-8.5278,25.4456
-8.5388,25.4734
-8.5553,25.4752
-8.5244,25.7104
-8.5848,25.4965
-8.6020,25.4948
-8.6202,25.4882
-8.6280,25.5354
-8.6426,25.5484
-8.6560,25.5675
-8.6692,25.5888
-8.6881,25.5784
-8.7047,25.5814
-8.7212,25.5842
-8.7369,25.5920
-8.7534,25.5947
-8.7724,25.5827
-8.7758,25.6678
-8.8070,25.5782
-8.8266,25.5610
-8.8386,25.5931
-8.8544,25.6005
-8.8696,25.6128
-8.8848,25.6250
-8.8904,25.7070
-8.9168,25.6395
-8.9322,25.6516
-8.9497,25.6476
-8.9658,25.6546
-8.9808,25.6716
-8.9964,25.6836
-9.0120,25.6955
-9.0436,25.7192
-9.0584,25.7409
-9.0707,25.7874
-9.0924,25.7445
-9.1089,25.7511
-9.1269,25.7429
-9.1345,25.8459
-9.1623,25.7311
-9.1792,25.7326
-9.1929,25.7739
-9.2080,25.8002
-9.2236,25.8214
-9.2409,25.8227
-9.2585,25.8190
-9.2929,25.8214
-9.3102,25.8225
-9.3254,25.8584
-9.3427,25.8595
-9.3595,25.8704
-9.3746,25.9183
-9.4096,25.9199
-9.4259,25.9507
-9.4426,25.9763
-9.4591,26.0120
-9.4768,26.0154
-9.4953,25.9910
-9.5309,25.9891
-9.5491,25.9695
-9.5662,26.0026
-9.5867,25.8192
-9.6038,25.8244
-9.6196,25.9934
-9.6374,25.9885
-9.6729,25.9786
-9.6906,25.9636
-9.7084,25.9835
-9.7263,26.0033
-9.7445,26.0381
-9.7623,26.0278
-9.7977,26.0122
-9.8151,25.9968
-9.8334,26.0163
-9.8522,26.0457
-9.8709,26.0701
-9.8898,26.0944
-9.9270,26.1180
-9.9451,26.1172
-9.9635,26.1213
-9.9819,26.1254
-9.6914,20.4546
-10.0185,26.1284
-10.0380,26.1496
-10.0551,26.1312
-9.6960,20.4544
-10.0925,26.1437
-9.6983,20.4542
-10.1319,26.1809
-10.1542,26.2293
-10.1801,26.3199
-10.1886,26.1964
-10.2039,26.1600
-10.2248,26.1882
-10.2474,26.2313
-10.2716,26.2891
-10.2907,26.2923
-10.3069,26.2656
-10.3451,26.2716
-10.3637,26.2695
-10.3828,26.2724
-10.4020,26.2752
-10.4206,26.2729
-10.4392,26.2707
-10.4757,26.2610
-10.4930,26.2486
-10.5135,26.2610
-10.5348,26.2782
-10.5584,26.3102
-10.5835,26.3520
-10.6212,26.3464
-10.6415,26.3534
-10.6619,26.3603
-10.6824,26.3672
-10.7028,26.3739
-10.7234,26.3807
-10.7440,26.3873
-10.7836,26.3906
-10.8025,26.3872
-10.8224,26.3887
-10.8413,26.3852
-10.8584,26.3719
-10.8857,26.4124
-10.9344,26.4589
-10.9644,26.5089
-10.9967,26.5686
-11.0182,26.5744
-11.0407,26.5850
-11.0665,26.6101
-11.0953,26.6480
-11.1229,26.6797
-11.1347,26.6394
-11.1504,26.6173
-11.1655,26.5933
-11.1851,26.5888
-11.2035,26.5794
-11.2435,26.6604
-11.2578,26.6332
-11.2865,26.6655
-11.3031,26.6478
-11.3192,26.6283
-11.3327,26.5991
-11.3585,26.6183
-11.3831,26.6325
-11.4263,26.6366
-11.4512,26.6506
-11.4617,26.6115
-11.5000,26.6735
-11.5333,26.7160
-11.5668,26.7584
-11.6111,26.7613
-11.6353,26.7699
-11.6635,26.7912
-11.7343,26.9540
-11.7226,26.8413
-11.7385,26.8208
-11.7865,26.8321
-11.8082,26.8305
-11.8346,26.8431
-11.8610,26.8556
-11.8876,26.8680
-11.9142,26.8804
-11.9409,26.8926
-11.9650,26.8964
-11.9818,26.8788
-11.9990,26.8624
-12.0308,26.8884
-12.0430,26.8577
-12.0766,26.8883
-12.0975,26.8822
-12.1297,26.8441
-12.1238,26.7651
-12.1317,26.7249
-12.1604,26.7409
-12.2033,26.7942
-12.2768,26.9267
-12.3164,26.9073
-12.3388,26.9040
-12.3830,26.9564
-12.4000,26.9389
-12.4633,27.0373
-12.5067,27.0844
-12.5582,27.0904
-12.5964,27.1232
-12.6289,27.1414
-12.6775,27.1975
-12.6715,27.1242
-12.6907,27.1105
-12.7730,27.2430
-12.7488,27.1289
-12.8082,27.2065
-12.8455,27.2331
-12.9120,27.3243
-12.8927,27.2235
-12.9286,27.2456
-12.9792,27.2993
-13.0920,27.4288
-13.0822,27.3504
-13.1019,27.3356
-13.1215,27.3208
-13.1821,27.3916
-13.2171,27.4080
-13.2765,27.4180
-13.3140,27.4385
-13.3361,27.4276
-13.3604,27.4210
-13.3757,27.3965
-13.4203,27.4299
-13.4804,27.4383
-13.5140,27.4490
-13.5408,27.4462
-13.5909,27.4876
-13.6390,27.5242
-13.6967,27.5783
-13.7751,27.6154
-13.8337,27.6687
-13.8516,27.6475
-13.8961,27.6742
-13.9336,27.6876
-13.9760,27.7096
-14.0186,27.7314
-14.0944,27.7571
-14.1199,27.7481
-14.1656,27.7735
-14.2625,27.8857
-14.3668,28.0085
-14.3887,27.9911
-14.3683,27.8505
-14.3994,27.8492
-14.4514,27.8818
-14.5358,27.9663
-14.4798,27.8233
-14.5374,27.8639
-14.6054,27.8683
-14.6771,27.9293
-14.7518,27.9941
-14.8054,28.0249
-14.8183,27.9927
-14.8448,27.9814
-15.0645,28.2635
-14.9142,27.9835
-14.9324,27.9595
-15.1966,28.3018
-15.2324,28.3018
-15.2760,28.2600
-15.3062,28.2514
-15.3695,28.2379
-15.4055,28.2372
-14.2429,23.7663
-14.2540,23.7526
-14.2611,23.7357
-14.2681,23.7188
-14.2790,23.7050
-14.2899,23.6912
-14.3115,23.6634
-14.3183,23.6464
-14.3290,23.6325
-14.3357,23.6154
-14.3463,23.6014
-14.3529,23.5844
-14.3634,23.5703
-14.3802,23.5392
-14.3906,23.5250
-14.4009,23.5108
-14.4112,23.4966
-14.4215,23.4824
-14.4317,23.4681
-14.4520,23.4395
-14.4620,23.4251
-14.4721,23.4107
-14.4821,23.3963
-14.4920,23.3819
-14.5019,23.3674
-14.5175,23.3356
-14.5314,23.3238
-14.5286,23.3009
-14.5299,23.2808
-14.5521,23.2744
-14.8814,22.5803
-14.8663,22.5538
-14.8692,22.5361
-14.8675,22.5162
-14.8929,22.5091
-14.9002,22.4934
-14.9438,22.4944
-14.9556,22.4806
-14.9699,22.4489
-14.9725,22.4310
-14.9750,22.4130
-14.9819,22.3971
-14.9889,22.3812
-14.9958,22.3652
-15.0072,22.3512
-15.0254,22.3210
-15.0321,22.3050
-15.0434,22.2908
-15.0501,22.2746
-15.0566,22.2585
-15.0632,22.2423
-15.0761,22.2099
-15.0871,22.1955
-15.0888,22.1775
-15.1044,22.1648
-15.0873,22.1396
-15.1029,22.1269
-15.1151,22.0942
-15.1694,22.0769
-15.1519,22.0519
-15.1483,22.0321
-15.1401,22.0107
-17.4054,19.7360
-17.4143,19.7124
-17.3938,19.6901
-17.3970,19.6667
-17.6444,19.3410
-17.6170,19.3195
-17.6296,19.2942
-17.6971,19.2633
-17.7044,19.2382
-17.7167,19.2125
-17.7191,19.1878
-17.7136,19.1396
-17.7307,19.1131
-17.7228,19.0895
-17.7644,19.0598
-17.7961,19.0310
-17.8276,19.0021
-17.8557,18.9484
-17.8820,18.9197
-17.9031,18.8915
-17.9243,18.8632
-17.9403,18.8355
-17.9516,18.8084
-17.9636,18.7556
-17.9744,18.7283
-17.9851,18.7010
-18.0056,18.6719
-18.0260,18.6427
-18.0463,18.6133
-18.0669,18.5578
-18.0869,18.5281
-18.1117,18.4973
-18.1315,18.4674
-18.1561,18.4363
-18.1757,18.4060
-18.1949,18.3491
-18.2142,18.3185
-18.2334,18.2878
-18.2524,18.2569
-18.2714,18.2259
-18.2951,18.1937
-18.3187,18.1614
-18.3463,18.1280
-18.3363,18.1029
-18.3645,18.0691
-18.3828,18.0373
-18.4010,18.0054
-18.4142,17.9746
-18.4272,17.9436
-18.4732,17.9044
-18.4337,17.8863
-18.4659,17.8502
-18.4979,17.8139
-18.5250,17.7786
-18.5567,17.7419
-18.5835,17.7063
-18.6090,17.6708
-18.6029,17.6437
-18.6293,17.6076
-18.6556,17.5714
-18.6769,17.5363
-18.7029,17.4997
-18.7288,17.4629
-18.7579,17.4250
-18.7466,17.3987
-18.7720,17.3615
-18.7974,17.3241
-18.8273,17.2851
-18.8571,17.2459
-18.8820,17.2079
-18.9028,17.1406
-18.9273,17.1022
-18.9516,17.0637
-18.9805,17.0234
-19.0046,16.9845
-19.0332,16.9438
-19.0474,16.8764
-19.0803,16.8337
-19.1130,16.7907

# FrameTime=1781596549.11, PointCount=635
-4.3297,23.6975
-4.3424,23.7123
-4.3780,23.7112
-4.4054,23.7157
-4.4350,23.7185
-4.5223,23.7038
-4.4762,23.7597
-4.4566,23.7972
-4.5084,23.7836
-4.5803,23.7552
-4.6217,23.7483
-4.5734,23.8305
-4.6088,23.8279
-4.6441,23.8251
-4.6873,23.8162
-4.7066,23.8251
-4.7218,23.8369
-4.7287,23.8787
-4.7836,23.8599
-4.8186,23.8561
-4.8594,23.8475
-4.8903,23.8465
-4.9134,23.8515
-4.8839,23.8984
-4.9440,23.8737
-4.9631,23.8816
-4.9823,23.8894
-5.0015,23.8971
-5.0207,23.9047
-5.0399,23.9123
-5.0343,23.9405
-5.0439,23.9561
-5.0729,23.9553
-5.0846,23.9691
-5.1001,23.9796
-5.1363,23.9722
-5.1387,23.9938
-5.1241,24.0304
-4.9537,24.2037
-5.1422,24.0627
-5.1878,24.0464
-5.2519,24.0133
-5.1951,24.0881
-5.1552,24.1484
-5.1803,24.1503
-5.2784,24.1096
-5.2522,24.1582
-5.2828,24.1544
-5.3060,24.1573
-5.3365,24.1533
-5.3124,24.2006
-5.3317,24.2320
-5.3693,24.2208
-5.4212,24.1954
-5.4515,24.1907
-5.5137,24.1544
-5.5473,24.1458
-5.5789,24.1634
-5.5560,24.2110
-5.5669,24.2248
-5.5829,24.2336
-5.5884,24.2530
-5.6080,24.2580
-5.6205,24.2702
-5.6138,24.3024
-5.6734,24.2655
-5.6894,24.2738
-5.7376,24.2479
-5.7707,24.2378
-5.7832,24.2495
-5.7652,24.2941
-5.8109,24.2699
-5.7899,24.3183
-5.7617,24.3750
-5.8155,24.3415
-5.8549,24.3234
-5.8942,24.3051
-5.8514,24.3790
-5.8867,24.3650
-5.9456,24.3239
-5.9387,24.3576
-5.9425,24.3792
-5.9620,24.3828
-6.7344,23.5060
-6.7447,23.5148
-6.7719,23.5246
-6.8084,23.5020
-6.8213,23.5074
-6.8475,23.4967
-6.8800,23.4781
-6.9252,23.4434
-6.8751,23.5261
-6.9545,23.4486
-6.9647,23.4567
-6.9779,23.4609
-6.9756,23.4849
-6.9889,23.4890
-6.9592,23.5483
-6.9666,23.5603
-6.9770,23.5684
-6.9875,23.5765
-6.9378,23.6637
-6.9384,23.7080
-6.2970,24.5893
-6.3043,24.6078
-6.3190,24.6164
-6.3464,24.6078
-6.3728,24.6001
-6.3923,24.6019
-6.4467,24.5550
-6.4485,24.5809
-6.4736,24.5742
-6.4173,24.6828
-6.4950,24.6015
-6.4943,24.6315
-6.4852,24.6738
-6.4764,24.7163
-6.4981,24.7146
-6.4931,24.7519
-6.5117,24.7547
-6.5621,24.7099
-6.5676,24.7319
-6.5991,24.7147
-6.6341,24.6919
-6.6534,24.6926
-6.6185,24.7768
-6.6107,24.8200
-6.6556,24.7813
-6.6751,24.7819
-6.6972,24.7782
-6.7212,24.7715
-6.7361,24.7790
-6.7476,24.7920
-6.7425,24.8321
-6.7707,24.8180
-6.7720,24.8480
-6.8035,24.8283
-6.8178,24.8368
-6.8475,24.8195
-6.8871,24.7851
-6.8616,24.8608
-6.9179,24.7974
-6.9371,24.7970
-6.9388,24.8268
-6.9531,24.8349
-6.9625,24.8517
-6.9671,24.8772
-6.9668,24.9115
-6.9863,24.9108
-6.9936,24.9319
-7.0009,24.9532
-7.0211,24.9509
-7.0571,24.9193
-7.0882,24.8963
-7.1003,24.9084
-7.0977,24.9485
-7.1247,24.9326
-7.1224,24.9727
-7.1348,24.9848
-7.1587,24.9745
-7.1757,24.9776
-7.1882,24.9895
-7.1738,25.0551
-7.1962,25.0476
-7.2258,25.0252
-7.2392,25.0354
-7.2651,25.0203
-7.2821,25.0230
-7.2617,25.1037
-7.2553,25.1561
-7.3090,25.0818
-7.3536,25.0257
-7.3643,25.0416
-7.3709,25.0666
-7.3824,25.0811
-7.3871,25.1107
-7.4043,25.1130
-7.4634,25.0211
-7.4601,25.0687
-7.4811,25.0616
-7.5061,25.0453
-7.5170,25.0609
-7.5340,25.0628
-7.5489,25.0692
-7.5136,25.1951
-7.5770,25.0864
-7.5959,25.0835
-7.6185,25.0712
-7.6297,25.0866
-7.6448,25.0927
-7.6636,25.0895
-7.6216,25.2393
-7.6505,25.2112
-7.6786,25.1847
-7.7030,25.1674
-7.7058,25.2059
-7.7135,25.2319
-7.7290,25.2378
-7.7427,25.2484
-7.7704,25.2213
-7.7858,25.2270
-7.7911,25.2608
-7.8067,25.2664
-7.8223,25.2720
-7.8434,25.2618
-7.8573,25.2720
-7.8578,25.3213
-7.8982,25.2544
-7.9170,25.2502
-7.9214,25.2886
-7.9366,25.2954
-7.9538,25.2958
-7.9741,25.2867
-7.9592,25.3866
-8.0054,25.2968
-8.0106,25.3351
-8.0179,25.3671
-8.0540,25.3068
-8.0497,25.3769
-8.0642,25.3865
-8.0825,25.3834
-8.0933,25.4056
-8.1270,25.3496
-8.1290,25.4021
-8.1574,25.3636
-8.1814,25.3393
-8.1999,25.3342
-8.1677,25.5119
-8.2288,25.3525
-8.2460,25.3520
-8.2554,25.3803
-8.2637,25.4135
-8.2722,25.4466
-8.2796,25.4849
-8.3007,25.4696
-8.3267,25.4348
-8.3428,25.4388
-8.3600,25.4379
-8.3808,25.4225
-8.3957,25.4311
-8.4118,25.4349
-8.4339,25.4128
-8.3994,25.6374
-8.4590,25.4509
-8.4751,25.4545
-8.4924,25.4532
-8.5095,25.4519
-8.5288,25.4407
-8.5449,25.4441
-8.5206,25.6433
-8.5695,25.4883
-8.5838,25.5014
-8.6011,25.4997
-8.6193,25.4931
-8.6280,25.5354
-8.6417,25.5533
-8.6545,25.5760
-8.6716,25.5755
-8.6881,25.5784
-8.7047,25.5814
-8.7203,25.5891
-8.7361,25.5969
-8.7526,25.5997
-8.7579,25.6719
-8.7874,25.5952
-8.8047,25.5929
-8.8236,25.5807
-8.8386,25.5931
-8.8544,25.6005
-8.8696,25.6128
-8.8848,25.6250
-8.9161,25.6445
-8.9322,25.6516
-8.9504,25.6426
-8.9652,25.6596
-8.9808,25.6716
-8.9958,25.6885
-8.9984,25.8115
-9.0283,25.7024
-9.0436,25.7192
-9.0584,25.7409
-9.0728,25.7675
-9.0924,25.7445
-9.1094,25.7462
-9.1269,25.7429
-9.1406,25.7803
-9.1623,25.7311
-9.1792,25.7326
-9.1929,25.7739
-9.2080,25.8002
-9.2236,25.8214
-9.2409,25.8227
-9.2757,25.8202
-9.2939,25.8064
-9.3102,25.8225
-9.3251,25.8634
-9.3430,25.8545
-9.3587,25.8853
-9.3751,25.9083
-9.3881,26.0018
-9.4096,25.9199
-9.4263,25.9407
-9.4428,25.9713
-9.4587,26.0220
-9.4769,26.0104
-9.4951,25.9981
-9.5131,25.9915
-9.5309,25.9891
-9.5490,25.9745
-9.5662,26.0026
-9.5868,25.8093
-9.6039,25.8195
-9.6196,25.9934
-9.6552,25.9886
-9.6729,25.9786
-9.6906,25.9686
-9.7084,25.9835
-9.7263,26.0083
-9.7446,26.0480
-9.7804,26.0425
-9.7980,26.0272
-9.8151,25.9968
-9.8336,26.0213
-9.8522,26.0457
-9.8708,26.0651
-9.9077,26.0888
-9.9264,26.1030
-9.9449,26.1122
-9.9633,26.1163
-9.9819,26.1254
-10.0003,26.1294
-10.0183,26.1257
-10.0554,26.1362
-10.0730,26.1250
-9.6975,20.4592
-10.1129,26.1723
-10.1331,26.1958
-10.1546,26.2342
-10.1886,26.1964
-10.2043,26.1650
-10.2257,26.1982
-10.2478,26.2362
-10.2716,26.2891
-10.2907,26.2923
-10.3199,26.3924
-10.3265,26.2735
-10.3456,26.2765
-10.3642,26.2745
-10.3828,26.2724
-10.4020,26.2752
-10.4212,26.2779
-10.4584,26.2733
-10.4770,26.2709
-10.4943,26.2585
-10.5128,26.2560
-10.5362,26.2881
-10.5584,26.3102
-10.5961,26.4387
-10.5994,26.3294
-10.6212,26.3464
-10.6415,26.3534
-10.6619,26.3603
-10.6831,26.3721
-10.7037,26.3789
-10.7242,26.3856
-10.7638,26.3890
-10.7844,26.3955
-10.8034,26.3922
-10.8224,26.3887
-10.8413,26.3852
-10.8593,26.3768
-10.9038,26.4039
-10.9334,26.4540
-10.9624,26.4991
-10.9967,26.5686
-11.0172,26.5695
-11.0377,26.5703
-11.0883,26.6157
-11.1150,26.6437
-11.1325,26.6296
-11.1504,26.6173
-11.1655,26.5933
-11.1874,26.5985
-11.2046,26.5842
-11.2554,26.6235
-11.2841,26.6557
-11.3007,26.6381
-11.3216,26.6380
-11.3376,26.6185
-11.3572,26.6135
-11.4028,26.6274
-11.4289,26.6462
-11.4486,26.6409
-11.4617,26.6115
-11.5027,26.6831
-11.5333,26.7160
-11.5841,26.7431
-11.6125,26.7661
-11.6424,26.7938
-11.6607,26.7816
-11.6679,26.7325
-11.7096,26.7983
-11.7371,26.8160
-11.7932,26.9256
-11.7850,26.8274
-11.8112,26.8401
-11.8376,26.8527
-11.8641,26.8651
-11.8891,26.8728
-11.9158,26.8851
-11.9598,26.8810
-11.9802,26.8741
-11.9957,26.8529
-12.0275,26.8790
-12.0545,26.8908
-12.0816,26.9025
-12.1229,26.8890
-12.1315,26.8488
-12.1290,26.7792
-12.1335,26.7296
-12.1639,26.7502
-12.2104,26.8129
-12.2977,26.9199
-12.3182,26.9120
-12.3369,26.8994
-12.3867,26.9657
-12.4055,26.9529
-12.4670,27.0466
-12.5307,27.1439
-12.5296,27.0805
-12.5544,27.0812
-12.5983,27.1278
-12.6327,27.1506
-12.6717,27.1837
-12.6735,27.1287
-12.6907,27.1105
-12.7468,27.1243
-12.8102,27.2110
-12.8496,27.2422
-12.9181,27.3379
-12.8907,27.2189
-12.9431,27.2774
-13.0009,27.2894
-13.0899,27.4242
-13.0801,27.3459
-13.0997,27.3311
-13.1215,27.3208
-13.1843,27.3961
-13.2193,27.4125
-13.2545,27.4288
-13.2787,27.4225
-13.3118,27.4340
-13.3384,27.4320
-13.3604,27.4210
-13.3757,27.3965
-13.4226,27.4343
-13.4827,27.4427
-13.5094,27.4401
-13.5408,27.4462
-13.5956,27.4964
-13.6460,27.5375
-13.6991,27.5827
-13.7774,27.6198
-13.8337,27.6687
-13.8564,27.6562
-13.8986,27.6785
-13.9336,27.6876
-13.9760,27.7096
-14.0441,27.7226
-14.0969,27.7614
-14.1224,27.7524
-14.1685,27.7785
-14.2595,27.8805
-14.3719,28.0171
-14.3887,27.9911
-14.4169,27.9845
-14.3683,27.8505
-14.4020,27.8535
-14.4488,27.8776
-14.5384,27.9705
-14.4719,27.8106
-14.6757,28.0854
-14.5660,27.8577
-14.6054,27.8683
-14.6824,27.9377
-14.7572,28.0025
-14.7972,28.0123
-14.8156,27.9885
-14.8366,27.9689
-14.9004,27.9627
-14.9351,27.9636
-15.1993,28.3060
-15.2324,28.3018
-15.2760,28.2600
-15.3336,28.2386
-15.3724,28.2420
-15.4112,28.2453
-14.2365,23.8296
-14.2429,23.7663
-14.2462,23.7464
-14.2572,23.7326
-14.2720,23.7219
-14.2790,23.7050
-14.2899,23.6912
-14.3115,23.6634
-14.3183,23.6464
-14.3290,23.6325
-14.3357,23.6154
-14.3463,23.6014
-14.3529,23.5844
-14.3738,23.5562
-14.3802,23.5392
-14.3906,23.5250
-14.4009,23.5108
-14.4112,23.4966
-14.4215,23.4824
-14.4317,23.4681
-14.4520,23.4395
-14.4620,23.4251
-14.4721,23.4107
-14.4821,23.3963
-14.4920,23.3819
-14.5019,23.3674
-14.5216,23.3383
-14.5272,23.3210
-14.5244,23.2981
-14.5299,23.2808
-14.8618,22.5517
-14.8692,22.5361
-14.8720,22.5184
-14.8929,22.5091
-14.9229,22.5039
-14.9075,22.4777
-14.9601,22.4827
-14.9654,22.4468
-14.9725,22.4310
-14.9750,22.4130
-14.9819,22.3971
-14.9889,22.3812
-15.0004,22.3672
-15.0141,22.3351
-15.0254,22.3210
-15.0321,22.3050
-15.0434,22.2908
-15.0501,22.2746
-15.0566,22.2585
-15.0697,22.2261
-15.0761,22.2099
-15.0825,22.1937
-15.0888,22.1775
-15.1044,22.1648
-15.0967,22.1431
-15.0996,22.1070
-15.1151,22.0942
-15.1600,22.0735
-15.1566,22.0536
-15.1483,22.0321
-15.1553,21.9976
-17.4004,19.7363
-17.4043,19.7128
-17.3938,19.6901
-17.3970,19.6667
-17.6466,19.3650
-17.6270,19.3186
-17.6247,19.2947
-17.6969,19.2633
-17.6994,19.2387
-17.7118,19.2130
-17.7141,19.1884
-17.7186,19.1390
-17.7257,19.1137
-17.7277,19.0889
-17.7595,19.0604
-17.7911,19.0317
-17.8226,19.0027
-17.8507,18.9491
-17.8770,18.9204
-17.8982,18.8922
-17.9193,18.8639
-17.9403,18.8355
-17.9516,18.8084
-17.9626,18.7813
-17.9732,18.7541
-17.9695,18.7291
-17.9851,18.7010
-18.0056,18.6719
-18.0260,18.6427
-18.0512,18.6125
-18.0714,18.5830
-18.0911,18.5534
-18.0869,18.5281
-18.1117,18.4973
-18.1315,18.4674
-18.1512,18.4372
-18.1757,18.4060
-18.1952,18.3756
-18.2188,18.3443
-18.2093,18.3195
-18.2334,18.2878
-18.2524,18.2569
-18.2714,18.2259
-18.2951,18.1937
-18.3138,18.1625
-18.3315,18.1040
-18.3547,18.0713
-18.3779,18.0384
-18.3961,18.0066
-18.4142,17.9746
-18.4272,17.9436
-18.4289,17.8875
-18.4610,17.8514
-18.4931,17.8151
-18.5250,17.7786
-18.5519,17.7432
-18.5835,17.7063
-18.6029,17.6437
-18.6293,17.6076
-18.6556,17.5714
-18.6769,17.5363
-18.7029,17.4997
-18.7288,17.4629
-18.7466,17.3987
-18.7720,17.3615
-18.8021,17.3227
-18.8321,17.2836
-18.8571,17.2459
-18.8868,17.2065
-18.9028,17.1406
-18.9273,17.1022
-18.9516,17.0637
-18.9805,17.0234
-19.0046,16.9845
-19.0332,16.9438
-19.0568,16.8732
-19.0850,16.8320

# FrameTime=1781596549.21, PointCount=636
-4.3460,23.6898
-4.3404,23.7170
-4.3843,23.7103
-4.4075,23.7176
-4.4226,23.7305
-4.5094,23.6931
-4.5149,23.7355
-4.4505,23.8048
-4.4983,23.7942
-4.5804,23.7583
-4.6197,23.7530
-4.5440,23.8317
-4.5875,23.8233
-4.6049,23.8340
-4.6381,23.8328
-4.6694,23.8328
-4.7285,23.8116
-4.7199,23.8416
-4.7193,23.8655
-4.7762,23.8453
-4.8048,23.8699
-4.8535,23.8552
-4.8805,23.8573
-4.9115,23.8561
-4.9267,23.8672
-4.9459,23.8751
-4.9765,23.8971
-4.9996,23.9017
-5.0188,23.9093
-5.0418,23.9137
-5.0610,23.9211
-5.0632,23.9428
-5.0712,23.9833
-5.1020,23.9808
-5.1154,23.9930
-5.1104,24.0212
-5.1147,24.0415
-5.1283,24.0536
-5.1348,24.0720
-5.2120,24.0277
-5.2388,24.0278
-5.1635,24.1193
-5.1571,24.1496
-5.1674,24.1649
-5.2387,24.1244
-5.2381,24.1494
-5.2044,24.2052
-5.2809,24.1589
-5.2968,24.1686
-5.3310,24.1611
-5.3324,24.1844
-5.3535,24.1890
-5.3839,24.1846
-5.4230,24.1963
-5.4496,24.1951
-5.4976,24.1727
-5.5384,24.1571
-5.5719,24.1484
-5.5523,24.1924
-5.5686,24.2256
-5.5741,24.2450
-5.5866,24.2573
-5.5957,24.2731
-5.6187,24.2745
-5.6452,24.2722
-5.6910,24.2745
-5.7187,24.2704
-5.7688,24.2421
-5.7848,24.2501
-5.7898,24.2699
-5.7821,24.3035
-5.7369,24.3786
-5.7646,24.3741
-5.7762,24.3873
-5.8398,24.3424
-5.8824,24.3204
-5.8655,24.3653
-5.9179,24.3319
-5.8953,24.3835
-5.9565,24.3393
-5.9342,24.3910
-5.9635,24.3832
-5.9699,24.4019
-5.9983,24.3949
-5.9984,24.4211
-6.0078,24.4364
-6.0308,24.4622
-6.8102,23.5433
-6.8304,23.5399
-6.8595,23.5255
-6.8768,23.5252
-6.8934,23.5258
-6.9062,23.5311
-6.9197,23.5354
-6.9365,23.5356
-6.9500,23.5398
-6.9633,23.5443
-6.9865,23.5358
-7.0303,23.5004
-6.9976,23.5645
-7.0600,23.5043
-7.0733,23.5081
-7.0866,23.5119
-7.0936,23.5240
-7.1040,23.5317
-7.0341,23.6482
-7.0774,23.6117
-7.0211,23.7113
-7.1309,23.5826
-7.1443,23.5862
-7.1578,23.5897
-7.1683,23.5972
-6.4826,24.5919
-6.4847,24.6178
-6.4892,24.6697
-6.4832,24.7080
-6.4795,24.7433
-6.5159,24.7199
-6.5132,24.7541
-6.5418,24.7417
-6.5659,24.7359
-6.5919,24.7271
-6.6215,24.7125
-6.6517,24.6966
-6.6656,24.7056
-6.6398,24.7762
-6.6593,24.7769
-6.6788,24.7775
-6.6573,24.8428
-6.7150,24.7826
-6.7318,24.7872
-6.7459,24.7960
-6.7575,24.8090
-6.7691,24.8220
-6.7799,24.8364
-6.7735,24.8793
-6.8187,24.8365
-6.8433,24.8277
-6.8854,24.7890
-6.8971,24.8016
-6.9188,24.7970
-6.9255,24.8181
-6.8850,24.9217
-6.9515,24.8388
-6.9609,24.8556
-6.9704,24.8724
-6.9775,24.8935
-6.9847,24.9146
-7.0016,24.9184
-7.0017,24.9527
-7.0148,24.9635
-7.0484,24.9363
-7.0842,24.9045
-7.1010,24.9078
-7.1109,24.9244
-7.1139,24.9541
-7.1185,24.9810
-7.1059,25.0416
-7.1526,24.9872
-7.1718,24.9858
-7.1911,24.9844
-7.1931,25.0171
-7.2080,25.0245
-7.2176,25.0424
-7.2195,25.0764
-7.2613,25.0285
-7.2827,25.0222
-7.2695,25.0879
-7.2474,25.1734
-7.3351,25.0269
-7.3500,25.0339
-7.3123,25.1542
-7.3797,25.0477
-7.3761,25.0954
-7.3959,25.0917
-7.4409,25.0318
-7.4497,25.0521
-7.4586,25.0724
-7.4723,25.0820
-7.5025,25.0536
-7.5135,25.0692
-7.5324,25.0665
-7.5455,25.0774
-7.5605,25.0838
-7.5774,25.0855
-7.5626,25.1639
-7.6094,25.0933
-7.6301,25.0856
-7.6414,25.1010
-7.6565,25.1070
-7.6514,25.1640
-7.6618,25.1824
-7.6880,25.1604
-7.6793,25.2285
-7.7132,25.1862
-7.7162,25.2247
-7.7310,25.2321
-7.7465,25.2379
-7.7620,25.2436
-7.7724,25.2634
-7.7896,25.2644
-7.7906,25.3107
-7.8208,25.2756
-7.8436,25.2606
-7.8575,25.2708
-7.8747,25.2715
-7.9016,25.2438
-7.9075,25.2774
-7.9147,25.3079
-7.9335,25.3037
-7.9523,25.2994
-7.9742,25.2855
-7.9914,25.2858
-7.9964,25.3241
-8.0016,25.3625
-8.0363,25.3627
-8.0609,25.3390
-8.0642,25.3852
-8.0854,25.3725
-8.1055,25.3629
-8.1088,25.4107
-8.1081,25.4730
-8.1532,25.3766
-8.1772,25.3524
-8.1984,25.3376
-8.2142,25.3420
-8.2274,25.3560
-8.2458,25.3506
-8.2338,25.4594
-8.2648,25.4073
-8.2733,25.4404
-8.2820,25.4735
-8.3080,25.4390
-8.3228,25.4479
-8.3413,25.4422
-8.3491,25.4803
-8.3747,25.4452
-8.3931,25.4394
-8.4092,25.4432
-8.4336,25.4113
-8.4426,25.4458
-8.4598,25.4446
-8.4759,25.4482
-8.4696,25.5543
-8.5081,25.4552
-8.5274,25.4440
-8.5384,25.4718
-8.5549,25.4736
-8.5671,25.4965
-8.5834,25.4998
-8.6006,25.4981
-8.6052,25.5615
-8.6257,25.5436
-8.6394,25.5615
-8.6547,25.5708
-8.6703,25.5788
-8.6868,25.5817
-8.6975,25.6177
-8.7190,25.5924
-8.7339,25.6051
-8.7472,25.6275
-8.7703,25.5909
-8.7892,25.5788
-8.8088,25.5617
-8.8222,25.5840
-8.8283,25.6560
-8.8538,25.5988
-8.8682,25.6160
-8.8835,25.6282
-8.8988,25.6404
-8.9135,25.6575
-8.9302,25.6598
-8.9360,25.7467
-8.9658,25.6479
-8.9794,25.6748
-8.9944,25.6917
-9.0130,25.6788
-9.0287,25.6907
-9.0434,25.7124
-9.0419,25.8851
-9.0926,25.7327
-9.1096,25.7344
-9.1232,25.7708
-9.1426,25.7476
-9.1614,25.7292
-9.1754,25.7656
-9.1835,25.8735
-9.2079,25.7883
-9.2223,25.8245
-9.2396,25.8258
-9.2572,25.8221
-9.2748,25.8183
-9.2923,25.8145
-9.3032,25.9174
-9.3279,25.7978
-9.3403,25.8825
-9.3562,25.9133
-9.3728,25.9313
-9.3908,25.9222
-9.4094,25.9009
-9.4255,25.9337
-9.4585,25.9950
-9.4750,26.0356
-9.4940,25.9990
-9.5118,25.9966
-9.5299,25.9821
-9.5473,25.9975
-9.5854,25.8222
-9.6027,25.8125
-9.6184,25.9963
-9.6362,25.9914
-9.6540,25.9865
-9.6717,25.9765
-9.6899,26.1036
-9.7071,25.9764
-9.7250,26.0012
-9.7429,26.0060
-9.7609,26.0207
-9.7786,26.0154
-9.7960,25.9951
-9.8145,26.0247
-9.8510,26.0486
-9.8697,26.0730
-9.8890,26.1073
-9.9073,26.1116
-9.9253,26.1082
-9.9442,26.1250
-9.9807,26.1282
-9.9992,26.1322
-10.0176,26.1362
-10.0347,26.1175
-10.0546,26.1439
-10.0728,26.1428
-10.0981,26.2436
-10.1103,26.1552
-10.1304,26.1787
-10.1515,26.2121
-10.1699,26.2106
-10.1883,26.2091
-10.2067,26.2075
-10.2237,26.1910
-10.2662,26.2471
-10.2901,26.3000
-10.3062,26.2732
-10.3243,26.2663
-10.3450,26.2842
-10.3637,26.2821
-10.4015,26.2828
-10.4201,26.2806
-10.4381,26.2733
-10.4567,26.2710
-10.4746,26.2636
-10.4938,26.2661
-10.5350,26.4296
-10.5282,26.2413
-10.5558,26.3029
-10.5824,26.3546
-10.5998,26.3419
-10.6201,26.3490
-10.6404,26.3560
-10.6616,26.3678
-10.7009,26.3716
-10.7223,26.3832
-10.7437,26.3948
-10.7661,26.4112
-10.7834,26.3981
-10.8006,26.3849
-10.8375,26.3731
-10.8573,26.3744
-10.8790,26.3855
-10.9075,26.4309
-10.9363,26.4761
-10.9663,26.5261
-11.0063,26.6231
-11.0121,26.5524
-11.0356,26.5679
-11.0634,26.6028
-11.0957,26.6572
-11.1151,26.6511
-11.1308,26.6290
-11.1512,26.6276
-11.1863,26.6010
-11.2048,26.5915
-11.2301,26.6112
-11.2544,26.6259
-11.2848,26.6647
-11.3009,26.6453
-11.3360,26.7016
-11.3403,26.6354
-11.3587,26.6255
-11.3821,26.6349
-11.4044,26.6394
-11.4292,26.6534
-11.4463,26.6385
-11.5092,26.7905
-11.4870,26.6325
-11.5269,26.6991
-11.5618,26.7463
-11.5887,26.7646
-11.6157,26.7828
-11.6410,26.7946
-11.6469,26.7408
-11.7291,26.9419
-11.6985,26.7670
-11.7347,26.8135
-11.7623,26.8311
-11.7870,26.8391
-11.8133,26.8518
-11.8382,26.8596
-11.8835,26.8607
-11.9070,26.8635
-11.9321,26.8710
-11.9557,26.8737
-11.9809,26.8810
-11.9997,26.8693
-12.0184,26.8575
-12.0590,26.9082
-12.0757,26.8904
-12.0999,26.8937
-12.1271,26.9052
-12.1271,26.8415
-12.1160,26.7484
-12.1394,26.7504
-12.2369,26.9500
-12.1883,26.7588
-12.2528,26.8680
-12.3040,26.9406
-12.3173,26.9140
-12.3433,26.9200
-12.3895,26.9770
-12.4364,26.9744
-12.5002,27.0725
-12.5360,27.1002
-12.5402,27.0508
-12.6030,27.1429
-12.6512,27.1986
-12.6805,27.1490
-12.6879,27.1078
-12.7109,27.1033
-12.7560,27.1491
-12.8094,27.2129
-12.8632,27.2765
-12.9092,27.3215
-12.9092,27.2065
-13.0096,27.3690
-13.0148,27.3229
-13.0701,27.3851
-13.0751,27.3386
-13.0926,27.3193
-13.1619,27.3527
-13.2033,27.3827
-13.2406,27.4035
-13.2802,27.4287
-13.3133,27.4402
-13.3332,27.4248
-13.3840,27.4160
-13.4037,27.4004
-13.4462,27.4291
-13.4820,27.4443
-13.5087,27.4417
-13.5494,27.4655
-13.6979,27.6926
-13.6195,27.4906
-13.6748,27.5403
-13.7185,27.5677
-13.7863,27.6389
-13.8378,27.6790
-13.8582,27.6621
-13.8785,27.6451
-13.9558,27.6762
-14.0057,27.7111
-14.0509,27.7371
-14.0963,27.7628
-14.1193,27.7495
-14.1856,27.8101
-14.3253,27.9948
-14.3078,27.9110
-14.3907,27.9967
-14.3881,27.9387
-14.3626,27.8433
-14.4300,27.9017
-14.4691,27.9129
-14.5326,27.9633
-14.6328,28.0187
-14.5734,27.8716
-14.6102,27.8780
-14.7007,27.9684
-14.7729,28.0289
-14.8076,28.0303
-14.8579,28.0035
-14.8597,27.9545
-14.8888,27.9472
-14.9734,28.0229
-15.2156,28.3319
-15.2320,28.3028
-15.2944,28.2359
-15.3503,28.2642
-15.3691,28.2389
-14.2040,23.8287
-14.2337,23.7846
-14.2370,23.7646
-14.2520,23.7540
-14.2591,23.7371
-14.2700,23.7233
-14.2879,23.6925
-14.2987,23.6787
-14.3055,23.6617
-14.3163,23.6478
-14.3230,23.6308
-14.3336,23.6168
-14.3403,23.5998
-14.3613,23.5717
-14.3718,23.5576
-14.3782,23.5405
-14.3885,23.5263
-14.3989,23.5121
-14.4092,23.4979
-14.4296,23.4694
-14.4398,23.4551
-14.4499,23.4408
-14.4599,23.4264
-14.4700,23.4120
-14.4800,23.3976
-14.4998,23.3687
-14.5055,23.3514
-14.5153,23.3368
-14.5251,23.3223
-14.5223,23.2994
-14.5278,23.2821
-14.8594,22.5528
-14.8668,22.5373
-14.8696,22.5195
-14.8860,22.5081
-14.9386,22.5134
-14.9050,22.4789
-14.9577,22.4838
-14.9649,22.4680
-14.9675,22.4500
-14.9746,22.4341
-14.9771,22.4161
-14.9841,22.4002
-14.9933,22.3663
-15.0048,22.3523
-15.0116,22.3362
-15.0229,22.3221
-15.0297,22.3061
-15.0409,22.2919
-15.0541,22.2596
-15.0607,22.2434
-15.0718,22.2291
-15.0782,22.2128
-15.0893,22.1984
-15.0956,22.1822
-15.1066,22.1677
-15.1097,22.1315
-15.1017,22.1099
-15.1219,22.0988
-15.1527,22.0728
-15.1305,22.0462
-15.1280,22.0084
-17.3936,19.7599
-17.3970,19.7365
-17.3854,19.6906
-17.4086,19.6662
-17.6359,19.3417
-17.6284,19.3183
-17.6211,19.2949
-17.6834,19.2645
-17.6909,19.2394
-17.7032,19.2137
-17.7106,19.1885
-17.7150,19.1391
-17.7221,19.1138
-17.7291,19.0884
-17.7509,19.0611
-17.7875,19.0318
-17.8190,19.0029
-17.8471,18.9492
-17.8783,18.9198
-17.9044,18.8909
-17.9255,18.8626
-17.9416,18.8348
-17.9528,18.8077
-17.9599,18.7557
-17.9657,18.7292
-17.9814,18.7011
-18.0019,18.6720
-18.0272,18.6419
-18.0475,18.6125
-18.0726,18.5821
-18.0873,18.5534
-18.0880,18.5272
-18.1128,18.4964
-18.1375,18.4655
-18.1572,18.4354
-18.1768,18.4051
-18.1911,18.3491
-18.2103,18.3185
-18.2295,18.2878
-18.2485,18.2569
-18.2675,18.2259
-18.2863,18.1948
-18.3099,18.1624
-18.3375,18.1290
-18.3324,18.1029
-18.3557,18.0701
-18.3837,18.0361
-18.4018,18.0042
-18.4199,17.9721
-18.4330,17.9412
-18.4442,17.8825
-18.4570,17.8513
-18.4939,17.8138
-18.5258,17.7773
-18.5527,17.7418
-18.5843,17.7049
-18.6037,17.6422
-18.6300,17.6061
-18.6563,17.5699
-18.6776,17.5348
-18.7036,17.4981
-18.7246,17.4627
-18.7424,17.3985
-18.7726,17.3599
-18.7979,17.3225
-18.8279,17.2834
-18.8577,17.2442
-18.8826,17.2062
-18.9033,17.1389
-18.9277,17.1005
-18.9521,17.0619
-18.9810,17.0216
-19.0097,16.9811
-19.0336,16.9420
-19.0572,16.8713
-19.0854,16.8301

# FrameTime=1781596549.31, PointCount=643
-4.3648,23.6770
-4.3884,23.7075
-4.4116,23.7148
-4.4595,23.7048
-4.4930,23.7045
-4.5039,23.7200
-4.5168,23.7342
-4.4414,23.8351
-4.5278,23.7964
-4.6157,23.7559
-4.5744,23.8094
-4.5754,23.8322
-4.6330,23.8132
-4.6461,23.8268
-4.6036,23.8823
-4.7285,23.8116
-4.7159,23.8446
-4.7431,23.8473
-4.7584,23.8590
-4.7895,23.8584
-4.8285,23.8515
-4.8457,23.8614
-4.8727,23.8634
-4.9036,23.8623
-4.9228,23.8703
-4.9459,23.8751
-4.9651,23.8830
-4.9843,23.8908
-5.0111,23.9156
-5.0380,23.9168
-5.0610,23.9211
-5.0670,23.9396
-5.0595,23.9695
-5.0941,23.9639
-5.0985,24.0076
-5.1385,23.9969
-5.1109,24.0448
-5.1584,24.0273
-5.2152,24.0011
-5.1971,24.0410
-5.1589,24.0991
-5.2581,24.0344
-5.1905,24.1194
-5.2063,24.1295
-5.2222,24.1395
-5.2381,24.1494
-5.2613,24.1525
-5.2773,24.1623
-5.3273,24.1645
-5.3432,24.1741
-5.3157,24.2250
-5.3803,24.1881
-5.3927,24.2009
-5.4337,24.1859
-5.4691,24.2007
-5.5348,24.1607
-5.5648,24.1554
-5.5629,24.1818
-5.5527,24.2169
-5.5651,24.2292
-5.5741,24.2450
-5.5602,24.2844
-5.5992,24.2695
-5.6187,24.2745
-5.6279,24.2903
-5.6819,24.2589
-5.7294,24.2339
-5.7495,24.2377
-5.7848,24.2501
-5.7871,24.2728
-5.8091,24.2742
-5.7720,24.3402
-5.7633,24.3756
-5.7909,24.3709
-5.8398,24.3424
-5.8559,24.3502
-5.8820,24.3467
-5.9047,24.3468
-5.9438,24.3281
-5.9238,24.3768
-5.9473,24.3759
-5.9699,24.4019
-5.9854,24.4101
-6.0016,24.4173
-5.9981,24.4479
-6.0177,24.4512
-6.0244,24.4699
-6.0357,24.4832
-6.0350,24.5110
-6.0716,24.4933
-6.0880,24.5001
-6.0719,24.5474
-6.8813,23.5623
-6.9301,23.5437
-6.9320,23.5628
-6.9639,23.5435
-6.9834,23.5398
-6.9969,23.5439
-7.0103,23.5479
-7.0143,23.5643
-7.0248,23.5722
-7.0351,23.5804
-7.0486,23.5843
-7.0592,23.5921
-7.0727,23.5959
-7.1338,23.5346
-7.1472,23.5382
-7.1605,23.5417
-7.1035,23.6430
-7.1784,23.5607
-7.0846,23.7151
-7.0783,23.7473
-7.1609,23.6528
-7.2059,23.6111
-7.2194,23.6144
-7.2357,23.6135
-6.4599,24.7721
-6.5327,24.6951
-7.2788,23.6187
-6.5494,24.7304
-6.5752,24.7220
-7.2776,23.6902
-7.2939,23.6890
-6.6545,24.6924
-7.3102,23.7116
-7.3238,23.7144
-7.3401,23.7130
-6.6761,24.7817
-6.6982,24.7780
-6.7195,24.7754
-6.7177,24.8099
-6.7433,24.8002
-6.7523,24.8175
-6.7613,24.8347
-6.7748,24.8447
-6.8045,24.8279
-6.8196,24.8350
-6.8203,24.8665
-6.8576,24.8361
-6.8945,24.8059
-6.9163,24.8013
-6.9329,24.8052
-6.9372,24.8306
-6.9614,24.8215
-6.9633,24.8513
-6.9213,24.9596
-6.9799,24.8892
-6.9847,24.9146
-7.0040,24.9140
-7.0161,24.9264
-7.0219,24.9504
-7.0626,24.9099
-7.0127,25.0382
-7.1010,24.9078
-7.1155,24.9155
-7.1139,24.9541
-7.1208,24.9765
-7.1332,24.9886
-7.1549,24.9828
-7.1582,25.0126
-7.1933,24.9800
-7.1991,25.0052
-7.1902,25.0603
-7.2199,25.0379
-7.2377,25.0392
-7.2657,25.0195
-7.2762,25.0357
-7.2472,25.1346
-7.2624,25.1418
-7.3224,25.0540
-7.3500,25.0339
-7.3627,25.0454
-7.3527,25.1066
-7.3684,25.1121
-7.3581,25.1752
-7.4048,25.1121
-7.4335,25.0885
-7.4667,25.0542
-7.4856,25.0516
-7.5025,25.0536
-7.5194,25.0555
-7.4814,25.1858
-7.5474,25.0729
-7.5624,25.0792
-7.5793,25.0809
-7.5944,25.0871
-7.6151,25.0795
-7.6245,25.0995
-7.6010,25.2011
-7.6528,25.1163
-7.6734,25.1084
-7.6600,25.1870
-7.6826,25.1744
-7.7015,25.1710
-7.7043,25.2095
-7.7179,25.2201
-7.6853,25.3538
-7.7395,25.2566
-7.7689,25.2249
-7.7809,25.2399
-7.7913,25.2597
-7.8069,25.2653
-7.8225,25.2708
-7.8381,25.2764
-7.8591,25.2661
-7.8693,25.2872
-7.8952,25.2627
-7.9187,25.2443
-7.9168,25.3016
-7.9351,25.2990
-7.9539,25.2946
-7.9557,25.3424
-7.9898,25.2905
-8.0055,25.2955
-8.0136,25.3243
-8.0195,25.3611
-8.0324,25.3755
-8.0483,25.3804
-8.0623,25.3915
-8.0773,25.3996
-8.0970,25.3916
-8.1200,25.3723
-8.1318,25.3912
-8.1559,25.3670
-8.1813,25.3380
-8.1568,25.4868
-8.2142,25.3420
-8.2274,25.3560
-8.2445,25.3555
-8.2514,25.3934
-8.2610,25.4217
-8.2708,25.4500
-8.2806,25.4786
-8.3006,25.4679
-8.3216,25.4527
-8.3413,25.4422
-8.3598,25.4365
-8.3817,25.4162
-8.3931,25.4394
-8.4092,25.4432
-8.3814,25.6370
-8.4452,25.4345
-8.4576,25.4543
-8.4748,25.4530
-8.4920,25.4517
-8.5102,25.4455
-8.5264,25.4489
-8.5036,25.6383
-8.5536,25.4801
-8.5701,25.4818
-8.5834,25.4998
-8.5987,25.5079
-8.6160,25.5062
-8.6257,25.5436
-8.6394,25.5615
-8.6538,25.5757
-8.6703,25.5788
-8.6859,25.5866
-8.7016,25.5944
-8.7173,25.6022
-8.7314,25.6198
-8.7521,25.5980
-8.7485,25.7245
-8.7860,25.5985
-8.8041,25.5913
-8.8222,25.5840
-8.8372,25.5963
-8.8523,25.6087
-8.8668,25.6259
-8.8988,25.6404
-8.9141,25.6526
-8.9296,25.6647
-8.9484,25.6507
-8.9645,25.6578
-8.9788,25.6797
-8.9944,25.6917
-9.0276,25.7006
-9.0428,25.7174
-9.0587,25.7292
-9.0725,25.7608
-9.0911,25.7476
-9.1086,25.7443
-9.1431,25.7426
-9.1610,25.7342
-9.1762,25.7556
-9.1912,25.7819
-9.2063,25.8082
-9.2223,25.8245
-9.2350,25.8876
-9.2568,25.8271
-9.2744,25.8233
-9.2923,25.8145
-9.3086,25.8305
-9.3235,25.8715
-9.3417,25.8575
-9.3572,25.8934
-9.3906,25.9272
-9.4084,25.9230
-9.4245,25.9587
-9.4412,25.9844
-9.4575,26.0250
-9.4757,26.0134
-9.5119,25.9945
-9.5297,25.9921
-9.5477,25.9775
-9.5650,26.0056
-9.5855,25.8122
-9.6006,26.0011
-9.6184,25.9963
-9.6540,25.9865
-9.6717,25.9765
-9.6894,25.9765
-9.7072,25.9914
-9.7252,26.0162
-9.7434,26.0460
-9.7794,26.0554
-9.7968,26.0301
-9.8140,26.0047
-9.8322,26.0192
-9.8513,26.0586
-9.8701,26.0830
-9.9067,26.0966
-9.9256,26.1158
-9.9437,26.1150
-9.9621,26.1192
-9.9805,26.1232
-9.6883,20.4576
-10.0169,26.1236
-9.6906,20.4574
-10.0543,26.1390
-10.0718,26.1278
-10.0913,26.1465
-10.1114,26.1701
-10.1315,26.1936
-10.1530,26.2320
-10.1874,26.1992
-9.7017,20.4665
-10.2246,26.2009
-10.2467,26.2390
-10.2705,26.2919
-10.2901,26.3000
-10.3188,26.3951
-10.3254,26.2763
-10.3445,26.2792
-10.3625,26.2722
-10.3817,26.2751
-10.4015,26.2828
-10.4207,26.2855
-10.4399,26.2882
-10.4759,26.2735
-10.4925,26.2562
-10.5124,26.2636
-10.5323,26.2710
-10.5565,26.3079
-10.5796,26.3348
-10.6201,26.3490
-10.6427,26.3708
-10.6608,26.3629
-10.6821,26.3747
-10.7026,26.3815
-10.7231,26.3882
-10.7437,26.3948
-10.7834,26.3981
-10.8023,26.3947
-10.8213,26.3913
-10.8402,26.3878
-10.8573,26.3744
-10.8837,26.4101
-10.9314,26.4516
-10.9604,26.4967
-10.9936,26.5613
-11.0171,26.5769
-11.0356,26.5679
-11.0666,26.6175
-11.0943,26.6505
-11.1208,26.6772
-11.1337,26.6418
-11.1494,26.6197
-11.1645,26.5958
-11.1852,26.5961
-11.2036,26.5867
-11.2425,26.6628
-11.2579,26.6404
-11.2843,26.6630
-11.3021,26.6501
-11.3194,26.6355
-11.3329,26.6063
-11.3575,26.6206
-11.3784,26.6204
-11.4253,26.6389
-11.4515,26.6577
-11.4620,26.6186
-11.4977,26.6710
-11.5323,26.7183
-11.5659,26.7607
-11.6131,26.8496
-11.6101,26.7636
-11.6344,26.7721
-11.6640,26.7983
-11.7363,26.9658
-11.7174,26.8292
-11.7376,26.8230
-11.7652,26.8407
-11.8113,26.9167
-11.8058,26.8280
-11.8337,26.8453
-11.8601,26.8578
-11.8867,26.8702
-11.9133,26.8825
-11.9369,26.8852
-11.9809,26.8810
-12.0029,26.8787
-12.0299,26.8906
-12.0404,26.8551
-12.0707,26.8763
-12.1016,26.8984
-12.1691,27.0217
-12.1356,26.8649
-12.1422,26.8200
-12.1342,26.7363
-12.1630,26.7523
-12.2059,26.8056
-12.2798,26.9391
-12.3287,27.0049
-12.3173,26.9140
-12.3397,26.9107
-12.3785,26.9491
-12.4028,26.9502
-12.4531,27.0161
-12.5021,27.0771
-12.5438,27.1195
-12.5822,27.0929
-12.6280,27.1433
-12.6787,27.2040
-12.6707,27.1261
-12.6898,27.1124
-12.7208,27.1262
-12.7957,27.2401
-12.7852,27.1581
-12.8407,27.2258
-12.8929,27.2851
-12.9002,27.2435
-12.9154,27.2201
-12.9868,27.3193
-13.0608,27.4226
-13.1069,27.4065
-13.1011,27.3374
-13.1121,27.3045
-13.1771,27.3843
-13.2142,27.4052
-13.2515,27.4260
-13.3089,27.4312
-13.3354,27.4292
-13.3574,27.4182
-13.3749,27.3982
-13.4196,27.4315
-13.4530,27.4424
-13.6613,27.7907
-13.5133,27.4506
-13.5378,27.4434
-13.5785,27.4671
-13.6336,27.5170
-13.6866,27.5623
-13.7423,27.6117
-13.8870,27.8237
-13.8210,27.6484
-13.8485,27.6446
-13.8907,27.6669
-13.9281,27.6804
-13.9729,27.7067
-14.0180,27.7328
-14.0686,27.7681
-14.1066,27.7808
-14.1268,27.7624
-14.1499,27.7490
-14.2260,27.8259
-14.3409,27.9669
-14.3830,27.9839
-14.3547,27.8830
-14.4330,27.9597
-14.3911,27.8377
-14.4587,27.8959
-14.5188,27.9410
-14.5108,27.8755
-14.5183,27.8355
-14.5761,27.8759
-14.6316,27.9117
-14.7378,27.9742
-14.8130,28.0387
-14.8205,27.9981
-14.8525,27.9951
-14.8817,27.9879
-14.8916,27.9514
-15.1686,28.3152
-15.2376,28.3111
-15.2735,28.3109
-15.2897,28.2816
-15.2973,28.2400
-15.3446,28.2560
-15.3748,28.2471
-14.2345,23.8309
-14.2337,23.7846
-14.2409,23.7677
-14.2481,23.7508
-14.2700,23.7233
-14.2770,23.7064
-14.2879,23.6925
-14.2948,23.6756
-14.3055,23.6617
-14.3163,23.6478
-14.3230,23.6308
-14.3442,23.6028
-14.3508,23.5857
-14.3613,23.5717
-14.3678,23.5546
-14.3782,23.5405
-14.3885,23.5263
-14.4092,23.4979
-14.4194,23.4837
-14.4296,23.4694
-14.4398,23.4551
-14.4499,23.4408
-14.4599,23.4264
-14.4800,23.3976
-14.4899,23.3832
-14.4998,23.3687
-14.5097,23.3542
-14.5153,23.3368
-14.5209,23.3195
-14.5181,23.2966
-14.5457,23.2729
-14.8894,22.6057
-14.8594,22.5528
-14.8713,22.5394
-14.8651,22.5174
-14.8905,22.5102
-14.8978,22.4946
-14.9050,22.4789
-14.9122,22.4631
-14.9193,22.4474
-14.9629,22.4480
-14.9655,22.4300
-14.9679,22.4121
-14.9818,22.3803
-14.9887,22.3643
-15.0002,22.3503
-15.0070,22.3343
-15.0183,22.3202
-15.0297,22.3061
-15.0476,22.2757
-15.0541,22.2596
-15.0607,22.2434
-15.0718,22.2291
-15.0782,22.2128
-15.0846,22.1966
-15.0909,22.1803
-15.1035,22.1478
-15.1003,22.1279
-15.1298,22.1204
-15.1406,22.1057
-15.2030,22.1100
-15.1527,22.0728
-15.1363,22.0298
-15.1375,22.0117
-17.3936,19.7599
-17.4120,19.7359
-17.4065,19.7128
-17.3854,19.6906
-17.3986,19.6667
-17.6359,19.3417
-17.6185,19.3192
-17.6311,19.2939
-17.6983,19.2630
-17.6959,19.2389
-17.7132,19.2127
-17.7079,19.1644
-17.7051,19.1403
-17.7171,19.1144
-17.7241,19.0891
-17.7559,19.0605
-17.7924,19.0312
-17.8207,18.9778
-17.8520,18.9485
-17.8783,18.9198
-17.8996,18.8916
-17.9207,18.8633
-17.9416,18.8348
-17.9490,18.7829
-17.9599,18.7557
-17.9756,18.7276
-17.9863,18.7002
-18.0068,18.6711
-18.0272,18.6419
-18.0475,18.6125
-18.0673,18.5831
-18.0680,18.5569
-18.0880,18.5272
-18.1128,18.4964
-18.1375,18.4655
-18.1572,18.4354
-18.1817,18.4041
-18.1908,18.3758
-18.1960,18.3481
-18.2152,18.3175
-18.2344,18.2867
-18.2534,18.2559
-18.2724,18.2248
-18.2961,18.1926
-18.3238,18.1594
-18.3090,18.1354
-18.3373,18.1017
-18.3605,18.0690
-18.3885,18.0349
-18.4067,18.0030
-18.4296,17.9698
-18.4459,17.9101
-18.4636,17.8777
-18.4909,17.8427
-18.5133,17.8088
-18.5403,17.7735
-18.5672,17.7380
-18.5868,17.6755
-18.6133,17.6396
-18.6397,17.6035
-18.6611,17.5685
-18.6872,17.5320
-18.7084,17.4968
-18.7294,17.4613
-18.7537,17.4248
-18.7472,17.3971
-18.7726,17.3599
-18.8027,17.3210
-18.8327,17.2820
-18.8577,17.2442
-18.8873,17.2047
-18.9033,17.1389
-18.9325,17.0989
-18.9568,17.0603
-18.9857,17.0200
-19.0097,16.9811
-19.0383,16.9404
-19.0572,16.8713
-19.0901,16.8285

# FrameTime=1781596549.41, PointCount=636
-4.3654,23.6764
-4.3848,23.7097
-4.3999,23.7227
-4.4601,23.7042
-4.4977,23.7011
-4.5005,23.7223
-4.5296,23.7249
-4.4308,23.8188
-4.3794,23.8795
-4.5284,23.7958
-4.6203,23.7524
-4.5790,23.8059
-4.5800,23.8286
-4.6336,23.8125
-4.6467,23.8262
-4.7211,23.8170
-4.7165,23.8440
-4.7437,23.8467
-4.7629,23.8553
-4.7901,23.8578
-4.8388,23.8432
-4.8772,23.8597
-4.9081,23.8586
-4.9234,23.8697
-4.9465,23.8745
-4.9618,23.8855
-4.9848,23.8902
-5.0117,23.9150
-5.0347,23.9194
-5.0578,23.9237
-5.0638,23.9422
-5.0716,23.9592
-5.0947,23.9633
-5.0836,23.9965
-5.0895,24.0152
-5.1353,23.9995
-5.1115,24.0441
-5.1590,24.0266
-5.2158,24.0005
-5.1902,24.0470
-5.2469,24.0205
-5.1911,24.1188
-5.2069,24.1289
-5.2228,24.1388
-5.2387,24.1488
-5.2619,24.1519
-5.2742,24.1651
-5.3279,24.1639
-5.3402,24.1769
-5.3180,24.2228
-5.3809,24.1875
-5.3968,24.1968
-5.4307,24.1888
-5.3986,24.2449
-5.4769,24.1931
-5.5318,24.1636
-5.5618,24.1583
-5.5670,24.1777
-5.5533,24.2162
-5.5692,24.2250
-5.5712,24.2480
-5.5712,24.2731
-5.5928,24.2761
-5.6193,24.2739
-5.6284,24.2896
-5.6825,24.2583
-5.7300,24.2333
-5.7501,24.2371
-5.7853,24.2495
-5.7870,24.2730
-5.8131,24.2699
-5.7725,24.3396
-5.7571,24.3824
-5.8276,24.3303
-5.8598,24.3459
-5.8826,24.3461
-5.9053,24.3462
-5.9509,24.3200
-5.9310,24.3687
-5.9479,24.3752
-5.9705,24.4013
-5.9892,24.4056
-6.0054,24.4129
-5.9955,24.4511
-6.0119,24.4583
-6.0282,24.4654
-6.0446,24.4724
-6.0261,24.5220
-6.0773,24.4864
-6.1000,24.4854
-6.1164,24.4922
-6.1328,24.4990
-6.1367,24.5213
-6.1451,24.5382
-6.1604,24.5463
-6.2241,24.4924
-6.9255,23.6146
-6.9725,23.5756
-6.9893,23.5755
-7.0274,23.5473
-7.0374,23.5557
-7.0542,23.5551
-7.0677,23.5590
-7.0722,23.5747
-7.0797,23.5865
-7.0927,23.5909
-7.1033,23.5986
-7.1168,23.6023
-7.1303,23.6058
-7.1409,23.6134
-7.1486,23.6251
-7.1770,23.6075
-7.2162,23.5742
-7.2352,23.5693
-7.2457,23.5766
-7.1457,23.7446
-7.2640,23.5951
-7.2773,23.5982
-7.2879,23.6054
-6.5553,24.7218
-6.5758,24.7214
-6.6448,24.6473
-7.3056,23.6715
-6.6578,24.6876
-7.3435,23.6605
-6.6097,24.8233
-7.3489,23.6996
-7.3517,23.7192
-6.6714,24.8207
-6.7156,24.7820
-6.7182,24.8093
-6.7518,24.7869
-6.7555,24.8126
-6.7645,24.8299
-6.7728,24.8483
-6.8050,24.8273
-6.8202,24.8344
-6.8259,24.8573
-6.8582,24.8355
-6.8951,24.8053
-6.9194,24.7963
-6.9335,24.8046
-6.9378,24.8300
-6.9619,24.8209
-6.9442,24.8854
-6.9783,24.8588
-6.9805,24.8885
-6.9853,24.9140
-7.0045,24.9134
-7.0143,24.9301
-7.0225,24.9498
-7.0632,24.9093
-7.0323,25.0020
-7.1063,24.8984
-7.1161,24.9149
-7.1160,24.9506
-7.1191,24.9804
-7.1339,24.9879
-7.1532,24.9866
-7.1611,25.0076
-7.1894,24.9882
-7.1975,25.0090
-7.1930,25.0552
-7.2204,25.0373
-7.2427,25.0296
-7.2685,25.0144
-7.2630,25.0636
-7.2478,25.1339
-7.2651,25.1367
-7.3229,25.0534
-7.3505,25.0333
-7.3675,25.0357
-7.3560,25.1000
-7.3835,25.0797
-7.3587,25.1745
-7.4109,25.0993
-7.4320,25.0924
-7.4632,25.0627
-7.4842,25.0556
-7.5011,25.0575
-7.5200,25.0549
-7.4800,25.1897
-7.5480,25.0722
-7.5649,25.0740
-7.5818,25.0757
-7.5949,25.0865
-7.6175,25.0743
-7.6250,25.0989
-7.5916,25.2253
-7.6571,25.1064
-7.6722,25.1124
-7.6624,25.1817
-7.6850,25.1691
-7.7021,25.1704
-7.7031,25.2136
-7.7073,25.2490
-7.7299,25.2361
-7.7384,25.2606
-7.7695,25.2243
-7.7849,25.2300
-7.7919,25.2591
-7.8075,25.2647
-7.8253,25.2639
-7.8171,25.3371
-7.8581,25.2702
-7.8704,25.2850
-7.8990,25.2526
-7.9161,25.2532
-7.9205,25.2915
-7.9373,25.2936
-7.9576,25.2845
-7.9517,25.3560
-7.9919,25.2852
-8.0015,25.3092
-8.0112,25.3333
-8.0210,25.3573
-8.0531,25.3097
-8.0484,25.3814
-8.0648,25.3846
-8.0817,25.3863
-8.0990,25.3862
-8.1206,25.3717
-8.1337,25.3858
-8.1592,25.3569
-8.1819,25.3374
-8.1560,25.4910
-8.2148,25.3414
-8.2280,25.3554
-8.2477,25.3452
-8.2520,25.3928
-8.2616,25.4211
-8.2701,25.4542
-8.2812,25.4780
-8.3000,25.4722
-8.3222,25.4521
-8.3419,25.4416
-8.3604,25.4359
-8.3776,25.4349
-8.3937,25.4388
-8.4045,25.4653
-8.4259,25.4463
-8.4435,25.4436
-8.4593,25.4488
-8.4765,25.4475
-8.4937,25.4462
-8.5119,25.4400
-8.5179,25.4906
-8.5431,25.4517
-8.5542,25.4794
-8.5687,25.4910
-8.5830,25.5041
-8.5983,25.5122
-8.6127,25.5252
-8.6254,25.5479
-8.6276,25.6265
-8.6555,25.5688
-8.6708,25.5781
-8.6874,25.5811
-8.7030,25.5889
-8.7187,25.5967
-8.7328,25.6143
-8.7403,25.6717
-8.7700,25.5952
-8.7874,25.5929
-8.8063,25.5808
-8.8243,25.5735
-8.8378,25.5957
-8.8529,25.6080
-8.8623,25.6603
-8.8841,25.6276
-8.9000,25.6349
-8.9147,25.6520
-8.9314,25.6542
-8.9490,25.6501
-8.9645,25.6622
-8.9794,25.6791
-8.9776,25.8369
-9.0119,25.6931
-9.0276,25.7049
-9.0428,25.7217
-9.0582,25.7385
-9.0731,25.7601
-9.0917,25.7470
-9.1092,25.7437
-9.1427,25.7519
-9.1620,25.7286
-9.1785,25.7351
-9.1922,25.7763
-9.2057,25.8225
-9.2229,25.8239
-9.2574,25.8265
-9.2753,25.8177
-9.2932,25.8089
-9.3092,25.8299
-9.3302,25.7673
-9.3406,25.8868
-9.3572,25.9048
-9.3750,25.8987
-9.3912,25.9265
-9.4090,25.9223
-9.4274,25.9011
-9.4418,25.9837
-9.4579,26.0294
-9.4766,26.0028
-9.5125,25.9939
-9.5302,25.9965
-9.5482,25.9819
-9.5656,26.0050
-9.5861,25.8116
-9.6011,26.0055
-9.6185,26.0629
-9.6368,25.9958
-9.6545,25.9909
-9.6723,25.9759
-9.6900,25.9759
-9.7077,25.9808
-9.7257,26.0106
-9.7617,26.0351
-9.7800,26.0548
-9.7973,26.0244
-9.8145,25.9991
-9.8329,26.0236
-9.8519,26.0580
-9.8706,26.0824
-9.9071,26.0910
-9.9256,26.1002
-9.9441,26.1094
-9.9627,26.1185
-9.9811,26.1226
-9.6889,20.4570
-10.0356,26.1219
-10.0549,26.1383
-10.0727,26.1322
-10.0923,26.1509
-10.1123,26.1745
-10.1325,26.1980
-10.1558,26.2588
-9.6991,20.4563
-10.1884,26.2035
-10.2037,26.1671
-10.2247,26.1953
-10.2473,26.2384
-10.2711,26.2913
-10.2907,26.2994
-10.3265,26.2806
-10.3451,26.2786
-10.3631,26.2716
-10.3823,26.2744
-10.4015,26.2772
-10.4207,26.2800
-10.4579,26.2753
-10.4765,26.2729
-10.4931,26.2556
-10.5130,26.2630
-10.5357,26.2901
-10.5585,26.3172
-10.5964,26.4457
-10.6018,26.3512
-10.6214,26.3533
-10.6410,26.3554
-10.6614,26.3623
-10.6818,26.3691
-10.7023,26.3759
-10.7229,26.3826
-10.7624,26.3860
-10.7831,26.3925
-10.8020,26.3892
-10.8219,26.3907
-10.8408,26.3872
-10.8579,26.3738
-10.9042,26.4107
-10.9330,26.4559
-10.9619,26.5010
-10.9962,26.5705
-11.0177,26.5763
-11.0372,26.5722
-11.0793,26.6737
-11.0878,26.6175
-11.1156,26.6505
-11.1332,26.6363
-11.1511,26.6240
-11.1662,26.6000
-11.1858,26.5955
-11.2042,26.5860
-11.2573,26.6349
-11.2849,26.6624
-11.3015,26.6447
-11.3212,26.6397
-11.3335,26.6057
-11.3568,26.6152
-11.4024,26.6291
-11.4272,26.6431
-11.4508,26.6523
-11.4626,26.6180
-11.5009,26.6800
-11.5329,26.7177
-11.5851,26.8259
-11.5837,26.7448
-11.6107,26.7630
-11.6350,26.7715
-11.6632,26.7929
-11.7340,26.9556
-11.7209,26.8382
-11.7397,26.8272
-11.7876,26.8385
-11.8109,26.8416
-11.8358,26.8495
-11.8622,26.8620
-11.8872,26.8696
-11.9139,26.8819
-11.9610,26.8873
-11.9831,26.8851
-12.0019,26.8734
-12.0304,26.8900
-12.0426,26.8592
-12.0763,26.8898
-12.1005,26.8931
-12.1328,26.8549
-12.1394,26.8100
-12.1366,26.7404
-12.1653,26.7564
-12.2065,26.8050
-12.2786,26.9339
-12.3161,26.9088
-12.3403,26.9101
-12.3809,26.9531
-12.4052,26.9542
-12.4630,27.0387
-12.5045,27.0812
-12.5598,27.0963
-12.5924,27.1153
-12.6306,27.1473
-12.6773,27.1988
-12.6713,27.1254
-12.6944,27.1210
-12.7234,27.1302
-12.7898,27.1666
-12.8453,27.2343
-12.9037,27.3072
-12.8966,27.2338
-12.9243,27.2377
-12.9791,27.3005
-13.0898,27.4254
-13.0820,27.3516
-13.0996,27.3323
-13.1170,27.3129
-13.1777,27.3836
-13.2126,27.4001
-13.2543,27.4299
-13.2962,27.4595
-13.3161,27.4441
-13.3404,27.4376
-13.3625,27.4265
-13.3800,27.4065
-13.4202,27.4309
-13.4582,27.4507
-13.5185,27.4588
-13.5407,27.4472
-13.5814,27.4709
-13.6435,27.5340
-13.6942,27.5748
-13.7500,27.6242
-13.8264,27.6565
-13.8564,27.6571
-13.8937,27.6707
-13.9311,27.6841
-13.9760,27.7104
-14.0161,27.7278
-14.0692,27.7674
-14.0944,27.7579
-14.1249,27.7575
-14.1580,27.7613
-14.2499,27.8649
-14.3618,28.0006
-14.3887,27.9918
-14.3476,27.8696
-14.3969,27.8456
-14.4514,27.8825
-14.5410,27.9754
-14.4982,27.8537
-14.5295,27.8518
-14.5794,27.8795
-14.6690,27.9172
-14.7411,27.9778
-14.8081,28.0297
-14.8075,27.9765
-14.8503,27.9903
-14.8878,27.9956
-15.0782,28.2311
-14.9186,27.9392
-15.1939,28.2981
-15.2410,28.3146
-15.2910,28.3350
-15.2960,28.2893
-15.3007,28.2435
-15.3480,28.2595
-15.4056,28.2375
-14.2343,23.7839
-14.2415,23.7671
-14.2596,23.7365
-14.2706,23.7227
-14.2815,23.7089
-14.2885,23.6919
-14.2993,23.6780
-14.3061,23.6611
-14.3169,23.6471
-14.3342,23.6162
-14.3448,23.6021
-14.3514,23.5851
-14.3619,23.5710
-14.3724,23.5569
-14.3828,23.5428
-14.3995,23.5115
-14.4097,23.4973
-14.4200,23.4831
-14.4302,23.4688
-14.4403,23.4545
-14.4505,23.4402
-14.4605,23.4258
-14.4805,23.3970
-14.4905,23.3825
-14.5004,23.3681
-14.5061,23.3507
-14.5200,23.3390
-14.5215,23.3189
-14.5325,23.2842
-14.5505,23.2751
-14.4847,23.2113
-14.8555,22.5501
-14.8719,22.5388
-14.8657,22.5168
-14.8911,22.5096
-14.9438,22.5149
-14.9583,22.4832
-14.9609,22.4653
-14.9635,22.4473
-14.9706,22.4314
-14.9731,22.4135
-14.9801,22.3976
-14.9939,22.3657
-15.0008,22.3497
-15.0122,22.3356
-15.0189,22.3196
-15.0256,22.3035
-15.0323,22.2874
-15.0501,22.2571
-15.0566,22.2409
-15.0631,22.2248
-15.0741,22.2104
-15.0805,22.1942
-15.0869,22.1779
-15.0994,22.1454
-15.1009,22.1273
-15.1257,22.1180
-15.1459,22.1068
-15.1989,22.1076
-15.1486,22.0705
-15.1416,22.0309
-15.1333,22.0094
-17.4032,19.7357
-17.4021,19.7125
-17.3810,19.6903
-17.4092,19.6656
-17.6315,19.3415
-17.6141,19.3191
-17.6366,19.2928
-17.6892,19.2634
-17.6964,19.2383
-17.7012,19.1890
-17.7035,19.1644
-17.7106,19.1391
-17.7177,19.1138
-17.7198,19.0890
-17.7614,19.0593
-17.7899,19.0062
-17.8262,18.9765
-17.8576,18.9472
-17.8839,18.9185
-17.9051,18.8903
-17.9261,18.8620
-17.9386,18.8094
-17.9495,18.7823
-17.9604,18.7551
-17.9712,18.7278
-17.9820,18.7004
-18.0024,18.6713
-18.0278,18.6413
-18.0477,18.6120
-18.0436,18.5868
-18.0686,18.5563
-18.0886,18.5266
-18.1134,18.4958
-18.1332,18.4658
-18.1578,18.4347
-18.1719,18.4055
-18.1723,18.3789
-18.1966,18.3475
-18.2158,18.3169
-18.2350,18.2861
-18.2589,18.2542
-18.2778,18.2232
-18.3008,18.1911
-18.2959,18.1651
-18.3193,18.1326
-18.3476,18.0989
-18.3709,18.0661
-18.3891,18.0343
-18.4122,18.0013
-18.4238,17.9429
-18.4417,17.9107
-18.4642,17.8771
-18.4915,17.8421
-18.5187,17.8070
-18.5505,17.7704
-18.5704,17.7081
-18.6018,17.6710
-18.6332,17.6337
-18.6596,17.5975
-18.6810,17.5625
-18.7023,17.5274
-18.7108,17.4663
-18.7317,17.4307
-18.7525,17.3951
-18.7828,17.3564
-18.8129,17.3175
-18.8380,17.2799
-18.8593,17.2130
-18.8888,17.1735
-18.9134,17.1352
-18.9378,17.0968
-18.9669,17.0566
-18.9911,17.0178
-19.0105,16.9493
-19.0389,16.9084
-19.0672,16.8674
-19.0954,16.8262

# FrameTime=1781596549.51, PointCount=642
-4.3504,23.6854
-4.3365,23.7183
-4.3845,23.7087
-4.4078,23.7160
-4.4310,23.7232
-4.5137,23.6886
-4.5192,23.7310
-4.4508,23.8032
-4.4945,23.7955
-4.5726,23.7626
-4.6200,23.7514
-4.5443,23.8301
-4.5878,23.8217
-4.6011,23.8354
-4.6384,23.8312
-4.6696,23.8312
-4.7288,23.8100
-4.7201,23.8400
-4.7354,23.8518
-4.7685,23.8498
-4.8051,23.8683
-4.8538,23.8536
-4.8847,23.8526
-4.9117,23.8545
-4.9270,23.8656
-4.9461,23.8735
-4.9768,23.8955
-4.9960,23.9032
-5.0190,23.9077
-5.0382,23.9152
-5.0459,23.9323
-5.0673,23.9380
-5.0715,23.9817
-5.1060,23.9760
-5.1157,23.9914
-5.1144,24.0164
-5.1187,24.0366
-5.1268,24.0535
-5.1388,24.0671
-5.2086,24.0294
-5.2428,24.0229
-5.1600,24.1211
-5.1536,24.1513
-5.1696,24.1615
-5.2389,24.1228
-5.2384,24.1478
-5.1936,24.2138
-5.2812,24.1573
-5.2971,24.1670
-5.3239,24.1664
-5.3145,24.2000
-5.3538,24.1874
-5.3032,24.2607
-5.3929,24.1993
-5.4232,24.1947
-5.4535,24.1900
-5.4979,24.1711
-5.5457,24.1485
-5.5650,24.1538
-5.5490,24.1944
-5.5689,24.2240
-5.5743,24.2434
-5.5869,24.2557
-5.5959,24.2715
-5.6190,24.2729
-5.6454,24.2706
-5.7160,24.2468
-5.7224,24.2652
-5.7623,24.2478
-5.7850,24.2485
-5.7900,24.2683
-5.7662,24.3196
-5.7582,24.3799
-5.7798,24.3820
-5.8467,24.3334
-5.8893,24.3114
-5.8657,24.3637
-5.9181,24.3303
-5.8988,24.3782
-5.9175,24.3827
-5.9345,24.3894
-5.9637,24.3816
-5.9702,24.4003
-6.0018,24.3895
-5.9890,24.4309
-5.9952,24.4502
-6.0247,24.4683
-6.0411,24.4753
-6.0575,24.4823
-6.0770,24.4854
-6.0965,24.4884
-6.1161,24.4913
-6.1012,24.5370
-6.1395,24.5164
-6.1436,24.5387
-6.1951,24.5007
-6.2146,24.5032
-6.2209,24.5225
-6.2404,24.5249
-6.1957,24.6109
-6.2943,24.5097
-6.9799,23.6304
-7.0174,23.6028
-7.0431,23.5904
-7.0689,23.5778
-7.0850,23.5780
-7.0806,23.6061
-7.1122,23.5849
-7.1257,23.5885
-7.1333,23.6002
-7.1464,23.6043
-7.1570,23.6119
-7.1705,23.6153
-7.1840,23.6187
-7.1946,23.6261
-7.2053,23.6335
-7.2132,23.6450
-7.2383,23.6312
-7.2798,23.5931
-7.2931,23.5961
-7.3009,23.6074
-7.1728,23.8229
-7.3249,23.6174
-7.3356,23.6244
-7.2039,23.8494
-6.5961,24.8116
-6.6617,24.7410
-7.3486,23.6986
-6.6647,24.7984
-7.3810,23.6956
-7.3919,23.7024
-7.4054,23.7050
-6.7269,24.8256
-7.4142,23.7398
-6.7502,24.8517
-6.7827,24.8305
-6.7979,24.8377
-6.8164,24.8392
-6.8436,24.8261
-6.8831,24.7917
-6.8973,24.8000
-6.9215,24.7911
-6.9041,24.8540
-6.9400,24.8247
-6.9567,24.8286
-6.9734,24.8323
-6.9730,24.8665
-6.9801,24.8876
-6.9849,24.9130
-6.9897,24.9387
-7.0045,24.9465
-7.0127,24.9663
-7.0487,24.9347
-7.0868,24.8985
-7.1013,24.9062
-7.1088,24.9272
-7.1087,24.9629
-7.0681,25.0770
-7.1358,24.9826
-7.1551,24.9812
-7.1698,24.9887
-7.1891,24.9873
-7.1911,25.0200
-7.2097,25.0200
-7.1936,25.0901
-7.2336,25.0466
-7.2616,25.0269
-7.2808,25.0251
-7.2633,25.0998
-7.2521,25.1623
-7.3311,25.0344
-7.3086,25.1213
-7.3672,25.0347
-7.3779,25.0507
-7.3873,25.0696
-7.3961,25.0901
-7.4452,25.0211
-7.4479,25.0550
-7.4495,25.0920
-7.4738,25.0774
-7.4988,25.0611
-7.5138,25.0676
-7.5327,25.0649
-7.5496,25.0667
-7.5646,25.0730
-7.5815,25.0747
-7.5412,25.2146
-7.6153,25.0779
-7.6322,25.0794
-7.6398,25.1040
-7.6586,25.1008
-7.6412,25.1886
-7.6639,25.1761
-7.6677,25.2116
-7.7035,25.1647
-7.7117,25.1893
-7.7182,25.2185
-7.7295,25.2351
-7.7433,25.2456
-7.7623,25.2420
-7.7726,25.2618
-7.7848,25.2768
-7.8055,25.2684
-7.8227,25.2693
-7.8405,25.2685
-7.8578,25.2692
-7.8766,25.2652
-7.9051,25.2327
-7.8849,25.3434
-7.9266,25.2716
-7.9422,25.2768
-7.9557,25.2883
-7.9760,25.2791
-7.9901,25.2889
-7.9981,25.3178
-7.9508,25.5230
-8.0267,25.3372
-8.0395,25.3516
-8.0554,25.3564
-8.0630,25.3884
-8.0813,25.3853
-8.1058,25.3613
-8.1090,25.4091
-8.1227,25.4217
-8.1507,25.3846
-8.1788,25.3460
-8.1987,25.3360
-8.2144,25.3404
-8.2276,25.3544
-8.2140,25.4679
-8.2606,25.3581
-8.2651,25.4057
-8.2723,25.4436
-8.2835,25.4670
-8.3094,25.4325
-8.3230,25.4464
-8.3416,25.4406
-8.3470,25.4884
-8.3750,25.4436
-8.3946,25.4329
-8.4118,25.4319
-8.4350,25.4048
-8.4439,25.4393
-8.4600,25.4430
-8.4415,25.6028
-8.4933,25.4452
-8.5094,25.4487
-8.5276,25.4424
-8.5427,25.4507
-8.5542,25.4769
-8.5674,25.4949
-8.5827,25.5031
-8.5862,25.5714
-8.6172,25.4997
-8.6260,25.5421
-8.6405,25.5550
-8.6543,25.5728
-8.6696,25.5821
-8.6838,25.5984
-8.7027,25.5879
-8.7184,25.5957
-8.7341,25.6035
-8.7483,25.6210
-8.7705,25.5893
-8.7894,25.5772
-8.8090,25.5601
-8.8042,25.7013
-8.8382,25.5898
-8.8533,25.6021
-8.8685,25.6144
-8.8830,25.6316
-8.8983,25.6438
-8.9137,25.6559
-8.9199,25.7380
-8.9466,25.6653
-8.9654,25.6513
-8.9803,25.6682
-8.9953,25.6851
-9.0133,25.6772
-9.0284,25.6940
-9.0247,25.8816
-9.0605,25.7127
-9.0575,25.9053
-9.0939,25.7212
-9.1093,25.7378
-9.1230,25.7742
-9.1433,25.7410
-9.1621,25.7227
-9.1927,25.7654
-9.2081,25.7867
-9.2230,25.8179
-9.2398,25.8242
-9.2574,25.8205
-9.2743,25.8267
-9.2869,25.8997
-9.3095,25.8190
-9.3249,25.8499
-9.3420,25.8559
-9.3591,25.8619
-9.3738,25.9147
-9.3913,25.9156
-9.4080,25.9363
-9.4275,25.8901
-9.4420,25.9678
-9.4584,26.0034
-9.4754,26.0290
-9.4942,25.9974
-9.5122,25.9900
-9.5303,25.9755
-9.5652,26.0040
-9.5856,25.8206
-9.6030,25.8109
-9.6187,25.9947
-9.6365,25.9898
-9.6542,25.9849
-9.6896,25.9749
-9.7074,25.9848
-9.7254,26.0096
-9.7436,26.0444
-9.7614,26.0341
-9.7791,26.0238
-9.7992,26.1306
-9.8140,25.9931
-9.8325,26.0176
-9.8512,26.0470
-9.8700,26.0714
-9.8887,26.0907
-9.9079,26.1200
-9.9255,26.1066
-9.9623,26.1176
-9.9807,26.1216
-9.9991,26.1256
-10.0176,26.1296
-9.6908,20.4559
-10.0536,26.1224
-10.0912,26.1399
-10.1113,26.1635
-10.1314,26.1871
-10.1529,26.2255
-10.1693,26.1991
-10.1851,26.1677
-10.2216,26.3727
-10.2257,26.2092
-10.2470,26.2374
-10.2703,26.2853
-10.2894,26.2884
-10.3070,26.2766
-10.3261,26.2796
-10.3447,26.2776
-10.3825,26.2784
-10.4023,26.2862
-10.4203,26.2790
-10.4383,26.2717
-10.4563,26.2644
-10.4736,26.2521
-10.5133,26.2670
-10.5291,26.2446
-10.5561,26.3013
-10.5827,26.3530
-10.6008,26.3453
-10.6203,26.3474
-10.6549,26.4460
-10.6595,26.3514
-10.6807,26.3632
-10.7020,26.3749
-10.7234,26.3866
-10.7473,26.4129
-10.7655,26.4047
-10.8380,26.7045
-10.8035,26.3980
-10.8215,26.3897
-10.8395,26.3813
-10.8566,26.3679
-10.8811,26.3937
-10.9106,26.4440
-10.9414,26.4990
-10.9929,26.5548
-11.0174,26.5753
-11.0379,26.5761
-11.0595,26.5817
-11.0956,26.6538
-11.1153,26.6495
-11.1481,26.6114
-11.1659,26.5990
-11.1843,26.5896
-11.2050,26.5899
-11.2338,26.6241
-11.2636,26.6614
-11.2870,26.6711
-11.3036,26.6534
-11.3196,26.6339
-11.3381,26.6241
-11.3602,26.6287
-11.3748,26.6043
-11.4033,26.6329
-11.4295,26.6518
-11.4623,26.6170
-11.4926,26.6501
-11.5272,26.6975
-11.5634,26.7495
-11.5917,26.7726
-11.6145,26.7764
-11.6576,26.7742
-11.7089,26.7989
-11.7393,26.8262
-11.7640,26.8343
-11.7858,26.8327
-11.8324,26.8390
-11.8573,26.8467
-11.8838,26.8591
-11.9088,26.8667
-11.9339,26.8742
-11.9591,26.8815
-11.9828,26.8841
-12.0133,26.9067
-12.0268,26.8795
-12.0406,26.8535
-12.0643,26.8558
-12.1035,26.9015
-12.1223,26.8895
-12.1222,26.8258
-12.1310,26.7254
-12.1580,26.7367
-12.1903,26.7619
-12.2655,26.8991
-12.2953,26.9157
-12.3176,26.9124
-12.3714,26.9289
-12.4067,26.9579
-12.4460,26.9960
-12.5004,27.0709
-12.5400,27.1079
-12.5462,27.0630
-12.6052,27.1459
-12.6826,27.2713
-12.6787,27.2019
-12.6866,27.1612
-12.6881,27.1062
-12.7151,27.1109
-12.7602,27.1566
-12.8076,27.2067
-12.8850,27.2652
-12.9025,27.2465
-12.9116,27.2094
-12.9912,27.3268
-13.0527,27.4029
-13.0620,27.3653
-13.0774,27.3415
-13.1228,27.3812
-13.1167,27.3119
-13.1730,27.3737
-13.2058,27.3856
-13.2474,27.4154
-13.2893,27.4450
-13.3247,27.4610
-13.3357,27.4276
-13.3577,27.4166
-13.3820,27.4100
-13.4108,27.4121
-13.4510,27.4364
-13.4914,27.4605
-13.6292,27.6707
-13.5334,27.4330
-13.5788,27.4655
-13.6291,27.5066
-13.6845,27.5563
-13.7306,27.5881
-13.7961,27.6548
-13.8237,27.6511
-13.8836,27.6522
-13.9112,27.6483
-13.9658,27.6920
-14.0109,27.7182
-14.0586,27.7485
-14.1015,27.7699
-14.1451,27.7388
-14.2212,27.8157
-14.3233,27.9352
-14.3833,27.9823
-14.3601,27.8900
-14.3680,27.8503
-14.4646,27.9566
-14.4537,27.8858
-14.5138,27.9309
-14.5189,27.8866
-14.5132,27.8255
-14.5764,27.8743
-14.6211,27.8932
-14.7090,27.9794
-14.8078,28.0287
-14.8235,28.0007
-14.8828,28.0395
-14.8737,27.9738
-14.8891,27.9456
-15.1522,28.2887
-15.2378,28.3095
-15.2653,28.2969
-15.3041,28.3007
-15.2947,28.2343
-15.3448,28.2544
-15.3722,28.2414
-14.2309,23.8262
-14.2339,23.7830
-14.2373,23.7630
-14.2483,23.7492
-14.2632,23.7386
-14.2812,23.7079
-14.2881,23.6909
-14.2990,23.6771
-14.3058,23.6601
-14.3165,23.6462
-14.3233,23.6292
-14.3445,23.6012
-14.3551,23.5871
-14.3616,23.5701
-14.3720,23.5560
-14.3824,23.5418
-14.3928,23.5277
-14.4135,23.4993
-14.4237,23.4850
-14.4339,23.4707
-14.4441,23.4564
-14.4501,23.4392
-14.4602,23.4248
-14.4802,23.3960
-14.4901,23.3816
-14.5000,23.3671
-14.5099,23.3526
-14.5197,23.3380
-14.5212,23.3179
-14.5322,23.2832
-14.5460,23.2713
-14.8807,22.5998
-14.8882,22.5841
-14.8777,22.5598
-14.8625,22.5335
-14.8744,22.5200
-14.9162,22.5013
-14.9416,22.4939
-14.9534,22.4802
-14.9652,22.4664
-14.9632,22.4464
-14.9703,22.4305
-14.9797,22.3966
-14.9867,22.3807
-14.9936,22.3647
-15.0004,22.3487
-15.0118,22.3346
-15.0186,22.3186
-15.0366,22.2884
-15.0432,22.2722
-15.0498,22.2561
-15.0563,22.2400
-15.0674,22.2256
-15.0738,22.2094
-15.0912,22.1787
-15.0975,22.1625
-15.1037,22.1462
-15.1146,22.1316
-15.1301,22.1188
-15.1549,22.1093
-15.1798,22.0998
-15.1589,22.0548
-15.1366,22.0282
-15.1330,22.0084
-17.4078,19.7345
-17.3918,19.7119
-17.3658,19.6900
-17.3939,19.6654
-17.6135,19.3662
-17.5861,19.3447
-17.6488,19.3148
-17.6612,19.2894
-17.6963,19.2373
-17.7035,19.2121
-17.7009,19.1880
-17.7131,19.1623
-17.7153,19.1375
-17.7273,19.1116
-17.7313,19.0620
-17.7679,19.0328
-17.7994,19.0039
-17.8358,18.9742
-17.8672,18.9449
-17.8933,18.9161
-17.9061,18.8639
-17.9222,18.8362
-17.9333,18.8092
-17.9443,18.7820
-17.9552,18.7549
-17.9709,18.7268
-17.9824,18.6737
-18.0077,18.6437
-18.0280,18.6144
-18.0482,18.5849
-18.0683,18.5553
-18.0883,18.5256
-18.1034,18.4704
-18.1280,18.4395
-18.1525,18.4083
-18.1769,18.3770
-18.2011,18.3455
-18.2204,18.3149
-18.2390,18.2574
-18.2580,18.2264
-18.2817,18.1942
-18.3004,18.1630
-18.3288,18.1294
-18.3570,18.0957
-18.3791,18.0356
-18.4021,18.0026
-18.4153,17.9717
-18.4332,17.9396
-18.4316,17.9121
-18.4687,17.8749
-18.4941,17.8122
-18.5260,17.7757
-18.5529,17.7402
-18.5797,17.7046
-18.6063,17.6688
-18.6328,17.6327
-18.6592,17.5966
-18.6697,17.5646
-18.6779,17.5332
-18.6990,17.4979
-18.7249,17.4611
-18.7458,17.4256
-18.7714,17.3884
-18.7968,17.3511
-18.8206,17.3141
-18.8186,17.2847
-18.8484,17.2455
-18.8733,17.2076
-18.9028,17.1680
-18.9274,17.1297
-18.9518,17.0912
-18.9717,17.0231
-18.9958,16.9842
-19.0244,16.9435
-19.0528,16.9027
-19.0811,16.8616
-19.1140,16.8187

# FrameTime=1781596549.61, PointCount=639
-4.3344,23.7172
-4.3865,23.7048
-4.4098,23.7121
-4.4535,23.7050
-4.4953,23.6990
-4.5102,23.7117
-4.4527,23.7993
-4.4720,23.8091
-4.5664,23.7645
-4.6219,23.7475
-4.5483,23.8245
-4.5816,23.8237
-4.6322,23.8332
-4.6635,23.8333
-4.7266,23.8091
-4.7179,23.8390
-4.7332,23.8508
-4.7743,23.8427
-4.7915,23.8528
-4.7851,23.8812
-4.8516,23.8527
-4.8786,23.8547
-4.8978,23.8629
-4.9209,23.8678
-4.9401,23.8758
-4.9593,23.8837
-4.9899,23.9055
-5.0091,23.9132
-5.0284,23.9208
-5.0591,23.9187
-5.0612,23.9404
-5.0652,23.9606
-5.0962,23.9817
-5.1041,23.9986
-5.1084,24.0188
-5.1165,24.0358
-5.1301,24.0479
-5.2057,24.0054
-5.2368,24.0254
-5.1652,24.1136
-5.1625,24.1405
-5.1821,24.1472
-5.2219,24.1355
-5.2398,24.1436
-5.2789,24.1565
-5.2948,24.1662
-5.3253,24.1622
-5.3085,24.2027
-5.3479,24.1901
-5.3783,24.1857
-5.3387,24.2487
-5.4209,24.1940
-5.4476,24.1928
-5.4920,24.1739
-5.5257,24.1654
-5.5521,24.1637
-5.5503,24.1902
-5.5506,24.2146
-5.5720,24.2428
-5.5845,24.2550
-5.5936,24.2709
-5.6166,24.2723
-5.6466,24.2664
-5.6798,24.2567
-5.7098,24.2754
-5.7634,24.2436
-5.7827,24.2479
-5.7877,24.2677
-5.7841,24.2969
-5.7530,24.3564
-5.7774,24.3814
-5.8410,24.3366
-5.8837,24.3146
-5.8634,24.3632
-5.9125,24.3335
-5.9023,24.3709
-5.8851,24.4167
-5.9321,24.3888
-5.9646,24.3773
-5.9678,24.3998
-5.9929,24.3965
-5.9931,24.4228
-5.9928,24.4496
-6.0091,24.4568
-6.0164,24.4748
-6.0387,24.4748
-6.0551,24.4818
-6.0746,24.4849
-6.0985,24.4825
-6.1137,24.4908
-6.1332,24.4936
-6.1184,24.5394
-6.1473,24.5304
-6.1958,24.4963
-6.2060,24.5106
-6.2185,24.5220
-6.2410,24.5205
-6.2085,24.5906
-6.2888,24.5132
-6.3000,24.5262
-6.2976,24.5573
-6.2898,24.5958
-6.3004,24.6099
-6.3230,24.6079
-7.0639,23.6258
-7.0940,23.6292
-7.1164,23.6207
-7.1418,23.6076
-7.1608,23.6034
-7.1772,23.6028
-7.1906,23.6061
-7.2040,23.6096
-7.2147,23.6168
-7.2280,23.6202
-7.2415,23.6234
-7.2522,23.6306
-7.2601,23.6420
-7.2652,23.6575
-7.2732,23.6689
-7.2703,23.6967
-7.3225,23.6410
-7.3441,23.6313
-7.3602,23.6299
-7.3709,23.6368
-7.2899,23.7869
-7.2984,23.7982
-7.2666,23.8732
-7.3738,23.7278
-7.4059,23.7007
-7.4221,23.6990
-7.4330,23.7057
-6.7453,24.8554
-6.7802,24.8303
-6.7764,24.8689
-6.8242,24.8218
-7.4697,23.7690
-7.4808,23.7756
-7.4944,23.7778
-7.5081,23.7800
-7.5167,23.7908
-6.8852,24.9155
-6.9542,24.8284
-6.9709,24.8322
-6.9730,24.8619
-6.9776,24.8874
-6.9847,24.9086
-7.0017,24.9122
-6.9946,24.9597
-6.9999,24.9850
-7.0390,24.9477
-7.0843,24.8984
-7.1011,24.9017
-7.1086,24.9226
-7.1116,24.9524
-7.1208,24.9704
-7.1271,24.9942
-7.1525,24.9810
-7.1740,24.9752
-7.1843,24.9916
-7.1908,25.0154
-7.2056,25.0228
-7.2139,25.0436
-7.2128,25.0837
-7.2612,25.0223
-7.2804,25.0205
-7.2585,25.1042
-7.2429,25.1762
-7.3434,25.0028
-7.3476,25.0323
-7.3036,25.1661
-7.3753,25.0506
-7.3903,25.0575
-7.3915,25.0946
-7.4345,25.0392
-7.4514,25.0414
-7.4542,25.0753
-7.4291,25.1734
-7.4982,25.0565
-7.5191,25.0493
-7.5360,25.0511
-7.5489,25.0621
-7.5620,25.0730
-7.5789,25.0747
-7.5366,25.2193
-7.6089,25.0872
-7.6277,25.0841
-7.6390,25.0994
-7.6541,25.1055
-7.6490,25.1624
-7.6576,25.1855
-7.6856,25.1589
-7.6841,25.2082
-7.7055,25.1987
-7.7132,25.2247
-7.7286,25.2305
-7.7476,25.2270
-7.7734,25.2047
-7.7700,25.2618
-7.7634,25.3287
-7.8028,25.2685
-7.8200,25.2694
-7.8379,25.2686
-7.8551,25.2693
-7.8739,25.2653
-7.9024,25.2329
-7.8966,25.3012
-7.9191,25.2860
-7.9327,25.2975
-7.9530,25.2884
-7.9749,25.2745
-7.9874,25.2891
-7.9985,25.3084
-8.0067,25.3372
-8.0126,25.3739
-8.0354,25.3565
-8.0541,25.3519
-8.0641,25.3759
-8.0829,25.3711
-8.1045,25.3567
-8.1026,25.4220
-8.1210,25.4185
-8.1521,25.3705
-8.1775,25.3414
-8.1960,25.3363
-8.2091,25.3503
-8.2262,25.3498
-8.2369,25.3733
-8.2270,25.4742
-8.2611,25.4107
-8.2708,25.4390
-8.2782,25.4770
-8.3079,25.4280
-8.3204,25.4465
-8.3389,25.4409
-8.3455,25.4838
-8.3723,25.4439
-8.3895,25.4429
-8.4068,25.4419
-8.4300,25.4149
-8.4390,25.4493
-8.4562,25.4481
-8.4485,25.5592
-8.4895,25.4504
-8.5078,25.4442
-8.5249,25.4428
-8.5400,25.4511
-8.5524,25.4724
-8.5656,25.4904
-8.5809,25.4985
-8.5834,25.5717
-8.6154,25.4952
-8.6241,25.5375
-8.6378,25.5554
-8.6512,25.5745
-8.6677,25.5776
-8.6842,25.5805
-8.6817,25.6921
-8.7164,25.5912
-8.7313,25.6039
-8.7455,25.6214
-8.7669,25.5946
-8.7843,25.5924
-8.8055,25.5655
-8.8014,25.7017
-8.8354,25.5903
-8.8505,25.6026
-8.8657,25.6149
-8.8802,25.6320
-8.8962,25.6393
-8.9109,25.6564
-8.9171,25.7385
-8.9444,25.6608
-8.9632,25.6468
-8.9781,25.6638
-8.9925,25.6856
-9.0105,25.6777
-9.0250,25.6995
-9.0391,25.7262
-9.0525,25.9257
-9.0910,25.7217
-9.1065,25.7383
-9.1197,25.7797
-9.1405,25.7416
-9.1593,25.7232
-9.1635,25.8710
-9.1898,25.7660
-9.2049,25.7923
-9.2197,25.8235
-9.2362,25.8348
-9.2546,25.8211
-9.2722,25.8173
-9.2837,25.9053
-9.3066,25.8196
-9.3218,25.8555
-9.3388,25.8615
-9.3559,25.8675
-9.3709,25.9154
-9.3884,25.9162
-9.4051,25.9370
-9.4248,25.8858
-9.4391,25.9684
-9.4555,26.0041
-9.4725,26.0297
-9.4915,25.9931
-9.5093,25.9907
-9.5270,25.9912
-9.5623,26.0047
-9.5827,25.8263
-9.6000,25.8215
-9.6158,25.9954
-9.6335,25.9906
-9.6513,25.9856
-9.6691,26.0828
-9.6867,25.9756
-9.7045,25.9855
-9.7223,25.9954
-9.7402,26.0052
-9.7581,26.0099
-9.7759,26.0096
-9.7962,26.1264
-9.8112,25.9989
-9.8297,26.0234
-9.8483,26.0478
-9.8670,26.0722
-9.8859,26.0965
-9.9048,26.1158
-9.9228,26.1124
-9.9594,26.1184
-9.9778,26.1225
-9.9962,26.1265
-10.0146,26.1305
-10.0328,26.1294
-10.0506,26.1233
-10.0883,26.1408
-10.1086,26.1694
-10.1288,26.1929
-9.6967,20.4561
-10.1663,26.2000
-10.1822,26.1686
-9.7001,20.4558
-10.2232,26.2152
-10.2393,26.1886
-10.2634,26.2465
-10.2869,26.2944
-10.3035,26.2726
-10.3221,26.2707
-10.3647,26.4899
-10.3603,26.2766
-10.3795,26.2794
-10.3993,26.2872
-10.4173,26.2800
-10.4353,26.2727
-10.4533,26.2654
-10.4705,26.2532
-10.5103,26.2680
-10.5261,26.2457
-10.5531,26.3024
-10.5796,26.3541
-10.5970,26.3414
-10.6173,26.3485
-10.6526,26.4520
-10.6565,26.3525
-10.6769,26.3594
-10.6982,26.3711
-10.7195,26.3828
-10.7409,26.3943
-10.7633,26.4108
-10.8365,26.7155
-10.8004,26.3992
-10.8185,26.3908
-10.8365,26.3824
-10.8536,26.3691
-10.8790,26.3998
-10.9075,26.4452
-10.9544,26.5815
-10.9575,26.4963
-10.9898,26.5560
-11.0143,26.5765
-11.0338,26.5724
-11.0574,26.5878
-11.0914,26.6501
-11.1111,26.6458
-11.1472,26.6224
-11.1617,26.5954
-11.1823,26.5958
-11.2007,26.5863
-11.2319,26.6303
-11.2605,26.6626
-11.2980,26.6450
-11.3177,26.6401
-11.3349,26.6254
-11.3558,26.6252
-11.3793,26.6346
-11.4027,26.6439
-11.4276,26.6580
-11.4578,26.6136
-11.4908,26.6563
-11.5253,26.7037
-11.5602,26.7509
-11.5912,26.7836
-11.6114,26.7778
-11.6544,26.7756
-11.7086,26.8099
-11.7361,26.8277
-11.7623,26.8405
-11.7811,26.8294
-11.8342,26.8560
-11.8495,26.8339
-11.8728,26.8369
-11.9134,26.8919
-11.9370,26.8946
-11.9559,26.8831
-11.9811,26.8904
-12.0133,26.9177
-12.0253,26.8858
-12.0374,26.8551
-12.0644,26.8668
-12.0969,26.8937
-12.1157,26.8817
-12.1220,26.8356
-12.1358,26.8106
-12.1278,26.7269
-12.1548,26.7383
-12.1889,26.7682
-12.2693,26.9195
-12.2903,26.9127
-12.3162,26.9187
-12.3718,26.9399
-12.4035,26.9596
-12.4446,27.0023
-12.4878,27.0495
-12.5405,27.1189
-12.5486,27.0786
-12.6250,27.1435
-12.6792,27.2129
-12.6872,27.1722
-12.6848,27.1080
-12.7158,27.1219
-12.7609,27.1676
-12.8257,27.1991
-12.8796,27.2625
-12.9012,27.2529
-12.9103,27.2159
-12.9878,27.3287
-13.0535,27.4139
-13.0586,27.3673
-13.1123,27.4251
-13.0958,27.3332
-13.1090,27.3048
-13.1696,27.3756
-13.2045,27.3921
-13.2440,27.4174
-13.2836,27.4425
-13.3345,27.4341
-13.3543,27.4186
-13.3740,27.4031
-13.4096,27.4186
-13.4499,27.4429
-13.4903,27.4670
-13.5346,27.4439
-13.5754,27.4676
-13.6280,27.5131
-13.6834,27.5628
-13.7343,27.6034
-13.7950,27.6614
-13.8901,27.7809
-13.8453,27.6452
-13.8850,27.6632
-13.9199,27.6723
-13.9672,27.7030
-14.0123,27.7291
-14.0653,27.7687
-14.0980,27.7721
-14.1491,27.7540
-14.2253,27.8310
-14.3350,27.9633
-14.3797,27.9846
-14.3488,27.8795
-14.3619,27.8483
-14.4554,27.8967
-14.5155,27.9418
-14.5180,27.8933
-14.5229,27.8490
-14.5728,27.8767
-14.6309,27.9168
-14.7318,27.9709
-14.8096,28.0396
-14.8144,27.9948
-14.8491,27.9961
-14.8783,27.9888
-14.8883,27.9523
-15.1624,28.3121
-15.2397,28.3204
-15.2672,28.3078
-15.2863,28.2827
-15.2910,28.2370
-15.3411,28.2571
-15.3713,28.2482
-14.2365,23.8348
-14.2279,23.7821
-14.2312,23.7622
-14.2572,23.7378
-14.2642,23.7209
-14.2751,23.7071
-14.2860,23.6933
-14.2968,23.6794
-14.3037,23.6624
-14.3144,23.6485
-14.3318,23.6175
-14.3424,23.6035
-14.3490,23.5865
-14.3595,23.5724
-14.3659,23.5553
-14.3763,23.5412
-14.3971,23.5129
-14.4073,23.4987
-14.4176,23.4845
-14.4278,23.4702
-14.4380,23.4559
-14.4481,23.4416
-14.4682,23.4128
-14.4782,23.3984
-14.4840,23.3811
-14.4939,23.3667
-14.5038,23.3522
-14.5177,23.3404
-14.5247,23.3030
-14.5260,23.2829
-14.5482,23.2765
-14.8609,22.5936
-14.8534,22.5516
-14.8698,22.5403
-14.8636,22.5183
-14.8891,22.5112
-14.9445,22.4986
-14.9517,22.4827
-14.9680,22.4710
-14.9661,22.4510
-14.9686,22.4330
-14.9756,22.4171
-14.9850,22.3832
-14.9919,22.3673
-14.9988,22.3513
-15.0102,22.3372
-15.0169,22.3212
-15.0283,22.3071
-15.0415,22.2748
-15.0481,22.2587
-15.0546,22.2426
-15.0658,22.2282
-15.0722,22.2120
-15.0786,22.1958
-15.0849,22.1796
-15.0975,22.1470
-15.1083,22.1325
-15.1285,22.1214
-15.1393,22.1067
-15.1923,22.1076
-15.1514,22.0739
-15.1350,22.0308
-15.1362,22.0127
-17.4071,19.7379
-17.3811,19.7158
-17.3644,19.6935
-17.4031,19.6683
-17.6306,19.3440
-17.6081,19.3221
-17.6407,19.2948
-17.6980,19.2649
-17.6979,19.2162
-17.7154,19.1899
-17.7125,19.1658
-17.7197,19.1405
-17.7268,19.1152
-17.7239,19.0910
-17.7575,19.0376
-17.7890,19.0087
-17.8205,18.9797
-17.8518,18.9505
-17.8781,18.9218
-17.9042,18.8929
-17.9167,18.8405
-17.9329,18.8128
-17.9389,18.7864
-17.9498,18.7593
-17.9606,18.7320
-17.9763,18.7039
-17.9968,18.6748
-18.0218,18.6448
-18.0178,18.6197
-18.0380,18.5903
-18.0581,18.5607
-18.0781,18.5311
-18.1029,18.5003
-18.1227,18.4704
-18.1468,18.4394
-18.1424,18.4139
-18.1619,18.3836
-18.1861,18.3522
-18.2103,18.3206
-18.2295,18.2899
-18.2534,18.2580
-18.2766,18.2261
-18.2717,18.2001
-18.2953,18.1678
-18.3188,18.1354
-18.3422,18.1028
-18.3703,18.0689
-18.3935,18.0360
-18.4108,18.0042
-18.4103,17.9766
-18.4282,17.9445
-18.4461,17.9123
-18.4735,17.8775
-18.5008,17.8425
-18.5279,17.8073
-18.5529,17.7440
-18.5796,17.7084
-18.6063,17.6726
-18.6328,17.6366
-18.6544,17.6017
-18.6806,17.5654
-18.6943,17.5031
-18.7201,17.4664
-18.7411,17.4308
-18.7666,17.3937
-18.7921,17.3565
-18.8174,17.3190
-18.8389,17.2524
-18.8638,17.2145
-18.8934,17.1749
-18.9180,17.1366
-18.9424,17.0982
-18.9715,17.0581
-18.9864,16.9913
-19.0151,16.9507
-19.0436,16.9098
-19.0719,16.8688
-19.1000,16.8276

# FrameTime=1781596549.71, PointCount=637
-4.4109,23.6649
-4.3824,23.7077
-4.4139,23.7093
-4.4248,23.7250
-4.5034,23.6933
-4.5171,23.7300
-4.3957,23.8400
-4.5085,23.7828
-4.5785,23.7557
-4.6259,23.7445
-4.5443,23.8275
-4.5896,23.8177
-4.6070,23.8284
-4.6362,23.8302
-4.6635,23.8333
-4.7266,23.8091
-4.7179,23.8390
-4.7332,23.8508
-4.7782,23.8397
-4.8029,23.8674
-4.8555,23.8496
-4.8825,23.8517
-4.9134,23.8505
-4.9287,23.8616
-4.9440,23.8727
-4.9746,23.8946
-4.9938,23.9024
-5.0168,23.9068
-5.0322,23.9176
-5.0629,23.9155
-5.0651,23.9371
-5.0655,23.9841
-5.0962,23.9817
-5.1135,23.9906
-5.1046,24.0221
-5.1127,24.0390
-5.1246,24.0527
-5.1328,24.0696
-5.2138,24.0220
-5.2406,24.0221
-5.1615,24.1169
-5.1551,24.1472
-5.1636,24.1640
-5.2403,24.1187
-5.2361,24.1470
-5.2789,24.1565
-5.2948,24.1662
-5.3253,24.1622
-5.3085,24.2027
-5.3209,24.2158
-5.3639,24.1996
-5.4138,24.2010
-5.4405,24.1998
-5.4992,24.1669
-5.5328,24.1584
-5.5557,24.1602
-5.5467,24.1937
-5.5701,24.2198
-5.5755,24.2392
-5.5845,24.2550
-5.5936,24.2709
-5.6132,24.2759
-5.6396,24.2736
-5.7103,24.2498
-5.7166,24.2682
-5.7634,24.2436
-5.7827,24.2479
-5.7877,24.2677
-5.7733,24.3087
-5.7348,24.3764
-5.7592,24.3756
-5.7741,24.3851
-5.8444,24.3329
-5.8870,24.3109
-5.8601,24.3669
-5.9191,24.3260
-5.8964,24.3776
-5.9152,24.3822
-5.9354,24.3850
-5.9614,24.3811
-5.9678,24.3998
-5.9962,24.3928
-5.9866,24.4304
-5.9960,24.4458
-6.0223,24.4678
-6.0419,24.4710
-6.0582,24.4779
-6.0778,24.4810
-6.0953,24.4864
-6.1105,24.4947
-6.1238,24.5053
-6.1153,24.5433
-6.1442,24.5343
-6.1927,24.5002
-6.2091,24.5067
-6.2185,24.5220
-6.2440,24.5166
-6.2085,24.5906
-6.2768,24.5291
-6.3061,24.5182
-6.2886,24.5693
-6.2958,24.5878
-6.3037,24.6054
-6.3259,24.6039
-6.3247,24.6340
-6.3689,24.6022
-6.3884,24.6040
-6.4457,24.5530
-6.4417,24.5870
-6.4697,24.5763
-6.4775,24.5940
-7.1861,23.6581
-7.2225,23.6283
-7.2388,23.6273
-7.2551,23.6263
-7.2740,23.6213
-7.2902,23.6201
-7.2898,23.6439
-7.3171,23.6260
-7.3277,23.6330
-7.3384,23.6400
-7.3464,23.6512
-7.3517,23.6665
-7.3598,23.6777
-7.3653,23.6930
-7.3871,23.6826
-7.4165,23.6599
-7.4299,23.6624
-7.4406,23.6691
-7.4540,23.6715
-7.4621,23.6826
-7.4677,23.6977
-7.3650,23.8928
-7.4946,23.7023
-7.5030,23.7131
-7.5062,23.7326
-7.5223,23.7304
-7.5357,23.7325
-7.5517,23.7302
-6.9399,24.8202
-7.5712,23.7472
-7.5872,23.7448
-6.9705,24.8663
-6.9776,24.8874
-6.9896,24.8999
-7.0041,24.9079
-7.0043,24.9420
-7.0118,24.9631
-7.0319,24.9609
-7.0843,24.8984
-7.0964,24.9105
-7.1039,24.9314
-7.1092,24.9568
-7.1208,24.9704
-7.1271,24.9942
-7.1525,24.9810
-7.1740,24.9752
-7.1865,24.9872
-7.1908,25.0154
-7.2079,25.0184
-7.2131,25.0452
-7.2310,25.0465
-7.2612,25.0223
-7.2804,25.0205
-7.2672,25.0862
-7.2436,25.1746
-7.3434,25.0028
-7.3476,25.0323
-7.2531,25.2749
-7.3732,25.0551
-7.3903,25.0575
-7.3915,25.0946
-7.4345,25.0392
-7.4494,25.0459
-7.4542,25.0753
-7.4291,25.1734
-7.4982,25.0565
-7.5131,25.0630
-7.5340,25.0557
-7.5470,25.0667
-7.5639,25.0684
-7.5789,25.0747
-7.5424,25.2054
-7.6146,25.0733
-7.6277,25.0841
-7.6390,25.0994
-7.6578,25.0962
-7.6380,25.1902
-7.6594,25.1808
-7.6856,25.1589
-7.6949,25.1804
-7.7037,25.2033
-7.7150,25.2200
-7.7286,25.2305
-7.7459,25.2317
-7.7648,25.2281
-7.7717,25.2572
-7.7855,25.2675
-7.8045,25.2638
-7.8200,25.2694
-7.8395,25.2639
-7.8551,25.2693
-7.8739,25.2653
-7.9008,25.2376
-7.8966,25.3012
-7.9223,25.2765
-7.9327,25.2975
-7.9515,25.2932
-7.9749,25.2745
-7.9874,25.2891
-7.9970,25.3132
-8.0022,25.3515
-8.0126,25.3739
-8.0383,25.3470
-8.0556,25.3471
-8.0618,25.3838
-8.0844,25.3663
-8.1045,25.3567
-8.1035,25.4189
-8.1210,25.4185
-8.1494,25.3800
-8.1761,25.3462
-8.1960,25.3363
-8.2104,25.3455
-8.2262,25.3498
-8.2369,25.3733
-8.2270,25.4742
-8.2611,25.4107
-8.2708,25.4390
-8.2795,25.4721
-8.3079,25.4280
-8.3216,25.4417
-8.3389,25.4409
-8.3419,25.4984
-8.3734,25.4391
-8.3907,25.4381
-8.4068,25.4419
-8.4240,25.4408
-8.4401,25.4445
-8.4573,25.4433
-8.4485,25.5592
-8.4906,25.4456
-8.5078,25.4442
-8.5239,25.4477
-8.5410,25.4462
-8.5524,25.4724
-8.5646,25.4953
-8.5799,25.5034
-8.5853,25.5619
-8.6154,25.4952
-8.6232,25.5424
-8.6368,25.5603
-8.6512,25.5745
-8.6677,25.5776
-8.6842,25.5805
-8.6817,25.6921
-8.7164,25.5912
-8.7322,25.5990
-8.7455,25.6214
-8.7677,25.5897
-8.7851,25.5875
-8.8062,25.5606
-8.8006,25.7066
-8.8362,25.5853
-8.8513,25.5977
-8.8657,25.6149
-8.8809,25.6271
-8.8962,25.6393
-8.9109,25.6564
-8.9239,25.6871
-8.9444,25.6608
-8.9632,25.6468
-8.9775,25.6687
-8.9913,25.6956
-9.0105,25.6777
-9.0261,25.6896
-9.0397,25.7213
-9.0530,25.9207
-9.0915,25.7167
-9.1060,25.7433
-9.1202,25.7748
-9.1405,25.7416
-9.1593,25.7232
-9.1635,25.8710
-9.1898,25.7660
-9.2049,25.7923
-9.2197,25.8235
-9.2366,25.8298
-9.2546,25.8211
-9.2722,25.8173
-9.2843,25.8953
-9.3066,25.8196
-9.3215,25.8605
-9.3388,25.8615
-9.3562,25.8625
-9.3707,25.9203
-9.3882,25.9212
-9.4072,25.8900
-9.4391,25.9684
-9.4553,26.0091
-9.4723,26.0347
-9.4913,25.9980
-9.5092,25.9957
-9.5273,25.9812
-9.5623,26.0047
-9.5828,25.8213
-9.6001,25.8166
-9.6158,25.9954
-9.6335,25.9906
-9.6513,25.9807
-9.6691,26.0828
-9.6867,25.9707
-9.7045,25.9806
-9.7223,25.9954
-9.7403,26.0102
-9.7582,26.0199
-9.7761,26.0196
-9.7963,26.1314
-9.8112,25.9989
-9.8297,26.0234
-9.8483,26.0478
-9.8670,26.0722
-9.8859,26.0965
-9.9050,26.1208
-9.9228,26.1124
-9.9594,26.1184
-9.9780,26.1275
-9.9964,26.1315
-10.0146,26.1305
-10.0329,26.1318
-10.0506,26.1233
-10.0883,26.1408
-10.1086,26.1694
-10.1288,26.1929
-10.1503,26.2313
-10.1663,26.2000
-10.1817,26.1637
-10.2043,26.2118
-10.2444,26.2433
-10.2672,26.2863
-10.2869,26.2944
-10.3040,26.2776
-10.3231,26.2806
-10.3417,26.2786
-10.3795,26.2794
-10.3993,26.2872
-10.4173,26.2800
-10.4353,26.2727
-10.4539,26.2704
-10.4712,26.2581
-10.5110,26.2730
-10.5261,26.2457
-10.5538,26.3073
-10.5804,26.3590
-10.5985,26.3513
-10.6180,26.3534
-10.6526,26.4520
-10.6572,26.3574
-10.6777,26.3643
-10.6990,26.3760
-10.7203,26.3877
-10.7443,26.4140
-10.7624,26.4058
-10.7814,26.4025
-10.8185,26.3908
-10.8356,26.3775
-10.8545,26.3740
-10.8771,26.3900
-10.9066,26.4403
-10.9363,26.4904
-10.9898,26.5560
-11.0123,26.5667
-11.0338,26.5724
-11.0574,26.5878
-11.0924,26.6550
-11.1111,26.6458
-11.1254,26.6171
-11.1487,26.6291
-11.1628,26.6003
-11.1812,26.5909
-11.2019,26.5912
-11.2319,26.6303
-11.2605,26.6626
-11.2838,26.6724
-11.2992,26.6498
-11.3165,26.6352
-11.3275,26.5964
-11.3533,26.6155
-11.3780,26.6298
-11.4015,26.6391
-11.4237,26.6435
-11.4578,26.6136
-11.4908,26.6563
-11.5240,26.6989
-11.5588,26.7461
-11.5885,26.7740
-11.6127,26.7826
-11.6558,26.7804
-11.7057,26.8004
-11.7376,26.8325
-11.7623,26.8405
-11.7841,26.8390
-11.8342,26.8560
-11.8587,26.8625
-11.8852,26.8749
-11.9056,26.8682
-11.9307,26.8757
-11.9559,26.8831
-11.9795,26.8856
-12.0253,26.8858
-12.0374,26.8551
-12.0611,26.8574
-12.0986,26.8984
-12.1157,26.8817
-12.1173,26.8227
-12.1261,26.7223
-12.1530,26.7336
-12.1871,26.7635
-12.2676,26.9148
-12.2903,26.9127
-12.3162,26.9187
-12.4109,27.1007
-12.3682,26.9306
-12.3998,26.9503
-12.4427,26.9977
-12.4953,27.0680
-12.5348,27.1050
-12.5429,27.0648
-12.6018,27.1477
-12.6812,27.2777
-12.6773,27.2083
-12.6891,27.1768
-12.6848,27.1080
-12.7158,27.1219
-12.7589,27.1630
-12.8043,27.2086
-12.8776,27.2580
-12.9032,27.2574
-12.9082,27.2113
-12.9878,27.3287
-13.0430,27.3912
-13.0586,27.3673
-13.0783,27.3525
-13.1237,27.3921
-13.1112,27.3093
-13.1718,27.3801
-13.1981,27.3787
-13.2462,27.4219
-13.2836,27.4425
-13.3190,27.4585
-13.3345,27.4341
-13.3565,27.4231
-13.3740,27.4031
-13.4073,27.4142
-13.4476,27.4384
-13.4857,27.4581
-13.6303,27.6817
-13.5299,27.4351
-13.5777,27.4720
-13.6257,27.5087
-13.6810,27.5584
-13.7295,27.5946
-13.7927,27.6570
-13.8250,27.6621
-13.8826,27.6588
-13.9175,27.6679
-13.9648,27.6986
-14.0098,27.7248
-14.0650,27.7681
-14.0955,27.7678
-14.1365,27.7854
-14.1466,27.7497
-14.2227,27.8266
-14.3273,27.9504
-14.3822,27.9889
-14.3591,27.8967
-14.3619,27.8483
-14.4636,27.9633
-14.4501,27.8882
-14.5102,27.9333
-14.5180,27.8933
-14.5097,27.8279
-14.5728,27.8767
-14.6229,27.9041
-14.7081,27.9861
-14.8042,28.0312
-14.8199,28.0032
-14.8710,28.0295
-14.8728,27.9805
-14.8855,27.9482
-15.1513,28.2955
-15.2369,28.3163
-15.2588,28.2954
-15.2834,28.2786
-15.2910,28.2370
-15.3497,28.2694
-15.3713,28.2482
-14.2326,23.8317
-14.2279,23.7821
-14.2351,23.7653
-14.2501,23.7547
-14.2681,23.7240
-14.2791,23.7102
-14.2860,23.6933
-14.2968,23.6794
-14.3037,23.6624
-14.3144,23.6485
-14.3318,23.6175
-14.3424,23.6035
-14.3490,23.5865
-14.3595,23.5724
-14.3699,23.5583
-14.3763,23.5412
-14.3867,23.5271
-14.4073,23.4987
-14.4176,23.4845
-14.4278,23.4702
-14.4380,23.4559
-14.4481,23.4416
-14.4582,23.4272
-14.4782,23.3984
-14.4881,23.3840
-14.4980,23.3695
-14.5038,23.3522
-14.5136,23.3376
-14.5192,23.3203
-14.5302,23.2856
-14.5440,23.2738
-14.4824,23.2127
-14.8624,22.5559
-14.8698,22.5403
-14.8636,22.5183
-14.9253,22.5281
-14.8963,22.4955
-14.9036,22.4798
-14.9635,22.4689
-14.9661,22.4510
-14.9686,22.4330
-14.9756,22.4171
-14.9781,22.3992
-14.9850,22.3832
-14.9988,22.3513
-15.0102,22.3372
-15.0169,22.3212
-15.0283,22.3071
-15.0349,22.2910
-15.0416,22.2748
-15.0481,22.2587
-15.0658,22.2282
-15.0722,22.2120
-15.0832,22.1976
-15.0849,22.1796
-15.1052,22.1687
-15.0928,22.1452
-15.1098,22.1144
-15.1159,22.0980
-15.1561,22.0756
-15.1339,22.0489
-15.1256,22.0275
-15.1656,22.0046
-17.4031,19.7613
-17.4065,19.7379
-17.3949,19.6919
-17.4031,19.6683
-17.6355,19.3436
-17.6231,19.3207
-17.6108,19.2978
-17.6781,19.2669
-17.6856,19.2418
-17.7130,19.2146
-17.7152,19.1899
-17.7098,19.1416
-17.7119,19.1169
-17.7139,19.0922
-17.7407,19.0643
-17.7773,19.0350
-17.8088,19.0061
-17.8370,18.9525
-17.8632,18.9239
-17.8894,18.8950
-17.9057,18.8674
-17.9218,18.8398
-17.9378,18.8120
-17.9498,18.7593
-17.9606,18.7320
-17.9714,18.7047
-17.9869,18.6765
-18.0073,18.6473
-18.0276,18.6180
-18.0483,18.5625
-18.0683,18.5329
-18.0882,18.5031
-18.1129,18.4722
-18.1326,18.4422
-18.1522,18.4120
-18.1714,18.3551
-18.1907,18.3246
-18.2148,18.2929
-18.2339,18.2621
-18.2577,18.2301
-18.2815,18.1980
-18.3051,18.1657
-18.3327,18.1323
-18.3227,18.1072
-18.3509,18.0734
-18.3789,18.0394
-18.3971,18.0075
-18.4151,17.9755
-18.4379,17.9421
-18.4645,17.9077
-18.4347,17.8871
-18.4717,17.8498
-18.5037,17.8135
-18.5356,17.7770
-18.5674,17.7402
-18.5941,17.7045
-18.6099,17.6716
-18.6135,17.6418
-18.6399,17.6057
-18.6662,17.5694
-18.6875,17.5343
-18.7135,17.4977
-18.7345,17.4622
-18.7523,17.3980
-18.7777,17.3607
-18.8078,17.3219
-18.8330,17.2843
-18.8628,17.2450
-18.8877,17.2071
-18.9037,17.1412
-18.9281,17.1028
-18.9572,17.0627
-18.9814,17.0239
-19.0102,16.9834
-19.0388,16.9427
-19.0577,16.8737
-19.0906,16.8309

# FrameTime=1781596549.81, PointCount=637
-4.3425,23.6855
-4.3327,23.7156
-4.3849,23.7033
-4.4081,23.7106
-4.4213,23.7247
-4.5018,23.6918
-4.5296,23.7185
-4.4266,23.8152
-4.5069,23.7813
-4.5728,23.7571
-4.6162,23.7489
-4.5444,23.8246
-4.5992,23.8315
-4.6345,23.8287
-4.6698,23.8258
-4.7209,23.8106
-4.7202,23.8345
-4.7474,23.8372
-4.7799,23.8590
-4.8051,23.8629
-4.8460,23.8544
-4.8808,23.8503
-4.9000,23.8584
-4.9231,23.8633
-4.8859,23.9166
-4.9537,23.8854
-4.9729,23.8933
-4.9921,23.9010
-5.0151,23.9055
-5.0305,23.9162
-5.0382,23.9333
-5.0595,23.9390
-5.0461,23.9739
-5.0675,23.9795
-5.0754,23.9966
-5.1155,23.9860
-5.0991,24.0240
-5.1071,24.0410
-5.1228,24.0514
-5.2008,24.0307
-5.2425,24.0175
-5.1597,24.1156
-5.1421,24.1559
-5.1599,24.1645
-5.2459,24.1107
-5.2428,24.1624
-5.2771,24.1552
-5.2966,24.1616
-5.3235,24.1610
-5.3067,24.2015
-5.3569,24.1785
-5.3924,24.1939
-5.4155,24.1963
-5.4351,24.2020
-5.4902,24.1728
-5.5096,24.1783
-5.5361,24.1766
-5.5414,24.1961
-5.5647,24.2222
-5.5737,24.2381
-5.5827,24.2539
-5.5883,24.2733
-5.6113,24.2747
-5.6447,24.2652
-5.7153,24.2415
-5.7182,24.2634
-5.7581,24.2461
-5.7809,24.2469
-5.7858,24.2666
-5.7620,24.3179
-5.7539,24.3782
-5.7722,24.3840
-5.8425,24.3318
-5.8851,24.3098
-5.8615,24.3621
-5.9205,24.3212
-5.8636,24.4118
-5.9166,24.3774
-5.9335,24.3840
-5.9595,24.3801
-5.9652,24.3996
-5.9975,24.3880
-5.9783,24.4370
-5.9909,24.4486
-6.0204,24.4668
-6.0368,24.4738
-6.0563,24.4770
-6.0727,24.4839
-6.0954,24.4830
-6.1149,24.4859
-6.0938,24.5395
-6.1352,24.5150
-6.1454,24.5295
-6.1908,24.4993
-6.2102,24.5018
-6.2135,24.5250
-6.2512,24.5038
-6.1883,24.6135
-6.2688,24.5361
-6.3071,24.5133
-6.2866,24.5683
-6.2912,24.5904
-6.3015,24.6050
-6.3240,24.6030
-6.3139,24.6452
-6.3581,24.6134
-6.3893,24.5991
-6.4409,24.5562
-6.4369,24.5902
-6.4736,24.5673
-6.4727,24.5973
-6.4719,24.6273
-6.4794,24.6751
-6.4762,24.7093
-6.4894,24.7199
-6.4781,24.7665
-6.5368,24.7100
-6.5449,24.7280
-6.5617,24.7332
-6.5757,24.7425
-7.2853,23.6945
-7.3041,23.6895
-7.3231,23.6840
-7.3421,23.6785
-7.3609,23.6729
-7.3744,23.6756
-7.3959,23.6656
-7.4066,23.6724
-7.4174,23.6791
-7.4283,23.6859
-7.4341,23.7007
-7.4684,23.6691
-7.4530,23.7187
-7.4925,23.6780
-7.5034,23.6845
-7.5192,23.6825
-7.5300,23.6890
-7.5409,23.6954
-7.5593,23.6888
-7.5776,23.6822
-7.4564,23.9181
-7.5993,23.6946
-6.9393,24.8836
-6.9619,24.8772
-6.9731,24.8911
-6.9948,24.8861
-7.0044,24.9028
-6.9974,24.9501
-7.0025,24.9755
-7.0291,24.9616
-7.0822,24.8977
-7.0850,24.9275
-7.1042,24.9264
-7.1048,24.9606
-7.0633,25.0762
-7.1311,24.9818
-7.1482,24.9849
-7.1720,24.9746
-7.1822,24.9910
-7.1887,25.0148
-7.2057,25.0178
-7.2088,25.0491
-7.2288,25.0459
-7.2569,25.0263
-7.2783,25.0200
-7.2543,25.1082
-7.2367,25.1841
-7.3392,25.0067
-7.3455,25.0317
-7.2509,25.2744
-7.3690,25.0591
-7.3819,25.0705
-7.3852,25.1031
-7.4365,25.0296
-7.4452,25.0500
-7.4501,25.0794
-7.4249,25.1775
-7.4961,25.0560
-7.5110,25.0625
-7.5299,25.0598
-7.5449,25.0662
-7.5618,25.0680
-7.5768,25.0743
-7.5287,25.2326
-7.6106,25.0775
-7.6256,25.0836
-7.6369,25.0990
-7.6575,25.0912
-7.6358,25.1898
-7.6536,25.1897
-7.6817,25.1631
-7.6891,25.1892
-7.7033,25.1982
-7.7128,25.2196
-7.7247,25.2348
-7.7419,25.2359
-7.7609,25.2323
-7.7678,25.2615
-7.7595,25.3330
-7.8006,25.2681
-7.8162,25.2737
-7.8357,25.2682
-7.8512,25.2737
-7.8701,25.2697
-7.8970,25.2420
-7.8960,25.2961
-7.9169,25.2856
-7.9289,25.3019
-7.9461,25.3023
-7.9665,25.2932
-7.9837,25.2935
-7.9902,25.3271
-7.9984,25.3560
-8.0103,25.3736
-8.0331,25.3562
-8.0519,25.3516
-8.0677,25.3565
-8.0821,25.3660
-8.1037,25.3516
-8.1027,25.4138
-8.1146,25.4326
-8.1485,25.3750
-8.1712,25.3555
-8.1911,25.3456
-8.2069,25.3500
-8.2227,25.3544
-8.2399,25.3539
-8.2286,25.4595
-8.2601,25.4057
-8.2686,25.4388
-8.2772,25.4719
-8.3020,25.4423
-8.3168,25.4513
-8.3354,25.4455
-8.3444,25.4788
-8.3700,25.4437
-8.3884,25.4379
-8.4045,25.4417
-8.4311,25.4001
-8.4367,25.4492
-8.4540,25.4480
-8.4473,25.5541
-8.4873,25.4503
-8.5045,25.4489
-8.5227,25.4427
-8.5367,25.4558
-8.5491,25.4771
-8.5624,25.4951
-8.5776,25.5033
-8.5587,25.6848
-8.6121,25.5000
-8.6209,25.5423
-8.6355,25.5553
-8.6489,25.5744
-8.6645,25.5824
-8.6811,25.5853
-8.6802,25.6871
-8.7133,25.5961
-8.7282,25.6087
-8.7415,25.6312
-8.7638,25.5995
-8.7812,25.5973
-8.8032,25.5655
-8.8044,25.6671
-8.8339,25.5853
-8.8482,25.6026
-8.8634,25.6149
-8.8779,25.6320
-8.8932,25.6442
-8.9086,25.6564
-8.9253,25.6587
-8.9603,25.6518
-8.9745,25.6737
-8.9889,25.6956
-9.0076,25.6827
-9.0227,25.6996
-9.0379,25.7163
-9.0522,25.9058
-9.0882,25.7267
-9.1036,25.7434
-9.1173,25.7798
-9.1381,25.7417
-9.1569,25.7233
-9.1704,25.7646
-9.2025,25.7924
-9.2170,25.8286
-9.2342,25.8299
-9.2518,25.8262
-9.2694,25.8224
-9.2870,25.8186
-9.3197,25.8507
-9.3353,25.8816
-9.3514,25.9075
-9.3685,25.9155
-9.3858,25.9214
-9.4045,25.8952
-9.4367,25.9686
-9.4533,25.9993
-9.4700,26.0299
-9.4888,26.0004
-9.5068,25.9909
-9.5248,25.9814
-9.5420,26.0068
-9.5803,25.8265
-9.5976,25.8268
-9.6132,26.0057
-9.6311,25.9958
-9.6488,25.9909
-9.6666,25.9759
-9.7020,25.9808
-9.7199,26.0007
-9.7379,26.0155
-9.7558,26.0252
-9.7736,26.0199
-9.7910,25.9996
-9.8120,26.1313
-9.8272,26.0237
-9.8458,26.0481
-9.8646,26.0725
-9.8836,26.1019
-9.9019,26.1062
-9.9202,26.1104
-9.9566,26.1138
-9.6858,20.4571
-9.9939,26.1319
-10.0124,26.1358
-10.0301,26.1271
-10.0494,26.1436
-9.6916,20.4567
-10.1051,26.1549
-10.1252,26.1784
-10.1477,26.2318
-10.1642,26.2054
-10.1801,26.1740
-10.2027,26.2222
-10.2389,26.4172
-10.2368,26.1891
-10.2609,26.2470
-10.2848,26.2998
-10.3020,26.2830
-10.3200,26.2761
-10.3397,26.2841
-10.3863,26.5330
-9.7098,20.4551
-10.3967,26.2877
-10.4154,26.2854
-10.4340,26.2832
-10.4532,26.2858
-10.4699,26.2686
-10.4925,26.2958
-10.5236,26.2462
-10.5519,26.3128
-10.5771,26.3546
-10.5952,26.3469
-10.6147,26.3491
-10.6351,26.3561
-10.6660,26.4299
-10.6751,26.3649
-10.6964,26.3766
-10.7186,26.3932
-10.7425,26.4196
-10.7607,26.4114
-10.7788,26.4032
-10.8291,26.5748
-10.8150,26.3866
-10.8330,26.3782
-10.8519,26.3746
-10.8755,26.3956
-10.9040,26.4409
-10.9337,26.4911
-10.9647,26.5460
-11.0126,26.5821
-11.0322,26.5780
-11.0527,26.5788
-11.0887,26.6509
-11.1095,26.6515
-11.1249,26.6276
-11.1612,26.6059
-11.1786,26.5917
-11.1992,26.5920
-11.2280,26.6262
-11.2590,26.6683
-11.2792,26.6652
-11.3150,26.6409
-11.3323,26.6262
-11.3507,26.6164
-11.3766,26.6355
-11.3988,26.6400
-11.4224,26.6492
-11.4382,26.6294
-11.4828,26.6379
-11.5200,26.6950
-11.5561,26.7470
-11.5844,26.7701
-11.6100,26.7835
-11.6315,26.7825
-11.6598,26.7308
-11.6972,26.7822
-11.7305,26.8191
-11.7566,26.8320
-11.7798,26.8352
-11.8111,26.8635
-11.8371,26.8748
-11.8655,26.8933
-11.8809,26.8712
-11.9029,26.8692
-11.9280,26.8767
-11.9531,26.8841
-11.9752,26.8820
-12.0004,26.8892
-12.0347,26.8562
-12.0567,26.8538
-12.0958,26.8995
-12.1180,26.8969
-12.1146,26.8238
-12.1069,26.7401
-12.1486,26.7300
-12.1826,26.7600
-12.2524,26.8832
-12.3000,26.9465
-12.3134,26.9199
-12.3412,26.9306
-12.4602,27.1727
-12.4025,26.9654
-12.4362,26.9896
-12.4981,27.0831
-12.5320,27.1063
-12.5363,27.0568
-12.5990,27.1490
-12.6491,27.2093
-12.6805,27.2239
-12.6824,27.1689
-12.6820,27.1093
-12.7110,27.1186
-12.7521,27.1552
-12.8034,27.2145
-12.8531,27.2689
-12.9153,27.3502
-12.9024,27.2633
-12.9033,27.2081
-12.9745,27.3074
-13.0192,27.3473
-13.0620,27.3823
-13.0733,27.3494
-13.0887,27.3256
-13.1556,27.4102
-13.1559,27.3545
-13.1994,27.3890
-13.2367,27.4099
-13.2763,27.4350
-13.3072,27.4421
-13.3560,27.4849
-13.3491,27.4157
-13.3756,27.4135
-13.4021,27.4113
-13.4424,27.4356
-13.4851,27.4641
-13.5003,27.4393
-13.6199,27.6138
-13.5701,27.4648
-13.6180,27.5015
-13.6709,27.5468
-13.7171,27.5787
-13.7825,27.6455
-13.8292,27.6769
-13.8544,27.6688
-13.9023,27.6478
-13.9568,27.6917
-13.9871,27.6918
-14.0495,27.7482
-14.0974,27.7783
-14.1230,27.7692
-14.1817,27.8170
-14.2222,27.8328
-14.3115,27.9308
-14.3740,27.9822
-14.3714,27.9242
-14.3614,27.8545
-14.4314,27.9172
-14.4731,27.9327
-14.5386,27.9334
-14.6290,28.0258
-14.5697,27.8787
-14.6091,27.8892
-14.6996,27.9797
-14.7691,28.0360
-14.8276,28.0220
-14.8624,28.0232
-14.8532,27.9575
-14.8796,27.9461
-15.1342,28.2769
-15.2117,28.3393
-15.2225,28.3019
-15.2878,28.2392
-15.3464,28.2716
-15.3624,28.2422
-14.2081,23.8376
-14.2301,23.7871
-14.2412,23.7734
-14.2445,23.7534
-14.2555,23.7397
-14.2626,23.7228
-14.2844,23.6951
-14.2952,23.6813
-14.3020,23.6643
-14.3128,23.6504
-14.3195,23.6334
-14.3302,23.6194
-14.3474,23.5884
-14.3579,23.5743
-14.3683,23.5602
-14.3747,23.5431
-14.3851,23.5290
-14.3955,23.5148
-14.4058,23.5006
-14.4262,23.4721
-14.4364,23.4578
-14.4465,23.4435
-14.4566,23.4291
-14.4666,23.4147
-14.4766,23.4003
-14.4965,23.3714
-14.5064,23.3569
-14.5162,23.3424
-14.5260,23.3278
-14.5190,23.3021
-14.5287,23.2876
-14.8566,22.5558
-14.8641,22.5402
-14.8624,22.5204
-14.9105,22.5238
-14.8951,22.4976
-14.9023,22.4819
-14.9095,22.4662
-14.9167,22.4504
-14.9648,22.4531
-14.9719,22.4372
-14.9790,22.4212
-14.9814,22.4033
-14.9884,22.3873
-15.0022,22.3554
-15.0090,22.3393
-15.0158,22.3233
-15.0225,22.3072
-15.0338,22.2931
-15.0404,22.2770
-15.0470,22.2608
-15.0600,22.2285
-15.0711,22.2142
-15.0775,22.1979
-15.0838,22.1817
-15.0901,22.1654
-15.0917,22.1474
-15.0946,22.1113
-15.1101,22.0984
-15.1597,22.0795
-15.1516,22.0579
-15.1434,22.0363
-15.1551,22.0035
-17.4062,19.7408
-17.3858,19.7185
-17.3929,19.6717
-17.6276,19.3714
-17.6102,19.3489
-17.6232,19.3236
-17.6057,19.3013
-17.6680,19.2709
-17.6855,19.2449
-17.7078,19.2182
-17.7052,19.1940
-17.7025,19.1699
-17.7068,19.1206
-17.7139,19.0952
-17.7357,19.0680
-17.7673,19.0393
-17.7989,19.0105
-17.8304,18.9815
-17.8533,18.9283
-17.8796,18.8995
-17.9007,18.8713
-17.9218,18.8429
-17.9329,18.8159
-17.9488,18.7880
-17.9558,18.7359
-17.9714,18.7078
-17.9821,18.6804
-18.0025,18.6513
-18.0228,18.6220
-18.0381,18.5934
-18.0536,18.5387
-18.0687,18.5099
-18.0934,18.4791
-18.1180,18.4482
-18.1425,18.4171
-18.1669,18.3858
-18.1811,18.3298
-18.2003,18.2992
-18.2194,18.2684
-18.2433,18.2365
-18.2622,18.2054
-18.2858,18.1732
-18.3093,18.1408
-18.3563,18.1029
-18.3317,18.0811
-18.3548,18.0483
-18.3779,18.0154
-18.4009,17.9823
-18.4237,17.9490
-18.4464,17.9155
-18.4825,17.8786
-18.4624,17.8556
-18.4896,17.8205
-18.5215,17.7840
-18.5533,17.7474
-18.5801,17.7117
-18.6116,17.6746
-18.6320,17.6403
-18.6355,17.6104
-18.6570,17.5755
-18.6783,17.5404
-18.6995,17.5052
-18.7206,17.4698
-18.7416,17.4342
-18.7591,17.3699
-18.7892,17.3311
-18.8192,17.2921
-18.8491,17.2529
-18.8787,17.2135
-18.9035,17.1754
-18.9145,17.1108
-18.9388,17.0723
-18.9631,17.0336
-18.9966,16.9916
-19.0252,16.9510
-19.0585,16.9086
-19.0868,16.8675
-19.1099,16.7963

# FrameTime=1781596549.91, PointCount=642
-4.3416,23.6785
-4.3978,23.6636
-4.3610,23.7120
-4.2786,23.8162
-4.4618,23.7122
-4.4972,23.7106
-4.0395,24.0579
-4.4314,23.8040
-4.4833,23.7905
-4.5857,23.7402
-4.5998,23.7765
-4.5564,23.8317
-4.6100,23.8157
-4.6472,23.8115
-4.6985,23.7966
-4.7097,23.8115
-4.7401,23.8351
-4.7633,23.8407
-4.7865,23.8462
-4.8136,23.8486
-4.8466,23.8462
-4.8932,23.8328
-4.9198,23.8583
-4.9389,23.8663
-4.9542,23.8773
-4.9734,23.8851
-4.9887,23.8960
-5.0079,23.9037
-5.0022,23.9319
-5.0502,23.9156
-5.0446,23.9437
-5.0601,23.9543
-5.0794,23.9617
-5.0910,23.9754
-5.1235,23.9714
-5.0956,24.0191
-5.1043,24.0596
-5.1743,24.0223
-5.1749,24.0457
-5.1478,24.0939
-5.1636,24.1041
-5.1795,24.1142
-5.1816,24.1613
-5.2545,24.1191
-5.2503,24.1474
-5.2736,24.1505
-5.3041,24.1466
-5.3236,24.1528
-5.3481,24.1788
-5.3765,24.1763
-5.3960,24.1823
-5.4191,24.1846
-5.4458,24.1834
-5.5010,24.1541
-5.4405,24.2383
-5.5220,24.1826
-5.5414,24.1879
-5.5523,24.2017
-5.5576,24.2212
-5.5681,24.2356
-5.5756,24.2529
-5.5882,24.2651
-5.6238,24.2787
-5.6744,24.2511
-5.6697,24.2811
-5.7318,24.2408
-5.7614,24.2344
-5.7739,24.2461
-5.7789,24.2659
-5.8050,24.2629
-5.7576,24.3398
-5.7489,24.3752
-5.8127,24.3307
-5.8388,24.3274
-5.8749,24.3129
-5.8773,24.3617
-5.9329,24.3244
-5.9162,24.3693
-5.9298,24.3797
-5.9493,24.3833
-5.9550,24.4029
-5.9610,24.4222
-6.0068,24.3947
-5.9872,24.4443
-6.0035,24.4515
-6.0171,24.4619
-6.0330,24.4696
-6.0526,24.4727
-6.0721,24.4758
-6.0696,24.5060
-6.1080,24.4856
-6.1275,24.4884
-6.1345,24.5069
-6.1385,24.5292
-6.1839,24.4990
-6.2095,24.4937
-6.1726,24.5687
-6.2292,24.5233
-6.2608,24.5099
-6.2771,24.5162
-6.2853,24.5331
-6.2798,24.5682
-6.2933,24.5784
-6.2887,24.6129
-6.3234,24.5945
-6.3348,24.6075
-6.3690,24.5892
-6.3972,24.5789
-6.4283,24.5644
-6.4389,24.5781
-6.3760,24.6951
-6.4717,24.5892
-6.4767,24.6111
-6.4731,24.6452
-6.4669,24.6834
-6.4609,24.7218
-6.5136,24.6749
-6.4608,24.7822
-6.4851,24.7768
-6.5607,24.6948
-6.5643,24.7195
-6.5865,24.7163
-6.6243,24.6893
-6.6464,24.6859
-6.6039,24.7815
-6.5737,24.8594
-6.6258,24.8097
-6.6239,24.8441
-6.6677,24.8068
-7.3610,23.7366
-7.3852,23.7223
-7.4120,23.7037
-7.4254,23.7063
-7.4416,23.7043
-7.4577,23.7025
-7.4842,23.6832
-7.5155,23.6556
-7.5314,23.6535
-7.5447,23.6556
-7.5630,23.6491
-7.5712,23.6596
-7.5970,23.6401
-7.6202,23.6246
-7.6259,23.6394
-7.6366,23.6455
-7.6498,23.6472
-7.6507,23.6707
-7.5550,23.8682
-7.5685,23.8707
-7.5389,23.9517
-7.0175,24.9369
-7.0320,24.9450
-7.0277,24.9881
-7.0879,24.9108
-7.0783,24.9641
-7.1124,24.9350
-7.1146,24.9662
-7.1316,24.9694
-7.1486,24.9725
-7.1701,24.9667
-7.1781,24.9875
-7.1681,25.0442
-7.1972,25.0233
-7.2120,25.0306
-7.2313,25.0290
-7.2549,25.0184
-7.2698,25.0256
-7.2385,25.1289
-7.2472,25.1497
-7.2861,25.1069
-7.3435,25.0239
-7.3584,25.0308
-7.3565,25.0739
-7.3764,25.0702
-7.3872,25.0862
-7.4364,25.0173
-7.3942,25.1515
-7.4500,25.0670
-7.4710,25.0599
-7.4939,25.0482
-7.5069,25.0593
-7.5238,25.0612
-7.5388,25.0676
-7.5033,25.1934
-7.5688,25.0802
-7.5876,25.0773
-7.6102,25.0651
-7.6214,25.0805
-7.6346,25.0912
-7.6534,25.0880
-7.6248,25.2036
-7.6287,25.2390
-7.6702,25.1786
-7.6945,25.1613
-7.6973,25.1998
-7.6997,25.2398
-7.7204,25.2317
-7.7411,25.2235
-7.7167,25.3371
-7.7669,25.2490
-7.7807,25.2594
-7.7980,25.2604
-7.8136,25.2659
-7.8330,25.2605
-7.8469,25.2707
-7.8587,25.2871
-7.8830,25.2673
-7.9099,25.2396
-7.9110,25.2874
-7.9246,25.2989
-7.9434,25.2947
-7.9637,25.2855
-7.9778,25.2954
-7.9712,25.3702
-7.9986,25.3388
-8.0104,25.3564
-8.0391,25.3200
-8.0432,25.3630
-8.0648,25.3488
-8.0749,25.3728
-8.0609,25.4782
-8.1166,25.3486
-8.1157,25.4106
-8.1428,25.3770
-8.1696,25.3432
-8.1894,25.3333
-8.2039,25.3425
-8.1747,25.5107
-8.2368,25.3463
-8.2462,25.3746
-8.2544,25.4078
-8.2642,25.4361
-8.2715,25.4740
-8.3000,25.4299
-8.3136,25.4438
-8.3298,25.4477
-8.3483,25.4420
-8.3668,25.4362
-8.3829,25.4401
-8.4001,25.4391
-8.4245,25.4073
-8.4323,25.4466
-8.4043,25.6454
-8.4657,25.4490
-8.4818,25.4526
-8.4990,25.4513
-8.5172,25.4450
-8.5282,25.4728
-8.5447,25.4746
-8.5135,25.7098
-8.5742,25.4959
-8.5904,25.4992
-8.6086,25.4926
-8.6174,25.5350
-8.6310,25.5528
-8.6444,25.5720
-8.6585,25.5884
-8.6774,25.5780
-8.6940,25.5809
-8.7105,25.5838
-8.7262,25.5916
-8.7427,25.5944
-8.7609,25.5873
-8.7790,25.5802
-8.7737,25.7214
-8.8151,25.5657
-8.8279,25.5928
-8.8437,25.6002
-8.8589,25.6125
-8.8741,25.6248
-8.8893,25.6370
-8.8925,25.7388
-8.9214,25.6515
-8.9377,25.6573
-8.9544,25.6595
-8.9700,25.6715
-8.9850,25.6884
-9.0036,25.6756
-9.0187,25.6924
-9.0491,25.7260
-9.0527,25.8539
-9.0841,25.7196
-9.0980,25.7511
-9.1127,25.7777
-9.1340,25.7346
-9.1688,25.7277
-9.1824,25.7690
-9.1979,25.7903
-9.2127,25.8216
-9.2295,25.8279
-9.2472,25.8242
-9.2648,25.8204
-9.2992,25.8227
-9.3144,25.8587
-9.3317,25.8597
-9.3488,25.8657
-9.3635,25.9185
-9.3815,25.9094
-9.4175,25.8890
-9.4317,25.9717
-9.4477,26.0173
-9.4652,26.0280
-9.4841,25.9964
-9.5020,25.9891
-9.5200,25.9795
-9.5373,26.0028
-9.5551,26.0031
-9.5758,25.8147
-9.5930,25.8200
-9.6085,25.9989
-9.6263,25.9890
-9.6441,25.9791
-9.6795,25.9692
-9.6972,25.9791
-9.7152,26.0039
-9.7333,26.0387
-9.7511,26.0285
-9.7688,26.0182
-9.8040,25.9975
-9.8223,26.0171
-9.8410,26.0465
-9.8597,26.0709
-9.8786,26.0953
-9.8978,26.1245
-9.9152,26.1062
-9.9339,26.1180
-9.9522,26.1222
-9.9704,26.1213
-9.9891,26.1303
-9.6872,20.4552
-9.6883,20.4551
-10.0509,26.2443
-10.0611,26.1161
-10.0812,26.1447
-10.1012,26.1684
-10.1214,26.1919
-10.1432,26.2353
-10.1589,26.1990
-10.1747,26.1677
-9.6997,20.4543
-10.2323,26.1927
-10.2602,26.2904
-10.2798,26.2985
-10.2970,26.2817
-10.3151,26.2748
-10.3570,26.4891
-10.3528,26.2758
-10.3720,26.2786
-10.3906,26.2765
-10.4098,26.2793
-10.4278,26.2720
-10.4457,26.2648
-10.4845,26.4186
-10.4816,26.2501
-10.5028,26.2674
-10.5179,26.2401
-10.5462,26.3068
-10.5727,26.3584
-10.5901,26.3458
-10.6097,26.3480
-10.6496,26.3570
-10.6701,26.3639
-10.6921,26.3805
-10.7135,26.3922
-10.7374,26.4186
-10.7548,26.4055
-10.8268,26.7053
-10.7919,26.3939
-10.8099,26.3856
-10.8279,26.3772
-10.8459,26.3688
-10.8714,26.3996
-10.8998,26.4449
-10.9446,26.5716
-10.9508,26.5011
-10.9829,26.5608
-11.0085,26.5862
-11.0259,26.5723
-11.0517,26.5975
-11.0835,26.6501
-11.1042,26.6507
-11.1404,26.6273
-11.1549,26.6003
-11.1756,26.6007
-11.1940,26.5913
-11.2251,26.6352
-11.2526,26.6628
-11.2901,26.6452
-11.3086,26.6354
-11.3197,26.5966
-11.3504,26.6351
-11.3626,26.6011
-11.3923,26.6346
-11.4197,26.6583
-11.4513,26.6188
-11.4815,26.6519
-11.5174,26.7041
-11.5535,26.7562
-11.5804,26.7745
-11.6061,26.7879
-11.6477,26.7809
-11.6531,26.7256
-11.6976,26.8010
-11.7266,26.8235
-11.7527,26.8364
-11.7759,26.8397
-11.8226,26.8460
-11.8475,26.8537
-11.8724,26.8614
-11.8959,26.8643
-11.9210,26.8718
-11.9461,26.8792
-11.9698,26.8818
-12.0155,26.8820
-12.0293,26.8561
-12.0529,26.8584
-12.0904,26.8994
-12.1092,26.8874
-12.1109,26.8284
-12.1181,26.7233
-12.1468,26.7393
-12.1826,26.7740
-12.2576,26.9113
-12.2821,26.9139
-12.3080,26.9200
-12.4025,27.1020
-12.3581,26.9273
-12.3952,26.9609
-12.4307,26.9898
-12.4869,27.0694
-12.5283,27.1111
-12.5345,27.0663
-12.5934,27.1492
-12.6668,27.2053
-12.6807,27.1784
-12.6725,27.1005
-12.7074,27.1235
-12.7504,27.1647
-12.7938,27.2057
-12.8690,27.2598
-12.8906,27.2502
-12.8997,27.2132
-12.9730,27.3170
-13.0218,27.3660
-13.0499,27.3693
-13.0654,27.3455
-13.1047,27.3159
-13.1566,27.3687
-13.1959,27.3942
-13.2353,27.4196
-13.2749,27.4448
-13.3014,27.4429
-13.3433,27.4165
-13.3676,27.4099
-13.3964,27.4121
-13.4389,27.4409
-13.4793,27.4650
-13.4991,27.4491
-13.5643,27.4657
-13.6145,27.5069
-13.6674,27.5522
-13.7183,27.5929
-13.7765,27.6466
-13.8184,27.6693
-13.9017,27.7667
-13.8712,27.6573
-13.8963,27.6490
-13.9484,27.6885
-13.9983,27.7234
-14.0484,27.7581
-14.0939,27.7839
-14.1120,27.7619
-14.2090,27.8220
-14.3130,27.9452
-14.3678,27.9837
-14.3576,27.9129
-14.3553,27.8560
-14.4149,27.9017
-14.4963,27.9822
-14.4931,27.9241
-14.5062,27.8926
-14.5005,27.8314
-14.5609,27.8761
-14.6030,27.8909
-14.6961,27.9856
-14.7852,28.0727
-14.7867,28.0224
-14.8187,28.0196
-14.8616,28.0334
-14.8526,27.9677
-14.8762,27.9521
-15.1361,28.2914
-15.2053,28.3414
-15.2408,28.2873
-15.2964,28.3159
-15.2843,28.2455
-15.3372,28.2697
-15.3589,28.2485
-14.2045,23.8158
-14.2268,23.7885
-14.2302,23.7685
-14.2451,23.7580
-14.2484,23.7380
-14.2633,23.7273
-14.2812,23.6966
-14.2920,23.6827
-14.2989,23.6657
-14.3096,23.6518
-14.3164,23.6348
-14.3270,23.6209
-14.3482,23.5928
-14.3547,23.5758
-14.3652,23.5617
-14.3716,23.5446
-14.3820,23.5305
-14.3924,23.5163
-14.4027,23.5021
-14.4232,23.4736
-14.4334,23.4594
-14.4435,23.4450
-14.4536,23.4307
-14.4636,23.4163
-14.4736,23.4019
-14.4935,23.3730
-14.4993,23.3557
-14.5091,23.3412
-14.5189,23.3266
-14.5161,23.3037
-14.5258,23.2892
-14.8887,22.6128
-14.8783,22.5884
-14.8587,22.5598
-14.8571,22.5399
-14.8736,22.5286
-14.8854,22.5151
-14.8927,22.4994
-14.9499,22.5067
-14.9617,22.4929
-14.9644,22.4750
-14.9670,22.4570
-14.9767,22.4231
-14.9837,22.4072
-14.9861,22.3892
-14.9930,22.3733
-14.9953,22.3553
-15.0021,22.3393
-15.0156,22.3073
-15.0269,22.2931
-15.0335,22.2770
-15.0401,22.2609
-15.0513,22.2466
-15.0578,22.2305
-15.0706,22.1981
-15.0770,22.1819
-15.0833,22.1656
-15.0895,22.1494
-15.1144,22.1402
-15.1300,22.1273
-15.1736,22.1249
-15.1717,22.0866
-15.1495,22.0599
-15.1366,22.0367
-15.1142,22.0102
-17.4113,19.7442
-17.3853,19.7221
-17.3637,19.6999
-17.3875,19.6756
-17.6125,19.3764
-17.6050,19.3531
-17.6028,19.3293
-17.6404,19.3016
-17.6853,19.2487
-17.6928,19.2235
-17.7051,19.1978
-17.7024,19.1737
-17.7046,19.1491
-17.7068,19.1244
-17.7138,19.0990
-17.7804,19.0663
-17.7574,19.0444
-17.7841,19.0163
-17.8205,18.9867
-17.8519,18.9575
-17.8782,18.9288
-17.8995,18.9006
-17.9007,18.8752
-17.9120,18.8483
-17.9232,18.8213
-17.9342,18.7943
-17.9451,18.7671
-17.9560,18.7399
-17.9667,18.7126
-17.9831,18.6586
-18.0083,18.6286
-18.0286,18.5992
-18.0487,18.5697
-18.0737,18.5392
-18.0936,18.5094
-18.1086,18.4542
-18.1283,18.4241
-18.1478,18.3938
-18.1672,18.3634
-18.1914,18.3319
-18.2106,18.3013
-18.2243,18.2448
-18.2481,18.2128
-18.2669,18.1817
-18.2904,18.1494
-18.3188,18.1158
-18.3421,18.0831
-18.3640,18.0231
-18.3870,17.9900
-18.4099,17.9568
-18.4326,17.9234
-18.4504,17.8911
-18.4826,17.8550
-18.5098,17.8199
-18.5406,17.7837
-18.5300,17.7581
-18.5616,17.7212
-18.5884,17.6855
-18.6149,17.6496
-18.6414,17.6135
-18.6677,17.5773
-18.6925,17.5412
-18.6814,17.5151
-18.7073,17.4784
-18.7283,17.4429
-18.7539,17.4059
-18.7794,17.3687
-18.8096,17.3299
-18.8264,17.2648
-18.8561,17.2255
-18.8857,17.1860
-18.9104,17.1478
-18.9396,17.1079
-18.9688,17.0677
-18.9885,16.9995
-19.0172,16.9589
-19.0457,16.9181
-19.0694,16.8787
-19.1023,16.8359

# FrameTime=1781596550.01, PointCount=637
-4.3978,23.6636
-4.3816,23.6979
-4.4049,23.7052
-4.4281,23.7124
-4.4904,23.6922
-4.5054,23.7048
-4.4477,23.7924
-4.4873,23.7876
-4.5614,23.7577
-4.6170,23.7407
-4.5412,23.8193
-4.5806,23.8139
-4.6312,23.8235
-4.6585,23.8266
-4.7216,23.8025
-4.7169,23.8294
-4.7441,23.8321
-4.7653,23.8392
-4.8018,23.8578
-4.8466,23.8462
-4.8736,23.8483
-4.9006,23.8502
-4.9158,23.8614
-4.9350,23.8694
-4.9057,23.9164
-4.9695,23.8883
-4.9887,23.8960
-5.0118,23.9005
-5.0310,23.9081
-5.0540,23.9124
-5.0600,23.9309
-5.0563,23.9576
-5.0278,24.0054
-5.0796,23.9852
-5.1045,23.9876
-5.0956,24.0191
-5.1112,24.0295
-5.1194,24.0465
-5.1968,24.0025
-5.2354,24.0160
-5.1599,24.1074
-5.1572,24.1343
-5.1657,24.1512
-5.2240,24.1227
-5.2307,24.1409
-5.2699,24.1539
-5.2931,24.1568
-5.3236,24.1528
-5.3031,24.1967
-5.3425,24.1841
-5.3729,24.1798
-5.3296,24.2462
-5.4120,24.1916
-5.4351,24.1939
-5.4796,24.1751
-5.5061,24.1736
-5.5326,24.1720
-5.5378,24.1915
-5.5488,24.2053
-5.5736,24.2299
-5.5791,24.2493
-5.5882,24.2651
-5.6112,24.2666
-5.6376,24.2643
-5.6709,24.2547
-5.7078,24.2662
-5.7579,24.2380
-5.7739,24.2461
-5.7822,24.2622
-5.7779,24.2922
-5.7475,24.3509
-5.7556,24.3678
-5.7565,24.3928
-5.8388,24.3274
-5.8583,24.3314
-5.8611,24.3540
-5.9168,24.3169
-5.9427,24.3131
-5.8795,24.4113
-5.9389,24.3693
-5.9558,24.3757
-5.9622,24.3944
-5.9938,24.3837
-5.9875,24.4175
-5.9904,24.4405
-6.0035,24.4515
-6.0108,24.4695
-6.0330,24.4696
-6.0494,24.4766
-6.0689,24.4797
-6.0896,24.4812
-6.1080,24.4856
-6.1275,24.4884
-6.1127,24.5342
-6.1416,24.5253
-6.1839,24.4990
-6.2003,24.5055
-6.2098,24.5209
-6.2475,24.4997
-6.2547,24.5178
-6.2162,24.5959
-6.3003,24.5132
-6.2828,24.5643
-6.2721,24.6068
-6.2979,24.6005
-6.3172,24.6029
-6.3466,24.5914
-6.3296,24.6431
-6.3826,24.5991
-6.4341,24.5563
-6.4301,24.5903
-6.4611,24.5756
-6.4631,24.6015
-6.4566,24.6397
-6.4560,24.6697
-6.4723,24.7053
-6.5080,24.6831
-6.4826,24.7502
-6.5468,24.6855
-6.5309,24.7392
-6.5726,24.7070
-6.5690,24.7428
-6.6325,24.6768
-6.6491,24.6817
-6.5811,24.8165
-6.6370,24.7613
-6.6592,24.7578
-6.6679,24.7752
-6.6900,24.7715
-6.6927,24.7985
-6.7262,24.7766
-6.7350,24.7938
-6.7518,24.7984
-7.3946,23.7810
-6.7482,24.8685
-7.4505,23.7390
-7.4540,23.7581
-7.4853,23.7308
-7.5117,23.7113
-7.5605,23.6533
-7.5788,23.6467
-7.5895,23.6530
-7.6027,23.6549
-7.6135,23.6611
-7.6612,23.6021
-7.6621,23.6254
-7.6801,23.6183
-7.6883,23.6286
-7.7014,23.6302
-7.7000,23.6580
-7.6510,23.7736
-7.6550,23.7928
-7.6284,23.8691
-7.6750,23.8092
-7.6090,23.9610
-7.1023,24.9541
-7.1193,24.9574
-7.1224,24.9872
-7.1441,24.9814
-7.1633,24.9800
-7.1803,24.9831
-7.1891,25.0025
-7.1964,25.0248
-7.2068,25.0411
-7.2151,25.0619
-7.2506,25.0273
-7.2720,25.0211
-7.2674,25.0687
-7.2408,25.1632
-7.3223,25.0304
-7.3393,25.0329
-7.3542,25.0398
-7.2517,25.3009
-7.3660,25.0929
-7.3852,25.0907
-7.4241,25.0445
-7.4452,25.0376
-7.4500,25.0670
-7.4810,25.0371
-7.4520,25.1442
-7.5029,25.0684
-7.5199,25.0703
-7.5310,25.0859
-7.5460,25.0923
-7.5668,25.0848
-7.5895,25.0727
-7.5501,25.2111
-7.6233,25.0759
-7.6309,25.1004
-7.6460,25.1065
-7.6463,25.1496
-7.6530,25.1772
-7.6768,25.1616
-7.6873,25.1799
-7.6375,25.3553
-7.7109,25.2103
-7.7204,25.2317
-7.7307,25.2515
-7.7566,25.2293
-7.7652,25.2538
-7.7807,25.2594
-7.7743,25.3262
-7.8136,25.2659
-7.8330,25.2605
-7.8486,25.2660
-7.8609,25.2808
-7.8927,25.2390
-7.9066,25.2490
-7.9110,25.2874
-7.9120,25.3367
-7.9434,25.2947
-7.9622,25.2903
-7.9840,25.2764
-7.9904,25.3099
-8.0016,25.3292
-8.0075,25.3660
-8.0214,25.3771
-8.0519,25.3344
-8.0546,25.3823
-8.0749,25.3728
-8.0965,25.3583
-8.1095,25.3726
-8.1255,25.3772
-8.1289,25.4251
-8.1682,25.3480
-8.1894,25.3333
-8.2039,25.3425
-8.2210,25.3420
-8.2355,25.3511
-8.2410,25.3939
-8.2416,25.4562
-8.2642,25.4361
-8.2753,25.4596
-8.2976,25.4396
-8.3137,25.4436
-8.3322,25.4380
-8.3507,25.4323
-8.3561,25.4801
-8.3829,25.4401
-8.3990,25.4439
-8.4188,25.4316
-8.4323,25.4466
-8.4484,25.4503
-8.4657,25.4490
-8.4818,25.4526
-8.4725,25.5734
-8.5186,25.4385
-8.5333,25.4484
-8.5447,25.4746
-8.5589,25.4877
-8.5742,25.4959
-8.5904,25.4992
-8.5863,25.6071
-8.6174,25.5350
-8.6310,25.5528
-8.6444,25.5720
-8.6609,25.5750
-8.6774,25.5780
-8.6931,25.5859
-8.7030,25.6267
-8.7253,25.5965
-8.7378,25.6239
-8.7609,25.5873
-8.7775,25.5900
-8.7994,25.5582
-8.8129,25.5804
-8.8279,25.5928
-8.8589,25.6125
-8.8741,25.6248
-8.8893,25.6370
-8.9047,25.6492
-8.9214,25.6515
-8.9390,25.6474
-8.9384,25.7852
-8.9700,25.6715
-8.9860,25.6798
-9.0018,25.6904
-9.0164,25.7122
-9.0311,25.7340
-9.0437,25.7756
-9.0645,25.7427
-9.0985,25.7462
-9.1160,25.7429
-9.1326,25.7495
-9.1514,25.7312
-9.1662,25.7576
-9.1811,25.7839
-9.2131,25.8166
-9.2295,25.8279
-9.2472,25.8242
-9.2641,25.8304
-9.2823,25.8166
-9.2977,25.8476
-9.3118,25.9006
-9.3317,25.8597
-9.3491,25.8607
-9.3643,25.9036
-9.3813,25.9144
-9.3987,25.9182
-9.4151,25.9439
-9.4315,25.9767
-9.4654,26.0230
-9.4841,25.9964
-9.5020,25.9891
-9.5202,25.9745
-9.5374,25.9949
-9.5584,25.8244
-9.5931,25.8100
-9.6084,26.0039
-9.6262,25.9990
-9.6441,25.9891
-9.6618,25.9792
-9.6795,25.9692
-9.6980,26.1212
-9.7151,25.9940
-9.7329,26.0038
-9.7510,26.0185
-9.7687,26.0132
-9.7860,25.9879
-9.8044,26.0175
-9.8229,26.0420
-9.8594,26.0609
-9.8788,26.1002
-9.8968,26.0996
-9.9151,26.1038
-9.9337,26.1130
-9.9522,26.1222
-9.9888,26.1253
-10.0072,26.1293
-10.0249,26.1207
-10.0442,26.1371
-10.0624,26.1360
-10.0816,26.1497
-10.1019,26.1783
-10.1409,26.2055
-10.1613,26.2289
-10.1785,26.2124
-10.1956,26.1960
-10.2157,26.2142
-10.2374,26.2474
-10.2793,26.2935
-10.2975,26.2867
-10.3161,26.2847
-10.3353,26.2877
-10.3539,26.2857
-10.3725,26.2836
-10.4098,26.2793
-10.4290,26.2819
-10.4476,26.2796
-10.4669,26.2822
-10.4848,26.2748
-9.7168,20.4524
-10.5254,26.2945
-10.5663,26.3140
-10.5887,26.3359
-10.6097,26.3480
-10.6300,26.3550
-10.6504,26.3619
-10.6716,26.3737
-10.7119,26.3823
-10.7324,26.3890
-10.7556,26.4104
-10.7738,26.4022
-10.7919,26.3939
-10.8099,26.3856
-10.8665,26.5864
-10.8478,26.3786
-10.8676,26.3799
-10.8951,26.4204
-10.9257,26.4755
-10.9556,26.5256
-10.9869,26.5804
-11.0182,26.6332
-11.0259,26.5723
-11.0517,26.5975
-11.0817,26.6421
-11.1042,26.6507
-11.1218,26.6366
-11.1386,26.6194
-11.1538,26.5955
-11.1940,26.5913
-11.2159,26.5964
-11.2436,26.6257
-11.2759,26.6726
-11.2913,26.6500
-11.3110,26.6451
-11.3475,26.7063
-11.3492,26.6303
-11.3713,26.6349
-11.3936,26.6394
-11.4158,26.6438
-11.4368,26.6434
-11.4526,26.6236
-11.4948,26.7000
-11.5454,26.7274
-11.5763,26.7601
-11.6088,26.7975
-11.6328,26.8046
-11.6431,26.7651
-11.6603,26.7496
-11.7207,26.8044
-11.7468,26.8173
-11.7759,26.8397
-11.8038,26.8572
-11.8271,26.8602
-11.8536,26.8728
-11.8990,26.8738
-11.9273,26.8908
-11.9446,26.8745
-11.9666,26.8723
-11.9853,26.8607
-12.0089,26.8631
-12.0424,26.8938
-12.0888,26.8947
-12.1159,26.9062
-12.1160,26.8425
-12.1067,26.7541
-12.1250,26.7421
-12.1555,26.7628
-12.2275,26.8319
-12.2910,26.9372
-12.3062,26.9153
-12.3267,26.9074
-12.3764,26.9737
-12.3952,26.9609
-12.4757,27.0417
-12.5117,27.0702
-12.5345,27.0663
-12.5877,27.1354
-12.6300,27.1773
-12.6574,27.1828
-12.7214,27.2745
-12.6784,27.1142
-12.6975,27.1006
-12.7405,27.1418
-12.8018,27.2240
-12.8453,27.2644
-12.9116,27.3553
-12.8762,27.2183
-12.9813,27.3351
-12.9863,27.2889
-13.0751,27.4237
-13.0675,27.3500
-13.0829,27.3262
-13.1154,27.3385
-13.1696,27.3958
-13.2154,27.4348
-13.2244,27.3971
-13.2661,27.4268
-13.3036,27.4473
-13.3257,27.4364
-13.3433,27.4165
-13.3653,27.4054
-13.4320,27.4275
-13.4747,27.4561
-13.4968,27.4447
-13.5351,27.4641
-13.5852,27.5055
-13.6379,27.5510
-13.7135,27.5842
-13.7694,27.6334
-13.8232,27.6780
-13.8508,27.6743
-13.8881,27.6879
-13.9231,27.6970
-13.9781,27.7413
-13.9885,27.7060
-14.0311,27.7277
-14.0839,27.7666
-14.1095,27.7576
-14.1631,27.7968
-14.2590,27.9074
-14.3612,28.0269
-14.3941,27.9739
-14.3553,27.8560
-14.3993,27.8760
-14.4435,27.8959
-14.5173,27.9634
-14.5963,28.0381
-14.5583,27.8718
-14.5923,27.8740
-14.6746,27.9519
-14.7467,28.0125
-14.7894,28.0266
-14.8051,27.9986
-14.9663,28.1937
-14.8443,27.9552
-14.8817,27.9604
-14.9386,27.9946
-15.1886,28.3164
-15.2189,28.3081
-15.2569,28.2581
-15.3258,28.2532
-15.3561,28.2444
-15.3949,28.2478
-14.2341,23.7717
-14.2451,23.7580
-14.2523,23.7411
-14.2593,23.7242
-14.2703,23.7104
-14.2772,23.6935
-14.2989,23.6657
-14.3096,23.6518
-14.3164,23.6348
-14.3270,23.6209
-14.3336,23.6039
-14.3442,23.5898
-14.3547,23.5758
-14.3716,23.5446
-14.3820,23.5305
-14.3924,23.5163
-14.4027,23.5021
-14.4130,23.4879
-14.4232,23.4736
-14.4435,23.4450
-14.4536,23.4307
-14.4636,23.4163
-14.4736,23.4019
-14.4836,23.3875
-14.4894,23.3702
-14.5091,23.3412
-14.5189,23.3266
-14.5203,23.3065
-14.5216,23.2864
-14.5438,23.2801
-14.8842,22.6106
-14.8828,22.5906
-14.8723,22.5663
-14.8571,22.5399
-14.8645,22.5243
-14.8809,22.5130
-14.9109,22.5078
-14.9363,22.5005
-14.9527,22.4888
-14.9599,22.4729
-14.9670,22.4570
-14.9767,22.4231
-14.9791,22.4052
-14.9861,22.3892
-14.9884,22.3713
-14.9953,22.3553
-15.0021,22.3393
-15.0156,22.3073
-15.0269,22.2931
-15.0335,22.2770
-15.0448,22.2628
-15.0513,22.2466
-15.0578,22.2305
-15.0689,22.2161
-15.0770,22.1819
-15.0833,22.1656
-15.0849,22.1476
-15.1004,22.1348
-15.1300,22.1273
-15.1736,22.1249
-15.1717,22.0866
-15.1495,22.0599
-15.1319,22.0350
-15.1095,22.0085
-17.4113,19.7442
-17.3853,19.7221
-17.3593,19.7001
-17.3974,19.6750
-17.6125,19.3764
-17.6050,19.3531
-17.6479,19.3250
-17.6553,19.3002
-17.6853,19.2487
-17.6977,19.2230
-17.7001,19.1984
-17.7074,19.1732
-17.7096,19.1485
-17.7167,19.1232
-17.7138,19.0990
-17.7804,19.0663
-17.7525,19.0451
-17.7940,19.0150
-17.8354,18.9847
-17.8667,18.9555
-17.8831,18.9281
-17.8959,18.8759
-17.9071,18.8490
-17.9232,18.8213
-17.9342,18.7943
-17.9402,18.7679
-17.9510,18.7407
-17.9569,18.7142
-18.0116,18.6795
-17.9831,18.6586
-18.0133,18.6277
-18.0384,18.5975
-18.0586,18.5679
-18.0786,18.5383
-18.0985,18.5085
-18.1135,18.4532
-18.1332,18.4231
-18.1527,18.3928
-18.1672,18.3634
-18.1865,18.3329
-18.2057,18.3023
-18.2487,18.2665
-18.2194,18.2459
-18.2432,18.2139
-18.2669,18.1817
-18.2904,18.1494
-18.3139,18.1169
-18.3372,18.0842
-18.3543,18.0254
-18.3773,17.9923
-18.3953,17.9603
-18.4132,17.9282
-18.4358,17.8947
-18.4632,17.8599
-18.4885,17.7971
-18.5203,17.7606
-18.5520,17.7238
-18.5835,17.6868
-18.6149,17.6496
-18.6414,17.6135
-18.6553,17.5516
-18.6766,17.5165
-18.6977,17.4812
-18.7187,17.4457
-18.7443,17.4087
-18.7746,17.3701
-18.7965,17.3039
-18.8264,17.2648
-18.8561,17.2255
-18.8857,17.1860
-18.9104,17.1478
-18.9396,17.1079
-18.9688,17.0677
-18.9885,16.9995
-19.0125,16.9604
-19.0410,16.9197
-19.0694,16.8787
-19.0976,16.8375

# FrameTime=1781596550.11, PointCount=639
-4.3369,23.6833
-4.3848,23.6740
-4.3837,23.7213
-4.4521,23.6972
-4.4734,23.7056
-4.4966,23.7125
-4.5298,23.7122
-4.4675,23.7798
-4.4786,23.7954
-4.4879,23.8123
-4.6123,23.7456
-4.5790,23.7932
-4.5639,23.8278
-4.6255,23.8058
-4.6466,23.8135
-4.6979,23.7986
-4.7123,23.8343
-4.7355,23.8401
-4.7587,23.8457
-4.7859,23.8482
-4.8268,23.8398
-4.8459,23.8482
-4.9000,23.8522
-4.9191,23.8603
-4.9344,23.8714
-4.9536,23.8793
-4.9728,23.8871
-4.9881,23.8980
-4.9785,23.9293
-5.0188,23.9196
-5.0495,23.9176
-5.0555,23.9361
-5.0556,23.9595
-5.0940,23.9507
-5.0790,23.9871
-5.0946,23.9976
-5.1156,24.0033
-5.1031,24.0381
-5.1318,24.0371
-5.2037,23.9979
-5.1818,24.0410
-5.2422,24.0113
-5.1667,24.1027
-5.1947,24.1263
-5.2159,24.1314
-5.2429,24.1312
-5.2497,24.1494
-5.2693,24.1558
-5.3071,24.1451
-5.3352,24.1678
-5.3149,24.2117
-5.3723,24.1818
-5.3774,24.2016
-5.4078,24.1970
-5.4416,24.1889
-5.5126,24.1686
-5.5213,24.1845
-5.5408,24.1899
-5.5446,24.2108
-5.5570,24.2231
-5.5625,24.2426
-5.5841,24.2707
-5.6106,24.2685
-5.6162,24.2879
-5.6772,24.2494
-5.6671,24.2853
-5.7414,24.2319
-5.7676,24.2291
-5.7790,24.2670
-5.8010,24.2685
-5.7603,24.3381
-5.7482,24.3772
-5.8188,24.3253
-5.7975,24.3746
-5.8477,24.3445
-5.8803,24.3336
-5.8931,24.3450
-5.9388,24.3188
-5.9196,24.3667
-5.9390,24.3703
-5.9519,24.3815
-5.9446,24.4162
-5.9770,24.4046
-5.9997,24.4042
-5.9865,24.4463
-6.0029,24.4535
-6.0160,24.4645
-6.0324,24.4715
-6.0519,24.4747
-6.0600,24.4918
-6.0847,24.4885
-6.1105,24.4837
-6.1269,24.4904
-6.1308,24.5127
-6.1379,24.5312
-6.1451,24.5496
-6.1966,24.5114
-6.2161,24.5139
-6.2316,24.5214
-6.2662,24.5040
-6.2795,24.5142
-6.2778,24.5441
-6.2579,24.5986
-6.2987,24.5724
-6.3003,24.5984
-6.3165,24.6049
-6.3342,24.6094
-6.3684,24.5912
-6.4171,24.5526
-6.4189,24.5785
-6.3851,24.6542
-6.4634,24.5735
-6.4653,24.5994
-6.4732,24.6171
-6.4611,24.6635
-6.4549,24.7018
-6.4992,24.6674
-6.4854,24.7470
-6.5602,24.6668
-6.5487,24.7136
-6.5637,24.7215
-6.6181,24.6697
-6.6347,24.6746
-6.6029,24.7534
-6.5451,24.8730
-6.6256,24.7800
-6.6505,24.7723
-6.6699,24.7729
-6.6921,24.7693
-6.7088,24.7739
-6.7203,24.7870
-6.7124,24.8313
-6.7407,24.8173
-6.7471,24.8389
-6.7659,24.8403
-6.7955,24.8236
-6.8047,24.8407
-6.8062,24.8708
-7.4447,23.8254
-6.7843,24.9740
-7.4900,23.7996
-7.5087,23.7932
-7.5847,23.6871
-7.6129,23.6630
-7.6286,23.6605
-7.6369,23.6709
-7.6599,23.6552
-7.6828,23.6394
-7.6983,23.6365
-7.7090,23.6424
-7.7221,23.6439
-7.6948,23.7200
-7.6726,23.7876
-7.6838,23.7936
-7.6996,23.7907
-7.7131,23.7921
-7.7219,23.8024
-7.7078,23.8570
-7.7352,23.8318
-7.7465,23.8656
-7.1607,25.0595
-7.1809,25.0565
-7.1981,25.0595
-7.2307,25.0310
-7.2565,25.0158
-7.2670,25.0320
-7.2422,25.1218
-7.2616,25.1200
-7.2982,25.0819
-7.3408,25.0303
-7.3535,25.0418
-7.3398,25.1106
-7.3737,25.0767
-7.3508,25.1670
-7.3934,25.1132
-7.4222,25.0896
-7.4433,25.0826
-7.4744,25.0528
-7.4993,25.0365
-7.5062,25.0613
-7.5081,25.0982
-7.5342,25.0787
-7.5454,25.0943
-7.5566,25.1098
-7.5813,25.0931
-7.6096,25.0671
-7.6152,25.0963
-7.5916,25.1979
-7.6472,25.1039
-7.6623,25.1099
-7.6451,25.1978
-7.6726,25.1728
-7.6939,25.1632
-7.6948,25.2064
-7.7026,25.2325
-7.6757,25.3507
-7.7318,25.2489
-7.7612,25.2172
-7.7646,25.2556
-7.7801,25.2614
-7.8041,25.2435
-7.8169,25.2569
-7.8269,25.2782
-7.8496,25.2632
-7.8587,25.2875
-7.8873,25.2551
-7.9092,25.2415
-7.9072,25.2988
-7.9255,25.2962
-7.9443,25.2919
-7.9430,25.3491
-7.9818,25.2831
-7.9913,25.3072
-7.9950,25.3503
-8.0078,25.3648
-8.0385,25.3220
-8.0371,25.3826
-8.0512,25.3936
-8.0743,25.3747
-8.0916,25.3747
-8.1117,25.3650
-8.1235,25.3839
-8.1463,25.3646
-8.1717,25.3356
-8.1469,25.4843
-8.2046,25.3396
-8.2204,25.3440
-8.2375,25.3435
-8.2417,25.3911
-8.2513,25.4194
-8.2610,25.4477
-8.2708,25.4763
-8.2896,25.4705
-8.3131,25.4456
-8.3292,25.4496
-8.3489,25.4391
-8.3708,25.4188
-8.3834,25.4372
-8.3953,25.4589
-8.4156,25.4448
-8.4317,25.4485
-8.4478,25.4522
-8.4650,25.4510
-8.4833,25.4448
-8.5005,25.4435
-8.5166,25.4470
-8.4935,25.6363
-8.5431,25.4815
-8.5593,25.4848
-8.5736,25.4979
-8.5879,25.5109
-8.6023,25.5239
-8.6149,25.5467
-8.6180,25.6203
-8.6459,25.5627
-8.6603,25.5770
-8.6768,25.5800
-8.6925,25.5878
-8.7082,25.5956
-8.7214,25.6181
-8.7289,25.6756
-8.7579,25.6040
-8.7768,25.5920
-8.7957,25.5798
-8.8138,25.5726
-8.8280,25.5899
-8.8438,25.5973
-8.8517,25.6594
-8.8748,25.6169
-8.8901,25.6291
-8.9047,25.6462
-8.9208,25.6534
-8.9371,25.6593
-8.9538,25.6614
-8.9693,25.6734
-8.9594,25.8957
-9.0012,25.6924
-9.0163,25.7092
-9.0310,25.7310
-9.0447,25.7627
-9.0623,25.7595
-9.0804,25.7514
-9.0868,25.8595
-9.1149,25.7498
-9.1315,25.7564
-9.1508,25.7331
-9.1656,25.7595
-9.1805,25.7859
-9.1944,25.8271
-9.2120,25.8235
-9.2469,25.8212
-9.2645,25.8174
-9.2824,25.8086
-9.2983,25.8297
-9.3188,25.7770
-9.3304,25.8737
-9.3464,25.8996
-9.3638,25.9035
-9.3804,25.9214
-9.3980,25.9222
-9.4162,25.9059
-9.4307,25.9837
-9.4467,26.0293
-9.4649,26.0199
-9.4831,26.0083
-9.5012,25.9989
-9.5190,25.9965
-9.5371,25.9819
-9.5578,25.8264
-9.5752,25.8167
-9.5900,26.0056
-9.6095,25.8271
-9.6256,25.9960
-9.6434,25.9911
-9.6612,25.9762
-9.6789,25.9811
-9.6966,25.9761
-9.7146,26.0109
-9.7505,26.0305
-9.7689,26.0651
-9.7863,26.0348
-9.8036,26.0095
-9.8220,26.0340
-9.8408,26.0635
-9.8611,26.1351
-9.8781,26.1022
-9.8960,26.0966
-9.9143,26.1008
-9.9328,26.1100
-9.9511,26.1142
-9.9698,26.1233
-9.9882,26.1273
-10.0240,26.1176
-10.0435,26.1391
-10.0614,26.1330
-10.0809,26.1517
-9.6922,20.4568
-10.1207,26.1939
-10.1614,26.2408
-10.1770,26.2045
-10.1937,26.1830
-10.2138,26.2013
-10.2363,26.2444
-10.2600,26.2973
-10.2883,26.3926
-10.2978,26.2986
-10.3144,26.2768
-10.3341,26.2847
-10.3522,26.2777
-10.3713,26.2806
-10.3900,26.2785
-10.4092,26.2812
-10.4470,26.2816
-10.4656,26.2792
-10.4842,26.2768
-10.5008,26.2595
-10.5248,26.2965
-10.5470,26.3186
-10.5917,26.3626
-10.6098,26.3549
-10.6294,26.3569
-10.6498,26.3639
-10.6710,26.3757
-10.6915,26.3825
-10.7362,26.5350
-10.7310,26.3861
-10.7516,26.3927
-10.7723,26.3992
-10.7912,26.3959
-10.8093,26.3876
-10.8300,26.3939
-10.8471,26.3806
-10.8935,26.4175
-10.9241,26.4726
-10.9540,26.5226
-10.9853,26.5774
-11.0048,26.5735
-11.0294,26.5938
-11.0790,26.6344
-11.1026,26.6478
-11.1212,26.6386
-11.1380,26.6214
-11.1543,26.6023
-11.1738,26.5978
-11.2078,26.6547
-11.2130,26.5886
-11.2430,26.6277
-11.2729,26.6648
-11.2895,26.6472
-11.3080,26.6374
-11.3252,26.6228
-11.3448,26.6178
-11.3904,26.6317
-11.4152,26.6458
-11.4388,26.6550
-11.4506,26.6207
-11.4889,26.6827
-11.5221,26.7253
-11.5730,26.7525
-11.6027,26.7803
-11.6214,26.7697
-11.6509,26.7958
-11.6539,26.7324
-11.6984,26.8077
-11.7462,26.8193
-11.7738,26.8369
-11.8016,26.8544
-11.8250,26.8575
-11.8499,26.8652
-11.8749,26.8729
-11.9015,26.8852
-11.9286,26.8987
-11.9439,26.8764
-11.9659,26.8743
-11.9847,26.8626
-12.0116,26.8745
-12.0435,26.9005
-12.0693,26.9086
-12.1103,26.8941
-12.1188,26.8539
-12.1164,26.7843
-12.1261,26.7487
-12.1583,26.7741
-12.2030,26.8321
-12.2850,26.9252
-12.3055,26.9173
-12.3242,26.9047
-12.3739,26.9710
-12.3909,26.9536
-12.4505,27.0428
-12.5196,27.1541
-12.5167,27.0860
-12.5396,27.0821
-12.5890,27.1420
-12.6217,27.1608
-12.6587,27.1894
-12.6566,27.1252
-12.6778,27.1162
-12.7379,27.1392
-12.7992,27.2214
-12.8386,27.2527
-12.9028,27.3390
-12.8818,27.2339
-12.9279,27.2788
-12.9857,27.2909
-13.0746,27.4258
-13.0690,27.3565
-13.0866,27.3372
-13.1105,27.3315
-13.1668,27.3932
-13.2017,27.4097
-13.2369,27.4261
-13.2633,27.4243
-13.2986,27.4404
-13.3251,27.4384
-13.3472,27.4274
-13.3625,27.4029
-13.4093,27.4408
-13.4718,27.4537
-13.4939,27.4422
-13.5299,27.4572
-13.5776,27.4942
-13.6303,27.5397
-13.6857,27.5894
-13.7640,27.6266
-13.8202,27.6756
-13.8430,27.6631
-13.8827,27.6811
-13.9152,27.6859
-13.9502,27.6948
-14.0051,27.7384
-14.0783,27.7599
-14.1113,27.7639
-14.1574,27.7901
-14.2640,27.9189
-14.3555,28.0202
-14.3748,27.9986
-14.3521,27.8537
-14.3884,27.8609
-14.4403,27.8936
-14.4716,27.8920
-14.4556,27.8139
-14.5290,27.8800
-14.5917,27.8760
-14.6660,27.9412
-14.7380,28.0019
-14.7888,28.0286
-14.8045,28.0006
-14.8255,27.9810
-15.0587,28.2842
-14.8894,27.9749
-14.9214,27.9716
-15.1824,28.3101
-15.2239,28.3184
-15.2591,28.2642
-15.2921,28.2598
-15.3583,28.2505
-15.3914,28.2457
-14.2223,23.7873
-14.2406,23.7568
-14.2516,23.7430
-14.2587,23.7262
-14.2696,23.7124
-14.2805,23.6985
-14.2874,23.6816
-14.3090,23.6538
-14.3197,23.6398
-14.3264,23.6228
-14.3370,23.6088
-14.3436,23.5918
-14.3541,23.5778
-14.3606,23.5607
-14.3814,23.5325
-14.3918,23.5183
-14.4021,23.5041
-14.4123,23.4899
-14.4225,23.4756
-14.4327,23.4613
-14.4530,23.4327
-14.4589,23.4154
-14.4689,23.4010
-14.4789,23.3866
-14.4888,23.3721
-14.4945,23.3548
-14.5141,23.3258
-14.5155,23.3057
-14.5210,23.2884
-14.5390,23.2793
-14.8701,22.6060
-14.8866,22.5947
-14.8716,22.5683
-14.8520,22.5398
-14.8594,22.5242
-14.9057,22.5077
-14.9357,22.5024
-14.9566,22.4928
-14.9547,22.4728
-14.9619,22.4569
-14.9644,22.4390
-14.9785,22.4072
-14.9855,22.3912
-14.9924,22.3752
-14.9947,22.3573
-15.0015,22.3413
-15.0129,22.3272
-15.0263,22.2951
-15.0375,22.2809
-15.0441,22.2648
-15.0553,22.2505
-15.0618,22.2343
-15.0729,22.2199
-15.0793,22.2037
-15.0873,22.1694
-15.0936,22.1531
-15.1045,22.1386
-15.1200,22.1258
-15.1448,22.1164
-15.1744,22.1086
-15.1489,22.0619
-15.1219,22.0336
-15.1230,22.0155
-17.4057,19.7464
-17.3847,19.7241
-17.3630,19.7019
-17.3868,19.6775
-17.6118,19.3784
-17.6044,19.3551
-17.6022,19.3312
-17.6447,19.3031
-17.6897,19.2501
-17.6921,19.2255
-17.7094,19.1993
-17.7068,19.1751
-17.7139,19.1499
-17.7211,19.1246
-17.7281,19.0992
-17.7847,19.0676
-17.7518,19.0470
-17.7884,19.0176
-17.8199,18.9886
-17.8512,18.9594
-17.8776,18.9308
-17.8988,18.9026
-17.9001,18.8772
-17.9114,18.8503
-17.9225,18.8233
-17.9385,18.7955
-17.9494,18.7683
-17.9603,18.7411
-17.9760,18.7130
-18.0061,18.6823
-17.9923,18.6589
-18.0126,18.6297
-18.0378,18.5994
-18.0579,18.5699
-18.0780,18.5403
-18.0979,18.5105
-18.1129,18.4552
-18.1325,18.4251
-18.1521,18.3948
-18.1715,18.3644
-18.1859,18.3349
-18.2051,18.3043
-18.2188,18.2478
-18.2426,18.2158
-18.2614,18.1847
-18.2849,18.1524
-18.3084,18.1200
-18.3317,18.0873
-18.3439,18.0296
-18.3669,17.9966
-18.3898,17.9635
-18.4077,17.9314
-18.4352,17.8967
-18.4626,17.8619
-18.4830,17.8004
-18.5148,17.7638
-18.5417,17.7283
-18.5684,17.6927
-18.5998,17.6555
-18.6263,17.6195
-18.6451,17.5563
-18.6711,17.5198
-18.6923,17.4845
-18.7180,17.4477
-18.7485,17.4093
-18.7740,17.3721
-18.7959,17.3059
-18.8258,17.2668
-18.8555,17.2274
-18.8803,17.1894
-18.9097,17.1497
-18.9390,17.1098
-18.9634,17.0713
-18.9832,17.0030
-19.0118,16.9624
-19.0404,16.9216
-19.0687,16.8807
-19.1017,16.8379

# FrameTime=1781596550.21, PointCount=641
-4.3333,23.6838
-4.3318,23.7083
-4.3798,23.6988
-4.4113,23.7004
-4.4140,23.7219
-4.4886,23.6931
-4.5022,23.7299
-4.4500,23.7904
-4.4936,23.7827
-4.5637,23.7557
-4.6111,23.7446
-4.5474,23.8144
-4.6042,23.8196
-4.6334,23.8214
-4.6606,23.8245
-4.7158,23.8064
-4.7151,23.8303
-4.7423,23.8330
-4.7615,23.8416
-4.7708,23.8579
-4.8000,23.8587
-4.8408,23.8502
-4.8718,23.8492
-4.9066,23.8450
-4.9179,23.8592
-4.8885,23.9062
-4.9485,23.8814
-4.9638,23.8923
-4.9869,23.8969
-5.0061,23.9046
-5.0291,23.9090
-5.0368,23.9261
-5.0543,23.9350
-5.0661,23.9723
-5.0778,23.9861
-5.1140,23.9788
-5.0976,24.0168
-5.1056,24.0338
-5.1213,24.0441
-5.1881,24.0334
-5.2373,24.0136
-5.1544,24.1117
-5.1368,24.1520
-5.1693,24.1472
-5.2553,24.0934
-5.2375,24.1585
-5.2717,24.1514
-5.2949,24.1543
-5.3145,24.1606
-5.3050,24.1942
-5.3117,24.2126
-5.2936,24.2548
-5.3762,24.2005
-5.4101,24.1925
-5.4332,24.1948
-5.4884,24.1656
-5.5043,24.1746
-5.5166,24.1870
-5.5325,24.1959
-5.5558,24.2221
-5.5718,24.2308
-5.5773,24.2502
-5.5829,24.2697
-5.6059,24.2711
-5.6393,24.2616
-5.7064,24.2415
-5.7231,24.2490
-5.7561,24.2390
-5.7754,24.2434
-5.7872,24.2558
-5.7565,24.3143
-5.7451,24.3783
-5.7667,24.3805
-5.8370,24.3283
-5.8797,24.3064
-5.8560,24.3587
-5.9150,24.3178
-5.8581,24.4084
-5.9118,24.3731
-5.9280,24.3806
-5.9507,24.3805
-5.9629,24.3925
-6.0017,24.3732
-5.9728,24.4336
-5.9885,24.4414
-5.9420,24.5237
-6.0185,24.4590
-6.0344,24.4666
-6.0539,24.4698
-6.0703,24.4767
-6.0898,24.4797
-6.1062,24.4865
-6.1143,24.5035
-6.1296,24.5117
-6.1398,24.5262
-6.1852,24.4960
-6.2016,24.5025
-6.2079,24.5218
-6.1873,24.5761
-6.2620,24.5069
-6.2753,24.5171
-6.2796,24.5391
-6.2870,24.5572
-6.2945,24.5753
-6.3169,24.5734
-6.3213,24.5958
-6.3023,24.6502
-6.3672,24.5901
-6.4071,24.5636
-6.4235,24.5693
-6.4399,24.5750
-6.4650,24.5684
-6.4641,24.5983
-6.4049,24.7116
-6.4827,24.6297
-6.4736,24.6721
-6.4895,24.6787
-6.4674,24.7406
-6.5088,24.7100
-6.4955,24.7596
-6.5420,24.7209
-6.5559,24.7302
-6.5847,24.7172
-6.5814,24.7526
-6.5962,24.7607
-6.5939,24.7950
-6.6244,24.7790
-6.6493,24.7713
-6.6436,24.8113
-6.6882,24.7724
-6.7076,24.7729
-6.7217,24.7817
-6.7280,24.8033
-6.7369,24.8205
-6.7407,24.8463
-6.7437,24.8737
-6.7918,24.8268
-6.8043,24.8382
-6.8357,24.8181
-6.8804,24.7751
-6.8920,24.7878
-6.9137,24.7831
-6.8627,24.9037
-6.9271,24.8255
-6.9488,24.8207
-6.9606,24.8331
-7.5300,23.8571
-7.6270,23.7107
-7.6184,23.7519
-6.9816,24.9308
-7.6838,23.6852
-7.6970,23.6867
-7.7102,23.6882
-7.7234,23.6897
-7.7108,23.7396
-7.6984,23.7896
-7.7095,23.7955
-7.7161,23.8102
-7.7319,23.8072
-7.7454,23.8085
-7.7589,23.8098
-7.7633,23.8289
-7.7836,23.8167
-7.7881,23.8357
-7.7927,23.8548
-7.7997,23.8693
-7.8045,23.8884
-7.2651,25.0325
-7.2410,25.1208
-7.2584,25.1232
-7.3162,25.0403
-7.2695,25.1786
-7.3544,25.0362
-7.3526,25.0793
-7.3863,25.0455
-7.3813,25.0962
-7.4346,25.0182
-7.4413,25.0431
-7.4015,25.1729
-7.4651,25.0700
-7.4921,25.0492
-7.5050,25.0602
-7.5220,25.0621
-7.5369,25.0685
-7.5539,25.0703
-7.5426,25.1394
-7.5858,25.0782
-7.6084,25.0660
-7.6215,25.0768
-7.6309,25.0967
-7.6478,25.0982
-7.6304,25.1860
-7.6512,25.1782
-7.6259,25.2881
-7.6963,25.1529
-7.6954,25.2007
-7.7108,25.2066
-7.7186,25.2326
-7.7411,25.2198
-7.7513,25.2395
-7.7375,25.3251
-7.7789,25.2604
-7.7962,25.2613
-7.8117,25.2669
-7.8312,25.2614
-7.8451,25.2716
-7.8624,25.2723
-7.8725,25.2935
-7.9080,25.2405
-7.9203,25.2552
-7.9233,25.2983
-7.9416,25.2956
-7.9619,25.2865
-7.9806,25.2820
-7.9871,25.3156
-7.9562,25.4678
-8.0096,25.3542
-8.0343,25.3305
-8.0443,25.3544
-8.0630,25.3498
-8.0774,25.3593
-8.0975,25.3497
-8.0908,25.4311
-8.1139,25.4116
-8.1409,25.3779
-8.1677,25.3441
-8.1889,25.3294
-8.2034,25.3386
-8.2178,25.3478
-8.1997,25.4774
-8.2444,25.3756
-8.2526,25.4087
-8.2611,25.4418
-8.2685,25.4798
-8.2994,25.4260
-8.3118,25.4447
-8.3267,25.4536
-8.3477,25.4381
-8.3661,25.4323
-8.3833,25.4313
-8.3994,25.4352
-8.4227,25.4082
-8.4316,25.4427
-8.4289,25.5293
-8.4649,25.4451
-8.4821,25.4438
-8.4993,25.4425
-8.5164,25.4410
-8.5315,25.4493
-8.5429,25.4755
-8.5561,25.4936
-8.5602,25.5570
-8.5876,25.5050
-8.6059,25.4984
-8.6146,25.5408
-8.6282,25.5586
-8.6426,25.5729
-8.6591,25.5759
-8.6632,25.6482
-8.6921,25.5819
-8.7078,25.5897
-8.7235,25.5974
-8.7376,25.6150
-8.7591,25.5882
-8.7772,25.5811
-8.7804,25.6680
-8.8141,25.5617
-8.8268,25.5888
-8.8419,25.6012
-8.8570,25.6135
-8.8722,25.6257
-8.8868,25.6429
-8.8922,25.7280
-8.9196,25.6524
-8.9350,25.6645
-8.9539,25.6505
-8.9681,25.6724
-8.9825,25.6943
-9.0006,25.6864
-9.0180,25.6834
-9.0478,25.7219
-9.0514,25.8499
-9.0822,25.7206
-9.0977,25.7372
-9.1108,25.7786
-9.1321,25.7355
-9.1367,25.8734
-9.1670,25.7286
-9.1806,25.7699
-9.1960,25.7912
-9.2112,25.8175
-9.2273,25.8338
-9.2453,25.8251
-9.2629,25.8213
-9.2974,25.8236
-9.3128,25.8546
-9.3299,25.8606
-9.3470,25.8666
-9.3619,25.9145
-9.3792,25.9204
-9.4157,25.8899
-9.4298,25.9726
-9.4463,26.0083
-9.4634,26.0289
-9.4824,25.9923
-9.5001,25.9950
-9.5183,25.9755
-9.5354,26.0037
-9.5532,26.0040
-9.5739,25.8207
-9.5911,25.8259
-9.6066,25.9998
-9.6244,25.9950
-9.6422,25.9851
-9.6777,25.9751
-9.6954,25.9750
-9.7133,26.0049
-9.7315,26.0347
-9.7493,26.0344
-9.7670,26.0192
-9.8020,25.9935
-9.8203,26.0130
-9.8389,26.0375
-9.8577,26.0669
-9.8764,26.0862
-9.8958,26.1205
-9.9315,26.1063
-9.9502,26.1181
-9.9686,26.1222
-9.9872,26.1313
-10.0054,26.1303
-10.0239,26.1342
-10.0490,26.2452
-10.0596,26.1220
-10.0791,26.1407
-10.0994,26.1693
-10.1195,26.1928
-10.1410,26.2313
-10.1570,26.2000
-10.1943,26.4251
-10.1912,26.1670
-10.2144,26.2201
-10.2300,26.1886
-10.2588,26.2963
-10.2775,26.2944
-10.2946,26.2777
-10.3132,26.2757
-10.3504,26.2717
-10.3696,26.2746
-10.3893,26.2824
-10.4085,26.2851
-10.4278,26.2878
-10.4452,26.2756
-10.4797,26.2510
-10.5016,26.2733
-10.5175,26.2509
-10.5444,26.3077
-10.5709,26.3594
-10.5890,26.3517
-10.6086,26.3538
-10.6486,26.3628
-10.6690,26.3697
-10.6895,26.3765
-10.7100,26.3833
-10.7314,26.3949
-10.7512,26.3966
-10.7892,26.3899
-10.8081,26.3865
-10.8261,26.3782
-10.8459,26.3795
-10.8695,26.4005
-10.8989,26.4508
-10.9499,26.5069
-10.9821,26.5666
-11.0036,26.5724
-11.0241,26.5733
-11.0509,26.6033
-11.0816,26.6510
-11.1013,26.6468
-11.1258,26.6637
-11.1379,26.6252
-11.1520,26.5964
-11.1726,26.5968
-11.1933,26.5971
-11.2244,26.6410
-11.2519,26.6686
-11.2804,26.6995
-11.2895,26.6510
-11.3056,26.6315
-11.3203,26.6072
-11.3461,26.6264
-11.3645,26.6165
-11.3930,26.6452
-11.4350,26.6443
-11.4494,26.6197
-11.4850,26.6721
-11.5169,26.7099
-11.5531,26.7619
-11.5814,26.7850
-11.6230,26.7782
-11.6473,26.7867
-11.7016,26.8210
-11.7276,26.8340
-11.7523,26.8421
-11.7726,26.8358
-11.8158,26.9023
-11.8207,26.8469
-11.8472,26.8594
-11.8737,26.8719
-11.8988,26.8794
-11.9255,26.8917
-11.9475,26.8896
-11.9779,26.9123
-11.9916,26.8853
-12.0136,26.8830
-12.0258,26.8523
-12.0544,26.8687
-12.0903,26.9051
-12.1040,26.8790
-12.1294,26.8220
-12.1249,26.7477
-12.1519,26.7590
-12.1930,26.8077
-12.2699,26.9497
-12.2820,26.9195
-12.3267,26.9130
-12.3654,26.9514
-12.3897,26.9526
-12.4363,27.0093
-12.4776,27.0519
-12.5302,27.1213
-12.5441,27.0949
-12.6128,27.1414
-12.6669,27.2108
-12.6574,27.1288
-12.6726,27.1060
-12.7075,27.1290
-12.7526,27.1748
-12.8272,27.2288
-12.8774,27.2835
-12.8846,27.2420
-12.9041,27.2277
-12.9711,27.3179
-13.0409,27.4123
-13.0932,27.4098
-13.0854,27.3362
-13.0986,27.3078
-13.1591,27.3787
-13.1984,27.4042
-13.2356,27.4250
-13.2731,27.4457
-13.3062,27.4572
-13.3261,27.4418
-13.3482,27.4308
-13.3635,27.4063
-13.4036,27.4308
-13.4393,27.4462
-13.6425,27.7859
-13.4973,27.4500
-13.5217,27.4429
-13.5717,27.4843
-13.6221,27.5255
-13.6774,27.5752
-13.7330,27.6246
-13.7866,27.6695
-13.8345,27.6490
-13.8766,27.6713
-13.9115,27.6805
-13.9564,27.7069
-14.0014,27.7330
-14.0519,27.7684
-14.0949,27.7898
-14.1101,27.7629
-14.1432,27.7667
-14.2143,27.8351
-14.3391,27.9934
-14.3711,27.9932
-14.3404,27.8881
-14.4185,27.9649
-14.3768,27.8428
-14.4417,27.8968
-14.5070,27.9505
-14.4833,27.8595
-14.5172,27.8620
-14.5644,27.8854
-14.6198,27.9214
-14.7207,27.9756
-14.7957,28.0401
-14.7979,27.9912
-14.8352,27.9967
-14.8699,27.9978
-14.8744,27.9530
-15.1756,28.3008
-15.2254,28.3215
-15.2642,28.3254
-15.2776,28.2921
-15.2853,28.2505
-15.3382,28.2747
-15.3628,28.2577
-14.2254,23.8126
-14.2250,23.7894
-14.2245,23.7663
-14.2504,23.7420
-14.2575,23.7251
-14.2684,23.7113
-14.2793,23.6975
-14.2902,23.6836
-14.2970,23.6667
-14.3078,23.6528
-14.3252,23.6218
-14.3358,23.6078
-14.3424,23.5908
-14.3529,23.5767
-14.3594,23.5597
-14.3698,23.5455
-14.3865,23.5143
-14.3968,23.5001
-14.4071,23.4859
-14.4173,23.4717
-14.4315,23.4603
-14.4417,23.4460
-14.4618,23.4172
-14.4718,23.4028
-14.4818,23.3884
-14.4917,23.3739
-14.4974,23.3566
-14.5072,23.3421
-14.5226,23.3102
-14.5198,23.2873
-14.5419,23.2810
-14.8689,22.6050
-14.8524,22.5586
-14.8598,22.5430
-14.8582,22.5231
-14.8836,22.5160
-14.9317,22.5193
-14.8981,22.4847
-14.9463,22.4876
-14.9535,22.4718
-14.9652,22.4580
-14.9678,22.4400
-14.9748,22.4241
-14.9888,22.3922
-14.9912,22.3742
-14.9981,22.3582
-15.0049,22.3422
-15.0117,22.3262
-15.0184,22.3101
-15.0363,22.2798
-15.0429,22.2637
-15.0495,22.2476
-15.0560,22.2314
-15.0670,22.2171
-15.0735,22.2008
-15.0861,22.1683
-15.0924,22.1521
-15.1032,22.1375
-15.1188,22.1247
-15.1436,22.1153
-15.1779,22.1093
-15.1477,22.0608
-15.1301,22.0359
-15.1312,22.0178
-17.4045,19.7453
-17.3835,19.7230
-17.3625,19.7008
-17.3806,19.6767
-17.6106,19.3774
-17.6284,19.3517
-17.6110,19.3293
-17.6336,19.3030
-17.6785,19.2501
-17.6860,19.2250
-17.7032,19.1988
-17.7006,19.1747
-17.7028,19.1500
-17.7099,19.1247
-17.7170,19.0994
-17.7835,19.0666
-17.7556,19.0454
-17.7872,19.0166
-17.8187,18.9876
-17.8500,18.9584
-17.8764,18.9297
-17.9026,18.9008
-17.9039,18.8754
-17.9200,18.8478
-17.9312,18.8208
-17.9373,18.7944
-17.9433,18.7681
-17.9443,18.7424
-17.9748,18.7119
-18.0098,18.6805
-17.9911,18.6579
-18.0164,18.6278
-18.0415,18.5975
-18.0616,18.5680
-18.0817,18.5383
-18.1016,18.5085
-18.1166,18.4532
-18.1362,18.4231
-18.1558,18.3928
-18.1752,18.3624
-18.1945,18.3319
-18.2137,18.3012
-18.2225,18.2458
-18.2414,18.2148
-18.2602,18.1837
-18.2837,18.1514
-18.3023,18.1200
-18.3256,18.0874
-18.3379,18.0297
-18.3609,17.9968
-18.3838,17.9636
-18.4065,17.9303
-18.4340,17.8957
-18.4565,17.8620
-18.4770,17.8006
-18.5040,17.7653
-18.5308,17.7298
-18.5624,17.6929
-18.5890,17.6571
-18.6202,17.6197
-18.6390,17.5566
-18.6651,17.5201
-18.6862,17.4849
-18.7120,17.4480
-18.7329,17.4125
-18.7632,17.3739
-18.7851,17.3077
-18.8150,17.2686
-18.8447,17.2294
-18.8743,17.1899
-18.9038,17.1502
-18.9330,17.1103
-18.9622,17.0702
-18.9820,17.0020
-19.0106,16.9614
-19.0392,16.9206
-19.0675,16.8796
-19.1005,16.8368

# FrameTime=1781596550.31, PointCount=635
-4.3168,23.6950
-4.3878,23.6701
-4.3798,23.6988
-4.4072,23.7033
-4.4386,23.7048
-4.4886,23.6931
-4.4994,23.7086
-4.4633,23.7574
-4.4693,23.8002
-4.5677,23.7528
-4.6111,23.7446
-4.5415,23.8187
-4.5707,23.8208
-4.6141,23.8123
-4.6194,23.8318
-4.6526,23.8305
-4.7158,23.8064
-4.7111,23.8333
-4.7304,23.8421
-4.7615,23.8416
-4.7886,23.8441
-4.8408,23.8502
-4.8718,23.8492
-4.8949,23.8543
-4.9140,23.8623
-4.9332,23.8703
-4.9524,23.8782
-4.9869,23.8969
-5.0061,23.9046
-5.0291,23.9090
-5.0522,23.9133
-5.0581,23.9318
-5.0544,23.9585
-5.0661,23.9723
-5.0416,24.0170
-5.1065,23.9853
-5.0976,24.0168
-5.1132,24.0272
-5.1213,24.0441
-5.1950,24.0035
-5.1415,24.0746
-5.2224,24.0269
-5.2007,24.0702
-5.1553,24.1352
-5.1861,24.1320
-5.2480,24.1001
-5.2363,24.1351
-5.2558,24.1416
-5.2368,24.1838
-5.2803,24.1680
-5.3145,24.1606
-5.3340,24.1667
-5.3371,24.1885
-5.3675,24.1842
-5.3942,24.1832
-5.4332,24.1948
-5.4742,24.1795
-5.5114,24.1675
-5.5272,24.1765
-5.5395,24.1889
-5.5469,24.2062
-5.5683,24.2344
-5.5773,24.2502
-5.5933,24.2589
-5.6094,24.2675
-5.6323,24.2688
-5.6726,24.2520
-5.7059,24.2672
-5.7595,24.2353
-5.7788,24.2397
-5.7770,24.2668
-5.7795,24.2894
-5.7490,24.3481
-5.7538,24.3688
-5.7613,24.3864
-5.8337,24.3320
-5.8730,24.3138
-5.8626,24.3512
-5.9051,24.3290
-5.8949,24.3665
-5.9085,24.3769
-5.8979,24.4153
-5.9540,24.3767
-5.9636,24.3916
-5.9920,24.3846
-5.9888,24.4146
-5.9885,24.4414
-6.0017,24.4525
-6.0121,24.4666
-6.0312,24.4705
-6.0476,24.4775
-6.0703,24.4767
-6.0929,24.4758
-6.1187,24.4710
-6.1225,24.4933
-6.1109,24.5352
-6.1460,24.5184
-6.1790,24.5039
-6.1985,24.5065
-6.2140,24.5139
-6.2335,24.5164
-6.2711,24.4950
-6.2084,24.6048
-6.2706,24.5510
-6.2810,24.5652
-6.2852,24.5877
-6.2991,24.5974
-6.3164,24.6024
-6.3566,24.5762
-6.3367,24.6320
-6.4189,24.5475
-6.4294,24.5612
-6.4399,24.5750
-6.4650,24.5684
-6.4641,24.5983
-6.4691,24.6202
-6.4684,24.6502
-6.4789,24.6939
-6.5033,24.6882
-6.4751,24.7594
-6.4899,24.7679
-6.5392,24.7250
-6.5735,24.7038
-6.5588,24.7562
-6.5904,24.7390
-6.5989,24.7565
-6.5885,24.8034
-6.6298,24.7706
-6.6466,24.7755
-6.6714,24.7677
-6.6739,24.7950
-6.7076,24.7729
-6.7270,24.7733
-6.7359,24.7905
-6.7448,24.8078
-6.7433,24.8421
-6.7749,24.8224
-6.7840,24.8396
-6.8043,24.8382
-6.8332,24.8224
-6.8754,24.7837
-6.8870,24.7963
-6.9112,24.7874
-6.9154,24.8129
-6.8847,24.8991
-6.9463,24.8250
-6.9655,24.8245
-6.9651,24.8586
-6.9697,24.8840
-6.9865,24.8878
-7.0034,24.8914
-6.9706,24.9855
-6.9895,24.9860
-7.0208,24.9633
-7.7092,23.7161
-7.5814,23.9822
-7.7335,23.7233
-7.7444,23.7291
-7.7554,23.7349
-7.6997,23.8693
-7.7774,23.7462
-7.7612,23.8051
-7.7633,23.8289
-7.7791,23.8256
-7.7903,23.8312
-7.8038,23.8324
-7.8151,23.8379
-7.8308,23.8345
-7.8443,23.8355
-7.8620,23.8274
-7.8711,23.8373
-7.8568,23.8969
-7.8874,23.8615
-7.3552,25.1134
-7.3792,25.1007
-7.4244,25.0409
-7.4433,25.0385
-7.4461,25.0725
-7.4196,25.1735
-7.4921,25.0492
-7.5031,25.0648
-7.5200,25.0667
-7.5350,25.0731
-7.5481,25.0840
-7.5689,25.0766
-7.5482,25.1688
-7.6065,25.0706
-7.6215,25.0768
-7.6309,25.0967
-7.6460,25.1028
-7.6390,25.1644
-7.6530,25.1735
-7.6756,25.1609
-7.6686,25.2243
-7.7008,25.1867
-7.7108,25.2066
-7.7168,25.2373
-7.7358,25.2338
-7.7530,25.2349
-7.7634,25.2547
-7.7806,25.2557
-7.7798,25.3067
-7.8117,25.2669
-7.8329,25.2567
-7.8451,25.2716
-7.8591,25.2818
-7.8925,25.2352
-7.9080,25.2405
-7.9039,25.3040
-7.9248,25.2936
-7.9400,25.3003
-7.9603,25.2912
-7.9791,25.2868
-7.9856,25.3204
-7.9923,25.3540
-7.9679,25.4872
-8.0270,25.3543
-8.0472,25.3449
-8.0533,25.3816
-8.0745,25.3689
-8.0989,25.3449
-8.1021,25.3927
-8.0999,25.4598
-8.1437,25.3683
-8.1650,25.3537
-8.1849,25.3438
-8.2034,25.3386
-8.2165,25.3526
-8.2324,25.3569
-8.2198,25.4673
-8.2526,25.4087
-8.2611,25.4418
-8.2697,25.4750
-8.2982,25.4308
-8.3131,25.4397
-8.3304,25.4389
-8.3369,25.4819
-8.3649,25.4372
-8.3810,25.4410
-8.3983,25.4400
-8.4144,25.4438
-8.4316,25.4427
-8.4477,25.4463
-8.4398,25.5573
-8.4810,25.4487
-8.4972,25.4522
-8.5157,25.4443
-8.5315,25.4493
-8.5429,25.4755
-8.5561,25.4936
-8.5704,25.5066
-8.5737,25.5753
-8.6001,25.5278
-8.6127,25.5506
-8.6273,25.5635
-8.6426,25.5729
-8.6591,25.5759
-8.6756,25.5789
-8.6782,25.6610
-8.7078,25.5897
-8.7227,25.6023
-8.7368,25.6199
-8.7583,25.5931
-8.7756,25.5909
-8.7968,25.5640
-8.7998,25.6540
-8.8261,25.5938
-8.8419,25.6012
-8.8570,25.6135
-8.8722,25.6257
-8.8875,25.6380
-8.9022,25.6551
-8.9189,25.6573
-8.9539,25.6505
-8.9681,25.6724
-8.9825,25.6943
-9.0006,25.6864
-9.0168,25.6933
-9.0320,25.7101
-9.0345,26.0090
-9.0817,25.7255
-9.0972,25.7421
-9.1113,25.7736
-9.1307,25.7504
-9.1500,25.7271
-9.1635,25.7684
-9.1960,25.7912
-9.2108,25.8225
-9.2277,25.8288
-9.2457,25.8201
-9.2633,25.8164
-9.2805,25.8175
-9.3134,25.8447
-9.3305,25.8507
-9.3475,25.8566
-9.3619,25.9145
-9.3792,25.9204
-9.3982,25.8892
-9.4298,25.9726
-9.4464,26.0033
-9.4634,26.0289
-9.4822,25.9973
-9.5002,25.9900
-9.5182,25.9805
-9.5351,26.0209
-9.5531,26.0090
-9.5739,25.8207
-9.5912,25.8159
-9.6066,25.9998
-9.6244,25.9950
-9.6422,25.9851
-9.6600,25.9701
-9.6954,25.9850
-9.7133,25.9999
-9.7312,26.0147
-9.7492,26.0244
-9.7670,26.0192
-9.7843,25.9939
-9.8207,26.0280
-9.8393,26.0524
-9.8579,26.0718
-9.8769,26.1012
-9.8956,26.1155
-9.9136,26.1121
-9.9502,26.1181
-9.9686,26.1222
-9.9872,26.1313
-10.0054,26.1303
-10.0234,26.1266
-10.0417,26.1281
-10.0675,26.2440
-10.0794,26.1457
-10.0994,26.1693
-10.1195,26.1928
-10.1413,26.2363
-10.1574,26.2049
-10.1733,26.1736
-10.1963,26.2267
-10.2305,26.1936
-10.2541,26.2465
-10.2775,26.2944
-10.2951,26.2826
-10.3132,26.2757
-10.3329,26.2837
-10.3707,26.2845
-10.3905,26.2923
-10.4085,26.2851
-10.4266,26.2779
-10.4445,26.2707
-10.4618,26.2584
-10.5023,26.2782
-10.5161,26.2411
-10.5444,26.3077
-10.5702,26.3544
-10.5883,26.3467
-10.6079,26.3489
-10.6282,26.3559
-10.6674,26.3599
-10.6895,26.3765
-10.7108,26.3882
-10.7356,26.4195
-10.7538,26.4113
-10.7719,26.4031
-10.8090,26.3914
-10.8261,26.3782
-10.8450,26.3746
-10.8677,26.3907
-10.8970,26.4410
-10.9267,26.4911
-10.9652,26.5833
-10.9801,26.5568
-11.0026,26.5675
-11.0251,26.5781
-11.0488,26.5936
-11.0816,26.6510
-11.1013,26.6468
-11.1156,26.6180
-11.1368,26.6203
-11.1508,26.5915
-11.1726,26.5968
-11.1911,26.5874
-11.2221,26.6313
-11.2507,26.6637
-11.2752,26.6784
-11.2895,26.6510
-11.3056,26.6315
-11.3178,26.5975
-11.3436,26.6167
-11.3683,26.6310
-11.3943,26.6500
-11.4140,26.6448
-11.4508,26.6245
-11.4810,26.6576
-11.5155,26.7050
-11.5517,26.7571
-11.5772,26.7706
-11.6015,26.7792
-11.6445,26.7771
-11.6944,26.7971
-11.7247,26.8245
-11.7509,26.8374
-11.7741,26.8406
-11.8154,26.9010
-11.8348,26.8910
-11.8472,26.8594
-11.8737,26.8719
-11.8956,26.8699
-11.9192,26.8727
-11.9459,26.8849
-11.9695,26.8875
-12.0136,26.8830
-12.0275,26.8570
-12.0495,26.8546
-12.0886,26.9004
-12.1091,26.8931
-12.1108,26.8340
-12.1197,26.7336
-12.1537,26.7637
-12.1913,26.8030
-12.2629,26.9310
-12.2820,26.9195
-12.3043,26.9163
-12.4006,27.1029
-12.3545,26.9235
-12.3934,26.9618
-12.4307,26.9954
-12.4851,27.0704
-12.5246,27.1074
-12.5346,27.0718
-12.5916,27.1502
-12.6650,27.2062
-12.6788,27.1793
-12.6746,27.1106
-12.7036,27.1199
-12.7466,27.1611
-12.7919,27.2067
-12.8672,27.2607
-12.8887,27.2511
-12.9000,27.2186
-12.9753,27.3270
-13.0325,27.3941
-13.0481,27.3702
-13.0678,27.3555
-13.1132,27.3951
-13.0964,27.3033
-13.1591,27.3787
-13.1919,27.3907
-13.2335,27.4205
-13.2731,27.4457
-13.3084,27.4617
-13.3195,27.4284
-13.3415,27.4174
-13.3613,27.4019
-13.3991,27.4219
-13.4370,27.4418
-13.4774,27.4659
-13.6057,27.6586
-13.5217,27.4429
-13.5671,27.4755
-13.6174,27.5166
-13.6727,27.5664
-13.7212,27.6027
-13.7842,27.6651
-13.8142,27.6658
-13.8742,27.6670
-13.9042,27.6674
-13.9515,27.6982
-14.0014,27.7330
-14.0544,27.7727
-14.0895,27.7805
-14.1382,27.7581
-14.2067,27.8222
-14.3264,27.9719
-14.3660,27.9846
-14.3455,27.8967
-14.3535,27.8569
-14.4551,27.9719
-14.4417,27.8968
-14.5018,27.9420
-14.5043,27.8935
-14.5093,27.8493
-14.5591,27.8770
-14.6145,27.9129
-14.6969,27.9907
-14.7957,28.0401
-14.8087,28.0080
-14.8653,28.0427
-14.8617,27.9853
-14.8772,27.9572
-15.1454,28.3089
-15.2254,28.3215
-15.2502,28.3048
-15.2720,28.2838
-15.2796,28.2423
-15.3354,28.2706
-15.3599,28.2536
-14.2211,23.7863
-14.2245,23.7663
-14.2355,23.7526
-14.2575,23.7251
-14.2645,23.7082
-14.2754,23.6944
-14.2862,23.6806
-14.2970,23.6667
-14.3038,23.6497
-14.3252,23.6218
-14.3358,23.6078
-14.3424,23.5908
-14.3529,23.5767
-14.3594,23.5597
-14.3698,23.5455
-14.3906,23.5173
-14.4009,23.5031
-14.4111,23.4888
-14.4213,23.4746
-14.4274,23.4574
-14.4376,23.4431
-14.4477,23.4287
-14.4677,23.4000
-14.4776,23.3856
-14.4876,23.3711
-14.4974,23.3566
-14.5072,23.3421
-14.5129,23.3248
-14.5198,23.2873
-14.5336,23.2755
-14.8689,22.6050
-14.8524,22.5586
-14.8598,22.5430
-14.8536,22.5210
-14.8836,22.5160
-14.9436,22.5056
-14.9554,22.4918
-14.9580,22.4738
-14.9652,22.4580
-14.9723,22.4420
-14.9748,22.4241
-14.9888,22.3922
-14.9958,22.3762
-14.9981,22.3582
-15.0049,22.3422
-15.0117,22.3262
-15.0184,22.3101
-15.0317,22.2779
-15.0429,22.2637
-15.0495,22.2476
-15.0560,22.2314
-15.0624,22.2152
-15.0688,22.1990
-15.0751,22.1828
-15.0924,22.1521
-15.1032,22.1375
-15.1188,22.1247
-15.1389,22.1136
-15.1919,22.1145
-15.1464,22.0790
-15.1301,22.0359
-15.1218,22.0145
-17.3995,19.7455
-17.3835,19.7230
-17.3568,19.7011
-17.3806,19.6767
-17.6234,19.3522
-17.6110,19.3293
-17.6137,19.3049
-17.6760,19.2746
-17.6760,19.2261
-17.6933,19.1999
-17.6956,19.1752
-17.7028,19.1500
-17.7149,19.1241
-17.7120,19.1000
-17.7308,19.0485
-17.7723,19.0185
-17.8087,18.9889
-17.8451,18.9591
-17.8714,18.9304
-17.8927,18.9023
-17.9150,18.8485
-17.9312,18.8208
-17.9373,18.7944
-17.9433,18.7681
-17.9443,18.7424
-17.9698,18.7127
-17.9911,18.6579
-18.0164,18.6278
-18.0415,18.5975
-18.0616,18.5680
-18.0817,18.5383
-18.1016,18.5085
-18.1214,18.4786
-18.1456,18.4476
-18.1362,18.4231
-18.1558,18.3928
-18.1752,18.3624
-18.1945,18.3319
-18.2137,18.3012
-18.2328,18.2704
-18.2658,18.2365
-18.2463,18.2137
-18.2650,18.1826
-18.2837,18.1514
-18.3023,18.1200
-18.3256,18.0874
-18.3440,18.0558
-18.3954,18.0162
-18.3609,17.9968
-18.3838,17.9636
-18.4065,17.9303
-18.4291,17.8969
-18.4517,17.8633
-18.4741,17.8295
-18.4943,17.7678
-18.5212,17.7324
-18.5479,17.6968
-18.5745,17.6610
-18.6010,17.6250
-18.6273,17.5889
-18.6459,17.5256
-18.6718,17.4890
-18.6976,17.4522
-18.7233,17.4153
-18.7488,17.3782
-18.7790,17.3394
-18.8007,17.2730
-18.8304,17.2338
-18.8600,17.1944
-18.8895,17.1547
-18.9188,17.1149
-18.9479,17.0748
-18.9677,17.0066
-18.9964,16.9661
-19.0297,16.9238
-19.0581,16.8828
-19.0910,16.8401

# FrameTime=1781596550.41, PointCount=640
-4.3346,23.6790
-4.3247,23.7090
-4.3728,23.6996
-4.4043,23.7013
-4.4070,23.7227
-4.4898,23.6883
-4.5257,23.7092
-4.4145,23.8116
-4.4907,23.7807
-4.5688,23.7479
-4.6041,23.7456
-4.5404,23.8153
-4.5799,23.8100
-4.5932,23.8236
-4.6304,23.8195
-4.6537,23.8256
-4.7169,23.8015
-4.7121,23.8284
-4.7393,23.8311
-4.7586,23.8398
-4.7679,23.8560
-4.7970,23.8568
-4.8457,23.8422
-4.8767,23.8412
-4.8958,23.8493
-4.9150,23.8574
-4.9341,23.8654
-4.9647,23.8874
-4.9878,23.8920
-5.0070,23.8996
-5.0339,23.9009
-5.0530,23.9084
-5.0590,23.9268
-5.0555,23.9770
-5.0862,23.9746
-5.1111,23.9771
-5.0946,24.0150
-5.1026,24.0320
-5.1145,24.0457
-5.1265,24.0593
-5.1963,24.0217
-5.2305,24.0152
-5.1513,24.1099
-5.1374,24.1469
-5.1736,24.1387
-5.2523,24.0916
-5.2369,24.1300
-5.1847,24.2026
-5.2687,24.1497
-5.2882,24.1560
-5.3114,24.1589
-5.3019,24.1925
-5.3485,24.1730
-5.2833,24.2600
-5.3803,24.1919
-5.4071,24.1909
-5.4302,24.1932
-5.4818,24.1674
-5.5048,24.1694
-5.5277,24.1713
-5.5329,24.1908
-5.5563,24.2169
-5.5652,24.2328
-5.5742,24.2486
-5.5832,24.2645
-5.6063,24.2659
-5.6396,24.2564
-5.7068,24.2364
-5.7131,24.2547
-5.7530,24.2374
-5.7724,24.2418
-5.7807,24.2580
-5.7500,24.3165
-5.7453,24.3731
-5.7635,24.3789
-5.8339,24.3268
-5.8732,24.3086
-5.8562,24.3534
-5.9086,24.3200
-5.8925,24.3641
-5.9079,24.3725
-5.9216,24.3829
-5.9541,24.3714
-5.9573,24.3939
-5.9889,24.3831
-5.9723,24.4289
-5.9854,24.4400
-6.0153,24.4575
-6.0312,24.4652
-6.0507,24.4683
-6.0734,24.4675
-6.0961,24.4666
-6.1218,24.4618
-6.0881,24.5309
-6.1389,24.4947
-6.1459,24.5130
-6.1789,24.4986
-6.2015,24.4972
-6.2139,24.5086
-6.2303,24.5150
-6.1824,24.6049
-6.2781,24.5078
-6.2583,24.5616
-6.2838,24.5559
-6.2943,24.5700
-6.3108,24.5761
-6.3162,24.5970
-6.3228,24.6166
-6.3669,24.5848
-6.4186,24.5421
-6.4174,24.5721
-6.4426,24.5656
-6.4618,24.5671
-6.4638,24.5930
-6.4458,24.6475
-6.3902,24.7562
-6.4704,24.6708
-6.4785,24.6885
-6.5170,24.6622
-6.4585,24.7777
-6.4922,24.7584
-6.5387,24.7196
-6.5527,24.7290
-6.5842,24.7118
-6.5816,24.7460
-6.5929,24.7594
-6.5825,24.8063
-6.6238,24.7736
-6.6433,24.7743
-6.6376,24.8143
-6.6849,24.7712
-6.7070,24.7674
-6.7211,24.7763
-6.7273,24.7978
-6.7362,24.8151
-6.7427,24.8366
-6.7742,24.8170
-6.7809,24.8382
-6.8011,24.8370
-6.8325,24.8169
-6.8721,24.7825
-6.8862,24.7909
-6.9104,24.7820
-6.8904,24.8492
-6.9238,24.8243
-6.9405,24.8282
-6.9573,24.8320
-6.9593,24.8618
-6.9615,24.8916
-6.9711,24.9085
-6.9807,24.9253
-6.9834,24.9550
-7.0123,24.9369
-7.0221,24.9536
-7.0730,24.8940
-7.0875,24.9018
-7.0973,24.9183
-7.0948,24.9584
-7.0563,25.0680
-7.1242,24.9737
-7.1389,24.9812
-7.6855,23.9470
-7.6722,24.0019
-7.8143,23.7489
-7.8298,23.7455
-7.8364,23.7599
-7.8519,23.7564
-7.8629,23.7618
-7.8696,23.7762
-7.8764,23.7905
-7.8747,23.8229
-7.8732,23.8552
-7.8866,23.8562
-7.8958,23.8661
-7.9093,23.8668
-7.9248,23.8630
-7.9403,23.8590
-7.9455,23.8779
-7.9651,23.8647
-7.9765,23.8698
-7.9899,23.8703
-7.9473,23.9988
-7.9789,23.9582
-7.9650,24.0228
-7.5355,25.0630
-7.5505,25.0694
-7.5578,25.0940
-7.5249,25.2156
-7.5974,25.0835
-7.6162,25.0805
-7.6275,25.0958
-7.6445,25.0973
-7.6374,25.1589
-7.6496,25.1726
-7.6740,25.1554
-7.6851,25.1722
-7.6974,25.1859
-7.7033,25.2166
-7.7169,25.2271
-7.7359,25.2236
-7.7496,25.2340
-7.7599,25.2538
-7.7721,25.2688
-7.7927,25.2605
-7.8083,25.2660
-7.8294,25.2559
-7.8433,25.2661
-7.8589,25.2715
-7.8907,25.2297
-7.8720,25.3356
-7.9185,25.2497
-7.9214,25.2928
-7.9381,25.2948
-7.9600,25.2809
-7.9756,25.2860
-7.9821,25.3196
-7.9359,25.5200
-8.0046,25.3582
-8.0250,25.3487
-8.0437,25.3441
-8.0581,25.3538
-8.0739,25.3586
-8.0926,25.3537
-8.0929,25.4112
-8.1081,25.4190
-8.1416,25.3628
-8.1629,25.3482
-8.1841,25.3335
-8.1972,25.3475
-8.2144,25.3471
-8.2302,25.3514
-8.2163,25.4666
-8.2504,25.4032
-8.2576,25.4412
-8.2674,25.4695
-8.2947,25.4302
-8.3084,25.4439
-8.3269,25.4383
-8.3298,25.4958
-8.3603,25.4414
-8.3775,25.4404
-8.3948,25.4394
-8.4203,25.4027
-8.4281,25.4420
-8.4453,25.4409
-8.4265,25.6006
-8.4775,25.4481
-8.4947,25.4467
-8.5108,25.4502
-8.5290,25.4439
-8.5404,25.4701
-8.5526,25.4930
-8.5688,25.4963
-8.5722,25.5646
-8.6023,25.4979
-8.6120,25.5353
-8.6256,25.5532
-8.6391,25.5724
-8.6547,25.5803
-8.6688,25.5967
-8.6877,25.5863
-8.7034,25.5941
-8.7191,25.6018
-8.7332,25.6194
-8.7547,25.5926
-8.7737,25.5806
-8.7933,25.5635
-8.7883,25.7047
-8.8225,25.5933
-8.8376,25.6056
-8.8535,25.6130
-8.8687,25.6253
-8.8840,25.6375
-8.9000,25.6447
-8.9027,25.7515
-8.9321,25.6591
-8.9503,25.6500
-8.9646,25.6720
-8.9789,25.6939
-8.9970,25.6860
-9.0138,25.6879
-9.0279,25.7147
-9.0786,25.7202
-9.0941,25.7368
-9.1072,25.7782
-9.1281,25.7401
-9.1469,25.7218
-9.1522,25.8546
-9.1770,25.7695
-9.1924,25.7909
-9.2072,25.8221
-9.2241,25.8285
-9.2421,25.8198
-9.2596,25.8160
-9.2714,25.8990
-9.2944,25.8134
-9.3092,25.8543
-9.3265,25.8553
-9.3436,25.8613
-9.3580,25.9192
-9.3758,25.9151
-9.3924,25.9359
-9.4122,25.8847
-9.4264,25.9674
-9.4427,26.0030
-9.4599,26.0236
-9.4785,25.9970
-9.4965,25.9898
-9.5144,25.9852
-9.5495,26.0038
-9.5703,25.8204
-9.5875,25.8207
-9.6030,25.9946
-9.6208,25.9898
-9.6386,25.9799
-9.6562,26.0771
-9.6740,25.9699
-9.6917,25.9749
-9.7096,25.9997
-9.7278,26.0395
-9.7456,26.0293
-9.7633,26.0190
-9.7832,26.1258
-9.7986,26.0033
-9.8166,26.0129
-9.8354,26.0473
-9.8542,26.0717
-9.8730,26.0961
-9.8920,26.1204
-9.9099,26.1120
-9.6801,20.4561
-9.6815,20.4610
-9.9832,26.1262
-10.0014,26.1252
-10.0198,26.1291
-10.0374,26.1181
-10.0753,26.1406
-10.0953,26.1643
-10.1158,26.1928
-10.1376,26.2362
-10.1533,26.1999
-10.1687,26.1636
-10.2101,26.2152
-10.2258,26.1837
-10.2536,26.2814
-10.2737,26.2945
-10.2903,26.2727
-10.3089,26.2708
-10.3280,26.2738
-10.3658,26.2747
-10.3850,26.2775
-10.4042,26.2802
-10.4222,26.2730
-10.4401,26.2658
-10.4574,26.2535
-10.4978,26.2734
-10.5137,26.2510
-10.5406,26.3078
-10.5664,26.3546
-10.5845,26.3469
-10.6040,26.3490
-10.6384,26.4477
-10.6432,26.3531
-10.6644,26.3649
-10.6857,26.3767
-10.7078,26.3933
-10.7318,26.4197
-10.7491,26.4066
-10.7681,26.4033
-10.8052,26.3916
-10.8223,26.3784
-10.8403,26.3699
-10.8648,26.3958
-10.8951,26.4510
-10.9248,26.5012
-10.9752,26.5522
-11.0007,26.5776
-11.0212,26.5784
-11.0439,26.5890
-11.0777,26.6513
-11.0974,26.6471
-11.1336,26.6237
-11.1492,26.6016
-11.1676,26.5922
-11.1883,26.5926
-11.2182,26.6317
-11.2468,26.6641
-11.2701,26.6739
-11.2856,26.6513
-11.3029,26.6367
-11.3140,26.5979
-11.3410,26.6219
-11.3656,26.6362
-11.3891,26.6456
-11.4101,26.6452
-11.4468,26.6249
-11.4784,26.6629
-11.5116,26.7055
-11.5464,26.7528
-11.5760,26.7807
-11.5989,26.7845
-11.6391,26.7728
-11.6889,26.7928
-11.7222,26.8298
-11.7469,26.8379
-11.7687,26.8364
-11.8168,26.8474
-11.8417,26.8552
-11.8682,26.8677
-11.8917,26.8705
-11.9167,26.8780
-11.9419,26.8855
-11.9639,26.8833
-12.0096,26.8836
-12.0235,26.8576
-12.0471,26.8599
-12.0863,26.9057
-12.1034,26.8890
-12.1051,26.8300
-12.1175,26.7390
-12.1462,26.7550
-12.1873,26.8037
-12.2571,26.9270
-12.2762,26.9155
-12.3003,26.9170
-12.3948,27.0990
-12.3559,26.9382
-12.3875,26.9580
-12.4304,27.0054
-12.4810,27.0712
-12.5205,27.1082
-12.5305,27.0726
-12.5875,27.1510
-12.6628,27.2719
-12.6609,27.2070
-12.6728,27.1756
-12.6685,27.1068
-12.7015,27.1253
-12.7445,27.1665
-12.7878,27.2076
-12.8529,27.2388
-12.8867,27.2566
-12.8979,27.2241
-12.9711,27.3279
-13.0242,27.3860
-13.0460,27.3757
-13.0615,27.3519
-13.1154,27.4097
-13.0944,27.3088
-13.1549,27.3797
-13.1856,27.3873
-13.2315,27.4261
-13.2689,27.4467
-13.3042,27.4628
-13.3197,27.4384
-13.3440,27.4319
-13.3616,27.4119
-13.3926,27.4186
-13.4351,27.4473
-13.4732,27.4671
-13.6060,27.6686
-13.5198,27.4485
-13.5629,27.4766
-13.6155,27.5222
-13.6684,27.5676
-13.7193,27.6083
-13.7776,27.6619
-13.8099,27.6671
-13.8675,27.6639
-13.8975,27.6643
-13.9423,27.6907
-13.9750,27.6952
-14.0476,27.7697
-14.0852,27.7818
-14.1364,27.7638
-14.2074,27.8322
-14.3195,27.9690
-14.3590,27.9818
-14.3437,27.9024
-14.3491,27.8583
-14.4482,27.9691
-14.4374,27.8983
-14.4948,27.9392
-14.4974,27.8907
-14.5023,27.8465
-14.5574,27.8827
-14.6048,27.9060
-14.6872,27.9839
-14.7886,28.0375
-14.8043,28.0095
-14.8554,28.0359
-14.8573,27.9869
-14.8673,27.9504
-15.1409,28.3106
-15.1990,28.3440
-15.2457,28.3065
-15.2703,28.2897
-15.2751,28.2440
-15.3337,28.2765
-15.3555,28.2553
-14.2182,23.7877
-14.2254,23.7708
-14.2365,23.7571
-14.2546,23.7265
-14.2655,23.7127
-14.2725,23.6958
-14.2833,23.6820
-14.2902,23.6650
-14.3009,23.6511
-14.3183,23.6202
-14.3290,23.6062
-14.3395,23.5922
-14.3461,23.5751
-14.3565,23.5611
-14.3670,23.5470
-14.3774,23.5329
-14.3980,23.5045
-14.4083,23.4903
-14.4185,23.4760
-14.4246,23.4588
-14.4348,23.4445
-14.4449,23.4302
-14.4649,23.4014
-14.4790,23.3899
-14.4889,23.3754
-14.4988,23.3609
-14.5086,23.3464
-14.5101,23.3263
-14.5212,23.2916
-14.5350,23.2797
-14.4734,23.2186
-14.8798,22.6131
-14.8454,22.5580
-14.8618,22.5468
-14.8557,22.5247
-14.8811,22.5176
-14.9456,22.5093
-14.9483,22.4914
-14.9556,22.4755
-14.9627,22.4596
-14.9699,22.4437
-14.9724,22.4257
-14.9864,22.3938
-14.9887,22.3759
-14.9956,22.3599
-15.0025,22.3439
-15.0138,22.3298
-15.0206,22.3137
-15.0339,22.2815
-15.0452,22.2673
-15.0517,22.2511
-15.0536,22.2331
-15.0600,22.2169
-15.0664,22.2007
-15.0728,22.1845
-15.0853,22.1520
-15.0962,22.1375
-15.1211,22.1282
-15.1366,22.1153
-15.1896,22.1162
-15.1441,22.0807
-15.1325,22.0393
-15.1242,22.0179
-17.3930,19.7482
-17.3969,19.7248
-17.3709,19.7028
-17.3991,19.6782
-17.6220,19.3547
-17.6046,19.3323
-17.6073,19.3080
-17.6597,19.2787
-17.6772,19.2527
-17.6920,19.2024
-17.6943,19.1778
-17.6965,19.1531
-17.7086,19.1273
-17.7008,19.1037
-17.7276,19.0760
-17.7611,19.0224
-17.7976,18.9929
-17.8290,18.9637
-17.8602,18.9344
-17.8914,18.9049
-17.9126,18.8766
-17.9201,18.8249
-17.9312,18.7979
-17.9470,18.7699
-17.9579,18.7427
-17.9736,18.7146
-17.9991,18.6847
-18.0195,18.6556
-18.0395,18.6263
-18.0355,18.6011
-18.0556,18.5716
-18.0806,18.5410
-18.1005,18.5112
-18.1253,18.4804
-18.1450,18.4503
-18.1641,18.4202
-18.1596,18.3946
-18.1741,18.3651
-18.1935,18.3346
-18.2078,18.3050
-18.2269,18.2742
-18.2459,18.2433
-18.2836,18.2082
-18.2592,18.1865
-18.2827,18.1542
-18.3013,18.1228
-18.3247,18.0902
-18.3479,18.0574
-18.3661,18.0257
-18.3828,17.9664
-18.4008,17.9343
-18.4234,17.9009
-18.4459,17.8673
-18.4683,17.8336
-18.4906,17.7997
-18.5106,17.7378
-18.5326,17.7035
-18.5592,17.6678
-18.5857,17.6319
-18.6072,17.5971
-18.6335,17.5608
-18.6519,17.4974
-18.6777,17.4607
-18.7034,17.4238
-18.7337,17.3854
-18.7639,17.3467
-18.7988,17.3063
-18.8202,17.2397
-18.8451,17.2018
-18.8745,17.1622
-18.9039,17.1224
-18.9283,17.0840
-18.9620,17.0422
-18.9816,16.9739
-19.0149,16.9316
-19.0480,16.8891
-19.0810,16.8464

# FrameTime=1781596550.51, PointCount=641
-4.3355,23.6795
-4.3835,23.6701
-4.3632,23.7073
-4.4343,23.7048
-4.4638,23.7075
-4.4911,23.7115
-4.5202,23.7141
-4.4253,23.8049
-4.4712,23.7957
-4.5370,23.7720
-4.5947,23.7535
-4.5896,23.7804
-4.5543,23.8298
-4.6159,23.8078
-4.6411,23.8126
-4.6883,23.8006
-4.6955,23.8186
-4.1478,24.2573
-4.7300,23.8392
-4.7532,23.8448
-4.7764,23.8504
-4.8193,23.8405
-4.8443,23.8442
-4.8420,23.8694
-4.8944,23.8514
-4.9058,23.8656
-4.9288,23.8705
-4.9441,23.8816
-4.9672,23.8863
-4.9825,23.8972
-5.0094,23.8985
-5.0440,23.9168
-5.0423,23.9417
-5.0539,23.9555
-5.0732,23.9629
-5.0810,23.9799
-5.1059,23.9823
-5.0975,24.0373
-5.0981,24.0608
-5.1868,24.0070
-5.1687,24.0469
-5.1378,24.0984
-5.1574,24.1053
-5.1853,24.1289
-5.2140,24.1273
-5.2519,24.1170
-5.2440,24.1487
-5.2636,24.1551
-5.2978,24.1478
-5.3210,24.1506
-5.3382,24.1835
-5.3666,24.1811
-5.3862,24.1870
-5.4093,24.1894
-5.4395,24.1847
-5.4982,24.1520
-5.5192,24.1804
-5.5386,24.1857
-5.5425,24.2066
-5.5514,24.2225
-5.5618,24.2369
-5.5658,24.2578
-5.5923,24.2558
-5.5403,24.3346
-5.6175,24.2801
-5.6681,24.2525
-5.6579,24.2883
-5.7289,24.2386
-5.7585,24.2322
-5.6912,24.3293
-5.7767,24.2628
-5.8020,24.2606
-5.7546,24.3376
-5.7425,24.3766
-5.8097,24.3284
-5.8325,24.3288
-5.8080,24.3819
-5.8813,24.3257
-5.8775,24.3557
-5.8812,24.3774
-5.9106,24.3699
-5.9300,24.3736
-5.9429,24.3848
-5.9551,24.3968
-5.9940,24.4038
-5.9808,24.4458
-5.9971,24.4530
-6.0103,24.4640
-6.0298,24.4672
-6.0525,24.4665
-6.0372,24.5122
-6.0852,24.4803
-6.1110,24.4755
-6.1242,24.4861
-6.1281,24.5084
-6.1352,24.5268
-6.1714,24.5084
-6.1558,24.5558
-6.2133,24.5096
-6.2350,24.5092
-6.2422,24.5273
-6.2737,24.5138
-6.2630,24.5557
-6.2764,24.5659
-6.2776,24.5924
-6.2945,24.5981
-6.3048,24.6126
-6.3520,24.5769
-6.3773,24.5707
-6.4055,24.5603
-6.4160,24.5741
-6.4412,24.5676
-6.3902,24.6678
-6.4884,24.5583
-6.4587,24.6291
-6.4581,24.6591
-6.4576,24.6892
-6.5132,24.6384
-6.4656,24.7372
-6.4195,24.8350
-6.4870,24.7661
-6.5429,24.7133
-6.5495,24.7337
-6.5828,24.7138
-6.5830,24.7439
-6.6025,24.7448
-6.6138,24.7581
-6.5834,24.8359
-6.6473,24.7679
-6.6668,24.7685
-6.6862,24.7690
-6.7003,24.7779
-6.7144,24.7868
-6.7206,24.8083
-6.7182,24.8441
-6.7413,24.8387
-6.7522,24.8529
-6.7845,24.8319
-6.8048,24.8305
-6.8285,24.8232
-6.8656,24.7931
-6.7834,24.9652
-6.9040,24.7926
-6.9182,24.8009
-6.9199,24.8307
-6.9466,24.8172
-6.9460,24.8513
-6.9530,24.8725
-6.9650,24.8850
-6.9697,24.9104
-6.9963,24.8967
-6.9915,24.9397
-6.9990,24.9607
-7.0358,24.9278
-7.0764,24.8873
-7.0548,24.9626
-7.1006,24.9115
-7.1081,24.9324
-7.1035,24.9770
-7.1205,24.9802
-7.1398,24.9788
-7.1636,24.9686
-7.1700,24.9925
-7.1863,24.9969
-7.1876,25.0312
-7.2047,25.0341
-7.2225,25.0354
-7.2301,25.0577
-7.2126,25.1321
-7.8080,23.9321
-7.2535,25.1245
-7.8524,23.8981
-7.8724,23.8854
-7.8881,23.8817
-7.9456,23.7872
-7.9630,23.7787
-7.9762,23.7792
-7.9832,23.7933
-8.0005,23.7847
-8.0055,23.8035
-8.0126,23.8175
-8.0219,23.8271
-8.0292,23.8411
-8.0385,23.8505
-8.0342,23.8921
-8.0476,23.8924
-8.0590,23.8972
-8.0724,23.8974
-8.0820,23.9067
-8.0558,24.0036
-7.6430,25.0563
-8.0644,24.0505
-7.6581,25.1054
-7.6017,25.2924
-7.6672,25.1714
-7.6879,25.1634
-7.6906,25.2019
-7.7060,25.2078
-7.7103,25.2431
-7.7257,25.2490
-7.7552,25.2174
-7.7603,25.2511
-7.7758,25.2569
-7.7913,25.2625
-7.8091,25.2618
-7.8264,25.2626
-7.8381,25.2791
-7.8559,25.2782
-7.8764,25.2695
-7.9048,25.2370
-7.9107,25.2706
-7.9195,25.2964
-7.9383,25.2921
-7.9586,25.2830
-7.9497,25.3639
-7.9868,25.3026
-7.9919,25.3410
-8.0017,25.3650
-8.0354,25.3127
-8.0340,25.3732
-8.0596,25.3463
-8.0135,25.5569
-8.0841,25.3797
-8.1113,25.3461
-8.1146,25.3937
-8.1402,25.3648
-8.1642,25.3406
-8.1841,25.3307
-8.1530,25.5036
-8.2117,25.3539
-8.2288,25.3534
-8.2382,25.3817
-8.2477,25.4101
-8.2549,25.4480
-8.2647,25.4766
-8.2834,25.4711
-8.3094,25.4363
-8.3243,25.4451
-8.3428,25.4395
-8.3647,25.4192
-8.3773,25.4376
-8.3934,25.4414
-8.4155,25.4193
-8.3830,25.6341
-8.4417,25.4526
-8.4589,25.4514
-8.4772,25.4452
-8.4944,25.4439
-8.5115,25.4425
-8.5215,25.4752
-8.5071,25.6255
-8.5532,25.4852
-8.5674,25.4983
-8.5837,25.5016
-8.6019,25.4950
-8.6106,25.5374
-8.6242,25.5552
-8.6370,25.5779
-8.6542,25.5774
-8.6698,25.5853
-8.6863,25.5883
-8.7029,25.5912
-8.7186,25.5989
-8.7360,25.5968
-8.7541,25.5897
-8.7491,25.7260
-8.7888,25.5853
-8.8076,25.5731
-8.8211,25.5953
-8.8362,25.6077
-8.8514,25.6200
-8.8666,25.6322
-8.8986,25.6468
-8.9146,25.6540
-8.9315,25.6549
-8.9476,25.6620
-8.9632,25.6740
-8.9788,25.6860
-8.9944,25.6979
-9.0265,25.7167
-9.0423,25.7285
-9.0556,25.7651
-9.0747,25.7470
-9.0917,25.7488
-9.1092,25.7455
-9.1441,25.7387
-9.1611,25.7402
-9.1747,25.7815
-9.1894,25.8128
-9.2054,25.8291
-9.2227,25.8305
-9.2403,25.8268
-9.2751,25.8242
-9.2924,25.8254
-9.3066,25.8763
-9.3249,25.8624
-9.3417,25.8733
-9.3566,25.9212
-9.3919,25.9179
-9.4079,25.9537
-9.4246,25.9794
-9.4408,26.0200
-9.4590,26.0085
-9.4773,25.9941
-9.5129,25.9923
-9.5310,25.9777
-9.5481,26.0058
-9.5689,25.8175
-9.5860,25.8277
-9.6016,25.9966
-9.6189,26.0639
-9.6371,25.9919
-9.6549,25.9770
-9.6726,25.9719
-9.6903,25.9769
-9.7082,26.0067
-9.7264,26.0365
-9.7443,26.0413
-9.7798,26.0257
-9.7972,26.0053
-9.8155,26.0249
-9.8342,26.0543
-9.8528,26.0737
-9.8716,26.0981
-9.9088,26.1217
-9.9267,26.1159
-9.9451,26.1201
-9.9634,26.1242
-9.6810,20.4580
-10.0001,26.1296
-10.0203,26.1635
-10.0369,26.1351
-10.0544,26.1239
-10.0743,26.1476
-10.0942,26.1713
-10.1136,26.1849
-10.1358,26.2333
-10.1617,26.3240
-10.1698,26.1955
-10.1856,26.1641
-10.2065,26.1923
-10.2295,26.2404
-10.2536,26.2983
-10.2723,26.2965
-10.2894,26.2797
-10.3267,26.2758
-10.3452,26.2738
-10.3644,26.2767
-10.3841,26.2845
-10.4034,26.2872
-10.4220,26.2850
-10.4702,26.5184
-10.4580,26.2704
-10.4739,26.2482
-10.4951,26.2655
-10.5143,26.2679
-10.5392,26.3098
-10.5621,26.3368
-10.5959,26.4356
-10.6027,26.3510
-10.6245,26.3679
-10.6434,26.3650
-10.6646,26.3768
-10.6859,26.3886
-10.7064,26.3953
-10.7312,26.4266
-10.7667,26.4053
-10.7857,26.4020
-10.8038,26.3937
-10.8227,26.3902
-10.8389,26.3720
-10.8652,26.4077
-10.9138,26.4542
-10.9427,26.4994
-10.9758,26.5640
-10.9973,26.5698
-11.0188,26.5756
-11.0497,26.6252
-11.0763,26.6534
-11.1158,26.6448
-11.1326,26.6275
-11.1467,26.5988
-11.1674,26.5991
-11.1858,26.5897
-11.2191,26.6434
-11.2664,26.6662
-11.2830,26.6485
-11.3027,26.6436
-11.3150,26.6096
-11.3408,26.6288
-11.3642,26.6382
-11.4087,26.6472
-11.4336,26.6612
-11.4415,26.6125
-11.4810,26.6793
-11.5116,26.7123
-11.5477,26.7644
-11.5746,26.7827
-11.6162,26.7759
-11.6448,26.7988
-11.6962,26.8236
-11.7194,26.8270
-11.7484,26.8495
-11.7890,26.8368
-11.8169,26.8542
-11.8418,26.8620
-11.8683,26.8745
-11.8949,26.8868
-11.9185,26.8896
-11.9625,26.8854
-11.9846,26.8832
-12.0099,26.8903
-12.0221,26.8596
-12.0524,26.8808
-12.0832,26.9030
-12.0953,26.8722
-12.1171,26.8059
-12.1127,26.7316
-12.1448,26.7570
-12.1859,26.8057
-12.2610,26.9430
-12.2748,26.9176
-12.3176,26.9064
-12.3582,26.9495
-12.3806,26.9461
-12.4327,27.0167
-12.4815,27.0778
-12.5248,27.1241
-12.5592,27.1479
-12.5616,27.0937
-12.6092,27.1488
-12.6597,27.2096
-12.6499,27.1270
-12.6691,27.1135
-12.7001,27.1273
-12.7768,27.2459
-12.7684,27.1684
-12.8219,27.2321
-12.8739,27.2910
-12.8791,27.2449
-12.9047,27.2443
-12.9677,27.3254
-13.0353,27.4153
-13.0877,27.4128
-13.0820,27.3437
-13.0909,27.3063
-13.1579,27.3907
-13.1950,27.4117
-13.2322,27.4326
-13.2675,27.4488
-13.2984,27.4559
-13.3205,27.4449
-13.3426,27.4339
-13.3579,27.4094
-13.3980,27.4339
-13.4337,27.4494
-13.6345,27.7847
-13.4894,27.4487
-13.5208,27.4549
-13.5661,27.4875
-13.6188,27.5331
-13.6718,27.5784
-13.7250,27.6235
-13.8670,27.8313
-13.8037,27.6603
-13.8337,27.6610
-13.8709,27.6746
-13.9059,27.6838
-13.9507,27.7102
-13.9982,27.7407
-14.0462,27.7717
-14.0917,27.7975
-14.1070,27.7705
-14.1401,27.7744
-14.2136,27.8471
-14.3409,28.0098
-14.3653,27.9967
-14.3346,27.8915
-14.4127,27.9683
-14.3711,27.8463
-14.4360,27.9003
-14.4986,27.9498
-14.4697,27.8503
-14.5088,27.8612
-14.5587,27.8890
-14.6168,27.9291
-14.7149,27.9792
-14.7899,28.0438
-14.7894,27.9906
-14.8295,28.0003
-14.8614,27.9973
-14.8714,27.9608
-15.1753,28.3128
-15.2196,28.3252
-15.2499,28.3168
-15.2633,28.2835
-15.2766,28.2502
-15.3324,28.2785
-15.3569,28.2615
-14.2207,23.7929
-14.2240,23.7729
-14.2351,23.7592
-14.2571,23.7317
-14.2641,23.7147
-14.2750,23.7009
-14.2819,23.6840
-14.2928,23.6701
-14.2995,23.6531
-14.3209,23.6252
-14.3276,23.6082
-14.3381,23.5942
-14.3487,23.5802
-14.3551,23.5631
-14.3656,23.5490
-14.3863,23.5207
-14.3966,23.5065
-14.4029,23.4894
-14.4131,23.4751
-14.4232,23.4609
-14.4334,23.4466
-14.4435,23.4322
-14.4635,23.4035
-14.4735,23.3891
-14.4834,23.3746
-14.4933,23.3601
-14.5031,23.3456
-14.5087,23.3283
-14.5156,23.2909
-14.5378,23.2845
-14.4721,23.2206
-14.8605,22.6064
-14.8440,22.5601
-14.8559,22.5466
-14.8543,22.5268
-14.8797,22.5197
-14.8870,22.5040
-14.8943,22.4883
-14.9015,22.4726
-14.9086,22.4569
-14.9614,22.4616
-14.9639,22.4437
-14.9710,22.4277
-14.9804,22.3938
-14.9874,22.3779
-14.9896,22.3599
-14.9965,22.3439
-15.0078,22.3298
-15.0146,22.3138
-15.0279,22.2816
-15.0391,22.2674
-15.0457,22.2513
-15.0522,22.2351
-15.0586,22.2189
-15.0650,22.2027
-15.0777,22.1702
-15.0839,22.1540
-15.0761,22.1324
-15.1150,22.1285
-15.1258,22.1138
-15.1788,22.1147
-15.1487,22.0663
-15.1264,22.0397
-15.1228,22.0199
-17.3916,19.7503
-17.3906,19.7271
-17.3689,19.7049
-17.4027,19.6800
-17.6206,19.3568
-17.5982,19.3348
-17.5910,19.3114
-17.6633,19.2802
-17.6658,19.2557
-17.6856,19.2050
-17.6879,19.1804
-17.6951,19.1552
-17.6973,19.1305
-17.7043,19.1052
-17.7212,19.0786
-17.7448,19.0264
-17.7863,18.9962
-17.8276,18.9658
-17.8589,18.9365
-17.8801,18.9083
-17.9013,18.8801
-17.9088,18.8284
-17.9248,18.8006
-17.9407,18.7727
-17.9565,18.7447
-17.9722,18.7166
-17.9977,18.6868
-18.0181,18.6576
-18.0430,18.6275
-18.0390,18.6023
-18.0591,18.5727
-18.0792,18.5431
-18.0991,18.5133
-18.1239,18.4824
-18.1436,18.4523
-18.1676,18.4212
-18.1582,18.3966
-18.1776,18.3662
-18.2019,18.3347
-18.2211,18.3040
-18.2402,18.2732
-18.2592,18.2422
-18.2871,18.2092
-18.2724,18.1853
-18.2911,18.1540
-18.3146,18.1215
-18.3330,18.0900
-18.3514,18.0583
-18.3696,18.0265
-18.3814,17.9685
-18.3945,17.9375
-18.4172,17.9041
-18.4445,17.8693
-18.4669,17.8356
-18.4941,17.8005
-18.5141,17.7386
-18.5408,17.7030
-18.5626,17.6685
-18.5891,17.6326
-18.6155,17.5965
-18.6369,17.5615
-18.6505,17.4994
-18.6715,17.4641
-18.6972,17.4273
-18.7276,17.3888
-18.7530,17.3516
-18.7830,17.3127
-18.8129,17.2736
-18.8389,17.2053
-18.8684,17.1658
-18.8977,17.1260
-18.9269,17.0860
-18.9559,17.0458
-18.9895,17.0039
-19.0088,16.9352
-19.0419,16.8927
-19.0749,16.8500
-19.1077,16.8071

# FrameTime=1781596550.61, PointCount=641
-4.3612,23.6635
-4.3614,23.6866
-4.3663,23.7065
-4.3955,23.7098
-4.4475,23.6971
-4.4729,23.7026
-4.4879,23.7153
-4.5089,23.7236
-4.4221,23.8087
-4.3585,23.8780
-4.5238,23.7829
-4.6158,23.7397
-4.5663,23.7990
-4.5632,23.8247
-4.6248,23.8027
-4.6339,23.8194
-4.7084,23.8104
-4.7037,23.8373
-4.7229,23.8461
-4.7541,23.8457
-4.7812,23.8481
-4.8261,23.8367
-4.8644,23.8533
-4.8953,23.8522
-4.9106,23.8634
-4.9297,23.8714
-4.9489,23.8793
-4.9681,23.8871
-4.9987,23.9088
-5.0180,23.9165
-5.0448,23.9176
-5.0546,23.9329
-5.0509,23.9596
-5.0855,23.9540
-5.0781,23.9839
-5.1034,24.0099
-5.0983,24.0381
-5.1496,24.0174
-5.1952,24.0013
-5.1846,24.0345
-5.2300,24.0181
-5.1778,24.1129
-5.1936,24.1230
-5.2223,24.1214
-5.2254,24.1430
-5.2486,24.1461
-5.2608,24.1593
-5.2987,24.1486
-5.2434,24.2251
-5.3341,24.1645
-5.3101,24.2119
-5.3711,24.1785
-5.3834,24.1913
-5.4173,24.1833
-5.3959,24.2289
-5.4563,24.1947
-5.5043,24.1723
-5.5308,24.1707
-5.5430,24.1831
-5.5398,24.2110
-5.5522,24.2234
-5.5612,24.2392
-5.5507,24.2750
-5.5897,24.2602
-5.6092,24.2652
-5.6218,24.2773
-5.6621,24.2605
-5.7063,24.2392
-5.7366,24.2322
-5.7718,24.2447
-5.7667,24.2754
-5.7928,24.2724
-5.7555,24.3384
-5.7501,24.3701
-5.8106,24.3292
-5.8428,24.3449
-5.8722,24.3377
-5.8883,24.3453
-5.9340,24.3192
-5.9147,24.3670
-5.9342,24.3707
-5.9230,24.4098
-5.9567,24.3968
-5.9754,24.4012
-5.9916,24.4084
-5.9849,24.4428
-6.0012,24.4500
-6.0143,24.4610
-6.0307,24.4681
-6.0121,24.5175
-6.0634,24.4820
-6.0810,24.4875
-6.0993,24.4919
-6.1189,24.4947
-6.1259,24.5132
-6.1404,24.5223
-6.1526,24.5343
-6.1886,24.5158
-6.2012,24.5272
-6.2328,24.5139
-6.2522,24.5163
-6.2625,24.5305
-6.2699,24.5486
-6.2559,24.5950
-6.2848,24.5848
-6.2894,24.6069
-6.3305,24.5798
-6.3647,24.5617
-6.3694,24.5836
-6.4034,24.5652
-6.3691,24.6412
-6.4304,24.5847
-6.4642,24.5659
-6.4575,24.6040
-6.4568,24.6340
-6.4704,24.6436
-6.4585,24.6900
-6.4440,24.7407
-6.4749,24.7558
-6.5019,24.7462
-6.5410,24.7183
-6.5642,24.7137
-6.5754,24.7272
-6.5756,24.7572
-6.5929,24.7924
-6.6206,24.7806
-6.6428,24.7771
-6.6677,24.7693
-6.6871,24.7699
-6.7057,24.7716
-6.7038,24.8060
-6.7268,24.8007
-6.7357,24.8180
-6.7421,24.8395
-6.7609,24.8409
-6.7837,24.8356
-6.8083,24.8270
-6.7986,24.8757
-6.8495,24.8226
-6.8807,24.8023
-6.9074,24.7892
-6.9141,24.8103
-6.9233,24.8272
-6.9351,24.8397
-6.9445,24.8565
-6.8900,24.9866
-6.9659,24.8858
-6.9754,24.9026
-6.9947,24.9019
-6.9924,24.9406
-7.0078,24.9471
-7.0486,24.9067
-7.0031,25.0261
-7.0870,24.9047
-7.0991,24.9168
-7.0974,24.9554
-7.1113,24.9645
-7.1214,24.9810
-7.1384,24.9841
-7.1485,25.0006
-7.1791,24.9769
-7.1849,25.0022
-7.1952,25.0186
-7.2100,25.0260
-7.2278,25.0273
-7.2493,25.0211
-7.2663,25.0238
-7.2349,25.1271
-7.2501,25.1344
-7.3166,25.0332
-7.3399,25.0222
-7.3527,25.0336
-7.3214,25.1403
-7.3179,25.1882
-7.3436,25.1724
-7.9306,23.9126
-7.9503,23.8995
-7.9699,23.8864
-7.9834,23.8869
-7.9988,23.8827
-8.0122,23.8831
-8.0256,23.8835
-8.0449,23.8700
-8.0698,23.8427
-8.0985,23.8061
-8.1097,23.8108
-8.1228,23.8106
-8.1359,23.8106
-8.1397,23.8336
-8.1602,23.8150
-8.1622,23.8426
-8.1772,23.8378
-8.1849,23.8516
-8.1293,24.0283
-8.1389,24.0748
-7.7182,25.2253
-7.7284,25.2452
-7.7526,25.2275
-7.7629,25.2473
-7.7750,25.2624
-7.7922,25.2633
-7.8117,25.2579
-7.8217,25.2792
-7.8461,25.2595
-7.8535,25.2885
-7.8805,25.2609
-7.9057,25.2378
-7.9084,25.2809
-7.9188,25.3020
-7.9360,25.3024
-7.9362,25.3549
-7.9766,25.2841
-7.9862,25.3082
-7.9958,25.3323
-8.0061,25.3547
-8.0363,25.3136
-8.0256,25.4044
-8.0479,25.3885
-8.0676,25.3806
-8.0836,25.3854
-8.1065,25.3661
-8.1197,25.3802
-8.1425,25.3609
-8.1651,25.3415
-8.1417,25.4854
-8.1994,25.3408
-8.2126,25.3547
-8.2310,25.3494
-8.2365,25.3922
-8.2461,25.4205
-8.2558,25.4488
-8.2656,25.4774
-8.2856,25.4668
-8.3091,25.4420
-8.3252,25.4460
-8.3448,25.4355
-8.3680,25.4103
-8.3782,25.4384
-8.3912,25.4553
-8.4104,25.4460
-8.4280,25.4433
-8.4426,25.4534
-8.4598,25.4522
-8.4770,25.4509
-8.4963,25.4399
-8.5114,25.4482
-8.4893,25.6326
-8.5365,25.4891
-8.5541,25.4861
-8.5683,25.4992
-8.5827,25.5122
-8.6018,25.5007
-8.6106,25.5431
-8.6136,25.6167
-8.6406,25.5640
-8.6550,25.5783
-8.6716,25.5813
-8.6872,25.5891
-8.7037,25.5920
-8.7195,25.5998
-8.7255,25.6652
-8.7542,25.5955
-8.7716,25.5933
-8.7897,25.5861
-8.8077,25.5788
-8.8227,25.5912
-8.8371,25.6085
-8.8522,25.6208
-8.8841,25.6354
-8.8995,25.6476
-8.9155,25.6548
-8.9324,25.6557
-8.9485,25.6628
-8.9634,25.6798
-8.9631,25.8226
-8.9959,25.6938
-9.0116,25.7057
-9.0262,25.7275
-9.0416,25.7442
-9.0559,25.7709
-9.0745,25.7578
-9.0926,25.7496
-9.1047,25.8020
-9.1271,25.7479
-9.1455,25.7346
-9.1603,25.7610
-9.1756,25.7824
-9.1903,25.8137
-9.2063,25.8300
-9.2412,25.8276
-9.2588,25.8239
-9.2767,25.8151
-9.2930,25.8312
-9.3138,25.7736
-9.3248,25.8802
-9.3412,25.8991
-9.3753,25.9179
-9.3926,25.9238
-9.4106,25.9125
-9.4259,25.9702
-9.4411,26.0359
-9.4601,26.0043
-9.4957,26.0026
-9.5139,25.9881
-9.5317,25.9835
-9.5488,26.0167
-9.5698,25.8183
-9.5846,26.0072
-9.6018,26.0646
-9.6202,25.9976
-9.6380,25.9927
-9.6558,25.9828
-9.6735,25.9728
-9.6912,25.9877
-9.7092,26.0126
-9.7272,26.0324
-9.7634,26.0618
-9.7808,26.0315
-9.7982,26.0112
-9.8166,26.0357
-9.8354,26.0651
-9.8546,26.1045
-9.8906,26.0983
-9.9089,26.1025
-9.9274,26.1118
-9.9459,26.1209
-9.9643,26.1250
-9.9830,26.1340
-10.0192,26.1294
-10.0381,26.1409
-10.0560,26.1347
-10.0755,26.1535
-10.0955,26.1771
-10.1153,26.1957
-10.1388,26.2615
-10.1555,26.2376
-10.1715,26.2063
-10.1878,26.1798
-10.2083,26.2031
-10.2308,26.2462
-10.2545,26.2991
-10.2737,26.3023
-10.3095,26.2836
-10.3281,26.2816
-10.3461,26.2746
-10.3653,26.2775
-10.3845,26.2803
-10.4037,26.2831
-9.7099,20.4613
-10.4595,26.2762
-10.4781,26.2738
-10.4960,26.2663
-10.5193,26.2984
-10.5415,26.3205
-10.5791,26.4492
-10.5825,26.3399
-10.6035,26.3519
-10.6239,26.3589
-10.6450,26.3708
-10.6655,26.3777
-10.6860,26.3845
-10.7065,26.3912
-10.7461,26.3947
-10.7667,26.4012
-10.7857,26.3979
-10.8047,26.3945
-10.8236,26.3910
-10.8407,26.3777
-10.8861,26.4097
-10.9156,26.4599
-10.9465,26.5149
-10.9787,26.5746
-10.9992,26.5756
-11.0238,26.5959
-11.0616,26.6780
-11.0713,26.6267
-11.0980,26.6548
-11.1160,26.6425
-11.1324,26.6235
-11.1464,26.5947
-11.1694,26.6048
-11.1867,26.5906
-11.2409,26.6444
-11.2673,26.6670
-11.2838,26.6493
-11.3023,26.6396
-11.3183,26.6201
-11.3392,26.6200
-11.3848,26.6339
-11.4096,26.6480
-11.4332,26.6572
-11.4424,26.6133
-11.4846,26.6898
-11.5151,26.7228
-11.5672,26.8311
-11.5659,26.7500
-11.5942,26.7730
-11.6171,26.7768
-11.6467,26.8030
-11.7144,26.9563
-11.7058,26.8531
-11.7202,26.8279
-11.7711,26.8488
-11.7929,26.8472
-11.8178,26.8551
-11.8442,26.8676
-11.8707,26.8800
-11.8974,26.8924
-11.9430,26.8931
-11.9634,26.8862
-11.9822,26.8745
-12.0091,26.8864
-12.0230,26.8605
-12.0599,26.9005
-12.0841,26.9039
-12.1131,26.8563
-12.1090,26.7820
-12.1153,26.7371
-12.1440,26.7532
-12.1903,26.8159
-12.2583,26.9345
-12.3016,26.9245
-12.3203,26.9119
-12.3664,26.9690
-12.3834,26.9515
-12.4447,27.0454
-12.4843,27.0833
-12.5414,27.1032
-12.5739,27.1222
-12.6121,27.1543
-12.6548,27.1967
-12.6528,27.1325
-12.6700,27.1143
-12.7462,27.2331
-12.7301,27.1373
-12.7873,27.2104
-12.8267,27.2417
-12.8890,27.3238
-12.8739,27.2321
-12.9077,27.2497
-12.9582,27.3036
-13.0666,27.4241
-13.0632,27.3593
-13.0807,27.3400
-13.0961,27.3162
-13.1609,27.3961
-13.1915,27.4036
-13.2353,27.4379
-13.2772,27.4676
-13.2949,27.4477
-13.3214,27.4458
-13.3413,27.4303
-13.3588,27.4103
-13.4034,27.4437
-13.5872,27.7484
-13.4613,27.4477
-13.4926,27.4540
-13.5216,27.4558
-13.5717,27.4972
-13.6244,27.5427
-13.6773,27.5880
-13.8019,27.7655
-13.7557,27.6253
-13.8118,27.6743
-13.8346,27.6618
-13.8670,27.6667
-13.9068,27.6846
-13.9467,27.7023
-14.0015,27.7459
-14.0546,27.7856
-14.0822,27.7804
-14.1028,27.7627
-14.1485,27.7882
-14.2246,27.8652
-14.3494,28.0235
-14.3688,28.0018
-14.3848,27.9748
-14.3564,27.8740
-14.3745,27.8514
-14.4369,27.9011
-14.5159,27.9772
-14.4601,27.8341
-14.5176,27.8748
-14.5622,27.8940
-14.6492,27.9277
-14.7265,27.9968
-14.7854,28.0362
-14.7875,27.9873
-14.8303,28.0011
-14.8705,28.0106
-14.9042,27.9584
-15.1706,28.3053
-15.2232,28.3302
-15.2732,28.3507
-15.2783,28.3050
-15.2831,28.2592
-15.3332,28.2793
-15.3824,28.2452
-14.2262,23.8433
-14.2177,23.7905
-14.2288,23.7769
-14.2470,23.7463
-14.2580,23.7325
-14.2650,23.7156
-14.2759,23.7018
-14.2828,23.6848
-14.2936,23.6709
-14.3151,23.6431
-14.3218,23.6261
-14.3324,23.6121
-14.3390,23.5951
-14.3496,23.5810
-14.3560,23.5639
-14.3665,23.5498
-14.3872,23.5216
-14.3935,23.5044
-14.4037,23.4902
-14.4140,23.4760
-14.4241,23.4617
-14.4343,23.4474
-14.4544,23.4187
-14.4685,23.4072
-14.4785,23.3927
-14.4884,23.3783
-14.4941,23.3610
-14.5081,23.3492
-14.5152,23.3118
-14.5165,23.2917
-14.5387,23.2854
-14.8658,22.6094
-14.8449,22.5609
-14.8478,22.5432
-14.8597,22.5297
-14.8806,22.5205
-14.8879,22.5048
-14.8952,22.4891
-14.9478,22.4942
-14.9551,22.4783
-14.9622,22.4625
-14.9694,22.4465
-14.9719,22.4286
-14.9859,22.3967
-14.9928,22.3807
-14.9951,22.3627
-15.0019,22.3467
-15.0087,22.3307
-15.0155,22.3146
-15.0288,22.2825
-15.0400,22.2682
-15.0466,22.2521
-15.0531,22.2359
-15.0595,22.2198
-15.0659,22.2035
-15.0786,22.1711
-15.0848,22.1548
-15.0957,22.1403
-15.1206,22.1310
-15.1220,22.1129
-15.1797,22.1156
-15.1448,22.0654
-15.1273,22.0405
-15.1237,22.0207
-17.3975,19.7509
-17.3815,19.7284
-17.3648,19.7060
-17.3986,19.6811
-17.6116,19.3585
-17.5892,19.3365
-17.5919,19.3123
-17.6542,19.2821
-17.6717,19.2560
-17.6793,19.2309
-17.6765,19.2069
-17.6987,19.1801
-17.6910,19.1566
-17.6833,19.1331
-17.7003,19.1066
-17.7122,19.0807
-17.7457,19.0272
-17.7871,18.9970
-17.8235,18.9673
-17.8597,18.9373
-17.8810,18.9092
-17.8973,18.8817
-17.9097,18.8293
-17.9257,18.8015
-17.9416,18.7736
-17.9574,18.7456
-17.9731,18.7175
-17.9936,18.6884
-18.0098,18.6342
-18.0300,18.6048
-18.0551,18.5744
-18.0751,18.5448
-18.1000,18.5141
-18.1247,18.4832
-18.1445,18.4268
-18.1689,18.3955
-18.1883,18.3651
-18.2076,18.3345
-18.2269,18.3038
-18.2460,18.2730
-18.2594,18.2162
-18.2782,18.1851
-18.2969,18.1538
-18.3154,18.1224
-18.3388,18.0897
-18.3571,18.0580
-18.3754,18.0262
-18.4072,17.9910
-18.3920,17.9669
-18.4148,17.9336
-18.4326,17.9014
-18.4551,17.8677
-18.4775,17.8340
-18.4998,17.8001
-18.5499,17.7587
-18.5198,17.7381
-18.5417,17.7038
-18.5683,17.6681
-18.5900,17.6334
-18.6164,17.5973
-18.6378,17.5624
-18.6914,17.5181
-18.6513,17.5003
-18.6724,17.4650
-18.7029,17.4267
-18.7284,17.3896
-18.7586,17.3510
-18.7839,17.3135
-18.8054,17.2470
-18.8350,17.2077
-18.8645,17.1681
-18.8938,17.1283
-18.9277,17.0868
-18.9568,17.0467
-18.9811,16.9767
-19.0097,16.9361
-19.0428,16.8936
-19.0710,16.8525
-19.1038,16.8095

# FrameTime=1781596550.71, PointCount=640
-4.3405,23.6775
-4.4050,23.6569
-4.3599,23.7109
-4.2663,23.7990
-4.4483,23.7197
-4.5042,23.7038
-4.2257,23.9240
-4.4302,23.8029
-4.4861,23.7865
-4.5764,23.7449
-4.4640,23.8498
-4.6066,23.7695
-4.5673,23.8217
-4.6026,23.8191
-4.6380,23.8164
-4.6812,23.8075
-4.7004,23.8164
-4.7196,23.8252
-4.4193,24.0778
-4.7541,23.8457
-4.7773,23.8512
-4.8044,23.8536
-4.8374,23.8512
-4.8801,23.8410
-4.8582,23.8816
-4.9106,23.8634
-4.9297,23.8714
-4.9489,23.8793
-4.9642,23.8902
-4.9834,23.8980
-5.0026,23.9057
-5.0257,23.9101
-5.0355,23.9489
-5.0509,23.9596
-5.0664,23.9702
-5.0895,23.9742
-5.1219,23.9702
-5.0903,24.0212
-5.0990,24.0617
-5.1615,24.0310
-5.1733,24.0444
-5.1350,24.1026
-5.1508,24.1128
-5.1406,24.1464
-5.1603,24.1532
-5.1669,24.1718
-5.2528,24.1178
-5.2413,24.1529
-5.2645,24.1559
-5.2987,24.1486
-5.3182,24.1549
-5.3268,24.1713
-5.3045,24.2172
-5.3711,24.1785
-5.3762,24.1982
-5.3922,24.2076
-5.4511,24.1751
-5.5134,24.1388
-5.5505,24.1267
-5.5678,24.1584
-5.5413,24.2095
-5.5522,24.2234
-5.5661,24.2342
-5.5772,24.2479
-5.5967,24.2530
-5.6218,24.2773
-5.6690,24.2533
-5.6609,24.2870
-5.7332,24.2358
-5.7594,24.2330
-5.7582,24.2593
-5.7995,24.2651
-5.7488,24.3458
-5.7400,24.3812
-5.8073,24.3329
-5.8367,24.3260
-5.8727,24.3114
-5.8252,24.3906
-5.8784,24.3565
-5.9340,24.3192
-5.9238,24.3566
-5.9276,24.3782
-5.9471,24.3818
-5.9470,24.4081
-5.9555,24.4245
-5.9562,24.4502
-5.9849,24.4428
-5.9980,24.4539
-6.0180,24.4566
-6.0312,24.4675
-6.0502,24.4712
-6.0729,24.4704
-6.0546,24.5200
-6.1088,24.4802
-6.1251,24.4869
-6.1290,24.5092
-6.1392,24.5237
-6.1692,24.5132
-6.2040,24.4961
-6.1610,24.5789
-6.2328,24.5139
-6.2461,24.5242
-6.2746,24.5146
-6.2608,24.5605
-6.2773,24.5667
-6.2788,24.5928
-6.3040,24.5873
-6.3060,24.6130
-6.3411,24.5938
-6.3782,24.5715
-6.4181,24.5450
-6.4169,24.5749
-6.4479,24.5603
-6.4082,24.6446
-6.4719,24.5836
-6.4596,24.6299
-6.4762,24.6354
-6.4776,24.6625
-6.4942,24.6679
-6.4665,24.7380
-6.4552,24.7847
-6.4851,24.7710
-6.5410,24.7183
-6.5559,24.7262
-6.5837,24.7147
-6.5784,24.7531
-6.5979,24.7539
-6.5983,24.7840
-6.5897,24.8283
-6.6401,24.7813
-6.6623,24.7777
-6.6844,24.7741
-6.7038,24.7745
-6.7153,24.7876
-6.7242,24.8049
-6.7164,24.8492
-6.7500,24.8267
-6.7590,24.8440
-6.7906,24.8242
-6.8057,24.8313
-6.8319,24.8198
-6.8690,24.7897
-6.8410,24.8697
-6.9049,24.7935
-6.9191,24.8017
-6.9183,24.8358
-6.9351,24.8397
-6.9469,24.8522
-6.9572,24.8676
-6.9683,24.8815
-6.9706,24.9112
-6.9996,24.8932
-7.0068,24.9143
-7.0174,24.9295
-7.0486,24.9067
-7.0725,24.8969
-7.0870,24.9047
-7.0820,24.9491
-7.0974,24.9554
-7.1113,24.9645
-7.1237,24.9766
-7.1407,24.9797
-7.1645,24.9695
-7.1724,24.9903
-7.1602,25.0514
-7.1797,25.0497
-7.2100,25.0260
-7.2256,25.0318
-7.2514,25.0166
-7.2684,25.0193
-7.2349,25.1271
-7.2423,25.1508
-7.2867,25.0962
-7.3420,25.0176
-7.3506,25.0381
-7.3466,25.0857
-7.3762,25.0610
-7.3795,25.0935
-7.3884,25.1140
-7.4456,25.0268
-7.4483,25.0607
-7.4653,25.0628
-7.4902,25.0465
-7.9864,23.9427
-8.0019,23.9385
-8.0292,23.9067
-8.0446,23.9024
-8.0483,23.9256
-8.0752,23.8936
-8.0905,23.8891
-8.1038,23.8891
-8.1209,23.8800
-8.1397,23.8662
-8.1419,23.8937
-8.1679,23.8614
-8.1847,23.8520
-8.2014,23.8425
-8.2199,23.8281
-8.2294,23.8370
-8.2425,23.8367
-8.2311,23.9014
-8.2650,23.8451
-8.2747,23.8537
-8.2895,23.8485
-8.2991,23.8573
-8.3121,23.8566
-8.3135,23.8888
-7.8379,25.2831
-7.8202,25.3846
-8.3527,23.8866
-8.3642,23.8905
-7.9116,25.2715
-8.3871,23.8982
-7.9423,25.2834
-7.9610,25.2791
-7.8966,25.5315
-7.9892,25.2987
-7.9989,25.3227
-8.0046,25.3595
-8.0348,25.3183
-8.0349,25.3741
-8.0479,25.3885
-8.0691,25.3758
-8.0593,25.4668
-8.1122,25.3469
-8.1141,25.3994
-8.1411,25.3657
-8.1638,25.3463
-8.1823,25.3411
-8.1624,25.4738
-8.2139,25.3499
-8.2336,25.3398
-8.2404,25.3778
-8.2486,25.4109
-8.2571,25.4440
-8.2681,25.4678
-8.2954,25.4282
-8.3078,25.4469
-8.3252,25.4460
-8.3437,25.4403
-8.3621,25.4345
-8.3782,25.4384
-8.3943,25.4422
-8.4175,25.4153
-8.4209,25.4742
-8.4437,25.4486
-8.4598,25.4522
-8.4770,25.4509
-8.4931,25.4545
-8.5114,25.4482
-8.5223,25.4760
-8.5389,25.4778
-8.5488,25.5120
-8.5683,25.4992
-8.5827,25.5122
-8.6037,25.4909
-8.6106,25.5431
-8.6242,25.5609
-8.6385,25.5752
-8.6343,25.6917
-8.6716,25.5813
-8.6881,25.5842
-8.7037,25.5920
-8.7195,25.5998
-8.7368,25.5977
-8.7550,25.5906
-8.7588,25.6726
-8.7897,25.5861
-8.8093,25.5690
-8.8212,25.6011
-8.8371,25.6085
-8.8522,25.6208
-8.8675,25.6331
-8.8723,25.7200
-8.8995,25.6476
-8.9149,25.6597
-8.9311,25.6656
-8.9492,25.6579
-8.9640,25.6748
-8.9790,25.6918
-8.9953,25.6988
-9.0268,25.7225
-9.0421,25.7393
-9.0549,25.7808
-9.0756,25.7479
-9.0926,25.7496
-9.1106,25.7413
-9.1152,25.8743
-9.1455,25.7346
-9.1633,25.7262
-9.1765,25.7724
-9.1907,25.8087
-9.2071,25.8200
-9.2239,25.8263
-9.2419,25.8177
-9.2764,25.8201
-9.2936,25.8212
-9.3084,25.8622
-9.3260,25.8582
-9.3426,25.8741
-9.3578,25.9170
-9.3926,25.9238
-9.4086,25.9595
-9.4253,25.9852
-9.4415,26.0259
-9.4596,26.0193
-9.4780,25.9999
-9.5137,25.9959
-9.5317,25.9835
-9.5490,26.0067
-9.5698,25.8183
-9.5870,25.8235
-9.6024,26.0025
-9.6203,25.9926
-9.6558,25.9778
-9.6735,25.9778
-9.6912,25.9827
-9.7091,26.0076
-9.7273,26.0423
-9.7451,26.0321
-9.7807,26.0265
-9.7980,26.0012
-9.8164,26.0257
-9.8349,26.0502
-9.8537,26.0746
-9.8723,26.0939
-9.8920,26.1355
-9.9097,26.1225
-9.9277,26.1191
-9.9459,26.1209
-9.9643,26.1250
-9.9827,26.1291
-10.0010,26.1304
-10.0209,26.1593
-10.0375,26.1309
-10.0553,26.1248
-10.0751,26.1485
-10.0948,26.1671
-10.1145,26.1857
-10.1371,26.2391
-10.1528,26.2028
-10.1865,26.1649
-10.2074,26.1932
-10.2299,26.2362
-10.2540,26.2942
-10.2727,26.2924
-10.2903,26.2806
-10.3275,26.2767
-10.3456,26.2697
-10.3653,26.2775
-10.3845,26.2803
-10.4042,26.2881
-10.4235,26.2908
-10.4736,26.5390
-10.4595,26.2762
-10.4755,26.2540
-10.4960,26.2663
-10.5159,26.2737
-10.5401,26.3107
-10.5630,26.3376
-10.5847,26.3547
-10.6239,26.3589
-10.6443,26.3658
-10.6647,26.3727
-10.6860,26.3845
-10.7065,26.3912
-10.7271,26.3979
-10.7667,26.4012
-10.7857,26.3979
-10.8055,26.3994
-10.8245,26.3960
-10.8398,26.3728
-10.8661,26.4085
-10.9170,26.5696
-10.9147,26.4550
-10.9436,26.5002
-10.9787,26.5746
-10.9992,26.5756
-11.0218,26.5862
-11.0475,26.6114
-11.0783,26.6591
-11.1166,26.6456
-11.1335,26.6284
-11.1476,26.5996
-11.1682,26.6000
-11.1878,26.5954
-11.2212,26.6491
-11.2661,26.6622
-11.2850,26.6542
-11.3048,26.6493
-11.3147,26.6056
-11.3417,26.6296
-11.3664,26.6439
-11.4096,26.6480
-11.4332,26.6572
-11.4437,26.6182
-11.4832,26.6850
-11.5124,26.7132
-11.5473,26.7604
-11.5741,26.7788
-11.6185,26.7815
-11.6443,26.7948
-11.7000,26.8340
-11.7217,26.8326
-11.7479,26.8455
-11.7929,26.8472
-11.8178,26.8551
-11.8427,26.8628
-11.8677,26.8705
-11.8927,26.8781
-11.9194,26.8904
-11.9650,26.8909
-11.9887,26.8935
-12.0124,26.8959
-12.0230,26.8605
-12.0532,26.8817
-12.0841,26.9039
-12.0995,26.8825
-12.1176,26.8055
-12.1153,26.7371
-12.1405,26.7438
-12.1833,26.7972
-12.2636,26.9485
-12.2775,26.9231
-12.3221,26.9166
-12.3627,26.9597
-12.3834,26.9515
-12.4392,27.0314
-12.4899,27.0972
-12.5259,27.1257
-12.5582,27.1441
-12.5663,27.1037
-12.6082,27.1450
-12.6606,27.2105
-12.6547,27.1371
-12.6720,27.1189
-12.7049,27.1373
-12.7796,27.2514
-12.7693,27.1693
-12.8246,27.2371
-12.8768,27.2964
-12.8780,27.2412
-12.9015,27.2361
-12.9706,27.3308
-13.0424,27.4297
-13.0885,27.4137
-13.0807,27.3400
-13.0961,27.3162
-13.1587,27.3916
-13.1959,27.4126
-13.2331,27.4334
-13.2927,27.4432
-13.3214,27.4458
-13.3458,27.4392
-13.3611,27.4147
-13.4034,27.4437
-13.4369,27.4546
-13.6331,27.7810
-13.4972,27.4629
-13.5193,27.4513
-13.5647,27.4839
-13.6197,27.5339
-13.6726,27.5792
-13.7283,27.6287
-13.8679,27.8322
-13.8046,27.6612
-13.8322,27.6574
-13.8670,27.6667
-13.9092,27.6890
-13.9540,27.7154
-13.9991,27.7416
-14.0542,27.7849
-14.1053,27.7671
-14.1359,27.7666
-14.2170,27.8523
-14.3367,28.0020
-14.3636,27.9932
-14.3329,27.8881
-14.4188,27.9777
-14.3745,27.8514
-14.4395,27.9054
-14.5185,27.9815
-14.4758,27.8596
-14.5124,27.8663
-14.5596,27.8898
-14.6203,27.9342
-14.7212,27.9884
-14.7908,28.0446
-14.7875,27.9873
-14.8303,28.0011
-14.8650,28.0023
-14.8723,27.9616
-15.1762,28.3136
-15.2232,28.3302
-15.2620,28.3342
-15.2727,28.2967
-15.2746,28.2469
-15.3276,28.2711
-15.3824,28.2452
-14.2177,23.7905
-14.2210,23.7706
-14.2470,23.7463
-14.2541,23.7294
-14.2650,23.7156
-14.2720,23.6987
-14.2828,23.6848
-14.2897,23.6679
-14.3004,23.6540
-14.3178,23.6231
-14.3284,23.6091
-14.3390,23.5951
-14.3455,23.5780
-14.3560,23.5639
-14.3665,23.5498
-14.3872,23.5216
-14.3975,23.5074
-14.4037,23.4902
-14.4140,23.4760
-14.4241,23.4617
-14.4343,23.4474
-14.4443,23.4331
-14.4644,23.4043
-14.4743,23.3899
-14.4843,23.3754
-14.4941,23.3610
-14.4998,23.3436
-14.5096,23.3291
-14.5165,23.2917
-14.5387,23.2854
-14.8524,22.6029
-14.8404,22.5587
-14.8568,22.5475
-14.8552,22.5276
-14.8806,22.5205
-14.8879,22.5048
-14.8952,22.4891
-14.9024,22.4734
-14.9551,22.4783
-14.9622,22.4625
-14.9694,22.4465
-14.9719,22.4286
-14.9859,22.3967
-14.9928,22.3807
-14.9951,22.3627
-15.0019,22.3467
-15.0087,22.3307
-15.0155,22.3146
-15.0334,22.2844
-15.0400,22.2682
-15.0512,22.2540
-15.0577,22.2378
-15.0642,22.2216
-15.0706,22.2054
-15.0769,22.1891
-15.0895,22.1566
-15.1004,22.1421
-15.1253,22.1328
-15.1314,22.1164
-15.1844,22.1173
-15.1435,22.0836
-15.1225,22.0388
-15.1237,22.0207
-17.3925,19.7511
-17.3765,19.7286
-17.3648,19.7060
-17.3936,19.6813
-17.6116,19.3585
-17.5792,19.3375
-17.5769,19.3137
-17.6492,19.2826
-17.6592,19.2331
-17.6666,19.2080
-17.6987,19.1801
-17.6861,19.1571
-17.6833,19.1331
-17.6953,19.1072
-17.7023,19.0819
-17.7737,19.0483
-17.7358,19.0285
-17.7772,18.9984
-17.8185,18.9680
-17.8548,18.9380
-17.8761,18.9099
-17.8874,18.8831
-17.9084,18.8548
-17.8998,18.8308
-17.9158,18.8030
-17.9317,18.7751
-17.9426,18.7480
-17.9632,18.7191
-17.9838,18.6901
-18.0048,18.6351
-18.0300,18.6048
-18.0551,18.5744
-18.0751,18.5448
-18.1000,18.5141
-18.1247,18.4832
-18.1396,18.4277
-18.1640,18.3965
-18.1834,18.3660
-18.2076,18.3345
-18.2269,18.3038
-18.2460,18.2730
-18.2594,18.2162
-18.2782,18.1851
-18.3018,18.1527
-18.3252,18.1202
-18.3485,18.0875
-18.3717,18.0547
-18.3900,18.0228
-18.4169,17.9887
-18.4018,17.9646
-18.4197,17.9324
-18.4423,17.8989
-18.4648,17.8653
-18.4872,17.8315
-18.5026,17.7710
-18.5295,17.7356
-18.5514,17.7012
-18.5780,17.6654
-18.5997,17.6308
-18.6212,17.5960
-18.6350,17.5341
-18.6562,17.4989
-18.6724,17.4650
-18.6981,17.4281
-18.7284,17.3896
-18.7586,17.3510
-18.7887,17.3121
-18.8101,17.2456
-18.8398,17.2062
-18.8693,17.1666
-18.8938,17.1283
-18.9230,17.0884
-18.9520,17.0482
-18.9764,16.9783
-19.0049,16.9376
-19.0381,16.8952
-19.0710,16.8525
-19.1038,16.8095

# FrameTime=1781596550.81, PointCount=639
-4.3257,23.7130
-4.3738,23.7036
-4.4053,23.7052
-4.4285,23.7125
-4.4867,23.6951
-4.5035,23.7064
-4.4155,23.8156
-4.4917,23.7847
-4.5698,23.7519
-4.6173,23.7408
-4.5396,23.8207
-4.5910,23.8065
-4.6274,23.8265
-4.6547,23.8296
-4.7139,23.8085
-4.7131,23.8324
-4.7403,23.8351
-4.7595,23.8437
-4.7980,23.8608
-4.8389,23.8523
-4.8737,23.8483
-4.9007,23.8502
-4.9160,23.8614
-4.9351,23.8694
-4.8980,23.9227
-4.9657,23.8914
-4.9849,23.8991
-5.0041,23.9068
-5.0272,23.9112
-5.0502,23.9155
-5.0561,23.9340
-5.0524,23.9607
-5.0278,24.0053
-5.0758,23.9883
-5.1045,23.9875
-5.0956,24.0190
-5.1074,24.0327
-5.1155,24.0496
-5.2005,23.9991
-5.2353,24.0159
-5.1635,24.1039
-5.1496,24.1408
-5.1692,24.1476
-5.2073,24.1375
-5.2305,24.1407
-5.2660,24.1571
-5.2819,24.1668
-5.3124,24.1628
-5.3211,24.1793
-5.3495,24.1770
-5.3618,24.1899
-5.3329,24.2425
-5.4117,24.1914
-5.4312,24.1972
-5.4935,24.1609
-5.5235,24.1559
-5.5358,24.1683
-5.5304,24.1983
-5.5448,24.2086
-5.5411,24.2372
-5.5662,24.2368
-5.5752,24.2526
-5.5842,24.2685
-5.6073,24.2699
-5.6372,24.2640
-5.6670,24.2580
-5.7181,24.2295
-5.7210,24.2514
-5.7506,24.2450
-5.7665,24.2531
-5.7749,24.2693
-5.7673,24.3029
-5.7334,24.3653
-5.7893,24.3298
-5.7645,24.3829
-5.8316,24.3345
-5.8709,24.3163
-5.8605,24.3537
-5.9096,24.3240
-5.8968,24.3644
-5.9291,24.3793
-5.9518,24.3792
-5.9582,24.3979
-5.9866,24.3909
-5.9738,24.4323
-5.9864,24.4440
-6.0027,24.4512
-6.0163,24.4615
-6.1089,24.3765
-6.1407,24.3640
-6.0744,24.4715
-6.0971,24.4706
-6.1165,24.4735
-6.1235,24.4920
-6.1087,24.5377
-6.1438,24.5209
-6.1738,24.5104
-6.2086,24.4933
-6.2180,24.5087
-6.2313,24.5190
-6.2048,24.5812
-6.2852,24.5039
-6.2654,24.5576
-6.2848,24.5599
-6.2953,24.5740
-6.3147,24.5761
-6.3172,24.6010
-6.3544,24.5789
-6.3377,24.6301
-6.4020,24.5704
-6.4213,24.5720
-6.4436,24.5696
-6.4628,24.5711
-6.4619,24.6010
-6.4669,24.6229
-6.4251,24.7117
-6.4714,24.6748
-6.4682,24.7090
-6.4652,24.7432
-6.4735,24.7611
-6.4904,24.7665
-6.5369,24.7277
-6.5537,24.7329
-6.5852,24.7158
-6.5881,24.7417
-6.5967,24.7593
-6.5916,24.7977
-6.6275,24.7734
-6.6470,24.7741
-6.6359,24.8225
-6.6859,24.7752
-6.7053,24.7757
-6.7221,24.7803
-6.7283,24.8018
-6.7425,24.8106
-6.7436,24.8406
-6.7752,24.8210
-6.7793,24.8465
-6.7995,24.8453
-6.8309,24.8252
-6.8756,24.7823
-6.8847,24.7992
-6.9114,24.7860
-6.9156,24.8115
-6.8749,24.9149
-6.9440,24.8279
-6.9607,24.8317
-6.9603,24.8658
-6.9674,24.8869
-6.9769,24.9038
-6.9938,24.9074
-6.9795,24.9680
-7.0141,24.9394
-7.0477,24.9122
-7.0693,24.9068
-7.0885,24.9058
-7.0882,24.9414
-7.0981,24.9580
-7.1105,24.9701
-7.1167,24.9940
-7.1422,24.9808
-7.1614,24.9795
-7.1739,24.9914
-7.1752,25.0255
-7.1967,25.0197
-7.2056,25.0390
-7.2132,25.0611
-7.2486,25.0267
-7.2699,25.0205
-7.2610,25.0771
-7.2322,25.1761
-7.3330,25.0028
-7.3372,25.0323
-7.2444,25.2703
-7.3607,25.0597
-7.3618,25.0969
-7.3851,25.0856
-7.4281,25.0303
-7.4410,25.0415
-7.4437,25.0755
-7.4164,25.1781
-7.4877,25.0568
-7.5086,25.0496
-7.5216,25.0606
-7.5365,25.0670
-7.5556,25.1056
-7.5240,25.2242
-8.0539,23.9825
-8.0582,24.0056
-8.1018,23.9320
-8.1189,23.9227
-8.1323,23.9227
-8.1475,23.9180
-8.1645,23.9086
-8.1724,23.9224
-8.1928,23.9036
-8.2096,23.8941
-8.2246,23.8891
-8.2412,23.8795
-8.2578,23.8698
-8.2521,23.9204
-8.2857,23.8642
-8.3004,23.8589
-8.3101,23.8677
-8.3216,23.8714
-8.3362,23.8661
-8.3509,23.8606
-8.3622,23.8645
-8.2626,24.1945
-8.3850,23.8723
-7.9192,25.3062
-8.4016,23.8985
-8.4130,23.9023
-8.4260,23.9013
-8.4436,23.8860
-7.9883,25.3620
-7.9654,25.4904
-8.4779,23.8968
-8.0447,25.3481
-8.0552,25.3705
-8.5023,23.9407
-8.5153,23.9393
-8.5255,23.9476
-8.1059,25.4340
-8.5474,23.9591
-8.1639,25.3522
-8.1865,25.3327
-8.1996,25.3467
-8.2154,25.3511
-8.2312,25.3554
-8.2173,25.4706
-8.2514,25.4072
-8.2598,25.4403
-8.2684,25.4734
-8.2957,25.4342
-8.3106,25.4431
-8.3291,25.4374
-8.3356,25.4804
-8.3636,25.4357
-8.3808,25.4347
-8.3969,25.4385
-8.4202,25.4116
-8.4291,25.4460
-8.4452,25.4497
-8.4373,25.5607
-8.4774,25.4569
-8.4946,25.4556
-8.5139,25.4445
-8.5249,25.4722
-8.5414,25.4741
-8.5546,25.4921
-8.5698,25.5003
-8.5732,25.5686
-8.6024,25.5067
-8.6121,25.5442
-8.6257,25.5621
-8.6401,25.5764
-8.6565,25.5794
-8.6731,25.5824
-8.6704,25.6940
-8.7052,25.5931
-8.7210,25.6009
-8.7351,25.6184
-8.7565,25.5917
-8.7754,25.5797
-8.7959,25.5577
-8.7893,25.7087
-8.8242,25.5923
-8.8393,25.6047
-8.8545,25.6170
-8.8697,25.6293
-8.8849,25.6415
-8.8996,25.6586
-8.9119,25.6942
-8.9325,25.6680
-8.9513,25.6540
-8.9656,25.6760
-8.9805,25.6929
-8.9991,25.6801
-9.0148,25.6919
-9.0289,25.7187
-9.0207,26.1170
-9.0802,25.7192
-9.0946,25.7457
-9.1087,25.7772
-9.1295,25.7391
-9.1479,25.7258
-9.1528,25.8636
-9.1780,25.7735
-9.1934,25.7949
-9.2082,25.8261
-9.2251,25.8324
-9.2431,25.8238
-9.2606,25.8200
-9.2782,25.8162
-9.3105,25.8533
-9.3275,25.8593
-9.3449,25.8603
-9.3593,25.9182
-9.3768,25.9191
-9.3955,25.8929
-9.4274,25.9714
-9.4437,26.0070
-9.4608,26.0276
-9.4795,26.0010
-9.4977,25.9888
-9.5154,25.9892
-9.5505,26.0078
-9.5712,25.8294
-9.5885,25.8247
-9.6040,25.9986
-9.6218,25.9938
-9.6396,25.9839
-9.6572,26.0911
-9.6750,25.9789
-9.6927,25.9788
-9.7106,26.0087
-9.7289,26.0485
-9.7466,26.0383
-9.7643,26.0280
-9.7844,26.1398
-9.7993,25.9973
-9.8177,26.0218
-9.8363,26.0463
-9.8550,26.0707
-9.8740,26.1001
-9.8927,26.1144
-9.9107,26.1110
-9.9474,26.1220
-9.9658,26.1261
-9.9845,26.1352
-10.0027,26.1342
-10.0207,26.1305
-10.0387,26.1271
-10.0763,26.1446
-10.0963,26.1683
-10.1164,26.1918
-10.1374,26.2253
-10.1543,26.2039
-10.1710,26.1825
-10.1923,26.2158
-10.2309,26.2324
-10.2518,26.2555
-10.2722,26.2736
-10.2908,26.2717
-10.3104,26.2798
-10.3296,26.2828
-10.3673,26.2836
-10.3871,26.2914
-10.4052,26.2842
-10.4238,26.2820
-10.4418,26.2747
-10.4591,26.2625
-10.4981,26.2724
-10.5140,26.2501
-10.5409,26.3068
-10.5681,26.3635
-10.5862,26.3558
-10.6050,26.3530
-10.6394,26.4516
-10.6442,26.3571
-10.6654,26.3689
-10.6859,26.3758
-10.7072,26.3874
-10.7286,26.3990
-10.7501,26.4106
-10.7691,26.4073
-10.8062,26.3956
-10.8251,26.3922
-10.8422,26.3788
-10.8658,26.3998
-10.8961,26.4550
-10.9248,26.5003
-10.9772,26.5611
-11.0027,26.5865
-11.0222,26.5824
-11.0448,26.5930
-11.0798,26.6602
-11.0984,26.6511
-11.1350,26.6295
-11.1502,26.6056
-11.1697,26.6011
-11.1870,26.5868
-11.2181,26.6308
-11.2466,26.6632
-11.2711,26.6779
-11.2854,26.6505
-11.3026,26.6359
-11.3149,26.6019
-11.3407,26.6211
-11.3653,26.6354
-11.3875,26.6399
-11.4124,26.6540
-11.4465,26.6241
-11.4794,26.6669
-11.5113,26.7047
-11.5460,26.7520
-11.5756,26.7799
-11.5985,26.7837
-11.6415,26.7816
-11.6483,26.7310
-11.6914,26.8016
-11.7203,26.8242
-11.7464,26.8371
-11.7696,26.8404
-11.8303,26.8908
-11.8442,26.8640
-11.8707,26.8764
-11.8926,26.8745
-11.9162,26.8773
-11.9429,26.8895
-11.9649,26.8873
-12.0106,26.8876
-12.0228,26.8569
-12.0481,26.8639
-12.0856,26.9050
-12.1061,26.8977
-12.1044,26.8293
-12.1168,26.7383
-12.1420,26.7449
-12.1760,26.7749
-12.2510,26.9123
-12.2861,26.9428
-12.3031,26.9256
-12.3958,27.1030
-12.3569,26.9422
-12.3904,26.9666
-12.4258,26.9955
-12.4839,27.0798
-12.5234,27.1168
-12.5277,27.0674
-12.5885,27.1550
-12.6676,27.2851
-12.6580,27.2018
-12.6757,27.1842
-12.6715,27.1154
-12.7005,27.1247
-12.7435,27.1659
-12.7888,27.2115
-12.8438,27.2200
-12.8836,27.2515
-12.8968,27.2236
-12.9721,27.3319
-13.0335,27.4082
-13.0449,27.3752
-13.0625,27.3559
-13.1079,27.3956
-13.0997,27.3219
-13.1538,27.3792
-13.1887,27.3957
-13.2303,27.4255
-13.2699,27.4507
-13.3052,27.4668
-13.3185,27.4379
-13.3383,27.4225
-13.3581,27.4070
-13.3936,27.4225
-13.4338,27.4469
-13.4742,27.4710
-13.6070,27.6726
-13.5185,27.4480
-13.5639,27.4806
-13.6095,27.5130
-13.6671,27.5672
-13.7179,27.6079
-13.7738,27.6571
-13.8109,27.6710
-13.8685,27.6679
-13.9034,27.6770
-13.9506,27.7078
-13.9956,27.7340
-14.0507,27.7774
-14.0837,27.7815
-14.1349,27.7635
-14.2059,27.8319
-14.3154,27.9644
-14.3651,27.9944
-14.3396,27.8978
-14.3501,27.8623
-14.4517,27.9774
-14.4384,27.9023
-14.4958,27.9432
-14.4984,27.8947
-14.4980,27.8420
-14.5584,27.8867
-14.6058,27.9100
-14.6909,27.9921
-14.7896,28.0415
-14.8108,28.0219
-14.8618,28.0483
-14.8583,27.9909
-14.8710,27.9586
-15.1364,28.3063
-15.2219,28.3272
-15.2495,28.3146
-15.2685,28.2896
-15.2761,28.2480
-15.3319,28.2764
-15.3565,28.2593
-14.2231,23.7948
-14.2264,23.7748
-14.2336,23.7580
-14.2556,23.7305
-14.2665,23.7167
-14.2735,23.6998
-14.2843,23.6859
-14.2951,23.6721
-14.3019,23.6551
-14.3126,23.6412
-14.3299,23.6102
-14.3405,23.5962
-14.3470,23.5791
-14.3575,23.5651
-14.3680,23.5510
-14.3743,23.5339
-14.3950,23.5056
-14.4052,23.4913
-14.4155,23.4771
-14.4256,23.4628
-14.4358,23.4485
-14.4458,23.4342
-14.4659,23.4054
-14.4759,23.3910
-14.4858,23.3766
-14.4956,23.3621
-14.5055,23.3476
-14.5111,23.3302
-14.5180,23.2928
-14.5402,23.2865
-14.8464,22.5620
-14.8628,22.5507
-14.8521,22.5266
-14.9183,22.5386
-14.8894,22.5060
-14.8967,22.4903
-14.9039,22.4746
-14.9520,22.4774
-14.9592,22.4615
-14.9663,22.4456
-14.9734,22.4297
-14.9758,22.4118
-14.9897,22.3798
-14.9966,22.3639
-15.0034,22.3478
-15.0102,22.3318
-15.0170,22.3158
-15.0237,22.2997
-15.0415,22.2694
-15.0481,22.2532
-15.0546,22.2371
-15.0657,22.2227
-15.0721,22.2065
-15.0784,22.1903
-15.0941,22.1776
-15.0879,22.1379
-15.0987,22.1234
-15.1189,22.1123
-15.1404,22.0830
-15.1228,22.0580
-15.1252,22.0219
-17.3940,19.7522
-17.3880,19.7293
-17.3769,19.7066
-17.4001,19.6822
-17.6031,19.3605
-17.5658,19.3400
-17.6384,19.3091
-17.6358,19.2852
-17.6632,19.2582
-17.6631,19.2097
-17.7002,19.1812
-17.6826,19.1588
-17.6699,19.1360
-17.7018,19.1077
-17.6939,19.0842
-17.7324,19.0303
-17.7738,19.0001
-17.8151,18.9698
-17.8513,18.9398
-17.8677,18.9124
-17.8839,18.8849
-17.9013,18.8319
-17.9124,18.8049
-17.9283,18.7770
-17.9391,18.7499
-17.9549,18.7218
-17.9803,18.6920
-18.0057,18.6621
-18.0356,18.6311
-18.0266,18.6068
-18.0517,18.5765
-18.0717,18.5468
-18.0966,18.5161
-18.1213,18.4853
-18.1460,18.4543
-18.1700,18.4232
-18.1606,18.3986
-18.1849,18.3672
-18.2042,18.3366
-18.2284,18.3049
-18.2475,18.2741
-18.2658,18.2163
-18.2846,18.1851
-18.3081,18.1527
-18.3316,18.1202
-18.3549,18.0875
-18.3781,18.0546
-18.3963,18.0228
-18.4081,17.9645
-18.4309,17.9312
-18.4487,17.8989
-18.4712,17.8652
-18.4936,17.8314
-18.5207,17.7962
-18.5465,17.7611
-18.5406,17.7342
-18.5674,17.6985
-18.5892,17.6640
-18.6156,17.6280
-18.6323,17.5944
-18.6489,17.5608
-18.6977,17.5179
-18.6577,17.5000
-18.6787,17.4647
-18.7044,17.4278
-18.7299,17.3908
-18.7601,17.3521
-18.7854,17.3147
-18.8069,17.2482
-18.8365,17.2088
-18.8660,17.1692
-18.8906,17.1310
-18.9197,17.0910
-18.9488,17.0509
-18.9731,16.9810
-19.0017,16.9404
-19.0348,16.8979
-19.0678,16.8552
-19.1006,16.8123

