# FrameTime=1781596344.71, PointCount=523
11.9424,12.5933
11.9467,12.6174
11.9509,12.6414
11.9681,12.6726
11.9175,12.6673
11.9234,12.6924
11.8946,12.6987
11.8960,12.7215
11.8367,12.7105
11.8099,12.7174
11.7745,12.7193
11.7868,12.7482
11.7577,12.7534
11.7267,12.7574
11.7670,12.8027
11.7574,12.8192
11.7650,12.8458
11.6928,12.8252
11.6983,12.8505
11.6392,12.8371
11.6209,12.8481
11.6262,12.8733
11.6292,12.8971
11.6448,12.9290
11.5817,12.9121
11.7054,13.0115
11.5576,12.9412
11.5433,12.9544
11.5291,12.9675
11.4728,12.9536
11.4963,12.9909
11.4359,12.9739
11.4906,13.0318
11.4408,13.0437
11.4180,13.0509
11.3911,13.0551
11.3642,13.0593
11.3373,13.0633
11.3104,13.0672
11.2138,13.0447
11.1993,13.0567
11.1767,13.0628
11.1867,13.0920
11.1803,13.1096
11.1779,13.1302
11.2017,13.1696
11.1567,13.1595
11.1420,13.1712
11.1313,13.1858
11.1166,13.1974
11.1018,13.2090
11.0870,13.2205
11.0681,13.2289
11.0305,13.2455
11.0195,13.2598
11.0362,13.2954
11.0488,13.3281
11.0691,13.3670
11.0382,13.3659
10.9940,13.3773
10.9380,13.3556
10.9578,13.3947
10.8939,13.3661
10.9136,13.4052
10.9004,13.4177
10.9447,13.4776
10.8391,13.4135
10.8353,13.4336
10.8277,13.4505
10.8238,13.4706
10.8274,13.4972
10.7681,13.4700
10.7754,13.4998
10.7658,13.5152
10.7407,13.5169
10.7327,13.5336
10.7321,13.5569
10.7186,13.5688
10.7365,13.6088
10.7235,13.6456
10.6782,13.6287
10.6293,13.6081
10.6393,13.6415
10.5979,13.6274
10.6187,13.6711
10.6720,13.7456
10.5856,13.7135
10.5300,13.6850
10.4998,13.6805
10.5091,13.7140
10.4860,13.7162
10.4737,13.7289
10.4453,13.7505
10.4258,13.7560
10.4063,13.7613
10.3833,13.7631
10.3638,13.7683
10.3339,13.7627
10.3891,13.8444
10.3124,13.7906
10.3275,13.8315
10.3390,13.8690
10.3227,13.8775
10.3168,13.8969
10.3190,13.9252
10.3027,13.9337
10.2767,13.9578
10.2501,13.9551
10.2154,13.9433
10.2024,13.9551
10.1994,13.9780
10.1829,13.9860
10.1632,14.0169
10.1283,14.0039
10.1104,14.0101
10.0809,14.0028
10.0611,14.0066
10.0577,14.0294
10.1463,14.1602
10.0311,14.0520
10.0178,14.0633
10.0044,14.0745
9.9878,14.0818
9.9744,14.0930
9.9609,14.1041
9.9740,14.1477
9.8905,14.0727
9.9297,14.1488
9.9192,14.1636
9.9087,14.1785
9.9011,14.1972
9.8874,14.2081
9.8736,14.2189
9.8428,14.2365
9.8228,14.2393
9.8362,14.2856
9.8433,14.3242
9.8154,14.3166
9.8089,14.3375
9.7657,14.3386
9.7633,14.3652
9.7490,14.3756
9.7360,14.3878
9.7304,14.4103
9.7451,14.4613
9.7464,14.5251
9.7144,14.5110
9.6711,14.4804
9.6394,14.4660
9.5737,14.4021
9.5424,14.3873
9.7121,14.6673
9.5193,14.4151
9.5021,14.4207
9.4849,14.4262
9.4456,14.3984
9.4614,14.4538
9.4578,14.4800
9.4595,14.5147
9.4543,14.5715
9.4287,14.5642
9.4031,14.5568
9.3963,14.5789
9.4184,14.6475
9.4454,14.7248
9.3938,14.7097
9.4408,14.8214
9.5428,15.0255
9.3684,14.7719
9.3643,14.8003
9.2788,14.6916
9.3483,14.8446
9.2458,14.7052
9.2380,14.7271
9.2176,14.7273
9.2122,14.7535
9.2017,14.7710
9.1911,14.7884
9.1644,14.7773
9.1382,14.8033
9.1154,14.7988
9.1046,14.8161
9.0937,14.8333
9.0828,14.8506
9.0694,14.8634
9.0425,14.8890
9.0266,14.8973
9.0131,14.9100
9.0017,14.9271
8.9757,14.9155
8.9620,14.9280
8.9479,14.9798
8.9362,14.9968
8.9443,15.0540
8.9158,15.0372
8.9126,15.0721
8.8854,15.0575
8.8905,15.1104
8.8452,15.0574
8.8331,15.0742
8.8273,15.1045
8.8192,15.1303
8.7943,15.1197
8.7591,15.0864
8.8464,15.3238
8.7385,15.1286
8.7361,15.1679
8.7134,15.1616
8.7027,15.1826
8.7118,15.2494
8.7037,15.2774
8.6789,15.2662
8.6372,15.2622
8.6202,15.2692
8.5975,15.2624
8.5994,15.3156
8.5833,15.3249
8.5642,15.3272
8.5646,15.3782
8.5209,15.3686
8.5000,15.3660
8.4791,15.3633
8.4521,15.3443
8.4357,15.3531
8.4124,15.3432
8.3771,15.3536
8.3530,15.3411
8.3392,15.3567
8.3295,15.3842
8.3039,15.3668
8.2965,15.4011
8.2836,15.4770
8.2829,15.5326
8.2803,15.5837
8.2387,15.5186
8.2162,15.5102
8.1939,15.5018
8.1631,15.5275
8.1461,15.5355
8.1193,15.5125
8.1031,15.5228
8.1366,15.7609
8.0900,15.6730
8.0494,15.6694
8.0354,15.6891
8.0089,15.6656
7.9955,15.6877
7.9773,15.6929
7.9523,15.6739
8.0525,16.1874
7.9081,15.7274
7.8859,15.7178
7.8909,15.8119
7.8535,15.7442
7.8265,15.7151
7.8247,15.7853
7.8019,15.7727
7.7786,15.7579
7.7696,15.8012
7.7649,15.8640
7.7663,15.9539
7.7444,15.9458
7.7507,16.0602
7.7086,15.9643
7.7047,16.0368
7.6661,15.9533
7.6291,15.8745
7.6155,15.9030
7.5925,15.8874
7.5767,15.9060
7.5399,15.9187
7.5210,15.9225
7.4972,15.9017
7.4831,15.9298
7.4845,16.0414
7.4798,16.1236
7.4887,16.2826
7.4310,16.0767
7.4090,16.0654
7.4192,16.2391
7.3926,16.2031
7.3662,16.1670
7.3501,16.1919
7.3396,16.2524
7.3098,16.1933
7.2862,16.1718
7.2695,16.1945
7.2601,16.2666
7.2509,16.3437
7.2328,16.3614
7.2119,16.3593
7.1661,16.3253
7.1414,16.2933
7.1195,16.2810
7.1001,16.2885
7.0830,16.3157
7.0662,16.3462
7.0569,16.4429
7.0249,16.3426
7.0042,16.3399
6.9866,16.3669
6.9857,16.5563
6.9623,16.5335
6.9391,16.5107
6.9194,16.5226
6.8952,16.4863
6.8693,16.4285
6.8543,16.4949
6.8402,16.5763
6.8264,16.6676
6.8033,16.6443
6.7775,16.5811
6.7350,16.5741
6.7131,16.5605
6.6929,16.5718
6.2914,9.9970
6.2903,9.9971
6.2888,9.9922
6.2868,9.9973
6.5754,16.7629
6.5552,16.7937
6.5356,16.8482
6.5144,16.8639
6.4902,16.7860
6.4730,16.9402
6.4470,16.7822
6.4261,16.8077
6.4082,17.0068
6.2751,9.9927
6.3645,17.0634
6.3417,17.0087
6.3198,17.0529
6.2751,17.0081
6.2529,16.9891
6.2306,17.0180
6.2659,9.9927
6.1869,16.9576
6.1645,16.9823
6.1185,17.0665
6.0957,17.0860
6.0720,17.1355
6.0490,17.1498
6.0254,17.1791
6.0013,17.2183
5.9304,17.2705
5.9083,17.2495
5.8849,17.2584
5.8612,17.2722
5.8340,17.3464
5.8119,17.3251
5.7731,17.2076
5.7456,17.2758
5.7176,17.3440
5.6911,17.3871
5.6639,17.4351
5.6369,17.4781
5.5931,17.4343
5.5607,17.5317
5.5177,17.7384
5.5147,17.5121
5.4910,17.5098
5.4572,17.6071
5.4197,17.7337
5.4049,17.6418
5.3792,17.6541
5.3438,17.7505
5.3153,17.7825
5.2956,17.7399
5.2688,17.7568
5.2493,17.7140
5.1870,17.8119
5.1577,17.8433
5.1446,17.7557
5.1223,17.7375
5.0837,17.8328
5.0634,17.7996
5.0105,17.8169
4.9758,17.8772
4.9432,17.9226
4.9174,17.9235
4.8770,18.0130
4.8443,18.0531
4.8130,18.0837
4.7868,18.0838
4.7561,18.1093
4.7056,18.2424
4.6844,18.2125
4.6540,18.2322
4.6253,18.2421
4.6003,18.2328
4.5707,18.2467
4.5419,18.2563
4.5139,18.2609
4.4840,18.2751
4.4590,18.2648
4.4185,18.3278
4.3766,18.3954
4.3358,18.3302
4.2525,18.5789
4.2134,18.6264
4.2023,18.5509
4.1596,18.6127
4.0676,18.8799
4.0328,18.9024
4.0857,18.5642
4.0589,18.5576
4.0321,18.5510
3.9501,18.7620
3.9201,18.7647
3.8977,18.7383
3.8216,18.9163
3.7858,18.8275
3.7608,18.8103
3.7345,18.7980
3.6407,19.0278
3.6056,19.0439
3.5636,19.0839
3.4956,19.1059
3.4459,19.1695
3.4144,19.1705
3.3872,19.1572
3.3556,19.1580
3.3241,19.1588
3.2653,19.1457
-1.5166,10.5941
-1.5092,10.5694
-1.4999,10.5210
-1.5125,10.4988
-1.7210,10.3288
-1.7082,10.3036
-1.6951,10.2784
-1.7369,10.2577
-1.7787,10.2368
-1.7807,10.2126
-1.7873,10.1888
-1.8039,10.1657
-1.8205,10.1424
-1.8420,10.1194
-1.8635,10.0963
-1.8812,10.0483
-1.9025,10.0248
-1.9187,10.0010
-1.9348,9.9771
-1.9508,9.9532
-1.9668,9.9291
-1.9827,9.9049
-1.9835,9.8801
-1.9943,9.8557
-2.0000,9.8310
-2.0156,9.8066
-2.0312,9.7820
-2.0516,9.7575
-2.0720,9.7328
-2.0926,9.6829
-2.1128,9.6579
-2.1329,9.6329
-2.1579,9.6076
-2.1776,9.5823
-2.1974,9.5568
-2.2122,9.5058
-2.2319,9.4801
-2.2511,9.4542
-2.2706,9.4282
-2.2853,9.4022
-2.3047,9.3760
-2.3231,9.3239
-2.3372,9.2976
-2.3562,9.2710
-2.3751,9.2443
-2.3934,9.2175
-2.4127,9.1905
-2.4300,9.1373
-2.4485,9.1101
-2.4669,9.0827
-2.4852,9.0552
-2.5085,9.0273
-2.5316,8.9993
-2.5547,8.9711
-2.5769,8.9428
-2.5756,8.9162
-2.5984,8.8876
-2.6161,8.8593
-2.6337,8.8309
-2.6513,8.8024
-2.6687,8.7738
-2.6901,8.7447
-2.6884,8.7177
-2.7155,8.6878
-2.7376,8.6582
-2.7645,8.6279
-2.7913,8.5975
-2.8130,8.5675
-2.8385,8.5368
-2.8314,8.5100
-2.8529,8.4796
-2.8743,8.4491
-2.8955,8.4185
-2.9167,8.3877
-2.9427,8.3561
-2.9426,8.3279
-2.9597,8.2973
-2.9805,8.2660
-3.0011,8.2346
-3.0217,8.2031
-3.0421,8.1714
-3.0674,8.1388
-3.0880,8.0779
-3.1129,8.0449
-3.1362,8.0120
-3.1560,7.9796
-3.1920,7.9441
-3.2165,7.9104
-3.2405,7.8471
-3.2647,7.8131
-3.2936,7.7779
-3.3224,7.7425
-3.3511,7.7069
-3.3796,7.6712
-3.3972,7.6073
-3.4254,7.5711
-3.4486,7.5357
-3.4716,7.5002
-3.4945,7.4646

# FrameTime=1781596344.80, PointCount=513
11.9406,12.5878
11.9493,12.6142
11.9491,12.6359
11.9776,12.6732
11.9615,12.6865
11.9260,12.6893
11.9016,12.6979
11.8836,12.7100
11.8480,12.7122
11.8082,12.7118
11.7771,12.7161
11.7603,12.7502
11.7379,12.7592
11.7610,12.7945
11.7557,12.8135
11.7590,12.8375
11.6825,12.8144
11.6375,12.8314
11.6235,12.8449
11.6331,12.8727
11.6360,12.8966
11.6517,12.9284
11.6097,12.9247
11.5686,12.9433
11.5502,12.9539
11.5191,12.9563
11.4964,12.9639
11.4863,12.9796
11.4510,12.9788
11.4973,13.0313
11.5058,13.0593
11.4476,13.0433
11.4289,13.0532
11.4186,13.0687
11.3750,13.0617
11.3440,13.0629
11.3130,13.0640
11.3417,13.1061
11.2081,13.0358
11.2019,13.0535
11.1793,13.0597
11.2056,13.1003
11.1911,13.1122
11.2149,13.1516
11.1740,13.1446
11.1593,13.1564
11.1446,13.1681
11.1339,13.1827
11.1192,13.1943
11.1084,13.2088
11.0896,13.2173
11.0638,13.2431
11.0251,13.2363
11.0301,13.2627
11.0388,13.2922
11.0514,13.3249
11.0756,13.3669
11.0295,13.3770
10.9887,13.3678
10.9367,13.3493
10.9505,13.3835
10.8965,13.3629
10.9260,13.4101
10.8953,13.4082
10.8379,13.4071
10.8418,13.4336
10.8303,13.4473
10.8225,13.4642
10.8148,13.4811
10.7669,13.4636
10.7701,13.5134
10.7433,13.5137
10.7353,13.5304
10.7347,13.5538
10.7378,13.5804
10.7205,13.5890
10.6965,13.6156
10.6697,13.6154
10.6356,13.6083
10.6419,13.6383
10.6005,13.6242
10.5848,13.6338
10.7492,13.8125
10.5774,13.7000
10.5218,13.6715
10.5023,13.6773
10.5152,13.7143
10.4886,13.7130
10.5314,13.7796
10.4639,13.7383
10.4444,13.7438
10.4284,13.7528
10.4054,13.7546
10.3894,13.7634
10.3664,13.7651
10.4078,13.8324
10.3240,13.7717
10.3184,13.7910
10.3405,13.8391
10.3381,13.8622
10.3440,13.8940
10.3311,13.9062
10.3182,13.9184
10.2889,13.9389
10.2793,13.9546
10.2493,13.9482
10.2247,13.9474
10.2050,13.9519
10.2053,13.9785
10.1790,14.0020
10.1658,14.0137
10.1210,13.9894
10.1130,14.0069
10.0835,13.9996
10.0188,13.9513
10.1950,14.1833
10.0470,14.0375
10.0337,14.0488
10.0204,14.0601
10.0070,14.0713
9.9904,14.0787
9.9770,14.0898
9.9635,14.1009
9.8899,14.0656
9.9323,14.1456
9.9218,14.1604
9.9113,14.1753
9.9006,14.1901
9.8900,14.2049
9.8654,14.2305
9.8545,14.2452
9.8558,14.2757
9.8721,14.3261
9.8459,14.3210
9.8149,14.3095
9.7914,14.3369
9.7653,14.3314
9.7659,14.3620
9.7516,14.3725
9.7386,14.3846
9.7359,14.4112
9.7623,14.4785
9.7608,14.5074
9.7951,14.5872
9.6940,14.4752
9.7023,14.5182
9.6363,14.4546
9.5678,14.3866
9.7129,14.6290
9.5419,14.4104
9.5191,14.4078
9.5047,14.4175
9.4792,14.4106
9.4564,14.4077
9.4640,14.4506
9.4659,14.4852
9.4474,14.5210
9.4650,14.5810
9.4340,14.5653
9.4057,14.5536
9.4015,14.5799
9.4316,14.6613
9.4222,14.7141
9.4121,14.7321
9.3797,14.7135
9.3684,14.7644
9.3592,14.7842
9.2636,14.6931
9.2534,14.7107
9.2381,14.7196
9.2277,14.7371
9.2173,14.7546
9.2068,14.7721
9.1937,14.7852
9.1442,14.7697
9.1456,14.8089
9.1180,14.7956
9.1072,14.8129
9.0963,14.8301
9.0830,14.8430
9.0562,14.8686
9.0451,14.8858
9.0316,14.8985
9.0203,14.9157
9.0112,14.9372
8.9760,14.9078
8.9531,14.9418
8.9527,14.9811
8.9366,14.9891
8.9689,15.0957
8.9206,15.0385
8.9152,15.0689
8.8858,15.0498
8.8985,15.1186
8.8414,15.0407
8.8421,15.0846
8.8256,15.0922
8.8416,15.1701
8.7844,15.0893
8.8786,15.3401
8.7432,15.0861
8.7472,15.1391
8.7366,15.1601
8.7180,15.1629
8.7053,15.1794
8.7163,15.2508
8.7043,15.2696
8.6645,15.2703
8.6397,15.2590
8.6228,15.2660
8.6039,15.2685
8.5935,15.2917
8.5896,15.3310
8.5737,15.3912
8.5481,15.3772
8.5235,15.3654
8.5026,15.3628
8.4799,15.3555
8.4511,15.3318
8.4194,15.3517
8.3952,15.3394
8.3797,15.3504
8.3573,15.3426
8.3452,15.3629
8.3296,15.3738
8.3065,15.3636
8.2834,15.4087
8.2781,15.4501
8.2823,15.5199
8.2670,15.5331
8.2223,15.4585
8.2173,15.5023
8.1803,15.5091
8.1687,15.5338
8.1471,15.5275
8.1249,15.5189
8.1116,15.5387
8.1884,15.8525
8.1377,15.7530
8.0744,15.6752
8.0562,15.6806
8.0338,15.6715
8.0101,15.6576
7.9981,15.6846
7.9853,15.7090
7.9420,15.6950
7.9395,15.7579
7.9068,15.7098
7.8897,15.7195
7.8922,15.8039
7.8536,15.7313
7.8108,15.7165
7.8033,15.7647
7.7788,15.7450
7.7734,15.8029
7.7734,15.8851
7.7683,15.9479
7.7291,15.9519
7.7123,15.9659
7.6590,15.9062
7.6306,15.8664
7.6160,15.8900
7.6359,16.0777
7.5773,15.8931
7.5604,15.9067
7.5425,15.9155
7.5226,15.9144
7.5008,15.9034
7.4894,15.9463
7.4816,16.0088
7.4575,16.0945
7.4354,16.0833
7.4186,16.1015
7.4033,16.1295
7.3880,16.1575
7.3680,16.1589
7.3313,16.1821
7.3116,16.1852
7.2896,16.1735
7.2751,16.2111
7.2634,16.2684
7.2535,16.3405
7.2309,16.3268
7.2152,16.3611
7.1861,16.2996
7.1740,16.3617
7.1421,16.2753
7.1221,16.2778
7.1027,16.2853
7.0862,16.3175
7.0471,16.3322
7.0269,16.3345
7.0062,16.3318
6.9913,16.3836
6.9882,16.5531
6.9649,16.5303
6.9206,16.5045
6.8968,16.4732
6.8714,16.4203
6.8578,16.5017
6.8469,16.6229
6.8317,16.6992
6.7841,16.6327
6.7602,16.5944
6.7382,16.5809
6.2960,9.9888
6.6955,16.5686
6.6749,16.5748
6.6551,16.5959
6.2914,9.9891
6.6206,16.7514
6.6003,16.7774
6.5787,16.7746
6.5584,16.8055
6.5386,16.8550
6.2846,9.9894
6.4713,16.7834
6.4502,16.8040
6.4295,16.8444
6.4124,17.0885
6.3902,17.1048
6.3668,17.0352
6.3448,17.0645
6.3223,17.0407
6.3000,17.0348
6.2777,16.9899
6.2555,16.9959
6.2332,17.0198
6.2111,17.0096
6.1895,16.9494
6.1444,17.0088
6.1211,17.0634
6.2628,9.9895
6.0744,17.1373
6.0518,17.1367
6.0276,17.1859
5.9808,17.2193
5.9336,17.2524
5.9107,17.2513
5.8878,17.2502
5.8630,17.2840
5.8374,17.3276
5.8145,17.3219
5.7939,17.2806
5.7764,17.1945
5.7444,17.3275
5.7192,17.3557
5.6911,17.4188
5.6596,17.5212
5.6403,17.4649
5.6175,17.4530
5.5936,17.4560
5.5629,17.5335
5.5244,17.6903
5.5173,17.5089
5.4906,17.5364
5.4638,17.5642
5.4337,17.6213
5.4086,17.6287
5.3785,17.6806
5.3436,17.7722
5.3214,17.7495
5.2988,17.7317
5.2469,17.7505
5.2225,17.7474
5.1902,17.8037
5.1596,17.8450
5.1493,17.7377
5.1221,17.7541
5.0756,17.9040
5.0623,17.8211
5.0436,17.7779
5.0093,17.8384
4.9777,17.8790
4.9473,17.9096
4.9192,17.9253
4.8673,18.0841
4.8503,18.0302
4.8182,18.0653
4.7911,18.0707
4.7560,18.1208
4.7091,18.2343
4.6897,18.1946
4.6566,18.2290
4.6038,18.2247
4.5743,18.2387
4.5445,18.2531
4.5155,18.2626
4.4876,18.2670
4.4616,18.2616
4.3897,18.3434
4.3561,18.3718
4.3060,18.4733
4.2584,18.5610
4.2093,18.6524
4.2072,18.5379
4.1519,18.6533
4.0720,18.7472
4.0954,18.5319
4.0591,18.5641
4.0347,18.5478
3.9363,18.8233
3.9277,18.7422
3.8615,18.7714
3.7835,18.9540
3.7910,18.8146
3.7660,18.7975
3.7331,18.8092
3.6487,19.0053
3.5745,19.0519
3.5350,19.0822
3.4828,19.1555
3.4570,19.1375
3.4213,19.1530
3.3898,19.1540
3.2995,19.1420
3.2694,19.1378
-1.5264,10.5687
-1.4697,10.5381
-1.5072,10.5190
-1.7004,10.2999
-1.6875,10.2748
-1.7094,10.2525
-1.7611,10.2324
-1.7679,10.2087
-1.7913,10.1618
-1.8129,10.1389
-1.8295,10.1156
-1.8509,10.0925
-1.8723,10.0693
-1.8936,10.0459
-1.9111,9.9976
-1.9272,9.9737
-1.9432,9.9498
-1.9592,9.9257
-1.9751,9.9015
-1.9859,9.8771
-2.0017,9.8528
-2.0123,9.8282
-2.0130,9.8034
-2.0286,9.7788
-2.0440,9.7542
-2.0594,9.7295
-2.0798,9.7047
-2.1050,9.6799
-2.1150,9.6548
-2.1301,9.6297
-2.1501,9.6044
-2.1700,9.5791
-2.1849,9.5537
-2.2046,9.5281
-2.2243,9.5025
-2.2385,9.4512
-2.2580,9.4253
-2.2774,9.3992
-2.2971,9.3730
-2.3113,9.3468
-2.3255,9.3206
-2.3386,9.2684
-2.3625,9.2415
-2.3814,9.2147
-2.4001,9.1878
-2.4238,9.1605
-2.4424,9.1333
-2.4593,9.0798
-2.4776,9.0524
-2.5009,9.0245
-2.5240,8.9964
-2.5471,8.9682
-2.5701,8.9399
-2.5908,8.8848
-2.6085,8.8566
-2.6261,8.8282
-2.6487,8.7992
-2.6661,8.7706
-2.6884,8.7414
-2.7129,8.6846
-2.7350,8.6550
-2.7619,8.6247
-2.7837,8.5949
-2.8055,8.5648
-2.8271,8.5347
-2.8437,8.5050
-2.8739,8.4735
-2.8618,8.4472
-2.8830,8.4166
-2.9042,8.3858
-2.9302,8.3542
-2.9511,8.3232
-2.9720,8.2920
-2.9766,8.2630
-2.9887,8.2329
-3.0092,8.2014
-3.0346,8.1689
-3.0599,8.1364
-3.0850,8.1036
-3.1101,8.0707
-3.1088,8.0420
-3.1287,8.0097
-3.1534,7.9764
-3.1845,7.9417
-3.2090,7.9081
-3.2333,7.8743
-3.2625,7.8394
-3.2812,7.7766
-3.3100,7.7412
-3.3387,7.7057
-3.3672,7.6700
-3.3908,7.6351
-3.4191,7.5990
-3.4362,7.5346
-3.4592,7.4992
-3.4870,7.4625

# FrameTime=1781596344.90, PointCount=518
11.9318,12.5832
11.9581,12.6188
11.9799,12.6523
11.9443,12.6553
11.9201,12.6641
11.9109,12.6810
11.9205,12.7304
11.8480,12.7122
11.8213,12.7191
11.7814,12.7186
11.7567,12.7264
11.7387,12.7378
11.7749,12.7805
11.7673,12.7982
11.7557,12.8135
11.7719,12.8451
11.7278,12.8412
11.6600,12.8229
11.6332,12.8288
11.6471,12.8592
11.6318,12.8940
11.6389,12.9205
11.6013,12.9194
11.5701,12.9221
11.5517,12.9327
11.5502,12.9539
11.4502,12.9342
11.5366,13.0121
11.4301,12.9652
11.4806,13.0204
11.4620,13.0305
11.4351,13.0350
11.3978,13.0547
11.3750,13.0617
11.3481,13.0657
11.3171,13.0668
11.2472,13.0409
11.2040,13.0330
11.2530,13.0892
11.1793,13.0597
11.1689,13.0744
11.1829,13.1064
11.1886,13.1328
11.1902,13.1563
11.1674,13.1622
11.1667,13.1842
11.1420,13.1886
11.1232,13.1972
11.1084,13.2088
11.0936,13.2203
11.0787,13.2317
11.0678,13.2461
11.0291,13.2393
11.0309,13.2861
11.0514,13.3249
11.0796,13.3700
11.0486,13.3689
11.0217,13.3708
10.9557,13.3415
10.9410,13.3758
10.8926,13.3597
10.8968,13.3862
10.9146,13.4240
10.8608,13.4029
10.8456,13.4135
10.8265,13.4441
10.8187,13.4610
10.8148,13.4811
10.7896,13.4831
10.7704,13.4901
10.7738,13.5167
10.7395,13.5105
10.8087,13.5949
10.7385,13.5571
10.7154,13.5605
10.7428,13.6089
10.7419,13.6324
10.7002,13.6189
10.6365,13.5851
10.6493,13.6451
10.6079,13.6310
10.6213,13.6679
10.6346,13.7048
10.6441,13.7385
10.5737,13.6965
10.4952,13.6704
10.5116,13.7108
10.4886,13.7130
10.4763,13.7257
10.4568,13.7313
10.4373,13.7368
10.4689,13.7931
10.4054,13.7546
10.3859,13.7599
10.3664,13.7651
10.3400,13.7631
10.3275,13.7753
10.3323,13.8054
10.3696,13.8695
10.3415,13.8658
10.3116,13.8599
10.3159,13.8901
10.3251,13.9257
10.3087,13.9341
10.2957,13.9462
10.2725,13.9473
10.2850,13.9871
10.2315,13.9548
10.2117,13.9593
10.2020,13.9748
10.1889,13.9866
10.1857,14.0095
10.1625,14.0100
10.1163,14.0107
10.0802,13.9958
10.0058,13.9362
10.0603,14.0262
10.0470,14.0375
10.0337,14.0488
10.0070,14.0713
9.9936,14.0825
9.9770,14.0898
9.9635,14.1009
9.9064,14.0586
9.9428,14.1307
9.9587,14.1783
9.9218,14.1604
9.9113,14.1753
9.9006,14.1901
9.8900,14.2049
9.8792,14.2196
9.8654,14.2305
9.8576,14.2491
9.8418,14.2864
9.8428,14.3170
9.8210,14.3174
9.8008,14.3201
9.7794,14.3209
9.7742,14.3435
9.7575,14.3805
9.7373,14.3829
9.7330,14.4072
9.7302,14.4338
9.7202,14.4505
9.7676,14.5483
9.7023,14.5182
9.6505,14.4751
9.5877,14.4153
9.5422,14.3800
9.5363,14.4021
9.5163,14.4036
9.6927,14.6972
9.4847,14.4189
9.4482,14.3952
9.4613,14.4464
9.4604,14.4768
9.4594,14.5073
9.4582,14.5378
9.4313,14.5610
9.4137,14.5663
9.3935,14.5672
9.4157,14.6359
9.4164,14.6707
9.3855,14.6546
9.3898,14.6956
9.4316,14.8341
9.3813,14.7858
9.3785,14.8165
9.2916,14.7056
9.2662,14.6974
9.2610,14.7236
9.2202,14.7241
9.2173,14.7546
9.2018,14.7634
9.1912,14.7809
9.1695,14.7785
9.1539,14.7871
9.1335,14.7870
9.1410,14.8374
9.1072,14.8129
9.0940,14.8257
9.0830,14.8430
9.0696,14.8558
9.0562,14.8686
9.0451,14.8858
9.0134,14.9023
9.0043,14.9239
8.9805,14.9167
8.9646,14.9248
8.9666,14.9686
8.9505,14.9766
8.9292,15.0150
8.9162,15.0295
8.9130,15.0644
8.8923,15.0633
8.8749,15.0690
8.8457,15.0497
8.8919,15.1908
8.8320,15.1058
8.8113,15.1044
8.7948,15.1120
8.7803,15.1241
8.7494,15.0997
8.7615,15.1710
8.7883,15.2765
8.7139,15.1538
8.7013,15.1703
8.6985,15.2096
8.7043,15.2696
8.6815,15.2631
8.6586,15.2564
8.6417,15.2636
8.6755,15.3929
8.6020,15.2638
8.5964,15.2986
8.5783,15.3032
8.5613,15.3101
8.5728,15.3889
8.5371,15.3493
8.5026,15.3628
8.4817,15.3601
8.4582,15.3504
8.4401,15.3546
8.4115,15.3307
8.3969,15.3440
8.3573,15.3426
8.3384,15.3441
8.3321,15.3810
8.3065,15.3636
8.2942,15.3838
8.2866,15.4181
8.3025,15.5210
8.2887,15.5389
8.2821,15.5780
8.2191,15.4490
8.2141,15.4928
8.1980,15.5033
8.1819,15.5138
8.1679,15.5314
8.1234,15.5141
8.1086,15.5292
8.0934,15.6070
8.0926,15.6698
8.0687,15.6561
8.0352,15.6763
8.0115,15.6624
7.9981,15.6846
7.9772,15.6801
7.9549,15.6707
8.0880,16.2270
7.9119,15.7291
7.8885,15.7146
7.8884,15.7894
7.8574,15.7458
7.8291,15.7119
7.8254,15.7746
7.7997,15.7502
7.7687,15.7835
7.7652,15.8511
7.7648,15.9333
7.7470,15.9426
7.7313,15.9616
7.7200,16.0000
7.6773,15.9891
7.6327,15.8762
7.6181,15.8998
7.5961,15.8891
7.5793,15.9028
7.5614,15.9116
7.5245,15.9242
7.5037,15.9181
7.4819,15.9070
7.4816,16.0088
7.4885,16.1528
7.4512,16.0601
7.4651,16.2486
7.4099,16.0523
7.4227,16.2409
7.3927,16.1851
7.3688,16.1638
7.3527,16.1887
7.3329,16.1919
7.3101,16.1753
7.2721,16.1913
7.2605,16.2486
7.2499,16.3158
7.2368,16.3681
7.2166,16.3710
7.1881,16.3144
7.1460,16.3050
7.1208,16.2679
7.1021,16.2804
7.0856,16.3126
7.0694,16.3479
7.0471,16.3322
7.0468,16.5116
7.0073,16.3417
6.9876,16.3488
6.9872,16.5431
6.9644,16.5253
6.9422,16.5125
6.9193,16.4912
6.9035,16.5462
6.8727,16.4352
6.8556,16.4768
6.8436,16.5830
6.8258,16.6245
6.8070,16.6560
6.7808,16.5879
6.7599,16.5894
6.2960,9.9888
6.2949,9.9889
6.6752,16.5798
6.6540,16.5760
6.2914,9.9891
6.2903,9.9891
6.2894,9.9941
6.2880,9.9892
6.5576,16.7855
6.5382,16.8450
6.2847,9.9943
6.4925,16.7728
6.4709,16.7685
6.4499,16.7890
6.2800,9.9895
6.4101,16.9636
6.3904,17.1198
6.3675,17.0902
6.3445,17.0295
6.3224,17.0497
6.2999,17.0048
6.2555,16.9909
6.2333,16.9998
6.2110,17.0156
6.1896,16.9444
6.1673,16.9591
6.1437,17.0488
6.0984,17.0779
6.0747,17.1273
6.0516,17.1466
6.0283,17.1659
6.0046,17.1952
5.9808,17.2200
5.9557,17.2733
5.9307,17.3179
5.9109,17.2463
5.8880,17.2452
5.8638,17.2690
5.8374,17.3276
5.8134,17.3413
5.7979,17.2159
5.7492,17.2577
5.7206,17.3358
5.6933,17.3889
5.6692,17.3971
5.6403,17.4649
5.6188,17.4381
5.5616,17.5484
5.5235,17.7004
5.5159,17.5238
5.4946,17.4966
5.4613,17.5890
5.4321,17.6362
5.3979,17.7279
5.3818,17.6509
5.3458,17.7523
5.3179,17.7793
5.2976,17.7416
5.2707,17.7585
5.2320,17.8695
5.2155,17.8020
5.1590,17.8500
5.1459,17.7624
5.1249,17.7343
5.0877,17.8198
5.0638,17.8112
5.0399,17.8026
4.9792,17.8691
4.9473,17.9096
4.9200,17.9203
4.8821,17.9951
4.8453,18.0598
4.8156,18.0805
4.7595,18.1011
4.7109,18.2245
4.6861,18.2142
4.6557,18.2339
4.6279,18.2389
4.5992,18.2486
4.5539,18.3423
4.5454,18.2482
4.5165,18.2577
4.4886,18.2621
4.4626,18.2568
4.4232,18.3148
4.3782,18.3971
4.3347,18.4694
4.2551,18.5757
4.2193,18.6086
4.2016,18.5623
4.1656,18.5949
4.0737,18.8621
4.1105,18.5870
4.0675,18.5302
4.0334,18.5526
3.9625,18.7201
3.9165,18.7857
3.9016,18.7303
3.8242,18.9131
3.7963,18.9057
3.7884,18.8243
3.7647,18.8023
3.7371,18.7948
3.6975,18.8304
3.6150,19.0167
3.5676,19.0759
3.5350,19.0822
3.4443,19.1807
3.4156,19.1721
3.3898,19.1540
3.3582,19.1548
3.3266,19.1556
3.2980,19.1467
-1.5264,10.5687
-1.5044,10.5423
-1.5122,10.5195
-1.6883,10.3229
-1.7004,10.2999
-1.6994,10.2517
-1.7561,10.2320
-1.7630,10.2083
-1.7897,10.1860
-1.8063,10.1628
-1.8229,10.1396
-1.8459,10.0922
-1.8623,10.0687
-1.8836,10.0454
-1.9049,10.0219
-1.9211,9.9981
-1.9372,9.9742
-1.9542,9.9255
-1.9651,9.9012
-1.9859,9.8771
-1.9917,9.8525
-2.0074,9.8281
-2.0180,9.8035
-2.0336,9.7789
-2.0589,9.7545
-2.0494,9.7293
-2.0698,9.7046
-2.0950,9.6798
-2.1152,9.6548
-2.1401,9.6297
-2.1603,9.6044
-2.1600,9.5792
-2.1749,9.5538
-2.1946,9.5282
-2.2143,9.5026
-2.2340,9.4768
-2.2535,9.4509
-2.2733,9.4249
-2.2724,9.3993
-2.2917,9.3731
-2.3113,9.3468
-2.3255,9.3206
-2.3396,9.2942
-2.3581,9.2676
-2.3725,9.2411
-2.3901,9.1883
-2.4138,9.1610
-2.4324,9.1339
-2.4509,9.1066
-2.4693,9.0792
-2.4876,9.0517
-2.5091,8.9975
-2.5321,8.9693
-2.5601,8.9406
-2.5830,8.9122
-2.6058,8.8836
-2.6235,8.8553
-2.6387,8.8001
-2.6562,8.7715
-2.6735,8.7428
-2.7007,8.7130
-2.7229,8.6836
-2.7499,8.6534
-2.7688,8.5965
-2.7956,8.5660
-2.8172,8.5359
-2.8388,8.5056
-2.8553,8.4758
-2.8766,8.4453
-2.8943,8.3871
-2.9153,8.3562
-2.9363,8.3252
-2.9621,8.2934
-2.9829,8.2621
-3.0035,8.2307
-3.0247,8.1705
-3.0401,8.1395
-3.0702,8.1060
-3.1002,8.0723
-3.1236,8.0395
-3.1484,8.0063
-3.1796,7.9718
-3.1583,7.9464
-3.1991,7.9099
-3.2235,7.8761
-3.2428,7.8430
-3.2719,7.8080
-3.3008,7.7728
-3.3296,7.7374
-3.3525,7.6729
-3.3810,7.6371
-3.4044,7.6020
-3.4326,7.5658
-3.4557,7.5304
-3.4788,7.4949

# FrameTime=1781596345.00, PointCount=513
11.9520,12.5948
12.0427,12.6646
11.9161,12.6411
11.9289,12.6699
11.8802,12.6654
11.8998,12.6980
11.8662,12.7014
11.8331,12.7050
11.7883,12.7236
11.7505,12.7240
11.7455,12.7429
11.7447,12.7643
11.7722,12.8021
11.7496,12.8110
11.7217,12.8388
11.6668,12.8282
11.6357,12.8315
11.6175,12.8425
11.6356,12.8754
11.6386,12.8993
11.6250,12.9354
11.5599,12.9170
11.5458,12.9302
11.5400,12.9487
11.4879,12.9377
11.5936,13.0276
11.4535,12.9818
11.4622,13.0097
11.4603,13.0307
11.4375,13.0380
11.4148,13.0452
11.3878,13.0494
11.3609,13.0536
11.3237,13.0728
11.2968,13.0766
11.2024,13.0334
11.1880,13.0453
11.1695,13.0543
11.2162,13.1093
11.1829,13.1302
11.1683,13.1420
11.1698,13.1655
11.1430,13.1684
11.1283,13.1801
11.1015,13.1828
11.1648,13.2523
11.0920,13.2207
11.0931,13.2442
11.0901,13.2647
11.2440,13.4048
11.0483,13.2783
11.0373,13.2926
11.1425,13.3973
11.0584,13.3550
11.0471,13.3694
11.0201,13.3713
10.9833,13.3652
10.9759,13.3824
10.9257,13.3652
10.8950,13.3634
10.9400,13.4232
10.9131,13.4245
10.8785,13.4194
10.8402,13.4108
10.8403,13.4341
10.8250,13.4446
10.8173,13.4615
10.7979,13.4920
10.7538,13.4776
10.7724,13.5173
10.7381,13.5110
10.7414,13.5376
10.7258,13.5477
10.7042,13.5763
10.7257,13.6196
10.7359,13.6530
10.6831,13.6295
10.6489,13.6224
10.6369,13.6356
10.5834,13.6345
10.5895,13.6645
10.7316,13.8230
10.5615,13.6869
10.5132,13.6653
10.5118,13.6884
10.5175,13.7184
10.4785,13.7299
10.4625,13.7390
10.4430,13.7445
10.4235,13.7500
10.4041,13.7554
10.3846,13.7607
10.3526,13.7782
10.3261,13.7761
10.3206,13.7954
10.3461,13.8471
10.3299,13.8557
10.3427,13.8948
10.3170,13.9192
10.3006,13.9276
10.2876,13.9397
10.2712,13.9481
10.2514,13.9527
10.2201,13.9446
10.1974,13.9719
10.1876,13.9874
10.1745,13.9992
10.1580,14.0071
10.1330,14.0053
10.1151,14.0116
10.1885,14.1228
10.0143,13.9485
10.0045,13.9635
10.0491,14.0422
10.0358,14.0536
10.0192,14.0610
10.0026,14.0684
10.0673,14.1734
9.9758,14.0907
9.9623,14.1018
9.9520,14.1168
9.8950,14.0743
9.9312,14.1466
9.9207,14.1614
9.9132,14.1802
9.8888,14.2059
9.8763,14.2184
9.8673,14.2354
9.8596,14.2541
9.8578,14.2807
9.8589,14.3113
9.8289,14.3305
9.7998,14.3211
9.7843,14.3300
9.7702,14.3405
9.7661,14.3648
9.7506,14.3735
9.7375,14.3857
9.7833,14.4793
9.7438,14.4552
9.7279,14.4638
9.7811,14.5698
9.6959,14.4803
9.6813,14.4906
9.6239,14.4393
9.5468,14.3894
9.5409,14.4116
9.5181,14.4090
9.5120,14.4311
9.4754,14.4076
9.4610,14.4172
9.4512,14.4655
9.4530,14.5001
9.4519,14.5306
9.4668,14.5864
9.4357,14.5707
9.3994,14.5464
9.5243,14.7775
9.3936,14.6032
9.4287,14.6931
9.4173,14.7088
9.3967,14.7097
9.3892,14.7318
9.4425,14.8546
9.4125,14.8405
9.3546,14.7792
9.3162,14.7498
9.2653,14.6987
9.2500,14.7077
9.2372,14.7209
9.2294,14.7428
9.2164,14.7559
9.1880,14.7779
9.1735,14.7885
9.1482,14.7798
9.1376,14.7971
9.1244,14.8101
9.1112,14.8230
9.0798,14.8400
9.0665,14.8528
9.0554,14.8700
9.0420,14.8828
9.0308,14.8999
9.0218,14.9215
8.9752,14.9093
8.9616,14.9218
8.9569,14.9522
8.9497,14.9781
8.9647,15.0487
8.9649,15.0903
8.9243,15.0490
8.8938,15.0693
8.8752,15.0726
8.8386,15.0377
8.8584,15.1222
8.8207,15.0847
8.8410,15.1716
8.7672,15.0984
8.7405,15.0831
8.7588,15.1679
8.7299,15.1480
8.7193,15.1691
8.7067,15.1856
8.7057,15.2758
8.6848,15.2738
8.6639,15.2719
8.6430,15.2698
8.6241,15.2723
8.6071,15.2793
8.6052,15.3233
8.5778,15.3049
8.5700,15.3349
8.5694,15.3836
8.5402,15.3603
8.5211,15.3624
8.5002,15.3598
8.4794,15.3571
8.4684,15.3801
8.4387,15.3540
8.4188,15.3534
8.3963,15.3458
8.3757,15.3427
8.3568,15.3443
8.3480,15.3741
8.3109,15.3795
8.2903,15.3762
8.2812,15.4058
8.2857,15.4756
8.2802,15.5170
8.2457,15.4733
8.2058,15.4709
8.1960,15.5004
8.1799,15.5109
8.1667,15.5309
8.1406,15.5104
8.1274,15.5302
8.1241,15.6463
8.1162,15.6853
8.0735,15.6095
8.0641,15.6436
8.0530,15.6729
8.0348,15.6782
6.3739,9.9774
7.9822,15.7013
7.9639,15.7064
7.9562,15.7500
7.9352,15.7454
7.9523,15.8828
7.8996,15.7601
7.8645,15.7768
7.8299,15.7187
7.8165,15.7427
7.8017,15.7619
7.7832,15.7665
7.7801,15.8340
7.7577,15.9062
7.7479,15.9495
7.7288,15.9539
7.7153,15.9826
7.7318,16.1459
7.6545,15.8888
7.6335,15.8832
7.5958,15.8912
7.5790,15.9050
7.5611,15.9138
7.5442,15.9274
7.5223,15.9165
7.5005,15.9056
7.4711,15.9570
7.4612,16.0097
7.4528,16.0721
7.4352,16.0855
7.4192,16.1086
7.4023,16.1268
7.3934,16.1923
7.3690,16.1680
7.3506,16.1792
7.3304,16.1794
7.3107,16.1825
7.2887,16.1708
7.2765,16.2232
7.2611,16.2558
7.2323,16.3390
7.2142,16.3567
7.1953,16.3695
7.1750,16.3722
7.1407,16.2677
7.1220,16.2802
7.0831,16.2951
7.0666,16.3273
7.0476,16.3395
7.0280,16.3468
7.0067,16.3391
7.0081,16.5434
6.9883,16.5555
6.9841,16.7231
6.9432,16.5249
6.9215,16.5169
6.8936,16.4408
6.8736,16.4477
6.8590,16.5191
6.8522,16.6887
6.8247,16.6121
6.8121,16.7233
6.7834,16.6253
6.7603,16.5969
6.7380,16.5784
6.7164,16.5698
6.6958,16.5761
6.2908,9.9966
6.6543,16.5836
6.2883,9.9918
6.6208,16.7540
6.2860,9.9919
6.5792,16.7872
6.5595,16.8330
6.2827,9.9970
6.2816,9.9970
6.2803,9.9922
6.4709,16.7661
6.4498,16.7817
6.2768,9.9922
6.4133,17.1221
6.3679,17.0979
6.3446,17.0183
6.3228,17.0724
6.3002,17.0326
6.2779,16.9976
6.2557,17.0087
6.2334,17.0276
6.2111,17.0384
6.1895,16.9722
6.1677,16.9520
6.1442,17.0416
6.1211,17.0812
6.0979,17.1157
6.0745,17.1501
6.0291,17.1538
6.0051,17.1931
5.9806,17.2372
5.9583,17.2221
5.9340,17.2553
5.9108,17.2593
5.8877,17.2631
5.8599,17.3524
5.8392,17.3056
5.8123,17.3698
5.7961,17.2537
5.7754,17.2174
5.7422,17.3703
5.7185,17.3737
5.6681,17.4200
5.6407,17.4680
5.6188,17.4462
5.5898,17.5088
5.5590,17.5864
5.5346,17.5889
5.4955,17.4948
5.4644,17.5670
5.4322,17.6443
5.4086,17.6368
5.3742,17.7285
5.3442,17.7754
5.2976,17.7498
5.2738,17.7419
5.2488,17.7439
5.2218,17.7606
5.1909,17.8070
5.1643,17.8185
5.1506,17.7360
5.0954,17.7737
5.0637,17.8195
5.0421,17.7961
5.0077,17.8566
4.9745,17.9070
4.9449,17.9327
4.8909,17.9492
4.8485,18.0485
4.8164,18.0840
4.7902,18.0841
4.7516,18.1539
4.7100,18.2378
4.6602,18.2179
4.6316,18.2277
4.6020,18.2424
4.5732,18.2520
4.5443,18.2616
4.5154,18.2711
4.4591,18.4134
4.4645,18.2555
4.4344,18.2696
4.3833,18.3812
4.3591,18.3658
4.2776,18.6098
4.2637,18.5453
4.2159,18.6318
4.1561,18.6437
4.1155,18.6944
4.0824,18.7122
4.0976,18.5309
4.0613,18.5631
4.0308,18.5710
3.9090,18.8235
3.8634,18.8856
3.8436,18.8478
3.7895,18.8282
3.7671,18.8015
3.6887,18.9786
3.7067,18.8056
3.6136,19.0303
3.5812,19.0368
3.5405,19.0719
3.4827,19.1645
3.4555,19.1513
3.4254,19.1476
3.3624,19.1495
3.3008,19.1462
3.2692,19.1468
-1.5194,10.5740
-1.5024,10.5483
-1.5151,10.5261
-1.7215,10.3323
-1.7034,10.3066
-1.6955,10.2818
-1.7426,10.2616
-1.7592,10.2387
-1.7710,10.2154
-1.7927,10.1927
-1.8094,10.1695
-1.8310,10.1466
-1.8540,10.0992
-1.8754,10.0760
-1.8918,10.0524
-1.9081,10.0287
-1.9243,10.0049
-1.9404,9.9810
-1.9574,9.9323
-1.9733,9.9081
-1.9892,9.8839
-1.9999,9.8594
-2.0107,9.8349
-2.0263,9.8104
-2.0368,9.7858
-2.0527,9.7361
-2.0731,9.7114
-2.0983,9.6866
-2.1185,9.6616
-2.1436,9.6366
-2.1634,9.6113
-2.1833,9.5606
-2.1980,9.5351
-2.2178,9.5095
-2.2374,9.4837
-2.2569,9.4579
-2.2764,9.4319
-2.2951,9.3801
-2.3098,9.3539
-2.3240,9.3277
-2.3331,9.3016
-2.3521,9.2750
-2.3760,9.2481
-2.3937,9.1953
-2.4124,9.1683
-2.4360,9.1409
-2.4545,9.1136
-2.4729,9.0863
-2.4962,9.0585
-2.5177,9.0042
-2.5408,8.9760
-2.5638,8.9477
-2.5817,8.9197
-2.6045,8.8911
-2.6222,8.8628
-2.6425,8.8072
-2.6599,8.7787
-2.6823,8.7495
-2.7045,8.7202
-2.7267,8.6907
-2.7537,8.6606
-2.7757,8.6308
-2.7964,8.6011
-2.7994,8.5732
-2.8211,8.5431
-2.8427,8.5128
-2.8641,8.4824
-2.8806,8.4525
-2.9018,8.4219
-2.8970,8.3945
-2.9193,8.3635
-2.9403,8.3325
-2.9611,8.3014
-2.9819,8.2701
-3.0075,8.2380
-3.0281,8.2064
-3.0471,8.1750
-3.0491,8.1460
-3.0743,8.1133
-3.1043,8.0797
-3.1293,8.0466
-3.1476,8.0145
-3.1624,7.9829
-3.1984,7.9181
-3.2228,7.8844
-3.2520,7.8495
-3.2761,7.8154
-3.3051,7.7802
-3.3339,7.7449
-3.3519,7.6814
-3.3804,7.6455
-3.4087,7.6095
-3.4320,7.5743
-3.4552,7.5390
-3.4783,7.5035

# FrameTime=1781596345.10, PointCount=519
11.9518,12.6165
11.9428,12.6335
11.9293,12.6482
11.9377,12.6747
11.9109,12.6821
11.8866,12.6907
11.8549,12.7171
11.8151,12.7168
11.7796,12.7186
11.7505,12.7240
11.7412,12.7404
11.7664,12.7768
11.7635,12.7971
11.9499,12.9280
11.7615,12.8401
11.7303,12.8439
11.6582,12.8231
11.6357,12.8315
11.6346,12.8528
11.6356,12.8754
11.6329,12.9181
11.6038,12.9222
11.5642,12.9197
11.5373,12.9249
11.5442,12.9514
11.4584,12.9189
11.5455,13.0191
11.4326,12.9682
11.4747,13.0179
11.4603,13.0307
11.4292,13.0325
11.4064,13.0396
11.3795,13.0439
11.4085,13.0858
11.3464,13.0660
11.3196,13.0700
11.2661,13.0554
11.2024,13.0334
11.1962,13.0510
11.2409,13.1044
11.1673,13.0747
11.1772,13.1039
11.1789,13.1273
11.1724,13.1450
11.1658,13.1626
11.1430,13.1684
11.1543,13.1992
11.1175,13.1947
11.0988,13.2032
11.0840,13.2147
11.0931,13.2442
11.0861,13.2616
11.2440,13.4048
11.0641,13.2905
11.0341,13.3131
11.0623,13.3581
11.0432,13.3663
11.0241,13.3744
10.9659,13.3513
10.9429,13.3560
10.8988,13.3665
10.8914,13.3836
10.9131,13.4245
10.8631,13.4066
10.8402,13.4108
10.8441,13.4373
10.8211,13.4647
10.8133,13.4816
10.7958,13.4902
10.7614,13.4842
10.7724,13.5173
10.7381,13.5110
10.7489,13.5442
10.7140,13.5611
10.7414,13.6095
10.7405,13.6329
10.7396,13.6564
10.6905,13.6362
10.6600,13.6326
10.6174,13.6419
10.5871,13.6379
10.6150,13.6884
10.6718,13.7665
10.5724,13.6972
10.5095,13.6618
10.6755,13.8457
10.5067,13.7080
10.5016,13.7277
10.4856,13.7369
10.4625,13.7390
10.4430,13.7445
10.4200,13.7465
10.4338,13.7852
10.3881,13.7642
10.3686,13.7694
10.3456,13.7710
10.3192,13.7689
10.3275,13.8026
10.3530,13.8543
10.3556,13.8825
10.3103,13.8607
10.3299,13.9070
10.3170,13.9192
10.3040,13.9313
10.2910,13.9434
10.2814,13.9591
10.2500,13.9511
10.2071,13.9564
10.1974,13.9719
10.1876,13.9874
10.1745,13.9992
10.1580,14.0071
10.1316,14.0038
10.0953,14.0156
10.0110,13.9447
10.0623,14.0309
10.0491,14.0422
10.0358,14.0536
10.0192,14.0610
10.1195,14.2080
9.9892,14.0796
9.9758,14.0907
9.9655,14.1057
9.9084,14.0634
9.9416,14.1317
9.9343,14.1505
9.9238,14.1653
9.8995,14.1911
9.8888,14.2059
9.8781,14.2207
9.8612,14.2275
9.8382,14.2264
9.8547,14.2767
9.8448,14.3220
9.8350,14.3384
9.7998,14.3211
9.7784,14.3220
9.7731,14.3445
9.7691,14.3688
9.7392,14.3880
9.7290,14.4042
9.7584,14.4755
9.7193,14.4516
9.7753,14.5616
9.7074,14.4967
9.6854,14.4965
9.6524,14.4803
9.6009,14.4370
9.5440,14.3853
9.5409,14.4116
9.5153,14.4048
9.5120,14.4311
9.8516,14.9703
9.4527,14.4047
9.4493,14.4309
9.4512,14.4655
9.4475,14.4918
9.4464,14.5222
9.4344,14.5360
9.4277,14.5581
9.3846,14.5558
9.4016,14.6159
9.4340,14.7016
9.3846,14.6559
9.3941,14.7054
9.4230,14.7873
9.5266,14.9935
9.3933,14.8084
9.3649,14.7964
9.3213,14.7584
9.2628,14.6944
9.2525,14.7120
9.2397,14.7252
9.2754,14.8226
9.2139,14.7516
9.2034,14.7691
9.1904,14.7822
9.1735,14.7885
9.1507,14.7841
9.1376,14.7971
9.1220,14.8057
9.0931,14.8271
9.0798,14.8400
9.0689,14.8572
9.0554,14.8700
9.0443,14.8872
9.0308,14.8999
9.0036,14.9253
8.9707,14.9004
8.9616,14.9218
8.9681,14.9745
8.9497,14.9781
8.9381,14.9950
8.9352,15.0714
8.9101,15.0614
8.8894,15.0603
8.8774,15.0772
8.8364,15.0332
8.8435,15.0906
8.8292,15.1028
8.8243,15.1793
8.7817,15.1302
8.7425,15.0876
8.7588,15.1679
8.7319,15.1526
8.7173,15.1645
8.6919,15.1974
8.7057,15.2758
8.6848,15.2738
8.6580,15.2580
8.6430,15.2698
8.6203,15.2631
8.6128,15.2932
8.6724,15.4874
8.5759,15.3003
8.5663,15.3257
8.5778,15.4045
8.5384,15.3556
8.5193,15.3577
8.4984,15.3551
8.4982,15.4061
8.4603,15.3591
8.4378,15.3516
8.4170,15.3487
8.3955,15.3435
8.3757,15.3427
8.3533,15.3349
8.3307,15.3803
8.3076,15.3701
8.2903,15.3762
8.2796,15.4011
8.2922,15.4945
8.2834,15.5265
8.2218,15.4603
8.2105,15.4851
8.1975,15.5052
8.1814,15.5157
8.1667,15.5309
8.1391,15.5056
8.1506,15.6042
8.1082,15.5310
8.1031,15.6423
8.0821,15.6382
8.0669,15.6532
8.0558,15.6825
8.0593,15.7624
8.0152,15.6787
7.9943,15.6743
7.9808,15.6965
7.9572,15.6823
7.9682,15.7934
7.9339,15.7406
7.9051,15.7069
7.8893,15.7962
7.8595,15.7575
7.8299,15.7187
7.8214,15.7621
7.7993,15.7522
7.7832,15.7665
7.7603,15.8337
7.7519,15.8819
7.7479,15.9495
7.7300,15.9588
7.7164,15.9875
7.7060,16.0308
7.6652,15.9376
7.6168,15.8970
7.5958,15.8912
7.5800,15.9099
7.5611,15.9138
7.5452,15.9323
7.5223,15.9165
7.4816,15.9092
7.4795,16.0011
7.4782,16.1010
7.4528,16.0721
7.4378,16.1002
7.4201,16.1135
7.3844,16.1400
7.3665,16.1532
7.3514,16.1841
7.3304,16.1794
7.3099,16.1776
7.2894,16.1758
7.2727,16.1985
7.2440,16.2786
7.2354,16.3605
7.2156,16.3667
7.1813,16.2673
7.1743,16.3673
7.1394,16.2578
7.1020,16.2827
7.0831,16.2951
7.0678,16.3372
7.0470,16.3346
7.0274,16.3419
7.0083,16.3540
6.9878,16.5505
6.9649,16.5327
6.9422,16.5149
6.9210,16.5119
6.8932,16.4359
6.8745,16.4576
6.8696,16.6420
6.8408,16.5507
6.8243,16.6071
6.8105,16.7034
6.7823,16.6103
6.7599,16.5919
6.7369,16.5635
6.7161,16.5649
6.2920,9.9965
6.2908,9.9966
6.2894,9.9918
6.6368,16.6495
6.6210,16.7590
6.2860,9.9919
6.5788,16.7773
6.2839,9.9969
6.2825,9.9921
6.2814,9.9921
6.4939,16.8154
6.2791,9.9922
6.4500,16.7917
6.4319,16.9458
6.2757,9.9923
6.2746,9.9972
6.3679,17.0979
6.3446,17.0223
6.3227,17.0674
6.3002,17.0226
6.2779,17.0026
6.2557,17.0037
6.2111,17.0374
6.1896,16.9622
6.1677,16.9520
6.2618,9.9972
6.1209,17.0912
6.0979,17.1157
6.0520,17.1445
6.0281,17.1838
6.0046,17.2080
5.9789,17.2822
5.9545,17.3162
5.9329,17.2803
5.9108,17.2593
5.8864,17.2888
5.8647,17.2620
5.8386,17.3163
5.8121,17.3742
5.7967,17.2438
5.7754,17.2174
5.7411,17.3853
5.6952,17.3720
5.6685,17.4151
5.6411,17.4630
5.6192,17.4412
5.5880,17.5287
5.5568,17.6112
5.5126,17.5667
5.4951,17.4998
5.4638,17.5723
5.4337,17.6294
5.4076,17.6468
5.3720,17.7483
5.3442,17.7754
5.3151,17.8123
5.2970,17.7548
5.2744,17.7370
5.2506,17.7290
5.2199,17.7755
5.1902,17.8120
5.1663,17.8037
5.1262,17.7327
5.0933,17.7885
5.0630,17.8245
5.0428,17.7912
5.0069,17.8615
4.9745,17.9070
4.9191,17.9336
4.8893,17.9591
4.8518,18.0288
4.8156,18.0885
4.7876,18.0988
4.7464,18.1834
4.6832,18.2380
4.6602,18.2179
4.6316,18.2277
4.6094,18.2038
4.5732,18.2520
4.5434,18.2665
4.4885,18.4041
4.4884,18.2707
4.4635,18.2604
4.4313,18.2843
4.3812,18.3910
4.3602,18.3609
4.2930,18.5404
4.2594,18.5648
4.1866,18.6354
4.1561,18.6437
4.1143,18.6993
4.0906,18.6782
4.1000,18.5212
4.0625,18.5583
3.9688,18.8196
3.9966,18.5933
3.9036,18.8443
3.9039,18.7294
3.8373,18.8719
3.7869,18.8379
3.7496,18.8657
3.7396,18.7940
3.7067,18.8056
3.6149,19.0255
3.5798,19.0416
3.5446,19.0575
3.4799,19.1741
3.4541,19.1561
3.3968,19.1390
3.3624,19.1495
3.3023,19.1414
-1.5392,10.5765
-1.4974,10.5477
-1.5300,10.5279
-1.6934,10.3057
-1.7055,10.2827
-1.6975,10.2579
-1.7642,10.2391
-1.7660,10.2150
-1.7927,10.1927
-1.8094,10.1695
-1.8262,10.1463
-1.8326,10.1223
-1.8490,10.0989
-1.8704,10.0757
-1.8918,10.0524
-1.9080,10.0287
-1.9292,10.0051
-1.9304,9.9805
-1.9464,9.9565
-1.9624,9.9325
-1.9783,9.9083
-1.9892,9.8839
-1.9999,9.8594
-2.0156,9.8350
-2.0262,9.8104
-2.0268,9.7855
-2.0423,9.7609
-2.0627,9.7363
-2.0831,9.7115
-2.1033,9.6867
-2.1285,9.6617
-2.1487,9.6113
-2.1684,9.5860
-2.1835,9.5606
-2.2033,9.5351
-2.2231,9.5094
-2.2424,9.4837
-2.2614,9.4322
-2.2808,9.4061
-2.2955,9.3801
-2.3098,9.3539
-2.3240,9.3277
-2.3431,9.3012
-2.3611,9.2487
-2.3799,9.2219
-2.4037,9.1948
-2.4224,9.1677
-2.4459,9.1403
-2.4645,9.1131
-2.4829,9.0857
-2.4956,9.0585
-2.4995,9.0318
-2.5227,9.0038
-2.5458,8.9757
-2.5688,8.9473
-2.5916,8.9189
-2.6144,8.8903
-2.6214,8.8629
-2.6299,8.8353
-2.6474,8.8068
-2.6699,8.7777
-2.6872,8.7490
-2.7095,8.7197
-2.7316,8.6902
-2.7477,8.6612
-2.7558,8.6330
-2.7776,8.6032
-2.8044,8.5726
-2.8261,8.5425
-2.8476,8.5122
-2.8691,8.4818
-2.8870,8.4238
-2.9081,8.3930
-2.9292,8.3622
-2.9502,8.3311
-2.9710,8.3000
-2.9918,8.2687
-3.0083,8.2094
-3.0288,8.1778
-3.0491,8.1460
-3.0743,8.1133
-3.1043,8.0797
-3.1342,8.0458
-3.1526,7.9846
-3.1837,7.9500
-3.2082,7.9164
-3.2277,7.8835
-3.2569,7.8486
-3.2810,7.8145
-3.3045,7.7506
-3.3332,7.7151
-3.3617,7.6794
-3.3902,7.6436
-3.4136,7.6085
-3.4418,7.5723
-3.4587,7.5077
-3.4866,7.4711

# FrameTime=1781596345.20, PointCount=517
11.9298,12.5809
11.9517,12.6142
11.9515,12.6360
11.9556,12.6601
11.9181,12.6618
11.9045,12.6764
11.9016,12.6967
11.9011,12.7185
11.8461,12.7100
11.8106,12.7121
11.7752,12.7140
11.7592,12.7267
11.7368,12.7357
11.7635,12.7949
11.7496,12.8088
11.7744,12.8455
11.7022,12.8250
11.6582,12.8209
11.6271,12.8242
11.6356,12.8732
11.6300,12.8919
11.6372,12.9185
11.5953,12.9148
11.5684,12.9202
11.5585,12.9361
11.5426,12.9704
11.4442,12.9296
11.5224,13.0020
11.4326,12.9661
11.4790,13.0185
11.4520,13.0231
11.4190,13.0458
11.3962,13.0529
11.3693,13.0571
11.3424,13.0611
11.3155,13.0651
11.2332,13.0307
11.2147,13.0399
11.1818,13.0609
11.1714,13.0756
11.1773,13.1019
11.1790,13.1253
11.1806,13.1488
11.1618,13.1577
11.1324,13.1810
11.1177,13.1927
11.1029,13.2042
11.0881,13.2157
11.0732,13.2272
11.0584,13.2385
11.0128,13.2490
11.0295,13.2846
11.0382,13.3142
11.0703,13.3623
11.0473,13.3674
11.0125,13.3631
10.9991,13.3757
10.9353,13.3478
10.9357,13.3712
10.8951,13.3615
10.9110,13.3974
10.9133,13.4226
10.8556,13.3984
10.8366,13.4290
10.8290,13.4459
10.8213,13.4628
10.8135,13.4797
10.7808,13.4753
10.7692,13.4888
10.7651,13.5088
10.7303,13.5259
10.7335,13.5525
10.7180,13.5625
10.7379,13.6043
10.7371,13.6277
10.6954,13.6143
10.6234,13.5970
10.6445,13.6405
10.6067,13.6299
10.6239,13.6701
10.6408,13.7105
10.6248,13.7202
10.5568,13.7049
10.4976,13.6727
10.5070,13.7062
10.4947,13.7189
10.4752,13.7246
10.4593,13.7337
10.4875,13.7865
10.4274,13.7517
10.4044,13.7536
10.3849,13.7589
10.3654,13.7641
10.3319,13.7550
10.3264,13.7744
10.3348,13.8080
10.3406,13.8648
10.3141,13.8626
10.2978,13.8710
10.3207,13.9211
10.3044,13.9296
10.2948,13.9453
10.2586,13.9584
10.2239,13.9466
10.2041,13.9510
10.2011,13.9740
10.1847,13.9820
10.1749,13.9975
10.1598,14.0070
10.1386,14.0096
10.1155,14.0099
10.0892,14.0064
10.0114,13.9431
10.0627,14.0292
10.0462,14.0368
10.1313,14.1640
10.0196,14.0594
10.0062,14.0706
9.9864,14.0742
9.9730,14.0853
9.9628,14.1003
9.9025,14.0542
9.9780,14.1744
9.9285,14.1411
9.9211,14.1598
9.9106,14.1747
9.9000,14.1895
9.8862,14.2004
9.8755,14.2152
9.8586,14.2220
9.8217,14.2316
9.8382,14.2819
9.8423,14.3165
9.8204,14.3169
9.8003,14.3196
9.7789,14.3204
9.7654,14.3615
9.7540,14.3760
9.7380,14.3842
9.7266,14.3986
9.7327,14.4374
9.7256,14.4582
9.7495,14.5542
9.6990,14.5136
9.6472,14.4706
9.5872,14.4150
9.5417,14.3797
9.5414,14.4101
9.5158,14.4034
9.4870,14.4228
9.4560,14.4075
9.4581,14.4420
9.4600,14.4766
9.4617,14.5113
9.4660,14.5502
9.4336,14.5651
9.4161,14.5703
9.3958,14.5713
9.4154,14.6357
9.4478,14.7214
9.3931,14.6672
9.4837,14.8489
9.4355,14.8052
9.4807,14.9151
9.3785,14.7814
9.3809,14.8207
9.2888,14.7012
9.2659,14.6973
9.2582,14.7192
9.2225,14.7284
9.2171,14.7546
9.2041,14.7678
9.1935,14.7852
9.1693,14.7785
9.1538,14.7872
9.1202,14.8000
9.1047,14.8086
9.0914,14.8214
9.0805,14.8387
9.0672,14.8515
9.0561,14.8687
9.0427,14.8815
9.0582,14.9498
9.0156,14.9069
9.0066,14.9285
8.9782,14.9124
8.9623,14.9206
8.9643,14.9643
8.9828,15.0415
8.9344,14.9849
8.9359,15.0287
8.9162,15.0297
8.9131,15.0647
8.8902,15.0591
8.8707,15.0603
8.9238,15.2147
8.8294,15.0577
8.8321,15.1061
8.8323,15.1500
8.7949,15.1123
8.7639,15.0881
8.7495,15.1001
8.7596,15.1668
8.7141,15.1542
8.7014,15.1707
8.7126,15.2421
8.7046,15.2700
8.6817,15.2635
8.6589,15.2569
8.6249,15.2711
8.6022,15.2643
8.5966,15.2991
8.5805,15.3084
8.5615,15.3107
8.5712,15.3848
8.5374,15.3499
8.5029,15.3634
8.4820,15.3607
8.4550,15.3417
8.4404,15.3552
8.4153,15.3407
8.3989,15.3494
8.3559,15.3386
8.3404,15.3495
8.3325,15.3817
8.3051,15.3596
8.2978,15.3940
8.2894,15.4259
8.2868,15.5326
8.2826,15.5788
8.2195,15.4498
8.2161,15.4983
8.1984,15.5042
8.1838,15.5194
8.1692,15.5347
8.1506,15.5379
8.1238,15.5150
8.1091,15.5301
8.1442,15.7730
8.0946,15.6755
8.0700,15.6596
8.0372,15.6821
8.0148,15.6730
7.9987,15.6856
7.9791,15.6859
7.9555,15.6718
8.0877,16.2231
7.9113,15.7253
7.8878,15.7109
7.8903,15.7953
7.8567,15.7421
7.8284,15.7082
7.8260,15.7758
7.8227,15.8412
7.7807,15.7511
7.7705,15.7895
7.7671,15.8571
7.7679,15.9442
7.7478,15.9438
7.7310,15.9580
7.7027,16.0105
7.6781,15.9904
7.6324,15.8726
7.6199,15.9060
7.5979,15.8954
7.5811,15.9091
7.5612,15.9081
7.5253,15.9256
7.5025,15.9097
7.4836,15.9134
7.4815,16.0053
7.4903,16.1592
7.4530,16.0665
7.4679,16.2599
7.4116,16.0587
7.4246,16.2473
7.3937,16.1867
7.3681,16.1555
7.3537,16.1902
7.3339,16.1935
7.3319,16.3083
7.2906,16.1751
7.2731,16.1929
7.2637,16.2651
7.2517,16.3224
7.2377,16.3681
7.2156,16.3578
7.1899,16.3211
7.1457,16.2968
7.1212,16.2647
7.1037,16.2871
7.0867,16.3143
7.0688,16.3348
7.0488,16.3390
7.0481,16.5134
7.0079,16.3386
6.9898,16.3606
6.9871,16.5316
6.9657,16.5272
6.9430,16.5094
6.9201,16.4881
6.9043,16.5432
6.8731,16.4272
6.8552,16.4589
6.8462,16.5999
6.8264,16.6166
6.8084,16.6580
6.7821,16.5899
6.7615,16.5964
6.7174,16.5644
6.6968,16.5707
6.6759,16.5719
6.2884,9.9914
6.2873,9.9915
6.6228,16.7685
6.2850,9.9916
6.5795,16.7619
6.2827,9.9917
6.5397,16.8472
6.5187,16.8680
6.4943,16.7851
6.4722,16.7657
6.2770,9.9919
6.4117,16.9659
6.3921,17.1172
6.3691,17.0825
6.3460,17.0129
6.3241,17.0571
6.3015,17.0072
6.2572,16.9934
6.2349,17.0133
6.2127,17.0131
6.1911,16.9519
6.1690,16.9617
6.1454,17.0563
6.0999,17.0904
6.0766,17.1249
6.0532,17.1543
6.0295,17.1886
6.0061,17.2078
5.9825,17.2277
5.9574,17.2810
5.9331,17.3107
5.9121,17.2641
5.8897,17.2530
5.8659,17.2668
5.8374,17.3659
5.8153,17.3441
5.7995,17.2237
5.7521,17.2456
5.7215,17.3536
5.6961,17.3818
5.6720,17.3901
5.6427,17.4629
5.6208,17.4411
5.5646,17.5415
5.5276,17.6836
5.5175,17.5318
5.4967,17.4997
5.4629,17.5971
5.4354,17.6294
5.4007,17.7261
5.3840,17.6541
5.3487,17.7506
5.3197,17.7875
5.2975,17.7648
5.2730,17.7618
5.2554,17.7042
5.2178,17.8053
5.1653,17.8236
5.1482,17.7658
5.1279,17.7327
5.0915,17.8133
5.0683,17.7999
5.0408,17.8160
4.9824,17.8677
4.9506,17.9082
4.9209,17.9338
4.8846,17.9987
4.8511,18.0437
4.8173,18.0891
4.7613,18.1098
4.7171,18.2085
4.6897,18.2131
4.6584,18.2377
4.6316,18.2378
4.6019,18.2524
4.5557,18.3511
4.5481,18.2521
4.5193,18.2616
4.4913,18.2661
4.4643,18.2656
4.4280,18.3090
4.3810,18.4011
4.3376,18.4735
4.2581,18.5798
4.2245,18.6030
4.2012,18.5810
4.1675,18.6040
4.0757,18.8713
4.1100,18.6058
4.0704,18.5345
4.0364,18.5569
3.9692,18.7100
3.9184,18.7949
3.9072,18.7250
3.8288,18.9127
3.8167,18.8458
3.7665,18.8117
3.7390,18.8041
3.7034,18.8254
3.6184,19.0213
3.5724,19.0758
3.5385,19.0869
3.4435,19.1999
3.4190,19.1770
3.3947,19.1540
3.3631,19.1549
3.3286,19.1653
3.3030,19.1469
-1.5152,10.5758
-1.4883,10.5488
-1.5186,10.5051
-1.6975,10.3325
-1.7145,10.3099
-1.6964,10.2843
-1.7283,10.2628
-1.7651,10.2416
-1.7769,10.2182
-1.8038,10.1959
-1.8004,10.1713
-1.8170,10.1481
-1.8385,10.1251
-1.8550,10.1017
-1.8764,10.0785
-1.8977,10.0551
-1.8941,10.0304
-1.9103,10.0066
-1.9314,9.9830
-1.9474,9.9590
-1.9634,9.9350
-1.9793,9.9108
-1.9952,9.8866
-2.0067,9.8373
-2.0223,9.8128
-2.0329,9.7882
-2.0484,9.7636
-2.0638,9.7388
-2.0892,9.7142
-2.1146,9.6642
-2.1348,9.6391
-2.1596,9.6139
-2.1748,9.5886
-2.1944,9.5632
-2.2095,9.5376
-2.2289,9.4865
-2.2481,9.4607
-2.2676,9.4347
-2.2870,9.4086
-2.3063,9.3824
-2.3210,9.3563
-2.3393,9.3040
-2.3534,9.2776
-2.3723,9.2509
-2.3912,9.2241
-2.4099,9.1972
-2.4336,9.1699
-2.4522,9.1428
-2.4602,9.1161
-2.4692,9.0893
-2.4876,9.0618
-2.5108,9.0339
-2.5290,9.0062
-2.5521,8.9780
-2.5751,8.9497
-2.5872,8.9221
-2.5909,8.8951
-2.6136,8.8664
-2.6313,8.8380
-2.6488,8.8095
-2.6713,8.7805
-2.6887,8.7518
-2.7149,8.7221
-2.7132,8.6950
-2.7353,8.6655
-2.7572,8.6358
-2.7841,8.6054
-2.8108,8.5749
-2.8325,8.5447
-2.8508,8.4871
-2.8722,8.4566
-2.8935,8.4260
-2.9146,8.3952
-2.9357,8.3643
-2.9567,8.3333
-2.9736,8.2744
-2.9943,8.2430
-3.0149,8.2115
-3.0353,8.1799
-3.0557,8.1481
-3.0858,8.1146
-3.1063,8.0536
-3.1345,8.0200
-3.1543,7.9875
-3.1854,7.9529
-3.2100,7.9193
-3.2344,7.8855
-3.2636,7.8507
-3.2872,7.7870
-3.3160,7.7517
-3.3448,7.7162
-3.3733,7.6805
-3.4018,7.6446
-3.4252,7.6095
-3.4473,7.5441
-3.4704,7.5087
-3.4933,7.4730

# FrameTime=1781596345.30, PointCount=516
11.9474,12.5902
11.9517,12.6142
12.0246,12.6749
11.9468,12.6553
11.9244,12.6653
11.9109,12.6798
11.8997,12.6957
11.8685,12.7005
11.8286,12.7003
11.8063,12.7096
11.7635,12.7292
11.7585,12.7481
11.7360,12.7571
11.7721,12.7999
11.7539,12.8114
11.7443,12.8278
11.6711,12.8286
11.6400,12.8319
11.6260,12.8454
11.6270,12.8680
11.6343,12.8945
11.6457,12.9237
11.6023,12.9413
11.5458,12.9281
11.5442,12.9492
11.5089,12.9490
11.5073,12.9701
11.4720,12.9695
11.4577,12.9824
11.4854,13.0451
11.4459,13.0414
11.4273,13.0514
11.4336,13.0780
11.3734,13.0599
11.3465,13.0640
11.2969,13.0745
11.2065,13.0342
11.2044,13.0547
11.1777,13.0580
11.1918,13.0900
11.1895,13.1106
11.1643,13.1371
11.1537,13.1518
11.1391,13.1635
11.1284,13.1781
11.1136,13.1897
11.1029,13.2042
11.1900,13.2919
11.0732,13.2272
11.0544,13.2355
11.0197,13.2317
11.0365,13.2672
11.0414,13.2937
11.0540,13.3264
11.0958,13.3822
11.0512,13.3705
11.0321,13.3786
10.9835,13.3632
10.9800,13.3836
10.9492,13.3821
10.8912,13.3583
10.9303,13.4132
10.8864,13.4238
10.8366,13.4057
10.8405,13.4322
10.8290,13.4459
10.8213,13.4628
10.8173,13.4830
10.7578,13.4790
10.7651,13.5088
10.7420,13.5125
10.7378,13.5325
10.7298,13.5492
10.7479,13.5891
10.7074,13.6010
10.6991,13.6177
10.6723,13.6175
10.6455,13.6172
10.6371,13.6337
10.5994,13.6231
10.5873,13.6361
10.7356,13.8246
10.5727,13.6954
10.5243,13.6738
10.5085,13.6831
10.5142,13.7132
10.4911,13.7154
10.4628,13.7372
10.4433,13.7428
10.4274,13.7517
10.4114,13.7607
10.3919,13.7660
10.3794,13.7784
10.3195,13.7672
10.3209,13.7937
10.3464,13.8454
10.3406,13.8648
10.3396,13.8894
10.3302,13.9053
10.3173,13.9174
10.6302,14.2782
10.2880,13.9380
10.2716,13.9464
10.2451,13.9436
10.2171,13.9392
10.2041,13.9510
10.2494,14.0275
10.1947,13.9932
10.1782,14.0012
10.1650,14.0129
10.1169,13.9849
10.1089,14.0024
10.0859,14.0026
10.0662,14.0065
10.0049,13.9619
10.0462,14.0368
10.0329,14.0481
10.0196,14.0594
10.0062,14.0706
9.9896,14.0780
9.9762,14.0891
9.9493,14.1113
9.8954,14.0728
9.9285,14.1411
9.9180,14.1560
9.9106,14.1747
9.9000,14.1895
9.8906,14.2060
9.8755,14.2152
9.8647,14.2299
9.8539,14.2446
9.8552,14.2751
9.8685,14.3216
9.8453,14.3204
9.8144,14.3090
9.7938,14.3405
9.7677,14.3350
9.7683,14.3655
9.7511,14.3720
9.7351,14.3801
9.7325,14.4067
9.7501,14.4925
9.7990,14.5927
9.6936,14.4748
9.6933,14.5055
9.6330,14.4501
9.5702,14.3904
9.5527,14.4266
9.5186,14.4075
9.5042,14.4172
9.4870,14.4228
9.4560,14.4075
9.4636,14.4503
9.6065,14.6999
9.4454,14.4862
9.4524,14.5292
9.4674,14.5849
9.4363,14.5693
9.4080,14.5577
9.4038,14.5840
9.4313,14.6611
9.4193,14.7097
9.4145,14.7361
9.3794,14.7134
9.3682,14.7643
9.3513,14.7712
9.2634,14.6930
9.2506,14.7063
9.2404,14.7239
9.2250,14.7328
9.2146,14.7503
9.2041,14.7678
9.1946,14.7872
9.1780,14.7940
9.1465,14.7741
9.1406,14.8002
9.1226,14.8044
9.1070,14.8129
9.0962,14.8302
9.0853,14.8475
9.0944,14.9024
9.0561,14.8687
9.0427,14.8815
9.0268,14.8898
9.0179,14.9114
9.0101,14.9354
8.9759,14.9080
8.9553,14.9465
8.9482,14.9724
8.9344,14.9849
8.9690,15.0959
8.9206,15.0387
8.9152,15.0692
8.8695,15.0579
8.8415,15.0410
8.8443,15.0894
8.8278,15.0971
8.8397,15.1658
8.7886,15.0987
8.7412,15.0819
8.7493,15.1440
8.7348,15.1560
8.7161,15.1588
8.7074,15.1844
8.7146,15.2467
8.7046,15.2700
8.6647,15.2707
8.6419,15.2640
8.6230,15.2665
8.6041,15.2690
8.5938,15.2922
8.5899,15.3315
8.5537,15.3407
8.5447,15.3685
8.5274,15.3753
8.5029,15.3634
8.4802,15.3561
8.4514,15.3324
8.4197,15.3523
8.3989,15.3494
8.3800,15.3511
8.3559,15.3386
8.3472,15.3684
8.3299,15.3746
8.3193,15.3996
8.2879,15.3657
8.2837,15.4095
8.2785,15.4509
8.2827,15.5207
8.2658,15.5292
8.2211,15.4545
8.2177,15.5031
8.1792,15.5052
8.1676,15.5299
8.1446,15.5189
8.1238,15.5150
8.1120,15.5396
8.1891,15.8533
8.1369,15.7491
8.0707,15.6618
8.0540,15.6720
8.0358,15.6773
8.0134,15.6682
7.9973,15.6808
7.9845,15.7052
7.9426,15.6961
8.0508,16.1659
7.9061,15.7060
7.8903,15.7206
7.8903,15.7953
7.8530,15.7276
7.8126,15.7225
7.8039,15.7659
7.7795,15.7462
7.7764,15.8138
7.7741,15.8863
7.7691,15.9491
7.7299,15.9531
7.7131,15.9672
7.6609,15.9124
7.6324,15.8726
7.6178,15.8962
7.6378,16.0839
7.5780,15.8944
7.5622,15.9130
7.5423,15.9120
7.5234,15.9158
7.5016,15.9048
7.4893,15.9428
7.4815,16.0053
7.4575,16.0910
7.4354,16.0798
7.4186,16.0981
7.4043,16.1310
7.3889,16.1590
7.3681,16.1555
7.3315,16.1787
7.3118,16.1819
7.2906,16.1751
7.2754,16.2077
7.2652,16.2749
7.2554,16.3471
7.2321,16.3285
7.2163,16.3628
7.1886,16.3112
7.1744,16.3584
7.1431,16.2770
7.1231,16.2796
7.1037,16.2871
7.0867,16.3143
7.0488,16.3390
7.0297,16.3512
7.0079,16.3386
6.9919,16.3805
6.9895,16.5549
6.9662,16.5322
6.9223,16.5114
6.8949,16.4403
6.8726,16.4223
6.8607,16.5235
6.8482,16.6248
6.8326,16.6948
6.7851,16.6298
6.7615,16.5964
6.7396,16.5829
6.7170,16.5594
6.6968,16.5707
6.2898,9.9963
6.2884,9.9914
6.2875,9.9964
6.2861,9.9915
6.6018,16.7796
6.2838,9.9917
6.5595,16.7977
6.2815,9.9917
6.5191,16.8780
6.2794,9.9967
6.2781,9.9919
6.4516,16.8013
6.4312,16.8517
6.4140,17.0809
6.3921,17.1122
6.3685,17.0376
6.3465,17.0619
6.3240,17.0381
6.3017,17.0422
6.2793,16.9973
6.2572,16.9934
6.2349,17.0123
6.2127,17.0171
6.1911,16.9519
6.1464,16.9963
6.1228,17.0659
6.0999,17.0904
6.0762,17.1399
6.0535,17.1443
6.0295,17.1886
5.9831,17.2120
5.9353,17.2601
5.9128,17.2491
5.8894,17.2580
5.8654,17.2768
5.8397,17.3254
5.8171,17.3148
5.7952,17.2934
5.7782,17.1973
5.7474,17.3154
5.7208,17.3636
5.6935,17.4167
5.6625,17.5141
5.6439,17.4480
5.6192,17.4610
5.5965,17.4491
5.5659,17.5266
5.5221,17.7432
5.5199,17.5070
5.4933,17.5345
5.4359,17.6244
5.4103,17.6368
5.3818,17.6739
5.3470,17.7655
5.3243,17.7478
5.3005,17.7399
5.2743,17.7519
5.2344,17.8728
5.2267,17.7359
5.1932,17.8021
5.1647,17.8286
5.1516,17.7411
5.1244,17.7575
5.0879,17.8380
5.0460,17.7814
5.0124,17.8369
4.9801,17.8825
4.9474,17.9279
4.9217,17.9288
4.8789,18.0331
4.8208,18.0690
4.7928,18.0793
4.7604,18.1147
4.7127,18.2331
4.6915,18.2032
4.6584,18.2377
4.6038,18.2426
4.5770,18.2425
4.5472,18.2570
4.5183,18.2665
4.4903,18.2710
4.4643,18.2656
4.3669,18.5984
4.3925,18.3474
4.3578,18.3808
4.3412,18.3311
4.2613,18.5652
4.2134,18.6517
4.2090,18.5470
4.1606,18.6331
4.0751,18.7514
4.0972,18.5410
4.0645,18.5587
4.0364,18.5569
3.9371,18.8373
3.9283,18.7562
3.8672,18.7662
3.7957,18.9247
3.7942,18.8191
3.7679,18.8069
3.7376,18.8089
3.6533,19.0051
3.6076,19.0598
3.5398,19.0821
3.4933,19.1363
3.4591,19.1471
3.4247,19.1578
3.3947,19.1540
3.3631,19.1549
3.3030,19.1469
3.2729,19.1427
-1.5351,10.5782
-1.5032,10.5506
-1.5109,10.5279
-1.7221,10.3347
-1.7093,10.3095
-1.7116,10.2855
-1.7034,10.2608
-1.7551,10.2408
-1.7669,10.2175
-1.7887,10.1948
-1.8103,10.1720
-1.8270,10.1488
-1.8486,10.1258
-1.8500,10.1014
-1.8714,10.0782
-1.8927,10.0549
-1.9091,10.0312
-1.9253,10.0074
-1.9463,9.9837
-1.9425,9.9588
-1.9584,9.9348
-1.9743,9.9107
-1.9902,9.8864
-2.0059,9.8621
-2.0167,9.8376
-2.0323,9.8131
-2.0428,9.7884
-2.0484,9.7636
-2.0588,9.7388
-2.0742,9.7140
-2.0994,9.6892
-2.1246,9.6643
-2.1448,9.6391
-2.1645,9.5886
-2.1844,9.5632
-2.1992,9.5377
-2.2189,9.5121
-2.2386,9.4864
-2.2581,9.4605
-2.2770,9.4089
-2.2964,9.3827
-2.3160,9.3564
-2.3352,9.3300
-2.3493,9.3037
-2.3633,9.2773
-2.3823,9.2505
-2.3906,9.2242
-2.4000,9.1977
-2.4186,9.1707
-2.4373,9.1436
-2.4608,9.1160
-2.4792,9.0887
-2.5026,9.0609
-2.5151,9.0336
-2.5240,9.0065
-2.5471,8.9784
-2.5701,8.9501
-2.5880,8.9220
-2.6108,8.8934
-2.6286,8.8651
-2.6354,8.8377
-2.6439,8.8100
-2.6663,8.7810
-2.6837,8.7523
-2.7060,8.7229
-2.7331,8.6930
-2.7552,8.6634
-2.7791,8.6060
-2.8009,8.5760
-2.8226,8.5459
-2.8442,8.5156
-2.8657,8.4853
-2.8858,8.4549
-2.8886,8.3987
-2.9258,8.3657
-2.9468,8.3347
-2.9677,8.3035
-2.9885,8.2723
-3.0141,8.2401
-3.0304,8.1807
-3.0557,8.1481
-3.0809,8.1154
-3.1060,8.0826
-3.1309,8.0495
-3.1542,8.0166
-3.1756,7.9547
-3.1952,7.9220
-3.2196,7.8882
-3.2488,7.8534
-3.2779,7.8184
-3.3068,7.7832
-3.3300,7.7191
-3.3586,7.6834
-3.3871,7.6476
-3.4155,7.6115
-3.4388,7.5763
-3.4620,7.5410
-3.4787,7.4762

# FrameTime=1781596345.40, PointCount=515
11.9307,12.5901
11.9438,12.6188
11.9524,12.6452
11.9565,12.6693
11.9146,12.6687
11.8966,12.6809
11.9025,12.7060
11.9063,12.7302
11.8382,12.7144
11.8114,12.7213
11.7760,12.7232
11.7513,12.7310
11.7332,12.7425
11.7599,12.8016
11.7589,12.8231
11.7708,12.8523
11.6986,12.8317
11.6503,12.8250
11.6235,12.8308
11.6319,12.8799
11.6221,12.8960
11.6377,12.9278
11.5916,12.9214
11.5647,12.9268
11.5505,12.9400
11.5389,12.9770
11.4447,12.9388
11.5270,13.0140
11.4247,12.9698
11.4752,13.0250
11.4482,13.0296
11.4255,13.0368
11.5791,13.1619
11.3924,13.0594
11.3654,13.0635
11.3385,13.0675
11.3117,13.0714
11.2294,13.0370
11.2068,13.0433
11.1821,13.0700
11.1676,13.0819
11.1775,13.1110
11.1791,13.1345
11.1847,13.1609
11.1620,13.1668
11.1325,13.1902
11.1137,13.1989
11.0989,13.2104
11.0841,13.2219
11.0693,13.2333
11.0544,13.2447
11.0127,13.2582
11.0452,13.3060
11.0538,13.3356
11.0741,13.3746
11.0432,13.3735
11.0123,13.3724
10.9911,13.3787
10.9390,13.3602
10.9317,13.3773
10.8872,13.3643
10.9107,13.4066
10.9092,13.4286
10.8515,13.4044
10.8287,13.4318
10.8210,13.4487
10.8133,13.4656
10.8055,13.4824
10.7728,13.4780
10.7650,13.4947
10.7646,13.5180
10.7223,13.5285
10.7293,13.5584
10.7100,13.5651
10.7262,13.6036
10.7328,13.6336
10.6911,13.6202
10.6191,13.6028
10.6402,13.6463
10.5988,13.6323
10.6159,13.6725
10.6292,13.7094
10.6241,13.7294
10.6677,13.7957
10.5524,13.7106
10.4933,13.6784
10.5026,13.7119
10.4831,13.7177
10.4708,13.7303
10.4549,13.7394
10.4866,13.7957
10.4230,13.7574
10.4035,13.7628
10.3805,13.7645
10.3610,13.7697
10.3310,13.7641
10.3185,13.7763
10.3269,13.8100
10.3361,13.8704
10.3096,13.8681
10.2968,13.8802
10.3162,13.9266
10.2998,13.9351
10.2868,13.9472
10.2506,13.9602
10.2227,13.9557
10.2029,13.9602
10.1932,13.9757
10.1834,13.9912
10.1769,14.0104
10.1618,14.0199
10.1373,14.0188
10.1109,14.0153
10.0747,14.0004
10.0101,13.9521
10.0548,14.0308
10.0416,14.0421
10.0283,14.0534
10.0016,14.0759
9.9881,14.0871
9.9715,14.0944
9.9612,14.1094
9.9010,14.0632
9.9373,14.1353
9.9133,14.1612
9.9058,14.1799
9.8952,14.1947
9.8845,14.2095
9.8676,14.2164
9.8599,14.2351
9.9207,14.3424
9.8169,14.2367
9.8333,14.2871
9.8344,14.3176
9.8155,14.3221
9.7984,14.3287
9.7800,14.3335
9.7849,14.3699
9.7575,14.3626
9.7504,14.3828
9.7289,14.3834
9.7246,14.4077
9.7277,14.4424
9.7206,14.4632
9.7593,14.5488
9.7575,14.5778
9.6911,14.5146
9.6451,14.4797
9.5766,14.4117
9.5424,14.3928
9.5337,14.4109
9.5081,14.4041
9.4848,14.4318
9.4510,14.4123
9.4531,14.4468
9.4522,14.4773
9.4540,14.5119
9.4609,14.5550
9.4232,14.5614
9.4163,14.5835
9.3854,14.5676
9.4103,14.6405
9.4136,14.6796
9.3853,14.6677
9.4458,14.8005
9.4494,14.8772
9.3707,14.7818
9.3756,14.8254
9.2912,14.7188
9.2607,14.7020
9.2580,14.7325
9.2173,14.7331
9.2118,14.7592
9.1988,14.7724
9.1858,14.7855
9.1640,14.7831
9.1485,14.7917
9.1150,14.8046
9.1018,14.8175
9.0885,14.8304
9.0752,14.8432
9.0642,14.8604
9.0508,14.8732
9.0396,14.8904
9.0551,14.9587
9.0102,14.9114
8.9989,14.9285
8.9728,14.9169
8.9592,14.9294
8.9634,14.9776
8.9428,14.9768
8.9304,15.0331
8.9151,15.0431
8.9076,15.0690
8.8825,15.0589
8.8695,15.0736
8.8360,15.0453
8.8265,15.1104
8.8058,15.1090
8.7893,15.1166
8.7769,15.1333
8.7439,15.1043
8.7560,15.1756
8.7105,15.1630
8.6958,15.1749
8.6950,15.2188
8.6989,15.2742
8.6760,15.2677
8.6532,15.2611
8.6362,15.2682
8.6662,15.3883
8.5985,15.2731
8.5928,15.3078
8.5710,15.3032
8.5558,15.3147
8.5692,15.3982
8.5298,15.3493
8.4989,15.3721
8.4745,15.3601
8.4537,15.3573
8.4329,15.3545
8.4113,15.3493
8.3897,15.3440
8.3502,15.3425
8.3330,15.3487
8.3284,15.3903
8.3027,15.3729
8.2904,15.3931
8.2820,15.4251
8.2970,15.5257
8.2817,15.5387
8.2687,15.5590
8.2137,15.4536
8.2071,15.4926
8.1926,15.5079
8.1764,15.5184
8.1625,15.5360
8.1195,15.5235
8.1032,15.5338
8.0879,15.6116
8.0872,15.6744
8.0604,15.6511
8.0298,15.6809
8.0088,15.6766
7.9919,15.6866
7.9744,15.6943
7.9495,15.6753
8.0812,16.2267
7.9039,15.7240
7.8817,15.7144
7.8830,15.7940
7.8507,15.7456
7.8236,15.7165
7.8175,15.7695
7.7942,15.7548
7.7644,15.7930
7.7598,15.8557
7.7582,15.9330
7.7415,15.9472
7.7259,15.9662
7.7134,15.9998
7.6729,15.9986
7.6262,15.8759
7.6137,15.9093
7.5907,15.8937
7.5739,15.9075
7.5550,15.9114
7.5191,15.9288
7.4973,15.9178
7.4765,15.9117
7.4743,16.0036
7.4812,16.1476
7.4458,16.0647
7.4238,16.0535
7.4198,16.2602
7.3897,16.2045
7.3634,16.1684
7.3489,16.2032
7.3275,16.1965
7.3046,16.1800
7.2682,16.2058
7.2558,16.2582
7.2437,16.3155
7.2307,16.3678
7.2111,16.3756
7.1827,16.3190
7.1729,16.3993
7.1412,16.3145
7.1154,16.2725
7.0960,16.2800
7.0802,16.3172
7.0640,16.3525
7.0417,16.3368
7.0226,16.3490
6.9827,16.3584
6.9823,16.5527
6.9590,16.5300
6.9373,16.5221
6.9129,16.4858
6.8882,16.4430
6.8489,16.4665
6.8386,16.5926
6.8192,16.6142
6.8027,16.6756
6.7757,16.5975
6.7548,16.5990
6.7103,16.5619
6.2897,9.9984
6.6694,16.5794
6.6485,16.5806
6.6358,16.7400
6.6159,16.7710
6.2837,9.9938
6.5724,16.7593
6.5521,16.7901
6.5328,16.8496
6.2791,9.9940
6.4872,16.7824
6.4654,16.7731
6.4443,16.7886
6.4045,16.9632
6.3852,17.1344
6.3621,17.0948
6.3389,17.0151
6.3169,17.0593
6.2944,17.0094
6.2501,16.9995
6.2278,17.0144
6.2056,17.0202
6.1841,16.9490
6.1620,16.9588
6.1383,17.0534
6.1153,17.0880
6.0916,17.1433
6.0695,17.1219
6.0461,17.1513
6.0224,17.1855
5.9989,17.2048
5.9746,17.2446
5.9501,17.2829
5.9041,17.2809
5.8823,17.2548
5.8586,17.2686
5.8306,17.3578
5.8077,17.3509
5.7925,17.2205
5.7557,17.4328
5.7455,17.2374
5.7141,17.3553
5.6886,17.3835
5.6649,17.3867
5.6364,17.4496
5.6129,17.4477
5.5705,17.6644
5.5548,17.5680
5.5213,17.6702
5.5099,17.5334
5.4901,17.4913
5.4568,17.5837
5.4288,17.6209
5.4021,17.6432
5.3427,17.7370
5.3125,17.7839
5.2915,17.7512
5.2659,17.7582
5.2458,17.7204
5.2100,17.8066
5.1582,17.8199
5.1411,17.7621
5.1195,17.7389
5.0837,17.8145
5.0583,17.8158
5.0352,17.8023
4.9470,18.2137
4.9738,17.8737
4.9435,17.9043
4.9130,17.9348
4.8774,17.9947
4.8423,18.0496
4.8093,18.0900
4.7787,18.1152
4.7126,18.1897
4.6797,18.2237
4.6539,18.2189
4.6234,18.2386
4.5947,18.2483
4.5659,18.2580
4.5111,18.2623
4.4821,18.2716
4.4572,18.2614
4.4198,18.3096
4.3738,18.3968
4.3549,18.3569
4.2755,18.5912
4.2389,18.6279
4.2227,18.5742
4.1894,18.5961
4.1601,18.5995
4.1009,18.7292
4.0969,18.6256
4.0900,18.5365
4.0280,18.5572
3.9754,18.6521
3.9074,18.8048
3.8974,18.7300
3.8226,18.9032
3.8055,18.8556
3.7553,18.8214
3.7330,18.7946
3.6947,18.8254
3.6110,19.0165
3.5649,19.0709
3.5352,19.0676
3.4676,19.1937
3.4101,19.1768
3.3916,19.1346
3.3528,19.1595
3.2926,19.1513
-1.5294,10.5967
-1.5170,10.5715
-1.5027,10.5224
-1.4856,10.4968
-1.7139,10.3294
-1.7161,10.3054
-1.6979,10.2798
-1.7397,10.2591
-1.7715,10.2374
-1.7835,10.2141
-1.7851,10.1899
-1.8068,10.1671
-1.8234,10.1439
-1.8399,10.1205
-1.8613,10.0974
-1.8841,10.0497
-1.9053,10.0263
-1.9215,10.0025
-1.9376,9.9786
-1.9487,9.9544
-1.9646,9.9303
-1.9805,9.9061
-1.9971,9.8571
-2.0078,9.8326
-2.0185,9.8080
-2.0340,9.7834
-2.0495,9.7588
-2.0649,9.7341
-2.0905,9.6843
-2.1156,9.6594
-2.1357,9.6343
-2.1605,9.6091
-2.1754,9.5837
-2.1953,9.5583
-2.2154,9.5327
-2.2098,9.5073
-2.2294,9.4816
-2.2440,9.4558
-2.2634,9.4299
-2.2878,9.4037
-2.3071,9.3775
-2.3259,9.3253
-2.3400,9.2990
-2.3590,9.2724
-2.3779,9.2457
-2.3963,9.2189
-2.4155,9.1919
-2.4342,9.1648
-2.4372,9.1385
-2.4513,9.1115
-2.4747,9.0838
-2.4931,9.0563
-2.5163,9.0284
-2.5345,9.0007
-2.5575,8.9725
-2.5784,8.9176
-2.6012,8.8890
-2.6189,8.8607
-2.6415,8.8319
-2.6591,8.8034
-2.6815,8.7743
-2.6929,8.7461
-2.6962,8.7186
-2.7184,8.6892
-2.7454,8.6591
-2.7673,8.6293
-2.7941,8.5989
-2.8159,8.5689
-2.8343,8.5114
-2.8557,8.4810
-2.8722,8.4512
-2.8934,8.4205
-2.9146,8.3897
-2.9406,8.3582
-2.9576,8.2994
-2.9784,8.2682
-2.9990,8.2368
-3.0196,8.2052
-3.0400,8.1736
-3.0604,8.1417
-3.0859,8.0802
-3.1109,8.0472
-3.1406,8.0132
-3.1637,7.9801
-3.1949,7.9455
-3.2193,7.9118
-3.2385,7.8495
-3.2675,7.8145
-3.2915,7.7802
-3.3203,7.7449
-3.3490,7.7093
-3.3776,7.6736
-3.4060,7.6377
-3.4233,7.5735
-3.4465,7.5382
-3.4696,7.5027
-3.4925,7.4671

# FrameTime=1781596345.50, PointCount=518
11.9450,12.5944
11.9360,12.6115
11.9267,12.6502
11.9395,12.6790
11.8777,12.6674
11.9016,12.7023
11.8660,12.7047
11.8261,12.7045
11.8038,12.7138
11.8486,12.7610
11.7523,12.7284
11.7559,12.7523
11.7379,12.7638
11.7609,12.7991
11.7470,12.8130
11.7288,12.8244
11.6685,12.8327
11.6374,12.8361
11.6235,12.8496
11.6330,12.8774
11.6360,12.9013
11.6431,12.9279
11.5913,12.9402
11.5432,12.9322
11.5417,12.9534
11.4937,12.9451
11.5215,12.9850
11.4653,12.9710
11.4450,13.0021
11.4870,13.0520
11.4350,13.0400
11.4247,13.0555
11.4227,13.0765
11.3708,13.0640
11.3398,13.0652
11.7600,13.3753
11.2984,13.0814
11.2039,13.0382
11.1936,13.0530
11.1710,13.0592
11.2096,13.1085
11.2254,13.1421
11.1804,13.1323
11.1698,13.1470
11.1552,13.1588
11.1405,13.1705
11.1298,13.1851
11.1150,13.1967
11.1043,13.2112
11.0746,13.2342
11.0558,13.2426
11.0171,13.2357
11.0379,13.2743
11.0427,13.3008
11.0592,13.3366
11.0446,13.3714
11.0255,13.3796
10.9808,13.3673
10.9872,13.3956
10.9348,13.3767
10.8925,13.3655
10.9106,13.4266
10.8760,13.4214
10.8339,13.4097
10.8378,13.4362
10.8263,13.4499
10.8186,13.4668
10.8201,13.4916
10.8030,13.5006
10.7475,13.4765
10.7661,13.5161
10.7356,13.5131
10.7389,13.5397
10.7233,13.5498
10.7099,13.5617
10.7344,13.6317
10.7334,13.6551
10.6806,13.6316
10.6428,13.6212
10.6344,13.6377
10.6003,13.6304
10.5834,13.6632
10.7401,13.8354
10.5699,13.6993
10.5179,13.6743
10.5129,13.6939
10.5114,13.7171
10.6010,13.8289
10.4760,13.7320
10.4601,13.7411
10.4406,13.7467
10.4211,13.7521
10.4016,13.7575
10.3856,13.7663
10.4167,13.8229
10.3571,13.7874
10.3167,13.7711
10.3181,13.7975
10.3402,13.8457
10.3344,13.8651
10.3403,13.8969
10.3309,13.9128
10.3016,13.9334
10.2852,13.9418
10.2688,13.9502
10.2423,13.9475
10.2211,13.9504
10.2080,13.9623
10.1885,13.9933
10.1754,14.0050
10.1622,14.0168
10.1206,13.9962
10.0930,13.9912
10.0346,13.9507
10.0053,13.9694
10.0434,14.0406
10.0301,14.0519
10.0168,14.0632
10.0034,14.0744
9.9900,14.0856
10.0193,14.1484
9.9631,14.1079
9.9528,14.1228
9.8895,14.0727
9.9288,14.1487
9.9214,14.1675
9.9108,14.1824
9.9002,14.1972
9.8739,14.2206
9.8649,14.2376
9.8633,14.2642
9.8554,14.2829
9.8656,14.3253
9.8424,14.3242
9.8115,14.3127
9.8111,14.3416
9.7879,14.3402
9.7648,14.3387
9.7625,14.3653
9.7482,14.3757
9.7322,14.3838
9.7325,14.4145
9.9439,14.7395
9.7430,14.4904
9.7961,14.5964
9.6935,14.4826
9.6760,14.4887
9.6186,14.4374
9.6480,14.5109
9.5807,14.4757
9.5129,14.4070
9.5069,14.4292
9.4869,14.4306
9.4530,14.4111
9.7179,14.8437
9.4461,14.4636
9.4452,14.4940
9.4495,14.5329
9.4698,14.5970
9.4334,14.5729
9.4024,14.5571
9.4036,14.5918
9.4211,14.6869
9.4032,14.6921
9.4153,14.7460
9.3817,14.7255
9.4634,14.8953
9.4128,14.8470
9.3303,14.7798
9.2604,14.6966
9.2451,14.7056
9.2374,14.7275
9.2270,14.7450
9.2141,14.7582
9.2011,14.7714
9.1725,14.7932
9.1435,14.7777
9.1376,14.8038
9.1196,14.8080
9.1040,14.8165
9.0932,14.8338
9.0642,14.8551
9.0531,14.8723
9.0396,14.8851
9.0205,14.8870
9.0172,14.9194
8.9979,14.9212
8.9570,14.9196
8.9545,14.9545
8.9474,14.9804
8.9313,14.9884
8.9758,15.1195
8.9220,15.0512
8.9100,15.0682
8.9099,15.1100
8.8708,15.0704
8.8363,15.0400
8.8433,15.0974
8.8184,15.0870
8.8387,15.1739
8.8366,15.2134
8.7629,15.0961
8.7382,15.0854
8.7524,15.1611
8.7296,15.1549
8.7150,15.1668
8.7024,15.1833
8.7154,15.2593
8.6845,15.2808
8.6616,15.2742
8.6407,15.2721
8.6180,15.2654
8.6010,15.2724
8.5907,15.2956
8.5696,15.3419
8.5598,15.3674
8.5416,15.3719
8.5225,15.3740
8.4998,15.3668
8.4771,15.3595
8.4545,15.3521
8.4311,15.3423
8.4165,15.3558
8.3923,15.3434
8.3751,15.3498
8.3528,15.3420
8.3424,15.3670
8.3268,15.3780
8.2880,15.3785
8.2789,15.4081
8.2786,15.4637
8.2546,15.5089
8.2211,15.4674
8.1953,15.5075
8.1776,15.5133
8.1660,15.5380
8.1414,15.5223
8.1237,15.5279
8.1178,15.5715
8.1727,15.8137
8.0684,15.6023
8.0675,15.6651
8.0536,15.6849
8.0353,15.6902
8.0088,15.6667
7.9969,15.6937
7.9644,15.7184
7.9434,15.7138
7.9343,15.7526
7.9042,15.7141
7.8910,15.7384
7.8846,15.7889
7.8277,15.7211
7.8106,15.7306
7.8007,15.7691
7.7774,15.7543
7.7743,15.8219
7.7697,15.8847
7.7722,15.9795
7.7456,15.9519
7.7266,15.9563
7.7109,15.9753
7.7318,16.1581
7.6544,15.9010
7.6302,15.8807
7.6456,16.0439
7.5936,15.8937
7.5768,15.9074
7.5579,15.9113
7.5400,15.9201
7.5191,15.9141
7.4983,15.9080
7.4870,15.9509
7.4590,16.0121
7.4515,16.0795
7.4330,16.0879
7.4170,16.1111
7.4018,16.1391
7.3864,16.1671
7.3656,16.1636
7.3560,16.2279
7.3322,16.2065
7.3093,16.1899
7.2872,16.1782
7.2728,16.2158
7.2611,16.2731
7.2546,16.3683
7.2311,16.3482
7.2092,16.3394
7.1845,16.3093
7.1704,16.3566
7.1398,16.2801
7.1198,16.2827
7.1004,16.2902
7.0633,16.3198
7.0454,16.3420
7.0258,16.3493
7.0051,16.3466
6.9902,16.3984
6.9856,16.5530
6.9628,16.5353
6.9674,16.7973
6.9189,16.5144
6.8919,16.4483
6.8701,16.4353
6.8569,16.5216
6.8448,16.6279
6.8304,16.7128
6.8092,16.7158
6.7824,16.6427
6.7581,16.5994
6.7361,16.5859
6.7139,16.5674
6.2891,9.9991
6.2880,9.9992
6.6318,16.5972
6.6189,16.7615
6.5986,16.7875
6.5769,16.7848
6.2810,9.9995
6.5366,16.8602
6.4938,16.8817
6.2762,9.9948
6.4482,16.8042
6.2739,9.9948
6.4109,17.1088
6.3882,17.0951
6.3651,17.0446
6.3427,17.0358
6.3207,17.0760
6.2981,17.0302
6.2758,16.9952
6.2536,17.0013
6.2314,17.0202
6.2094,16.9900
6.1658,16.9446
6.1427,17.0092
6.1193,17.0688
6.0959,17.1133
6.0725,17.1477
6.0499,17.1471
6.0034,17.1857
5.9793,17.2198
5.9319,17.2579
5.9090,17.2569
5.8856,17.2658
5.8613,17.2896
5.8344,17.3588
5.8123,17.3375
5.7931,17.2713
5.7743,17.2051
5.7431,17.3281
5.7175,17.3614
5.6906,17.4095
5.6399,17.4557
5.6151,17.4687
5.5911,17.4717
5.5605,17.5492
5.5257,17.6662
5.5172,17.4997
5.4648,17.5448
5.4312,17.6371
5.4066,17.6395
5.3743,17.7113
5.3433,17.7682
5.3206,17.7504
5.2974,17.7376
5.2566,17.8686
5.2468,17.7466
5.2217,17.7484
5.1895,17.8048
5.1583,17.8510
5.1486,17.7388
5.1200,17.7650
5.0617,17.8222
5.0423,17.7840
5.0064,17.8544
4.9756,17.8900
4.9445,17.9256
4.9164,17.9413
4.8482,18.0414
4.8161,18.0769
4.7899,18.0770
4.7540,18.1320
4.7098,18.2307
4.6886,18.2009
4.6287,18.2354
4.6037,18.2262
4.5731,18.2450
4.5434,18.2595
4.5145,18.2690
4.4875,18.2686
4.3910,18.6016
4.4335,18.2675
4.3845,18.3694
4.3540,18.3832
4.3050,18.4798
4.2585,18.5627
4.2106,18.6493
4.2063,18.5445
4.1205,18.6681
4.0723,18.7490
4.0980,18.5240
4.0594,18.5660
4.0337,18.5545
3.9678,18.7026
3.8995,18.7419
3.8531,18.8072
3.7789,18.9753
3.7837,18.8456
3.7652,18.8044
3.7350,18.8064
3.6400,19.0411
3.5766,19.0493
3.5344,19.0892
3.4850,19.1529
3.4579,19.1398
3.4236,19.1505
3.3892,19.1610
3.3261,19.1627
3.2989,19.1491
3.2673,19.1497
-1.5296,10.6021
-1.5123,10.5762
-1.5255,10.5542
-1.5030,10.5278
-1.7193,10.3353
-1.7115,10.3105
-1.6983,10.2853
-1.7452,10.2650
-1.7838,10.2196
-1.7906,10.1958
-1.8073,10.1727
-1.8239,10.1494
-1.8454,10.1264
-1.8619,10.1030
-1.8784,10.0795
-1.8896,10.0556
-1.9109,10.0321
-1.9271,10.0083
-1.9432,9.9844
-1.9593,9.9604
-1.9753,9.9364
-1.9920,9.8874
-2.0078,9.8631
-2.0135,9.8384
-2.0242,9.8138
-2.0397,9.7892
-2.0502,9.7645
-2.0710,9.7149
-2.0912,9.6900
-2.1164,9.6651
-2.1365,9.6400
-2.1566,9.6148
-2.1765,9.5895
-2.1962,9.5387
-2.2157,9.5131
-2.2353,9.4873
-2.2552,9.4615
-2.2747,9.4355
-2.2941,9.4094
-2.3085,9.3833
-2.3173,9.3573
-2.3219,9.3314
-2.3410,9.3049
-2.3551,9.2785
-2.3740,9.2518
-2.3928,9.2250
-2.4166,9.1978
-2.4297,9.1711
-2.4339,9.1447
-2.4525,9.1174
-2.4709,9.0901
-2.4942,9.0623
-2.5175,9.0344
-2.5406,9.0063
-2.5580,8.9785
-2.5618,8.9516
-2.5847,8.9232
-2.6025,8.8951
-2.6252,8.8664
-2.6428,8.8380
-2.6604,8.8095
-2.6753,8.7540
-2.6976,8.7247
-2.7197,8.6953
-2.7468,8.6652
-2.7687,8.6355
-2.7956,8.6051
-2.8142,8.5478
-2.8358,8.5176
-2.8572,8.4872
-2.8786,8.4567
-2.8999,8.4261
-2.9211,8.3953
-2.9433,8.3361
-2.9642,8.3050
-2.9800,8.2744
-3.0007,8.2430
-3.0213,8.2115
-3.0417,8.1799
-3.0626,8.1193
-3.0926,8.0857
-3.1225,8.0519
-3.1408,8.0198
-3.1606,7.9874
-3.2016,7.9510
-3.2210,7.8889
-3.2453,7.8550
-3.2743,7.8200
-3.2984,7.7858
-3.3272,7.7504
-3.3559,7.7149
-3.3786,7.6502
-3.4021,7.6152
-3.4303,7.5790
-3.4535,7.5437
-3.4814,7.5072

# FrameTime=1781596345.61, PointCount=516
11.9465,12.5932
11.9419,12.6125
11.9549,12.6413
11.9542,12.6848
11.9230,12.6899
11.9050,12.7021
11.8763,12.7083
11.8495,12.7154
11.8053,12.7126
11.7698,12.7144
11.7575,12.7510
11.7350,12.7600
11.7581,12.7953
11.7572,12.8168
11.7648,12.8434
11.6797,12.8152
11.6390,12.8348
11.6207,12.8458
11.6346,12.8761
11.6290,12.8948
11.6447,12.9266
11.6027,12.9229
11.5490,12.9336
11.5390,12.9494
11.5163,12.9572
11.4978,12.9675
11.4877,12.9832
11.4567,12.9853
11.4885,13.0507
11.4449,13.0443
11.4262,13.0542
11.4242,13.0753
11.3723,13.0627
11.3413,13.0640
11.2999,13.0802
11.2055,13.0370
11.1992,13.0546
11.1726,13.0579
11.1989,13.0986
11.1843,13.1105
11.2123,13.1527
11.1673,13.1428
11.1526,13.1546
11.1380,13.1663
11.1273,13.1809
11.1125,13.1925
11.1018,13.2070
11.0830,13.2155
11.0533,13.2383
11.0225,13.2375
11.0315,13.2669
11.0402,13.2965
11.0489,13.3261
11.0652,13.3619
11.0387,13.3876
10.9901,13.3722
11.0062,13.4082
10.9480,13.3848
10.8940,13.3642
10.9158,13.4051
10.9525,13.4585
10.8853,13.4265
10.8392,13.4116
10.8355,13.4317
10.8278,13.4486
10.8201,13.4655
10.8199,13.4889
10.7644,13.4650
10.7966,13.5161
10.7714,13.5181
10.7409,13.5151
10.7366,13.5351
10.7286,13.5518
10.7188,13.5671
10.7479,13.6170
10.7275,13.6472
10.6821,13.6303
10.6406,13.6165
10.6396,13.6398
10.5945,13.6223
10.5898,13.6421
10.7307,13.8239
10.5787,13.7049
10.5230,13.6765
10.5108,13.6892
10.5129,13.7158
10.4899,13.7181
10.4652,13.7433
10.4457,13.7489
10.4261,13.7544
10.4066,13.7598
10.3836,13.7615
10.3747,13.7774
10.3182,13.7698
10.3162,13.7927
10.3348,13.8372
10.3393,13.8674
10.3403,13.8941
10.3289,13.9079
10.3160,13.9200
10.2867,13.9406
10.2771,13.9563
10.2472,13.9499
10.2192,13.9455
10.2062,13.9573
10.2032,13.9802
10.1769,14.0038
10.1637,14.0155
10.1255,13.9987
10.1109,14.0087
10.0846,14.0051
10.0166,13.9531
10.1898,14.1813
10.0449,14.0393
10.0316,14.0506
10.0183,14.0619
10.0049,14.0731
9.9883,14.0805
9.9749,14.0916
9.9850,14.1314
9.9480,14.1138
9.8910,14.0714
9.9303,14.1475
9.9198,14.1623
9.9092,14.1772
9.8986,14.1920
9.8893,14.2084
9.8742,14.2176
9.8634,14.2324
9.8556,14.2510
9.8569,14.2816
9.8702,14.3280
9.8439,14.3229
9.8130,14.3114
9.7954,14.3469
9.7663,14.3374
9.7640,14.3640
9.7497,14.3745
9.7367,14.3866
9.7340,14.4132
9.7458,14.4909
9.8063,14.6074
9.6979,14.4854
9.6804,14.4915
9.6316,14.4526
9.6495,14.5096
9.5850,14.4785
9.5144,14.4058
9.5056,14.4238
9.4884,14.4293
9.4518,14.4057
9.4594,14.4486
9.6077,14.7065
9.4521,14.5011
9.4537,14.5358
9.4714,14.5957
9.4322,14.5674
9.3986,14.5474
9.4024,14.5863
9.4299,14.6634
9.4179,14.7121
9.4130,14.7385
9.3754,14.7115
9.3693,14.7709
9.3524,14.7779
9.2594,14.6911
9.2467,14.7043
9.2414,14.7305
9.2235,14.7351
9.2156,14.7569
9.2051,14.7744
9.1956,14.7938
9.1790,14.8007
9.1474,14.7808
9.1367,14.7981
9.1163,14.7979
9.1056,14.8152
9.0947,14.8325
9.0814,14.8454
9.0929,14.9047
9.0546,14.8710
9.0435,14.8882
9.0197,14.8813
9.0177,14.9161
9.0040,14.9288
8.9744,14.9103
8.9516,14.9443
8.9489,14.9791
8.9306,14.9826
8.9718,15.1071
8.9213,15.0455
8.9159,15.0759
8.8723,15.0691
8.8399,15.0432
8.8385,15.0826
8.8242,15.0948
8.8402,15.1726
8.7829,15.0919
8.7376,15.0796
8.7498,15.1508
8.7332,15.1582
8.7165,15.1656
8.7059,15.1866
8.7150,15.2534
8.7030,15.2722
8.6651,15.2775
8.6422,15.2708
8.6214,15.2687
8.6063,15.2804
8.5884,15.2851
8.5911,15.3406
8.5557,15.3522
8.5449,15.3753
8.5222,15.3681
8.5013,15.3655
8.4786,15.3582
8.4480,15.3299
8.4180,15.3545
8.3938,15.3422
8.3784,15.3532
8.3543,15.3407
8.3439,15.3658
8.3300,15.3814
8.3193,15.4064
8.2879,15.3725
8.2805,15.4069
8.2785,15.4577
8.2827,15.5275
8.2610,15.5218
8.2210,15.4614
8.2176,15.5099
8.1776,15.5073
8.1660,15.5320
8.1444,15.5257
8.1222,15.5171
8.1148,15.5560
8.1845,15.8458
8.1366,15.7559
8.0699,15.6010
8.0719,15.6734
8.0537,15.6788
8.0327,15.6746
8.0090,15.6606
7.9984,15.6924
7.9855,15.7168
7.9409,15.6981
8.0464,16.1583
7.9044,15.7080
7.8899,15.7274
7.8874,15.7925
7.8657,15.7854
7.8304,15.7247
7.8109,15.7245
7.8010,15.7630
7.7801,15.7579
7.7770,15.8255
7.7735,15.8931
7.7673,15.9510
7.7281,15.9551
7.7102,15.9643
7.7344,16.1617
7.6570,15.9046
7.6296,15.8697
7.6140,15.8884
7.6340,16.0761
7.5773,15.9013
7.5594,15.9100
7.5415,15.9188
7.5206,15.9128
7.4998,15.9067
7.4875,15.9447
7.4933,16.0788
7.4605,16.0108
7.4548,16.0880
7.4354,16.0916
7.4177,16.1049
7.4008,16.1231
7.3880,16.1658
7.3663,16.1574
7.3329,16.2003
7.3100,16.1837
7.2895,16.1819
7.2743,16.2145
7.2626,16.2719
7.2521,16.3390
7.2114,16.3431
7.1861,16.3081
7.1726,16.3603
7.1413,16.2788
7.1213,16.2814
7.1019,16.2889
7.0849,16.3161
7.0475,16.3457
7.0268,16.3431
7.0066,16.3453
6.9911,16.3922
6.9871,16.5517
6.9643,16.5340
6.9204,16.5132
6.8939,16.4520
6.8712,16.4290
6.8576,16.5104
6.8459,16.6216
6.8311,16.7016
6.7843,16.6465
6.7600,16.6031
6.7377,16.5847
6.2915,9.9929
6.6949,16.5724
6.2895,9.9979
6.2881,9.9931
6.6335,16.6009
6.2860,9.9981
6.5999,16.7813
6.5782,16.7785
6.2823,9.9933
6.5380,16.8539
6.5171,16.8797
6.2789,9.9935
6.4705,16.7774
6.4497,16.8029
6.4297,16.8733
6.2743,9.9936
6.3899,17.1038
6.3664,17.0293
6.3221,17.0547
6.2997,17.0399
6.2773,16.9940
6.2552,16.9950
6.2329,17.0239
6.2108,17.0037
6.1892,16.9486
6.1649,17.1141
6.1442,17.0079
6.1209,17.0625
6.0976,17.1070
6.0742,17.1415
6.0516,17.1409
6.0274,17.1901
6.0014,17.2850
5.9808,17.2185
5.9335,17.2566
5.9108,17.2506
5.8871,17.2645
5.8628,17.2883
5.8147,17.3213
5.7940,17.2800
5.7759,17.2038
5.7450,17.3219
5.7190,17.3601
5.6910,17.4232
5.6406,17.4644
5.6166,17.4674
5.5935,17.4605
5.5629,17.5380
5.5254,17.6849
5.5173,17.5134
5.4906,17.5410
5.4638,17.5687
5.4327,17.6358
5.4087,17.6333
5.3780,17.6902
5.3443,17.7718
5.3215,17.7541
5.2989,17.7364
5.2470,17.7552
5.2252,17.7323
5.1910,17.8035
5.1618,17.8349
5.1501,17.7375
5.1222,17.7588
5.0611,17.8358
5.0430,17.7877
5.0095,17.8432
4.9771,17.8887
4.9468,17.9194
4.9195,17.9301
4.8497,18.0401
4.8168,18.0805
4.7923,18.0708
4.7573,18.1209
4.7095,18.2393
4.6901,18.1996
4.6321,18.2243
4.6052,18.2249
4.5727,18.2535
4.5439,18.2631
4.5150,18.2726
4.4880,18.2722
4.4610,18.2717
4.3881,18.3583
4.3576,18.3722
4.3335,18.3567
4.2319,18.6870
4.2088,18.6626
4.2055,18.5530
4.1113,18.8351
4.1255,18.6522
4.0750,18.7428
4.0960,18.5373
4.0621,18.5598
4.0341,18.5580
3.9656,18.7159
3.8946,18.8798
3.9010,18.7406
3.8584,18.7914
3.7856,18.9547
3.7904,18.8250
3.7667,18.8031
3.7339,18.8148
3.6495,19.0110
3.5781,19.0480
3.5346,19.0927
3.4824,19.1661
3.4594,19.1385
3.4251,19.1492
3.3907,19.1598
3.3005,19.1478
3.2689,19.1484
-1.5058,10.5743
-1.4937,10.5492
-1.5218,10.5289
-1.5241,10.5055
-1.7078,10.3332
-1.7149,10.3097
-1.6968,10.2840
-1.7436,10.2638
-1.7755,10.2421
-1.7891,10.1945
-1.8057,10.1714
-1.8223,10.1482
-1.8439,10.1252
-1.8653,10.1020
-1.8867,10.0788
-1.8882,10.0543
-1.9044,10.0306
-1.9206,10.0068
-1.9367,9.9829
-1.9478,9.9587
-1.9687,9.9349
-1.9846,9.9107
-1.9963,9.8615
-2.0070,9.8370
-2.0227,9.8125
-2.0332,9.7879
-2.0487,9.7632
-2.0641,9.7385
-2.0844,9.7138
-2.1095,9.6889
-2.1149,9.6638
-2.1400,9.6388
-2.1598,9.6136
-2.1798,9.5882
-2.1949,9.5628
-2.2147,9.5372
-2.2142,9.5118
-2.2338,9.4861
-2.2533,9.4602
-2.2678,9.4343
-2.2922,9.4081
-2.3070,9.3820
-2.3212,9.3559
-2.3300,9.3298
-2.3345,9.3038
-2.3485,9.2774
-2.3725,9.2505
-2.3913,9.2237
-2.4101,9.1968
-2.4338,9.1695
-2.4509,9.1162
-2.4694,9.0888
-2.4927,9.0611
-2.5110,9.0335
-2.5341,9.0054
-2.5572,8.9772
-2.5782,8.9223
-2.6010,8.8938
-2.6187,8.8655
-2.6363,8.8371
-2.6589,8.8082
-2.6763,8.7796
-2.6961,8.7234
-2.7182,8.6940
-2.7403,8.6645
-2.7672,8.6342
-2.7891,8.6044
-2.8109,8.5743
-2.8293,8.5169
-2.8508,8.4866
-2.8722,8.4561
-2.8972,8.4250
-2.9183,8.3942
-2.9406,8.3631
-2.9577,8.3044
-2.9785,8.2732
-2.9992,8.2418
-3.0197,8.2102
-3.0402,8.1786
-3.0606,8.1468
-3.0812,8.0860
-3.1062,8.0531
-3.1360,8.0191
-3.1591,7.9861
-3.1902,7.9515
-3.2147,7.9178
-3.2440,7.8831
-3.2630,7.8206
-3.2919,7.7854
-3.3208,7.7501
-3.3495,7.7146
-3.3731,7.6798
-3.4016,7.6439
-3.4190,7.5798
-3.4471,7.5435
-3.4701,7.5080
-3.4931,7.4724

# FrameTime=1781596345.70, PointCount=511
11.9509,12.5955
11.9507,12.6172
11.9549,12.6413
11.9191,12.6658
11.9055,12.6804
11.8875,12.6925
11.8675,12.7034
11.8320,12.7057
11.8053,12.7126
11.7582,12.7296
11.7531,12.7486
11.7350,12.7600
11.7625,12.7978
11.7529,12.8143
11.7476,12.8333
11.6701,12.8315
11.6390,12.8348
11.6250,12.8483
11.6303,12.8735
11.6375,12.9000
11.6489,12.9293
11.6814,12.9718
11.5970,12.9416
11.5447,12.9310
11.5348,12.9468
11.5037,12.9491
11.5104,12.9756
11.4710,12.9724
11.4567,12.9853
11.4927,13.0535
11.4449,13.0443
11.4262,13.0542
11.4200,13.0725
11.3682,13.0599
11.3413,13.0640
11.2999,13.0802
11.2055,13.0370
11.1992,13.0546
11.1644,13.0522
11.2070,13.1043
11.1925,13.1162
11.1714,13.1457
11.1688,13.1663
11.1460,13.1722
11.1313,13.1838
11.1166,13.1954
11.1018,13.2070
11.1889,13.2947
11.0721,13.2299
11.0652,13.2473
11.0225,13.2375
11.0354,13.2700
11.0442,13.2995
11.0568,13.3322
11.0986,13.3880
11.0540,13.3763
11.0387,13.3876
10.9862,13.3691
10.9342,13.3506
10.9480,13.3848
10.8940,13.3642
10.9292,13.4160
10.8891,13.4297
10.8392,13.4116
10.8431,13.4381
10.8316,13.4519
10.8239,13.4688
10.8161,13.4857
10.7528,13.4784
10.7714,13.5181
10.7409,13.5151
10.7404,13.5384
10.7286,13.5518
10.7467,13.5918
10.9024,13.7551
10.7136,13.6104
10.6905,13.6137
10.6748,13.6236
10.6406,13.6165
10.6433,13.6432
10.6018,13.6291
10.5861,13.6387
10.7271,13.8204
10.5714,13.6980
10.5230,13.6765
10.5072,13.6857
10.5129,13.7158
10.4899,13.7181
10.4652,13.7433
10.4457,13.7489
10.4261,13.7544
10.4066,13.7598
10.3871,13.7651
10.3782,13.7810
10.3217,13.7734
10.3162,13.7927
10.3382,13.8408
10.3393,13.8674
10.3384,13.8920
10.3289,13.9079
10.3160,13.9200
10.6220,14.2735
10.2867,13.9406
10.2703,13.9489
10.2404,13.9425
10.2226,13.9492
10.1264,13.8693
10.2548,14.0375
10.1934,13.9957
10.1769,14.0038
10.1637,14.0155
10.1189,13.9912
10.0978,13.9937
10.0813,14.0014
10.0616,14.0052
10.0101,13.9719
10.0417,14.0355
10.0316,14.0506
10.0215,14.0657
10.0081,14.0770
9.9947,14.0882
9.9781,14.0955
9.9850,14.1314
9.9543,14.1215
9.8941,14.0753
9.9303,14.1475
9.9198,14.1623
9.9124,14.1811
9.9017,14.1959
9.8893,14.2084
9.8772,14.2216
9.8665,14.2363
9.8587,14.2550
9.8569,14.2816
9.8654,14.3218
9.8439,14.3229
9.8130,14.3114
9.7924,14.3429
9.7693,14.3414
9.7610,14.3600
9.7468,14.3704
9.7367,14.3866
9.7311,14.4092
9.7545,14.5031
9.8063,14.6074
9.6950,14.4813
9.6861,14.4997
9.6259,14.4444
9.5631,14.3846
9.5429,14.4166
9.5172,14.4099
9.5056,14.4238
9.4745,14.4086
9.4546,14.4099
9.4622,14.4527
9.6160,14.7190
9.4494,14.4969
9.4483,14.5274
9.4660,14.5873
9.4349,14.5716
9.4039,14.5558
9.4051,14.5906
9.4325,14.6677
9.4205,14.7163
9.4130,14.7385
9.3780,14.7157
9.3693,14.7709
9.3499,14.7736
9.2569,14.6868
9.2467,14.7043
9.2364,14.7219
9.2285,14.7437
9.2156,14.7569
9.2051,14.7744
9.1931,14.7895
9.1765,14.7963
9.1450,14.7764
9.1440,14.8112
9.1163,14.7979
9.1056,14.8152
9.0947,14.8325
9.0838,14.8498
9.0905,14.9003
9.0546,14.8710
9.0435,14.8882
9.0253,14.8921
9.0210,14.9225
9.0017,14.9243
8.9722,14.9058
8.9516,14.9443
8.9489,14.9791
8.9328,14.9871
8.9696,15.1026
8.9235,15.0500
8.9159,15.0759
8.8701,15.0646
8.8421,15.0478
8.8427,15.0916
8.8263,15.0993
8.8402,15.1726
8.7871,15.1010
8.7418,15.0887
8.7457,15.1416
8.7332,15.1582
8.7165,15.1656
8.7019,15.1775
8.7130,15.2489
8.7030,15.2722
8.6631,15.2729
8.6403,15.2662
8.6233,15.2733
8.6025,15.2711
8.5884,15.2851
8.5892,15.3360
8.5668,15.3800
8.5449,15.3753
8.5222,15.3681
8.5013,15.3655
8.4786,15.3582
8.4516,15.3392
8.4180,15.3545
8.3938,15.3422
8.3784,15.3532
8.3543,15.3407
8.3439,15.3658
8.3283,15.3767
8.3085,15.3759
8.2805,15.4069
8.2769,15.4530
8.2843,15.5323
8.2658,15.5360
8.2210,15.4614
8.2160,15.5052
8.1776,15.5073
8.1660,15.5320
8.1444,15.5257
8.1222,15.5171
8.1119,15.5464
8.1889,15.8602
8.1366,15.7559
8.0733,15.6782
8.0509,15.6692
8.0341,15.6794
8.0090,15.6606
7.9956,15.6828
7.9842,15.7120
7.9396,15.6933
8.0425,16.1438
7.9057,15.7129
7.8899,15.7274
7.8924,15.8118
7.8488,15.7200
7.8097,15.7197
7.8034,15.7727
7.7801,15.7579
7.7758,15.8206
7.7724,15.8883
7.7673,15.9510
7.7281,15.9551
7.7102,15.9643
7.6581,15.9095
7.6317,15.8794
7.6150,15.8933
7.6340,16.0761
7.5773,15.9013
7.5594,15.9100
7.5415,15.9188
7.5206,15.9128
7.4998,15.9067
7.4875,15.9447
7.4797,16.0072
7.4557,16.0930
7.4354,16.0916
7.4168,16.1000
7.4025,16.1329
7.3871,16.1609
7.3663,16.1574
7.3329,16.2003
7.3108,16.1887
7.2895,16.1819
7.2721,16.1997
7.2626,16.2719
7.2528,16.3440
7.2302,16.3303
7.2145,16.3646
7.1881,16.3229
7.1719,16.3553
7.1420,16.2838
7.1213,16.2814
7.1019,16.2889
7.0843,16.3112
7.0470,16.3408
7.0268,16.3431
7.0060,16.3404
6.9901,16.3823
6.9871,16.5517
6.9643,16.5340
6.9199,16.5082
6.8944,16.4570
6.8708,16.4240
6.8567,16.5004
6.8467,16.6316
6.8303,16.6916
6.7835,16.6365
6.7596,16.5982
6.7377,16.5847
6.7151,16.5611
6.2906,9.9978
6.2892,9.9930
6.2883,9.9980
6.2858,9.9932
6.5997,16.7763
6.5780,16.7735
6.2823,9.9933
6.2812,9.9934
6.2800,9.9934
6.4707,16.7824
6.4498,16.8079
6.4297,16.8733
6.4119,17.0825
6.3899,17.1038
6.3665,17.0343
6.3445,17.0685
6.3220,17.0397
6.2997,17.0389
6.2773,16.9990
6.2552,16.9950
6.2329,17.0189
6.2108,17.0087
6.1892,16.9486
6.1443,17.0029
6.1209,17.0625
6.0975,17.1120
6.0741,17.1465
6.0515,17.1459
6.0276,17.1851
5.9808,17.2185
5.9332,17.2616
5.9105,17.2556
5.8874,17.2595
5.8631,17.2833
5.8373,17.3320
5.8138,17.3362
5.7943,17.2750
5.7759,17.2038
5.7450,17.3219
5.7194,17.3551
5.6914,17.4182
5.6600,17.5206
5.6410,17.4594
5.6166,17.4674
5.5939,17.4555
5.5633,17.5330
5.5218,17.7247
5.5168,17.5184
5.4897,17.5509
5.4348,17.6159
5.4081,17.6382
5.3797,17.6753
5.3443,17.7718
5.3221,17.7492
5.2989,17.7364
5.2477,17.7503
5.2264,17.7224
5.1917,17.7985
5.1625,17.8299
5.1501,17.7375
5.1229,17.7539
5.0751,17.9137
5.0618,17.8308
5.0430,17.7877
5.0095,17.8432
4.9779,17.8838
4.9476,17.9144
4.9195,17.9301
4.8766,18.0344
4.8194,18.0653
4.7906,18.0806
4.7573,18.1209
4.7095,18.2393
4.6901,18.1996
4.6561,18.2390
4.6014,18.2445
4.5747,18.2437
4.5439,18.2631
4.5160,18.2677
4.4870,18.2771
4.4620,18.2668
4.3881,18.3583
4.3566,18.3771
4.3378,18.3372
4.2557,18.5809
4.2077,18.6675
4.2078,18.5433
4.1560,18.6440
4.0727,18.7526
4.0948,18.5422
4.0621,18.5598
4.0341,18.5580
3.9359,18.8336
3.9284,18.7476
3.8635,18.7721
3.7869,18.9499
3.7904,18.8250
3.7654,18.8079
3.7339,18.8148
3.6415,19.0399
3.5891,19.0095
3.5387,19.0783
3.4852,19.1565
3.4551,19.1529
3.4222,19.1588
3.3893,19.1646
3.3005,19.1478
3.2704,19.1436
-1.5306,10.5774
-1.5037,10.5504
-1.5213,10.5289
-1.7026,10.3327
-1.7147,10.3096
-1.7220,10.2861
-1.7088,10.2609
-1.7605,10.2409
-1.7723,10.2176
-1.7990,10.1953
-1.8157,10.1721
-1.8389,10.1248
-1.8604,10.1017
-1.8817,10.0785
-1.8981,10.0549
-1.9144,10.0311
-1.9306,10.0073
-1.9428,9.9585
-1.9588,9.9345
-1.9747,9.9104
-1.9905,9.8861
-1.9963,9.8615
-2.0070,9.8370
-2.0227,9.8125
-2.0431,9.7881
-2.0437,9.7631
-2.0641,9.7385
-2.0844,9.7138
-2.1047,9.6889
-2.1249,9.6639
-2.1448,9.6388
-2.1648,9.5883
-2.1797,9.5629
-2.1994,9.5374
-2.2192,9.5117
-2.2338,9.4861
-2.2533,9.4602
-2.2772,9.4085
-2.2966,9.3823
-2.3158,9.3560
-2.3354,9.3296
-2.3495,9.3033
-2.3635,9.2768
-2.3858,9.2240
-2.4046,9.1971
-2.4238,9.1700
-2.4474,9.1426
-2.4659,9.1153
-2.4843,9.0879
-2.5010,9.0341
-2.5192,9.0064
-2.5422,8.9783
-2.5652,8.9500
-2.5881,8.9216
-2.6059,8.8934
-2.6264,8.8380
-2.6439,8.8095
-2.6664,8.7805
-2.6837,8.7518
-2.7110,8.7220
-2.7331,8.6925
-2.7602,8.6624
-2.7761,8.6332
-2.7841,8.6049
-2.8059,8.5749
-2.8276,8.5448
-2.8442,8.5151
-2.8657,8.4847
-2.8821,8.4548
-2.8724,8.4282
-2.8997,8.3967
-2.9258,8.3651
-2.9468,8.3341
-2.9676,8.3030
-2.9884,8.2717
-3.0091,8.2403
-3.0233,8.2097
-3.0254,8.1809
-3.0457,8.1491
-3.0709,8.1164
-3.1009,8.0828
-3.1259,8.0498
-3.1541,8.0160
-3.1755,7.9541
-3.2000,7.9205
-3.2244,7.8867
-3.2536,7.8519
-3.2777,7.8178
-3.3067,7.7826
-3.3250,7.7194
-3.3535,7.6837
-3.3820,7.6479
-3.4103,7.6119
-3.4337,7.5767
-3.4617,7.5403
-3.4784,7.4756

# FrameTime=1781596345.80, PointCount=518
11.9401,12.5898
11.9488,12.6161
11.9618,12.6449
11.9703,12.6714
11.9240,12.6684
11.8968,12.6975
11.9069,12.7251
11.8432,12.7118
11.8164,12.7187
11.7723,12.7157
11.7693,12.7358
11.7375,12.7613
11.7649,12.7991
11.7510,12.8130
11.7716,12.8472
11.7317,12.8459
11.6553,12.8225
11.6189,12.8444
11.6327,12.8748
11.6357,12.8987
11.6386,12.9227
11.5925,12.9163
11.5741,12.9270
11.8710,13.1359
11.5456,12.9534
11.5398,12.9719
11.4583,12.9418
11.5154,13.0007
11.4424,12.9756
11.4845,13.0253
11.4492,13.0245
11.4204,13.0499
11.3934,13.0542
11.3665,13.0584
11.3396,13.0624
11.3127,13.0663
11.2305,13.0319
11.1976,13.0530
11.1750,13.0592
11.1809,13.0854
11.1786,13.1059
11.1803,13.1294
11.1819,13.1528
11.1444,13.1705
11.1338,13.1851
11.1150,13.1937
11.1042,13.2082
11.0894,13.2197
11.0746,13.2312
11.2050,13.3526
11.0409,13.2509
11.0141,13.2530
11.0308,13.2886
11.0395,13.3182
11.0795,13.3724
11.0446,13.3683
11.0078,13.3624
11.0025,13.3814
10.9405,13.3550
10.9448,13.3815
10.8887,13.3592
10.9161,13.4046
10.9125,13.4249
10.8608,13.4055
10.8341,13.4298
10.8264,13.4467
10.8225,13.4668
10.8148,13.4837
10.7745,13.4727
10.7742,13.4960
10.7584,13.5296
10.7353,13.5331
10.7385,13.5597
10.7229,13.5698
10.7355,13.6050
10.7086,13.6050
10.9133,13.8143
10.6809,13.6282
10.6283,13.6043
10.6457,13.6444
10.6006,13.6270
10.6251,13.6740
10.6529,13.7246
10.6188,13.7172
10.5616,13.7122
10.5313,13.7078
10.5154,13.7171
10.4959,13.7228
10.4764,13.7285
10.4569,13.7341
10.4286,13.7556
10.4056,13.7575
10.3861,13.7628
10.3666,13.7680
10.3366,13.7624
10.3277,13.7782
10.3234,13.8241
10.3418,13.8687
10.3221,13.8736
10.3059,13.8821
10.3288,13.9322
10.3192,13.9480
10.3266,13.9821
10.3763,14.0624
10.2530,13.9548
10.2183,13.9430
10.2053,13.9549
10.2023,13.9778
10.1858,13.9858
10.2273,14.0589
10.1661,14.0167
10.1430,14.0172
10.1167,14.0137
10.0871,14.0064
10.0191,13.9544
10.0606,14.0292
10.0474,14.0406
10.0239,14.0670
10.0074,14.0744
9.9940,14.0856
9.9773,14.0929
9.9639,14.1040
9.9068,14.0618
9.9792,14.1781
9.9296,14.1449
9.9191,14.1597
9.9117,14.1784
9.9011,14.1933
9.8904,14.2081
9.8797,14.2228
9.8658,14.2336
9.8198,14.2314
9.8393,14.2857
9.8464,14.3242
9.8185,14.3167
9.8120,14.3376
9.7829,14.3282
9.7635,14.3612
9.7522,14.3757
9.7391,14.3879
9.7336,14.4104
9.7395,14.4492
9.7382,14.4781
9.7463,14.5519
9.6943,14.5092
9.6454,14.4702
9.5769,14.4023
9.5625,14.4122
9.5369,14.4055
9.6666,14.6281
9.5025,14.4168
9.4880,14.4264
9.4570,14.4111
9.4591,14.4457
9.4583,14.4761
9.4655,14.5191
9.5578,14.6941
9.4603,14.5760
9.4320,14.5645
9.4171,14.5740
9.3969,14.5749
9.4191,14.6435
9.4198,14.6784
9.3914,14.6666
9.4390,14.8131
9.5101,14.9658
9.3769,14.7807
9.3728,14.8092
9.2847,14.6962
9.2644,14.6966
9.3613,14.8973
9.2464,14.7361
9.2235,14.7320
9.2180,14.7582
9.2026,14.7670
9.1920,14.7845
9.1678,14.7777
9.1547,14.7908
9.1478,14.8150
9.1212,14.8036
9.1080,14.8165
9.0948,14.8294
9.0838,14.8467
9.0705,14.8595
9.0571,14.8723
9.0301,14.8978
9.0188,14.9149
9.0075,14.9320
8.9791,14.9160
8.9655,14.9285
8.9652,14.9678
8.9353,14.9884
8.9412,15.0411
8.9193,15.0378
8.9183,15.0772
8.8932,15.0671
8.8694,15.0593
8.9268,15.2228
8.8282,15.0567
8.8308,15.1051
8.8332,15.1535
8.7958,15.1158
8.7627,15.0870
8.7524,15.1081
8.7604,15.1702
8.7150,15.1577
8.7043,15.1787
8.7134,15.2455
8.7054,15.2735
8.6845,15.2716
8.6578,15.2558
8.6296,15.2838
8.6031,15.2678
8.5975,15.3025
8.5813,15.3118
8.5661,15.3234
8.5721,15.3882
8.5437,15.3672
8.5601,15.4600
8.5037,15.3668
8.4811,15.3595
8.4602,15.3567
8.4395,15.3539
8.4161,15.3441
8.3980,15.3481
8.3834,15.3616
8.3550,15.3373
8.3395,15.3482
8.3333,15.3851
8.3076,15.3677
8.3003,15.4021
8.2919,15.4340
8.2860,15.5312
8.2881,15.5963
8.2203,15.4532
8.2185,15.5064
8.1992,15.5075
8.1862,15.5275
8.1730,15.5475
8.1514,15.5413
8.1246,15.5183
8.1099,15.5334
8.1435,15.7715
8.0939,15.6740
8.0708,15.6629
8.0505,15.6609
8.0337,15.6710
8.0142,15.6715
7.9967,15.6792
7.9826,15.6988
7.9549,15.6702
8.0857,16.2168
7.9107,15.7238
7.8898,15.7190
7.8936,15.8082
7.8575,15.7454
7.8304,15.7163
7.8231,15.7645
7.7814,15.7543
7.7724,15.7976
7.7690,15.8652
7.7670,15.9405
7.7496,15.9519
7.7317,15.9612
7.7034,16.0137
7.6777,15.9887
7.6331,15.8758
7.6196,15.9043
7.5965,15.8888
7.5808,15.9074
7.5639,15.9211
7.5260,15.9287
7.5032,15.9129
7.4843,15.9166
7.4840,16.0183
7.4919,16.1673
7.4537,16.0697
7.4114,16.0570
7.4260,16.2554
7.3786,16.0982
7.3704,16.1685
7.3535,16.1885
7.3346,16.1966
7.3325,16.3115
7.2920,16.1832
7.2753,16.2059
7.2644,16.2682
7.2523,16.3255
7.2379,16.3679
7.2183,16.3758
7.1899,16.3192
7.1464,16.2999
7.1225,16.2728
7.1037,16.2852
7.0874,16.3174
7.0706,16.3478
7.0488,16.3371
7.0090,16.3466
6.9899,16.3587
6.9877,16.5347
6.9668,16.5352
6.9436,16.5124
6.9197,16.4812
6.8741,16.4352
6.8570,16.4768
6.8438,16.5681
6.8273,16.6246
6.8086,16.6561
6.7823,16.5880
6.7617,16.5944
6.7176,16.5624
6.6977,16.5787
6.6768,16.5799
6.2905,9.9943
6.2896,9.9993
6.6236,16.7765
6.2873,9.9994
6.5798,16.7598
6.5596,16.7907
6.5402,16.8502
6.2827,9.9996
6.2817,10.0045
6.2802,9.9948
6.4560,16.9579
6.4307,16.8097
6.2768,9.9948
6.3926,17.1251
6.2745,9.9949
6.3466,17.0298
6.3245,17.0600
6.3020,17.0101
6.2576,16.9863
6.2354,17.0051
6.2131,17.0260
6.1916,16.9548
6.1695,16.9595
6.2630,9.9949
6.1005,17.0883
6.0773,17.1177
6.0538,17.1521
6.0305,17.1714
6.0065,17.2106
5.9829,17.2305
5.9576,17.2888
5.9330,17.3235
5.9116,17.2868
5.8900,17.2558
5.8663,17.2696
5.8395,17.3382
5.8151,17.3569
5.8002,17.2215
5.7522,17.2534
5.7215,17.3614
5.6960,17.3896
5.6720,17.3978
5.6427,17.4706
5.6211,17.4438
5.5640,17.5542
5.5260,17.7062
5.5173,17.5395
5.4965,17.5074
5.4633,17.5998
5.4357,17.6321
5.4005,17.7338
5.3843,17.6567
5.3506,17.7383
5.3205,17.7852
5.2995,17.7525
5.2727,17.7694
5.2557,17.7069
5.2181,17.8079
5.1663,17.8213
5.1478,17.7734
5.1268,17.7452
5.0903,17.8258
5.0671,17.8123
5.0418,17.8136
4.9811,17.8801
4.9508,17.9108
4.9211,17.9363
4.8840,18.0061
4.8480,18.0660
4.8184,18.0867
4.7614,18.1123
4.7146,18.2258
4.6889,18.2205
4.6585,18.2403
4.6308,18.2452
4.6021,18.2549
4.5568,18.3487
4.5473,18.2595
4.5184,18.2690
4.4894,18.2783
4.4655,18.2632
4.4271,18.3164
4.3811,18.4035
4.3654,18.3490
4.2581,18.5822
4.2257,18.6005
4.2024,18.5786
4.1664,18.6112
4.0746,18.8785
4.1113,18.6033
4.0705,18.5369
4.0377,18.5545
3.9717,18.7026
3.9197,18.7924
3.9047,18.7370
3.8288,18.9150
3.8180,18.8433
3.7692,18.8043
3.7390,18.8064
3.7047,18.8229
3.6197,19.0188
3.5710,19.0829
3.5384,19.0892
3.4463,19.1925
3.4204,19.1744
3.3946,19.1562
3.3645,19.1524
3.3286,19.1675
3.3029,19.1491
-1.5054,10.5996
-1.5112,10.5529
-1.5040,10.5284
-1.7203,10.3358
-1.7075,10.3105
-1.6993,10.2857
-1.7462,10.2654
-1.7782,10.2437
-1.7799,10.2196
-1.7916,10.1962
-1.8133,10.1734
-1.8299,10.1501
-1.8514,10.1271
-1.8694,10.0792
-1.8907,10.0559
-1.9020,10.0319
-1.9232,10.0083
-1.9393,9.9844
-1.9503,9.9602
-1.9813,9.9367
-1.9722,9.9116
-1.9881,9.8874
-1.9989,9.8629
-2.0046,9.8382
-2.0202,9.8138
-2.0358,9.7892
-2.0562,9.7647
-2.0720,9.7149
-2.0923,9.6901
-2.1175,9.6651
-2.1376,9.6400
-2.1576,9.6148
-2.1776,9.5895
-2.1970,9.5386
-2.2167,9.5130
-2.2363,9.4872
-2.2559,9.4614
-2.2754,9.4354
-2.2902,9.4094
-2.3088,9.3574
-2.3230,9.3312
-2.3421,9.3047
-2.3611,9.2781
-2.3800,9.2514
-2.3989,9.2245
-2.4164,9.1715
-2.4350,9.1444
-2.4535,9.1172
-2.4769,9.0895
-2.4953,9.0620
-2.5185,9.0341
-2.5348,8.9799
-2.5578,8.9516
-2.5807,8.9232
-2.5985,8.8951
-2.6204,8.8664
-2.6389,8.8380
-2.6614,8.8090
-2.6680,8.7814
-2.6763,8.7535
-2.6986,8.7242
-2.7257,8.6943
-2.7478,8.6647
-2.7747,8.6344
-2.7966,8.6045
-2.8073,8.5757
-2.8152,8.5472
-2.8368,8.5170
-2.8582,8.4866
-2.8796,8.4561
-2.9009,8.4254
-2.9221,8.3947
-2.9270,8.3659
-2.9394,8.3361
-2.9602,8.3050
-2.9810,8.2737
-3.0017,8.2423
-3.0222,8.2108
-3.0476,8.1783
-3.0685,8.1177
-3.0936,8.0849
-3.1185,8.0519
-3.1418,8.0190
-3.1616,7.9865
-3.1927,7.9519
-3.2170,7.8889
-3.2413,7.8550
-3.2704,7.8200
-3.2944,7.7857
-3.3232,7.7504
-3.3519,7.7149
-3.3747,7.6502
-3.3981,7.6152
-3.4263,7.5790
-3.4495,7.5437
-3.4775,7.5071

# FrameTime=1781596345.90, PointCount=515
11.9578,12.5991
12.0613,12.6979
11.9219,12.6454
11.9303,12.6719
11.8816,12.6673
11.8968,12.6975
11.8632,12.7010
11.8295,12.7260
11.7897,12.7255
11.7563,12.7284
11.7469,12.7449
11.7505,12.7688
11.7692,12.8016
11.7510,12.8130
11.7360,12.8484
11.6639,12.8276
11.6328,12.8309
11.6274,12.8496
11.6327,12.8748
11.6442,12.9039
11.6179,12.9321
11.5614,12.9190
11.5387,12.9269
11.5414,12.9507
11.4766,12.9316
11.5866,13.0242
11.4424,12.9756
11.4657,13.0130
11.4576,13.0300
11.4390,13.0400
11.4120,13.0444
11.3851,13.0487
11.3520,13.0709
11.3251,13.0748
11.2982,13.0786
11.2038,13.0354
11.2017,13.0559
11.1791,13.0621
11.2318,13.1214
11.2031,13.1233
11.1844,13.1323
11.1698,13.1441
11.1551,13.1558
11.1404,13.1675
11.1257,13.1792
11.1450,13.2159
11.1002,13.2053
11.0894,13.2197
11.0945,13.2462
11.0955,13.2697
11.2454,13.4068
11.0537,13.2834
11.0387,13.2947
11.0559,13.3540
11.0486,13.3714
11.0334,13.3826
10.9887,13.3704
10.9774,13.3845
10.9232,13.3641
10.8890,13.3825
10.9146,13.4266
10.8762,13.4182
10.8417,13.4129
10.8456,13.4394
10.8341,13.4531
10.8662,13.5038
10.8110,13.4804
10.8031,13.4973
10.7553,13.4797
10.7739,13.5193
10.7395,13.5131
10.7466,13.5430
10.7311,13.5531
10.7429,13.6116
10.7420,13.6350
10.7448,13.6618
10.6957,13.6416
10.6615,13.6347
10.6347,13.6343
10.5886,13.6400
10.5983,13.6734
10.7404,13.8320
10.5594,13.6856
10.5147,13.6674
10.5169,13.6939
10.5031,13.7298
10.4800,13.7320
10.4640,13.7411
10.4445,13.7466
10.4251,13.7521
10.4056,13.7575
10.4333,13.8104
10.3736,13.7751
10.3506,13.7767
10.3242,13.7746
10.3221,13.7975
10.3545,13.8564
10.3349,13.8615
10.3443,13.8969
10.3608,13.9402
10.3219,13.9249
10.3055,13.9334
10.2926,13.9455
10.2762,13.9539
10.2530,13.9548
10.2217,13.9467
10.1956,13.9704
10.1825,13.9821
10.1727,13.9976
10.1595,14.0093
10.1364,14.0097
10.1167,14.0137
10.0191,13.9544
10.0093,13.9694
10.0506,14.0444
10.0373,14.0557
10.0207,14.0632
10.0074,14.0744
9.9773,14.0929
9.9639,14.1040
9.9504,14.1151
9.9432,14.1339
9.9327,14.1487
9.9222,14.1636
9.9148,14.1823
9.8904,14.2081
9.8797,14.2228
9.8720,14.2415
9.8642,14.2602
9.8594,14.2828
9.8605,14.3134
9.8322,14.3349
9.8043,14.3273
9.7889,14.3362
9.7688,14.3387
9.7677,14.3670
9.7433,14.3636
9.7421,14.3919
9.7849,14.4815
9.7570,14.4736
9.7266,14.4619
9.7798,14.5679
9.7032,14.4907
9.6743,14.4805
9.6666,14.5007
9.6024,14.4392
9.5427,14.3833
9.5622,14.4427
9.5169,14.4070
9.5136,14.4333
9.4769,14.4098
9.8537,15.0082
9.4481,14.4290
9.4528,14.4677
9.4546,14.5024
9.4535,14.5329
9.4711,14.5928
9.4346,14.5687
9.4037,14.5529
9.4005,14.6139
9.4303,14.6954
9.3888,14.6624
9.4088,14.7289
9.4065,14.7597
9.4208,14.8184
9.3614,14.7900
9.3178,14.7520
9.2669,14.7009
9.2491,14.7056
9.2388,14.7231
9.2335,14.7493
9.2465,14.8078
9.2026,14.7670
9.1920,14.7845
9.1776,14.7952
9.1523,14.7864
9.1392,14.7994
9.1236,14.8080
9.1104,14.8209
9.0815,14.8423
9.0681,14.8551
9.0571,14.8723
9.0436,14.8850
9.0324,14.9022
9.0211,14.9193
8.9746,14.9071
8.9587,14.9152
8.9652,14.9678
8.9514,14.9804
8.9375,14.9928
8.9555,15.0702
8.9259,15.0512
9.0022,15.2503
8.8976,15.0761
8.8769,15.0749
8.8360,15.0310
8.8579,15.1200
8.8224,15.0870
8.8447,15.1784
8.7627,15.0870
8.7442,15.0899
8.7604,15.1702
8.7336,15.1549
8.7190,15.1668
8.7103,15.1924
8.7074,15.2781
8.6865,15.2761
8.6656,15.2742
8.6447,15.2721
8.6239,15.2700
8.6126,15.2909
8.5795,15.3072
8.5735,15.3419
8.5730,15.3905
8.5400,15.3579
8.5210,15.3601
8.5001,15.3575
8.4793,15.3548
8.4701,15.3824
8.4404,15.3563
8.4187,15.3511
8.3980,15.3481
8.3791,15.3498
8.3584,15.3467
8.3497,15.3764
8.3417,15.4086
8.3143,15.3865
8.2904,15.3738
8.2829,15.4081
8.2874,15.4779
8.2867,15.5335
8.2474,15.4757
8.2122,15.4875
8.2008,15.5123
8.1816,15.5133
8.1684,15.5333
8.1423,15.5127
8.1261,15.5231
8.1347,15.6773
8.1136,15.6733
8.0752,15.6119
8.0700,15.6603
8.0561,15.6801
8.0351,15.6758
8.0142,15.6715
7.9839,15.7037
7.9643,15.7040
7.9606,15.7620
7.9369,15.7478
7.9515,15.8755
7.9039,15.7722
7.8650,15.7744
7.8317,15.7211
7.8182,15.7451
7.8022,15.7594
7.7838,15.7640
7.7807,15.8316
7.7594,15.9086
7.7485,15.9471
7.7317,15.9612
7.7171,15.9850
7.7325,16.1434
7.6551,15.8863
7.6656,16.0251
7.6154,15.8848
7.5976,15.8937
7.5808,15.9074
7.5629,15.9162
7.5469,15.9347
7.5250,15.9239
7.5013,15.9031
7.4747,15.9692
7.4776,16.0906
7.4555,16.0795
7.4378,16.0928
7.4210,16.1111
7.4066,16.1440
7.3960,16.1997
7.3707,16.1704
7.3516,16.1767
7.3322,16.1818
7.3117,16.1801
7.2904,16.1733
7.2768,16.2158
7.2929,16.4592
7.2437,16.2662
7.2341,16.3415
7.2167,16.3642
7.1978,16.3769
7.1768,16.3747
7.1431,16.2751
7.1238,16.2827
7.0843,16.2926
7.0684,16.3297
7.0488,16.3371
7.0298,16.3493
7.0090,16.3466
7.0093,16.5409
6.9896,16.5530
6.9859,16.7256
6.9450,16.5274
6.9221,16.5061
6.8955,16.4433
6.8754,16.4502
6.8638,16.5564
6.8527,16.6762
6.8265,16.6146
6.8128,16.7109
6.7852,16.6278
6.7621,16.5994
6.7391,16.5710
6.7176,16.5624
6.7028,16.6620
6.6762,16.5699
6.2905,9.9943
6.6370,16.6221
6.6226,16.7565
6.6019,16.7738
6.2859,9.9946
6.5614,16.8356
6.2825,9.9947
6.4976,16.8767
6.4730,16.7787
6.2791,9.9948
6.4336,16.9395
6.2768,9.9948
6.3698,17.1054
6.3465,17.0258
6.3247,17.0800
6.3021,17.0351
6.2798,16.9952
6.2576,17.0012
6.2353,17.0401
6.2129,17.0460
6.1913,16.9798
6.1697,16.9446
6.1461,17.0392
6.2619,9.9948
6.0999,17.1133
6.0766,17.1427
6.0304,17.1764
6.0063,17.2156
5.9823,17.2448
5.9604,17.2197
5.9353,17.2729
5.9130,17.2569
5.8895,17.2658
5.8610,17.3700
5.8409,17.3133
5.8142,17.3724
5.7977,17.2613
5.7777,17.2151
5.7434,17.3829
5.7204,17.3763
5.6700,17.4227
5.6423,17.4756
5.6211,17.4438
5.5917,17.5115
5.5609,17.5890
5.5356,17.6015
5.4970,17.5024
5.4658,17.5747
5.4346,17.6420
5.4106,17.6395
5.3767,17.7262
5.3467,17.7731
5.2995,17.7525
5.2757,17.7446
5.2514,17.7416
5.2232,17.7683
5.1922,17.8147
5.1663,17.8212
5.1518,17.7437
5.0988,17.7665
5.0657,17.8222
5.0455,17.7890
5.0104,17.8543
4.9772,17.9048
4.9461,17.9403
4.8937,17.9470
4.8513,18.0463
4.8185,18.0863
4.7922,18.0868
4.7518,18.1665
4.7120,18.2406
4.6668,18.1961
4.6345,18.2256
4.6114,18.2065
4.5742,18.2597
4.5454,18.2693
4.5154,18.2836
4.4450,18.4945
4.4635,18.2730
4.4344,18.2822
4.3853,18.3840
4.3611,18.3686
4.2807,18.6077
4.2636,18.5578
4.2179,18.6346
4.1581,18.6465
4.1187,18.6923
4.0821,18.7247
4.1032,18.5192
4.0633,18.5660
4.0353,18.5641
3.9098,18.8311
3.8642,18.8933
3.8482,18.8410
3.7916,18.8311
3.7692,18.8043
3.6895,18.9863
3.7087,18.8084
3.6157,19.0332
3.5819,19.0444
3.5453,19.0652
3.4862,19.1625
3.4590,19.1493
3.4275,19.1505
3.3645,19.1524
3.3029,19.1491
-1.5182,10.5775
-1.5012,10.5517
-1.5090,10.5290
-1.6902,10.3330
-1.7122,10.3109
-1.7043,10.2861
-1.7464,10.2655
-1.7680,10.2429
-1.7699,10.2188
-1.7916,10.1962
-1.8083,10.1730
-1.8299,10.1501
-1.8479,10.1024
-1.8693,10.0792
-1.8906,10.0558
-1.9069,10.0321
-1.9232,10.0083
-1.9393,9.9844
-1.9563,9.9358
-1.9722,9.9116
-1.9881,9.8874
-2.0038,9.8631
-2.0096,9.8384
-2.0252,9.8139
-2.0408,9.7893
-2.0567,9.7397
-2.0770,9.7150
-2.0973,9.6901
-2.1175,9.6651
-2.1426,9.6401
-2.1624,9.6148
-2.1822,9.5641
-2.1970,9.5386
-2.2167,9.5130
-2.2313,9.4873
-2.2509,9.4615
-2.2754,9.4354
-2.2895,9.3837
-2.3088,9.3574
-2.3280,9.3310
-2.3421,9.3047
-2.3606,9.2781
-2.3795,9.2514
-2.4021,9.1983
-2.4213,9.1713
-2.4400,9.1441
-2.4585,9.1169
-2.4769,9.0895
-2.5002,9.0617
-2.5217,9.0074
-2.5448,8.9792
-2.5678,8.9509
-2.5907,8.9224
-2.6085,8.8942
-2.6312,8.8655
-2.6465,8.8103
-2.6639,8.7817
-2.6863,8.7526
-2.7085,8.7232
-2.7307,8.6938
-2.7527,8.6642
-2.7747,8.6344
-2.8054,8.6035
-2.7985,8.5767
-2.8202,8.5466
-2.8417,8.5164
-2.8632,8.4860
-2.8846,8.4555
-2.9009,8.4254
-2.9109,8.3961
-2.9184,8.3671
-2.9394,8.3361
-2.9602,8.3050
-2.9761,8.2744
-2.9967,8.2430
-3.0173,8.2115
-3.0363,8.1801
-3.0433,8.1504
-3.0685,8.1177
-3.0936,8.0849
-3.1234,8.0510
-3.1418,8.0190
-3.1616,7.9865
-3.1975,7.9217
-3.2219,7.8880
-3.2462,7.8541
-3.2753,7.8191
-3.2993,7.7848
-3.3281,7.7494
-3.3511,7.6850
-3.3747,7.6502
-3.4030,7.6142
-3.4263,7.5790
-3.4544,7.5426
-3.4823,7.5061

# FrameTime=1781596346.00, PointCount=515
11.9566,12.5945
12.0473,12.6643
11.9251,12.6432
11.9336,12.6697
11.8805,12.6628
11.9088,12.7001
11.8708,12.7012
11.8377,12.7047
11.7973,12.7258
11.7552,12.7238
11.7545,12.7451
11.7451,12.7616
11.7725,12.7994
11.7543,12.8108
11.7264,12.8386
11.6672,12.8254
11.6447,12.8339
11.6264,12.8448
11.6360,12.8726
11.6475,12.9017
11.6254,12.9325
11.5646,12.9168
11.5420,12.9247
11.5447,12.9485
11.5010,12.9428
11.5983,13.0274
11.4582,12.9816
11.4606,13.0053
11.4650,13.0305
11.4422,13.0378
11.4195,13.0450
11.3967,13.0520
11.3698,13.0562
11.3325,13.0754
11.3056,13.0792
11.2071,13.0332
11.2050,13.0537
11.1823,13.0599
11.2250,13.1120
11.1876,13.1301
11.1730,13.1419
11.1584,13.1536
11.1477,13.1683
11.1370,13.1829
11.1263,13.1975
11.1007,13.2235
11.0818,13.2320
11.0749,13.2494
11.0203,13.2305
11.0530,13.2782
11.0499,13.2986
11.1433,13.3941
11.0592,13.3518
11.0518,13.3692
11.0288,13.3742
10.9919,13.3682
10.9983,13.3965
10.9265,13.3619
10.8958,13.3601
10.9525,13.4294
10.9178,13.4244
10.8794,13.4160
10.8449,13.4107
10.8488,13.4372
10.8335,13.4477
10.8296,13.4678
10.8119,13.4998
10.7623,13.4808
10.7734,13.5139
10.7428,13.5109
10.7461,13.5375
10.7268,13.5443
10.7127,13.5795
10.7416,13.6295
10.7406,13.6529
10.6878,13.6293
10.6647,13.6325
10.6416,13.6355
10.5918,13.6378
10.5979,13.6678
10.7401,13.8264
10.5627,13.6834
10.5251,13.6721
10.5165,13.6883
10.5258,13.7218
10.4904,13.7368
10.4673,13.7389
10.4478,13.7444
10.4283,13.7499
10.4088,13.7553
10.3893,13.7606
10.3574,13.7781
10.3274,13.7724
10.3219,13.7917
10.3543,13.8506
10.3347,13.8557
10.3475,13.8947
10.3252,13.9227
10.3088,13.9312
10.2924,13.9396
10.2794,13.9517
10.2529,13.9489
10.2283,13.9482
10.1989,13.9682
10.1924,13.9874
10.1826,14.0028
10.1694,14.0145
10.1364,14.0037
10.0969,13.9852
10.1933,14.1227
10.0158,13.9447
10.0125,13.9672
10.0506,14.0384
10.0373,14.0497
10.0240,14.0610
10.0106,14.0722
10.0657,14.1657
9.9838,14.0946
9.9703,14.1057
9.9600,14.1206
9.9464,14.1317
9.9360,14.1465
9.9255,14.1614
9.9181,14.1801
9.8937,14.2059
9.8829,14.2206
9.8752,14.2393
9.8674,14.2580
9.8626,14.2806
9.8637,14.3112
9.8325,14.3287
9.8046,14.3211
9.7892,14.3300
9.7750,14.3405
9.7710,14.3648
9.7495,14.3655
9.7394,14.3816
9.7882,14.4793
9.7603,14.4714
9.7299,14.4597
9.7889,14.5738
9.7036,14.4844
9.6775,14.4783
9.6699,14.4985
9.6085,14.4412
9.5460,14.3811
9.5570,14.4281
9.5201,14.4048
9.5169,14.4311
9.4747,14.3993
9.4658,14.4172
9.4533,14.4614
9.4578,14.5002
9.4567,14.5307
9.4744,14.5906
9.4379,14.5665
9.4043,14.5465
9.4038,14.6117
9.4362,14.6974
9.3947,14.6644
9.4121,14.7267
9.4019,14.7447
9.4267,14.8204
9.4174,14.8405
9.3646,14.7878
9.3313,14.7670
9.2676,14.6944
9.2574,14.7120
9.2421,14.7209
9.2317,14.7385
9.2547,14.8143
9.2034,14.7605
9.1904,14.7736
9.1749,14.7823
9.1556,14.7842
9.1424,14.7972
9.1269,14.8058
9.1137,14.8187
9.0847,14.8401
9.0714,14.8529
9.0603,14.8701
9.0469,14.8828
9.0357,14.9000
9.0244,14.9171
8.9756,14.9004
8.9642,14.9174
8.9685,14.9656
8.9547,14.9782
8.9718,15.0533
8.9698,15.0904
8.9336,15.0580
8.9030,15.0784
8.8823,15.0772
8.8435,15.0378
8.8612,15.1178
8.8278,15.0893
8.8459,15.1717
8.7701,15.0939
8.7475,15.0877
8.7617,15.1635
8.7369,15.1527
8.7222,15.1646
8.7116,15.1857
8.7116,15.2782
8.6917,15.2785
8.6708,15.2766
8.6499,15.2745
8.6290,15.2724
8.6140,15.2841
8.6102,15.3234
8.5827,15.3050
8.5731,15.3304
8.5781,15.3930
8.5451,15.3604
8.5242,15.3579
8.5052,15.3599
8.4825,15.3526
8.4698,15.3709
8.4436,15.3541
8.4220,15.3489
8.3996,15.3412
8.3824,15.3476
8.3600,15.3398
8.3513,15.3695
8.3176,15.3843
8.2953,15.3763
8.2845,15.4012
8.2923,15.4804
8.2852,15.5172
8.2507,15.4735
8.2139,15.4805
8.2041,15.5101
8.1848,15.5111
8.1717,15.5311
8.1456,15.5105
8.1294,15.5209
8.1306,15.6512
8.1183,15.6759
8.0814,15.6192
8.0733,15.6581
8.0594,15.6779
8.0384,15.6736
8.0160,15.6645
7.9865,15.6989
7.9743,15.7258
7.9625,15.7550
7.9389,15.7408
7.9101,15.7071
7.9059,15.7651
7.8670,15.7674
7.8349,15.7189
7.8215,15.7429
7.8055,15.7572
7.7882,15.7667
7.7827,15.8245
7.7558,15.8772
7.7517,15.9449
7.7350,15.9590
7.7226,15.9926
7.7143,16.0456
7.6735,15.9524
7.6678,16.0180
7.6186,15.8826
7.6019,15.8964
7.5830,15.9003
7.5671,15.9189
7.5502,15.9325
7.5283,15.9217
7.5046,15.9009
7.4789,15.9719
7.4790,16.0786
7.4596,16.0822
7.4420,16.0956
7.4251,16.1138
7.4099,16.1418
7.3984,16.1925
7.3732,16.1633
7.3548,16.1745
7.3354,16.1796
7.3149,16.1779
7.2929,16.1662
7.2785,16.2037
7.2947,16.4471
7.2462,16.2591
7.2366,16.3344
7.2199,16.3620
7.2004,16.3697
7.1783,16.3593
7.1457,16.2680
7.1270,16.2805
7.0876,16.2904
7.0711,16.3226
7.0521,16.3349
7.0336,16.3521
7.0117,16.3394
7.0126,16.5387
6.9928,16.5508
6.9897,16.7283
6.9488,16.5301
6.9261,16.5122
6.8978,16.4312
6.8791,16.4529
6.8667,16.5493
6.8568,16.6840
6.8298,16.6124
6.8164,16.7136
6.7881,16.6206
6.7664,16.6122
6.7424,16.5688
6.7212,16.5652
6.7063,16.6647
6.2952,9.9970
6.2940,9.9970
6.6406,16.6249
6.2915,9.9922
6.2903,9.9923
6.2892,9.9924
6.2880,9.9924
6.5221,16.8587
6.5007,16.8695
6.4762,16.7765
6.2823,9.9926
6.4369,16.9412
6.4185,17.1275
6.2777,9.9927
6.3499,17.0326
6.3279,17.0778
6.3053,17.0279
6.2830,16.9980
6.2609,17.0040
6.2386,17.0279
6.2162,17.0438
6.1946,16.9776
6.1729,16.9474
6.1492,17.0470
6.1262,17.0816
6.1030,17.1161
6.0798,17.1455
6.2616,9.9975
6.0335,17.1792
6.0095,17.2134
5.9854,17.2476
5.9637,17.2175
5.9385,17.2707
5.9165,17.2497
5.8699,17.2624
5.8441,17.3111
5.8166,17.3846
5.8013,17.2542
5.7809,17.2129
5.7467,17.3807
5.7240,17.3692
5.6741,17.4105
5.6467,17.4585
5.6248,17.4367
5.5954,17.5043
5.5633,17.5968
5.5403,17.5844
5.5007,17.4952
5.4706,17.5576
5.4379,17.6398
5.4138,17.6373
5.3783,17.7388
5.3494,17.7759
5.3034,17.7454
5.2790,17.7424
5.2552,17.7344
5.2264,17.7661
5.1961,17.8075
5.1695,17.8190
5.1347,17.8900
5.1300,17.7430
5.1007,17.7742
5.0682,17.8250
5.0480,17.7917
5.0122,17.8620
4.9797,17.9075
4.9501,17.9332
4.8962,17.9498
4.8546,18.0441
4.8217,18.0841
4.7946,18.0895
4.7542,18.1692
4.7161,18.2335
4.6700,18.1939
4.6378,18.2234
4.6137,18.2092
4.5784,18.2526
4.5496,18.2622
4.5217,18.2668
4.4483,18.4923
4.4688,18.2610
4.4387,18.2751
4.3875,18.3867
4.3633,18.3712
4.3133,18.4727
4.2690,18.5459
4.2190,18.6422
4.1832,18.6737
4.1625,18.6394
4.1196,18.6999
4.0877,18.7128
4.1065,18.5170
4.0666,18.5638
4.0325,18.5862
3.9428,18.7128
3.9105,18.7251
3.8477,18.8533
3.7910,18.8434
3.7724,18.8021
3.7106,18.8110
3.6189,19.0310
3.5838,19.0470
3.5458,19.0726
3.4909,19.1555
3.4623,19.1471
3.4308,19.1483
3.3678,19.1502
3.3077,19.1421
-1.5050,10.5740
-1.4930,10.5489
-1.5112,10.5274
-1.4935,10.5017
-1.7121,10.3331
-1.7043,10.3083
-1.6911,10.2831
-1.7379,10.2628
-1.7648,10.2407
-1.7834,10.1936
-1.8050,10.1708
-1.8216,10.1476
-1.8432,10.1245
-1.8646,10.1014
-1.8810,10.0778
-1.8825,10.0534
-1.8987,10.0297
-1.9149,10.0059
-1.9260,9.9818
-1.9421,9.9578
-1.9580,9.9337
-1.9739,9.9096
-1.9906,9.8606
-2.0063,9.8362
-2.0119,9.8115
-2.0325,9.7870
-2.0480,9.7624
-2.0684,9.7377
-2.0890,9.6879
-2.1092,9.6629
-2.1291,9.6378
-2.1491,9.6126
-2.1691,9.5873
-2.1889,9.5619
-2.2090,9.5363
-2.2085,9.5109
-2.2234,9.4852
-2.2430,9.4593
-2.2625,9.4334
-2.2819,9.4073
-2.3013,9.3811
-2.3155,9.3549
-2.3243,9.3289
-2.3288,9.3029
-2.3478,9.2763
-2.3668,9.2496
-2.3856,9.2228
-2.4044,9.1959
-2.4281,9.1686
-2.4452,9.1152
-2.4687,9.0876
-2.4870,9.0601
-2.5053,9.0325
-2.5284,9.0045
-2.5465,8.9766
-2.5675,8.9218
-2.5903,8.8933
-2.6130,8.8646
-2.6306,8.8362
-2.6532,8.8072
-2.6706,8.7786
-2.6903,8.7225
-2.7125,8.6931
-2.7395,8.6630
-2.7615,8.6333
-2.7834,8.6034
-2.8052,8.5734
-2.8236,8.5160
-2.8451,8.4856
-2.8664,8.4551
-2.8877,8.4245
-2.9139,8.3931
-2.9349,8.3622
-2.9520,8.3035
-2.9728,8.2722
-2.9935,8.2408
-3.0140,8.2093
-3.0345,8.1776
-3.0598,8.1451
-3.0804,8.0843
-3.1054,8.0513
-3.1352,8.0173
-3.1583,7.9843
-3.1845,7.9505
-3.2090,7.9169
-3.2282,7.8546
-3.2573,7.8196
-3.2862,7.7845
-3.3102,7.7501
-3.3389,7.7146
-3.3674,7.6789
-3.3959,7.6430
-3.4133,7.5789
-3.4414,7.5425
-3.4644,7.5071
-3.4874,7.4714

# FrameTime=1781596346.10, PointCount=510
11.9478,12.5899
11.9520,12.6139
11.9650,12.6427
11.9691,12.6668
11.9228,12.6639
11.8957,12.6929
11.9058,12.7205
11.8377,12.7047
11.8197,12.7165
11.7799,12.7160
11.7682,12.7312
11.7364,12.7566
11.7682,12.7969
11.7629,12.8159
11.7662,12.8399
11.7307,12.8411
11.6586,12.8203
11.6222,12.8422
11.6360,12.8726
11.6347,12.8939
11.6504,12.9257
11.5872,12.9088
11.5731,12.9221
11.8531,13.1203
11.5531,12.9539
11.5389,12.9670
11.4573,12.9369
11.5102,12.9931
11.4415,12.9707
11.4920,13.0259
11.4525,13.0223
11.5650,13.1192
11.4236,13.0477
11.3967,13.0520
11.3739,13.0590
11.3470,13.0630
11.3201,13.0669
11.2337,13.0297
11.2090,13.0566
11.1864,13.0627
11.1883,13.0861
11.1860,13.1066
11.1836,13.1272
11.1852,13.1506
11.1558,13.1742
11.1370,13.1829
11.1223,13.1945
11.1075,13.2060
11.0887,13.2146
11.0739,13.2260
11.0362,13.2426
11.0213,13.2539
11.0341,13.2864
11.0428,13.3160
11.0867,13.3733
11.0558,13.3723
11.0150,13.3633
11.0058,13.3792
10.9438,13.3528
10.9636,13.3918
10.8997,13.3633
10.9233,13.4056
10.9063,13.4149
10.8563,13.3970
10.8412,13.4308
10.8335,13.4477
10.8258,13.4646
10.8142,13.4782
10.7777,13.4705
10.7813,13.4971
10.7503,13.5175
10.7348,13.5276
10.7418,13.5575
10.7299,13.5709
10.7424,13.6061
10.7267,13.6161
10.9129,13.8088
10.6842,13.6260
10.6353,13.6055
10.6490,13.6422
10.6039,13.6248
10.6247,13.6684
10.6635,13.7293
10.7801,13.8641
10.6025,13.7212
10.5613,13.7066
10.5201,13.6917
10.5187,13.7149
10.4992,13.7206
10.4797,13.7263
10.5258,13.7965
10.4514,13.7480
10.4319,13.7534
10.4124,13.7588
10.3893,13.7606
10.3699,13.7658
10.3364,13.7567
10.3344,13.7796
10.3301,13.8255
10.3451,13.8665
10.3323,13.8787
10.3160,13.8872
10.3217,13.9191
10.3054,13.9276
10.2828,13.9554
10.2529,13.9489
10.2216,13.9408
10.2086,13.9527
10.2122,13.9830
10.1924,13.9874
10.1727,14.0183
10.1444,14.0128
10.1199,14.0115
10.0903,14.0042
10.0191,13.9484
10.0639,14.0270
10.0474,14.0346
10.0208,14.0572
10.0042,14.0646
9.9812,14.0642
9.9647,14.0715
9.9640,14.0980
9.9537,14.1129
9.8967,14.0705
9.9329,14.1427
9.9255,14.1614
9.9149,14.1762
9.9043,14.1911
9.8906,14.2019
9.8799,14.2167
9.8461,14.2304
9.8291,14.2371
9.8711,14.3209
9.8496,14.3220
9.8187,14.3105
9.8153,14.3354
9.8054,14.3517
9.7720,14.3365
9.7667,14.3590
9.7554,14.3735
9.7424,14.3857
9.7368,14.4082
9.7486,14.4552
9.7586,14.5311
9.7180,14.5048
9.6775,14.4783
9.6430,14.4598
9.5773,14.3960
9.5856,14.4388
9.5373,14.3992
9.5085,14.4187
9.4913,14.4242
9.4575,14.4048
9.4679,14.4518
9.4670,14.4822
9.4660,14.5127
9.4663,14.5780
9.4352,14.5623
9.4043,14.5465
9.4028,14.5770
9.4276,14.6498
9.4468,14.7144
9.3952,14.6993
9.4423,14.8109
9.5470,15.0192
9.3750,14.7700
9.3710,14.7984
9.2854,14.6897
9.2702,14.6987
9.2471,14.7296
9.2267,14.7298
9.2213,14.7560
9.2083,14.7692
9.1953,14.7823
9.1686,14.7712
9.1473,14.8059
9.1196,14.7926
9.1089,14.8099
9.0980,14.8272
9.0871,14.8445
9.0761,14.8617
9.0469,14.8828
9.0357,14.9000
9.0221,14.9127
9.0130,14.9343
8.9824,14.9138
8.9687,14.9263
9.0032,15.0346
8.9524,14.9737
8.9385,14.9862
8.9511,15.0524
8.9226,15.0356
8.9238,15.0795
8.8943,15.0604
8.8995,15.1133
8.8478,15.0468
8.8357,15.0636
8.8341,15.1029
8.8459,15.1717
8.8032,15.1227
8.7639,15.0803
8.8493,15.3131
8.7474,15.1316
8.7450,15.1709
8.7202,15.1601
8.7116,15.1857
8.7207,15.2525
8.7067,15.2667
8.6838,15.2602
8.6421,15.2561
8.6290,15.2724
8.6063,15.2656
8.6017,15.3027
8.5902,15.3235
8.5712,15.3258
8.5543,15.3836
8.5279,15.3672
8.5070,15.3646
8.4861,15.3619
8.4591,15.3429
8.4427,15.3517
8.4194,15.3419
8.3841,15.3523
8.3600,15.3398
8.3462,15.3554
8.3349,15.3782
8.3126,15.3702
8.3019,15.3952
8.2923,15.4804
8.2900,15.5313
8.2906,15.5919
8.2473,15.5221
8.2233,15.5090
8.2010,15.5006
8.1732,15.5358
8.1532,15.5343
8.1279,15.5161
8.1146,15.5360
8.1438,15.7598
8.0943,15.6623
8.0552,15.6635
8.0384,15.6736
8.0174,15.6693
8.0013,15.6819
7.9885,15.7063
7.9595,15.6729
8.0547,16.1670
7.9140,15.7216
7.8918,15.7120
7.8969,15.8060
7.8607,15.7432
7.8324,15.7092
7.8091,15.7718
7.7847,15.7521
7.7768,15.8003
7.7722,15.8630
7.7730,15.9501
7.7529,15.9497
7.7592,16.0641
7.7148,15.9585
7.7121,16.0359
7.6724,15.9475
7.6353,15.8688
7.6228,15.9021
7.5998,15.8866
7.5840,15.9052
7.5472,15.9179
7.5273,15.9168
7.5065,15.9107
7.4914,15.9340
7.4854,16.0063
7.4854,16.1130
7.4376,16.0710
7.4156,16.0597
7.4125,16.1566
7.4001,16.2024
7.3720,16.1564
7.3551,16.1764
7.3157,16.1828
7.2960,16.1859
7.2785,16.2037
7.2684,16.2709
7.2585,16.3431
7.2359,16.3294
7.2199,16.3620
7.1992,16.3615
7.1730,16.3198
7.1464,16.2729
7.1257,16.2706
7.1076,16.2880
7.0906,16.3152
7.0734,16.3424
7.0325,16.3421
7.0117,16.3394
6.9947,16.3714
6.9928,16.5508
6.9700,16.5330
6.9473,16.5152
6.9024,16.4809
6.8765,16.4231
6.8616,16.4896
6.8516,16.6207
6.8341,16.6672
6.8107,16.6390
6.8045,16.8435
6.7639,16.5773
6.7430,16.5787
6.7212,16.5652
6.7003,16.5665
6.6800,16.5777
6.2938,9.9921
6.2926,9.9922
6.2920,10.0020
6.2903,9.9923
6.5833,16.7626
6.2880,9.9924
6.5435,16.8480
6.5225,16.8687
6.4981,16.7858
6.4550,16.7870
6.4346,16.8375
6.4167,17.0316
6.3958,17.1179
6.3724,17.0483
6.3497,17.0186
6.3277,17.0478
6.2830,16.9980
6.2609,16.9941
6.2386,17.0129
6.2164,17.0188
6.1949,16.9476
6.1724,16.9873
6.1266,17.0616
6.1036,17.0911
6.0800,17.1355
6.0570,17.1499
6.0333,17.1842
6.0094,17.2184
5.9390,17.2607
5.9165,17.2497
5.8931,17.2586
5.8693,17.2724
5.8427,17.3366
5.8181,17.3596
5.7979,17.3090
5.7816,17.2029
5.7520,17.3010
5.7255,17.3492
5.6989,17.3924
5.6722,17.4354
5.6223,17.4665
5.6005,17.4446
5.5690,17.5321
5.5238,17.7636
5.5225,17.5174
5.4978,17.5251
5.4645,17.6175
5.4133,17.6423
5.3876,17.6545
5.3500,17.7709
5.3238,17.7830
5.3040,17.7404
5.2772,17.7573
5.2321,17.7214
5.1948,17.8174
5.1662,17.8439
5.1551,17.7415
5.1293,17.7480
5.0921,17.8335
5.0544,17.9190
5.0480,17.7917
5.0159,17.8373
4.9843,17.8779
4.9509,17.9283
4.9260,17.9243
4.8848,18.0187
4.8505,18.0687
4.7963,18.0797
4.7630,18.1199
4.7152,18.2384
4.6922,18.2183
4.6627,18.2331
4.6341,18.2430
4.5794,18.2477
4.5506,18.2573
4.5227,18.2619
4.4937,18.2712
4.4677,18.2659
4.4252,18.3386
4.3601,18.3859
4.3435,18.3362
4.2614,18.5800
4.2179,18.6471
4.2135,18.5423
4.1651,18.6285
4.1035,18.7679
4.0982,18.5509
4.0678,18.5589
4.0410,18.5523
3.9456,18.8166
3.9304,18.7612
3.9017,18.7590
3.7990,18.9248
3.7974,18.8192
3.7698,18.8118
3.7409,18.8090
3.6485,19.0341
3.6162,19.0406
3.5444,19.0774
3.4979,19.1315
3.4580,19.1615
3.4265,19.1626
3.3950,19.1636
3.3649,19.1597
3.3318,19.1653
3.2746,19.1475
-1.5150,10.5753
-1.4880,10.5483
-1.5256,10.5291
-1.7090,10.3087
-1.7011,10.2839
-1.7080,10.2604
-1.7598,10.2404
-1.7666,10.2166
-1.7933,10.1943
-1.8117,10.1469
-1.8332,10.1239
-1.8497,10.1005
-1.8710,10.0773
-1.8924,10.0539
-1.9087,10.0302
-1.9210,9.9815
-1.9371,9.9576
-1.9531,9.9336
-1.9690,9.9094
-1.9898,9.8854
-2.0006,9.8609
-2.0119,9.8115
-2.0225,9.7868
-2.0380,9.7622
-2.0534,9.7375
-2.0787,9.7128
-2.0990,9.6880
-2.1192,9.6630
-2.1441,9.6126
-2.1591,9.5873
-2.1789,9.5619
-2.1987,9.5364
-2.2184,9.5107
-2.2381,9.4850
-2.2621,9.4334
-2.2765,9.4074
-2.2958,9.3813
-2.3105,9.3551
-2.3247,9.3288
-2.3388,9.3025
-2.3618,9.2498
-2.3806,9.2230
-2.3994,9.1961
-2.4231,9.1688
-2.4417,9.1417
-2.4602,9.1144
-2.4820,9.0604
-2.5003,9.0329
-2.5234,9.0048
-2.5465,8.9766
-2.5695,8.9483
-2.5924,8.9199
-2.6080,8.8650
-2.6306,8.8362
-2.6482,8.8077
-2.6706,8.7786
-2.6880,8.7499
-2.7102,8.7205
-2.7296,8.6640
-2.7516,8.6344
-2.7784,8.6040
-2.8002,8.5740
-2.8268,8.5433
-2.8484,8.5130
-2.8649,8.4832
-2.8801,8.4534
-2.8828,8.4252
-2.9039,8.3944
-2.9250,8.3635
-2.9460,8.3325
-2.9669,8.3014
-2.9876,8.2701
-2.9970,8.2403
-3.0041,8.2108
-3.0246,8.1792
-3.0499,8.1466
-3.0751,8.1139
-3.1002,8.0811
-3.1251,8.0480
-3.1336,8.0176
-3.1501,7.9857
-3.1747,7.9523
-3.1992,7.9187
-3.2236,7.8849
-3.2528,7.8501
-3.2818,7.8150
-3.3052,7.7511
-3.3291,7.7165
-3.3576,7.6808
-3.3861,7.6450
-3.4144,7.6089
-3.4377,7.5737
-3.4595,7.5081
-3.4825,7.4725

# FrameTime=1781596346.20, PointCount=518
11.9323,12.5794
11.9675,12.6197
12.0026,12.6602
11.9450,12.6514
11.9183,12.6589
11.8828,12.6616
11.9349,12.7119
11.8551,12.7119
11.8351,12.7227
11.7909,12.7197
11.7618,12.7251
11.7438,12.7366
11.7757,12.7767
11.7653,12.8147
11.7729,12.8413
11.7221,12.8336
11.6695,12.8244
11.6385,12.8277
11.6502,12.8567
11.6329,12.8902
11.6485,12.9220
11.6066,12.9183
11.5713,12.9185
11.5529,12.9290
11.5556,12.9529
11.4556,12.9333
11.5505,13.0165
11.4355,12.9644
11.4861,13.0195
11.4675,13.0296
11.4406,13.0341
11.4137,13.0385
11.4428,13.0804
11.3764,13.0581
11.3495,13.0622
11.3227,13.0661
11.2650,13.0488
11.2137,13.0353
11.1993,13.0472
11.1745,13.0739
11.1845,13.1030
11.1902,13.1293
11.1878,13.1499
11.1690,13.1588
11.1543,13.1705
11.1249,13.1938
11.1101,13.2054
11.0953,13.2169
11.0845,13.2313
11.0696,13.2427
11.0230,13.2299
11.2004,13.3884
11.0368,13.2858
11.0612,13.3276
11.0816,13.3665
11.0585,13.3717
11.0355,13.3767
10.9655,13.3444
11.0029,13.3973
10.9430,13.3725
10.8985,13.3596
10.9067,13.3892
10.9283,13.4302
10.8668,13.4028
10.8477,13.4102
10.8879,13.4670
10.8325,13.4440
10.8248,13.4609
10.8170,13.4778
10.7919,13.4798
10.7727,13.4869
10.7800,13.5167
10.7419,13.5072
10.7409,13.5538
10.7179,13.5572
10.7454,13.6057
10.7445,13.6291
10.7398,13.6492
10.6945,13.6323
10.6592,13.6486
10.6178,13.6346
10.5948,13.6375
10.6300,13.6948
10.6541,13.7421
10.5801,13.6968
10.5015,13.6707
10.5216,13.7146
10.5093,13.7273
10.4898,13.7330
10.4703,13.7387
10.4473,13.7407
10.4278,13.7462
10.3924,13.7604
10.3764,13.7692
10.3464,13.7637
10.3305,13.7723
10.3353,13.8024
10.3609,13.8541
10.3181,13.8605
10.3225,13.8907
10.3249,13.9189
10.3119,13.9311
10.2990,13.9432
10.2792,13.9479
10.2314,13.9482
10.2151,13.9563
10.2087,13.9755
10.1956,13.9873
10.1858,14.0028
10.1726,14.0145
10.1264,14.0153
10.1001,14.0118
10.0222,13.9485
10.0703,14.0309
10.0571,14.0422
10.0438,14.0536
10.1059,14.1543
10.0139,14.0723
10.0005,14.0835
9.9838,14.0908
9.9736,14.1058
9.9101,14.0559
9.9497,14.1318
9.9393,14.1467
9.9151,14.1725
9.9045,14.1873
9.8939,14.2021
9.8832,14.2169
9.8724,14.2316
9.8677,14.2542
9.8489,14.2876
9.8500,14.3182
9.8312,14.3227
9.8110,14.3253
9.7866,14.3222
9.7814,14.3447
9.7618,14.3778
9.7387,14.3761
9.7373,14.4044
9.7346,14.4311
9.7276,14.4518
9.7751,14.5496
9.7603,14.5601
9.7011,14.5073
9.6550,14.4725
9.5921,14.4128
9.5551,14.3898
9.5436,14.4037
9.5208,14.4011
9.5064,14.4108
9.4610,14.4052
9.4631,14.4398
9.4651,14.4743
9.4668,14.5090
9.4684,14.5437
9.4536,14.5533
9.4266,14.5765
9.3957,14.5606
9.4206,14.6334
9.4504,14.7148
9.3905,14.6522
9.3948,14.6932
9.4733,14.8561
9.5676,15.0472
9.3916,14.7919
9.3786,14.8055
9.3044,14.7161
9.2738,14.6993
9.2661,14.7212
9.3248,14.8574
9.2304,14.7304
9.2225,14.7523
9.2096,14.7655
9.1990,14.7829
9.1772,14.7805
9.1641,14.7936
9.1462,14.7979
9.1150,14.8150
9.1018,14.8279
9.0885,14.8408
9.0775,14.8580
9.0641,14.8708
9.0530,14.8880
9.0259,14.9135
9.0169,14.9350
8.9862,14.9146
8.9703,14.9227
8.9746,14.9709
8.9607,14.9834
8.9395,15.0219
8.9287,15.0409
8.9233,15.0713
8.9004,15.0657
8.8830,15.0715
8.8495,15.0432
8.8566,15.1006
8.8174,15.1024
8.8030,15.1146
8.7885,15.1267
8.7596,15.1069
8.7697,15.1735
8.7388,15.1491
8.7096,15.1729
8.7068,15.2123
8.7147,15.2768
8.6938,15.2749
8.6690,15.2638
8.6501,15.2663
8.6104,15.2666
8.6048,15.3014
8.5849,15.3014
8.5716,15.3176
8.5850,15.4010
8.5437,15.3475
8.5302,15.3636
8.5283,15.4099
8.4902,15.3631
8.4650,15.3487
8.4486,15.3576
8.4235,15.3431
8.4063,15.3495
8.3813,15.3347
8.3855,15.3997
8.3486,15.3520
8.3441,15.3935
8.3150,15.3668
8.3011,15.3823
8.2944,15.4189
8.3079,15.5148
8.2813,15.5528
8.2262,15.4475
8.2244,15.5008
8.2067,15.5066
8.1921,15.5219
8.1751,15.5300
8.1321,15.5175
8.1144,15.5230
8.1022,15.6104
8.0986,15.6637
8.0748,15.6500
8.0758,15.7202
8.0441,15.6799
8.0245,15.6803
8.0063,15.6856
7.9888,15.6933
7.9639,15.6744
8.0976,16.2304
7.9367,15.7182
8.0008,16.0291
7.8974,15.7184
7.8987,15.7979
7.8664,15.7496
7.8356,15.7060
7.8332,15.7736
7.8087,15.7540
7.7777,15.7874
7.7744,15.8550
7.7741,15.9372
7.7563,15.9465
7.7395,15.9607
7.7282,15.9991
7.6899,16.0077
7.6408,15.8754
7.6294,15.9136
7.6053,15.8932
7.5885,15.9070
7.5696,15.9109
7.5517,15.9196
7.5119,15.9174
7.4911,15.9113
7.4890,16.0032
7.4952,16.1423
7.4624,16.0742
7.4386,16.0532
7.4358,16.2649
7.3874,16.1028
7.3784,16.1682
7.3631,16.1980
7.3409,16.1865
7.3196,16.1798
7.2817,16.1958
7.2716,16.2630
7.2582,16.3105
7.2464,16.3710
7.2226,16.3491
7.1986,16.3240
7.1836,16.3646
7.1563,16.3146
7.1305,16.2726
7.1118,16.2851
7.0942,16.3074
7.0788,16.3495
7.0563,16.3320
7.0367,16.3393
6.9969,16.3487
6.9973,16.5480
6.9744,16.5303
6.9522,16.5174
6.9293,16.4961
6.9031,16.4384
6.9034,16.6726
6.8656,16.4819
6.8541,16.5931
6.8356,16.6247
6.8188,16.6811
6.7909,16.5930
6.7703,16.5996
6.7571,16.7142
6.7261,16.5675
6.2965,9.9946
6.6847,16.5751
6.6643,16.5863
6.2930,9.9948
6.2919,9.9949
6.2907,9.9950
6.2896,9.9950
6.2887,10.0000
6.5484,16.8455
6.5276,16.8712
6.2850,9.9952
6.4811,16.7690
6.4605,16.8045
6.2817,10.0002
6.2804,9.9953
6.4014,17.1354
6.3783,17.0958
6.3549,17.0162
6.3331,17.0604
6.3105,17.0156
6.2883,17.0007
6.2661,16.9967
6.2439,17.0166
6.2217,17.0165
6.2002,16.9453
6.1780,16.9601
6.1540,17.0797
6.2656,9.9953
6.1077,17.1497
6.0856,17.1283
6.0624,17.1527
6.0382,17.2020
6.0153,17.2063
5.9912,17.2412
5.9663,17.2895
5.9210,17.2726
5.8987,17.2565
5.8748,17.2753
5.8474,17.3545
5.8239,17.3576
5.8085,17.2272
5.7615,17.2443
5.7303,17.3622
5.7052,17.3855
5.6815,17.3887
5.6519,17.4665
5.6304,17.4398
5.5874,17.6665
5.5729,17.5551
5.5373,17.6823
5.5267,17.5355
5.5068,17.4935
5.4732,17.5909
5.4446,17.6331
5.4179,17.6555
5.3586,17.7494
5.3301,17.7813
5.3086,17.7537
5.2824,17.7656
5.2641,17.7130
5.2278,17.8042
5.1753,17.8225
5.1568,17.7746
5.1365,17.7416
5.1008,17.8172
5.0769,17.8087
5.0509,17.8150
4.9654,18.2117
4.9910,17.8766
4.9607,17.9072
4.9311,17.9328
4.8956,17.9928
4.8606,18.0477
4.8276,18.0882
4.7971,18.1133
4.7267,18.2126
4.6974,18.2270
4.6715,18.2222
4.6411,18.2419
4.6124,18.2517
4.5836,18.2613
4.5288,18.2657
4.4998,18.2751
4.4739,18.2698
4.4376,18.3132
4.3906,18.4053
4.3473,18.4777
4.2957,18.5852
4.2506,18.6609
4.2364,18.5975
4.2086,18.5951
4.1783,18.6034
4.1180,18.7380
4.1186,18.6150
4.0477,18.7894
4.0813,18.5340
4.0461,18.5613
3.9826,18.6998
3.9282,18.7994
3.9157,18.7343
3.8399,18.9123
3.8252,18.8551
3.7750,18.8210
3.7487,18.8086
3.7131,18.8299
3.6269,19.0307
3.5809,19.0852
3.5497,19.0867
3.4318,19.1720
3.4046,19.1587
3.3716,19.1644
3.3114,19.1564
-1.5290,10.5851
-1.4972,10.5575
-1.5099,10.5354
-1.6962,10.3399
-1.7034,10.3164
-1.7107,10.2930
-1.7074,10.2686
-1.7542,10.2482
-1.7661,10.2248
-1.7878,10.2022
-1.8095,10.1794
-1.8311,10.1565
-1.8428,10.1328
-1.8492,10.1088
-1.8706,10.0856
-1.8919,10.0622
-1.9083,10.0385
-1.9245,10.0147
-1.9417,9.9661
-1.9527,9.9419
-1.9686,9.9178
-1.9845,9.8936
-1.9953,9.8691
-2.0110,9.8447
-2.0266,9.8202
-2.0371,9.7955
-2.0427,9.7707
-2.0582,9.7460
-2.0735,9.7212
-2.0988,9.6964
-2.1190,9.6714
-2.1389,9.6463
-2.1589,9.5958
-2.1788,9.5704
-2.1936,9.5449
-2.2134,9.5193
-2.2330,9.4936
-2.2526,9.4677
-2.2715,9.4161
-2.2909,9.3900
-2.3105,9.3637
-2.3247,9.3375
-2.3439,9.3110
-2.3629,9.2843
-2.3807,9.2317
-2.3995,9.2048
-2.4182,9.1777
-2.4369,9.1506
-2.4554,9.1234
-2.4788,9.0957
-2.4955,9.0419
-2.5187,9.0139
-2.5418,8.9857
-2.5598,8.9578
-2.5827,8.9294
-2.6056,8.9008
-2.6211,8.8459
-2.6436,8.8170
-2.6611,8.7884
-2.6785,8.7597
-2.7008,8.7304
-2.7229,8.7009
-2.7500,8.6708
-2.7759,8.6407
-2.7690,8.6140
-2.7958,8.5835
-2.8175,8.5534
-2.8391,8.5231
-2.8606,8.4928
-2.8820,8.4623
-2.8674,8.4362
-2.8985,8.4042
-2.9208,8.3732
-2.9418,8.3422
-2.9577,8.3118
-2.9785,8.2806
-2.9943,8.2499
-3.0135,8.2186
-3.0156,8.1898
-3.0409,8.1573
-3.0661,8.1246
-3.0961,8.0910
-3.1260,8.0572
-3.1444,8.0251
-3.1593,7.9643
-3.2002,7.9279
-3.2246,7.8941
-3.2489,7.8602
-3.2731,7.8261
-3.3021,7.7909
-3.3253,7.7268
-3.3539,7.6911
-3.3775,7.6563
-3.4059,7.6203
-3.4292,7.5851
-3.4573,7.5488
-3.4740,7.4840

