# FrameTime=1781596478.44, PointCount=478
4.6384,18.1904
4.6067,18.1947
4.6501,18.2448
4.6395,18.2620
4.6644,18.3013
4.6706,18.3292
4.7641,18.4120
4.6699,18.3771
4.7011,18.4213
4.6675,18.4244
4.5766,18.3903
4.5613,18.4046
4.5461,18.4189
4.5391,18.4386
4.5378,18.4621
4.4767,18.4458
4.4639,18.4616
4.4527,18.4783
4.5008,18.5353
4.4605,18.5324
4.5231,18.6000
4.3727,18.5454
4.3924,18.5837
4.3726,18.5944
4.3488,18.6022
4.4240,18.6806
4.3269,18.6360
4.2307,18.6157
4.1747,18.5993
4.1550,18.6092
4.3505,18.7787
4.1596,18.6617
4.1421,18.6733
4.0746,18.6715
4.0587,18.6840
4.0841,18.7282
4.1076,18.7713
4.0978,18.7889
4.0321,18.7626
4.0184,18.7767
4.0430,18.8213
3.9471,18.7700
3.9466,18.7946
3.9383,18.8129
3.9609,18.8564
3.9678,18.8875
3.9939,18.9345
4.2288,19.1550
4.0031,18.9939
3.8830,18.9193
3.8322,18.9020
3.9240,19.0055
3.8808,18.9947
3.8945,19.0324
3.8083,19.0100
3.7240,18.9623
3.6850,18.9537
3.6947,18.9879
3.6708,18.9924
3.6542,19.0034
3.6469,19.0487
3.6249,19.0548
3.6340,19.0893
3.5785,19.0643
3.5764,19.0886
3.6727,19.2050
3.6842,19.2700
3.5329,19.1534
3.4455,19.0963
3.4036,19.0822
3.4156,19.1201
3.3738,19.1058
3.3474,19.1327
3.3236,19.1355
3.2997,19.1382
3.3005,19.1656
3.2942,19.1859
3.3018,19.2205
3.2464,19.1909
3.1883,19.1847
3.1853,19.2084
3.1650,19.2140
3.1755,19.2522
3.1756,19.2796
3.2799,19.4184
3.1498,19.3346
3.0987,19.3070
3.0917,19.3270
3.0610,19.3211
3.0439,19.3299
3.0467,19.3609
3.0238,19.3914
3.0031,19.3963
2.9792,19.3974
2.9422,19.3833
2.8988,19.3615
2.8979,19.3887
2.8699,19.4127
2.8590,19.4284
2.8577,19.4556
2.8243,19.4445
2.7942,19.4371
2.7832,19.4527
2.8403,19.5513
2.7547,19.4760
2.7593,19.5109
2.7543,19.5342
2.7446,19.5516
2.7192,19.5495
2.7047,19.5610
2.6871,19.5685
2.6488,19.5794
2.6129,19.5630
2.6074,19.5860
2.6261,19.6409
2.6475,19.6999
2.6385,19.7191
2.5966,19.7256
2.5326,19.6703
2.5252,19.6914
2.4882,19.6720
2.4733,19.6827
2.4570,19.6915
2.4300,19.7170
2.4294,19.7480
2.4430,19.7995
2.3964,19.7651
2.3812,19.7756
2.3547,19.7696
2.3692,19.8233
2.3160,19.7780
2.3064,19.7965
2.3078,19.8316
2.2759,19.8170
2.2523,19.8146
2.2288,19.8122
2.2053,19.8097
2.1775,19.8337
2.1648,19.8478
2.1575,19.8702
2.1607,19.9096
2.1372,19.9067
2.1189,19.9122
2.0878,19.9315
2.1047,19.9944
2.0863,19.9997
2.0588,19.9901
2.0417,19.9974
2.0131,19.9854
1.9840,20.0084
1.9543,19.9940
1.9585,20.0378
1.9139,19.9971
1.8782,19.9714
1.8945,20.0369
1.8479,20.0287
1.8393,20.0507
1.8764,20.1559
1.8115,20.1145
1.7954,20.1233
1.7792,20.1320
1.7303,20.1183
1.7280,20.1534
1.7164,20.1708
1.7069,20.1926
1.6768,20.1743
1.6604,20.1827
1.6097,20.1636
1.5867,20.1583
1.6014,20.2291
1.6068,20.2820
1.5770,20.2632
1.5495,20.2488
1.5056,20.2422
1.4976,20.2681
1.5010,20.3189
1.4863,20.3312
1.4705,20.3413
1.4485,20.3376
1.4420,20.3681
1.4076,20.3370
1.3968,20.3582
1.3820,20.3703
1.3670,20.3824
1.3500,20.3898
1.3320,20.3949
1.3199,20.4137
1.2877,20.4328
1.2744,20.4492
1.2591,20.4610
1.2485,20.4843
1.2284,20.4844
1.2074,20.4821
1.1691,20.4867
1.1463,20.4796
1.1345,20.5003
1.1100,20.4884
1.1087,20.5370
1.1072,20.5857
1.0737,20.6036
1.0544,20.6055
1.0230,20.5745
0.9867,20.5292
0.9558,20.4979
0.9334,20.4900
1.0149,20.7766
0.8955,20.4928
0.9206,20.6215
0.9175,20.6701
0.9140,20.7187
0.9048,20.7510
0.8915,20.7713
0.8577,20.7298
0.7933,20.6535
0.7876,20.6972
0.7772,20.7267
0.7845,20.8134
0.7706,20.8334
0.7508,20.8343
0.6712,20.7018
0.6674,20.7551
0.6549,20.7796
0.6423,20.8040
0.6323,20.8381
0.6256,20.8844
0.5859,20.8851
0.5772,20.9261
0.5638,20.9504
0.5348,20.9168
0.5277,20.9652
0.5147,20.9922
0.5407,21.1714
0.4838,21.0282
0.4515,20.9797
0.4315,20.9795
0.4104,20.9744
0.3775,20.9207
0.3670,20.9592
0.3609,21.0171
0.3098,20.9674
0.2921,20.9765
0.2874,21.0441
0.2824,21.1117
0.2649,21.1236
0.2367,21.0858
0.2016,21.1085
0.1824,21.1124
0.1642,21.1212
0.1479,21.1397
0.1258,21.1287
0.1057,21.1275
0.1045,21.2274
0.0672,21.1348
0.0399,21.0941
0.0296,21.1467
0.0164,21.1845
0.0199,21.3207
0.0023,21.3371
-0.0315,21.2565
-0.0291,21.3948
-0.0736,21.2452
-0.1024,21.1891
-0.1233,21.1822
-0.1412,21.1950
-0.1570,21.2226
-0.1758,21.2304
-0.2094,21.2755
-0.2205,21.3407
-0.2411,21.3384
-0.2615,21.3360
-0.2745,21.3931
-0.2992,21.3578
-0.3402,21.3527
-0.3561,21.3897
-0.3750,21.4019
-0.3871,21.4768
-0.4058,21.4939
-0.4300,21.4580
-0.4470,21.4930
-0.4685,21.4818
-0.4922,21.4472
-0.5122,21.4508
-0.5354,21.4178
-0.5530,21.4493
-0.5692,21.5008
-0.5845,21.5671
-0.6309,21.4955
-0.6471,21.5567
-0.6702,21.5182
-0.6909,21.5145
-0.7110,21.5208
-0.7314,21.5219
-0.7722,21.5241
-0.7921,21.5351
-0.8137,21.5111
-0.8336,21.5220
-0.8527,21.5577
-0.8707,21.6283
-0.9105,21.6846
-0.9320,21.6602
-0.9506,21.7541
-0.9722,21.7311
-0.9936,21.7066
-1.0144,21.7169
-1.0350,21.7571
-1.0771,21.7610
-1.0982,21.7761
-1.1175,15.1107
-1.1404,21.7526
-1.1616,21.7624
-1.1210,15.1106
-1.2257,21.8117
-1.2472,21.8263
-1.2697,21.8808
-1.2909,21.8703
-1.3124,21.8698
-1.3332,21.8492
-1.3589,21.9771
-1.3769,21.8727
-1.3991,21.8919
-1.4216,21.9159
-1.4434,21.9200
-1.4641,21.8990
-1.4889,21.9628
-1.5171,22.0802
-1.5306,21.9305
-1.5568,22.0040
-1.5795,22.0176
-1.6040,22.0549
-1.6264,22.0595
-1.6606,22.2264
-1.6812,22.1998
-1.6940,22.0745
-1.7128,22.0330
-1.7402,22.0958
-1.7662,22.1387
-1.7938,22.1964
-1.8152,22.1835
-1.8367,22.1714
-1.8890,22.2415
-1.9137,22.2599
-1.9374,22.2674
-1.9600,22.2649
-1.9804,22.2425
-2.0064,22.2696
-2.0356,22.3207
-2.0548,22.2889
-2.0818,22.3208
-2.1040,22.3129
-2.1274,22.3148
-2.1588,22.3755
-2.1846,22.3921
-2.2118,22.4186
-2.2407,22.4553
-2.2616,22.4366
-2.2863,22.4435
-2.3018,22.3906
-2.3342,22.4462
-2.3526,22.4130
-2.3805,22.4388
-2.4284,22.4409
-2.4541,22.4517
-2.4807,22.4673
-2.5066,22.4780
-2.5334,22.4934
-2.5586,22.4989
-2.6071,22.5000
-2.6304,22.4955
-2.6527,22.4860
-2.6898,22.5499
-2.7242,22.5989
-2.7711,22.7065
-2.8146,22.7944
-2.8086,22.6476
-2.8355,22.6572
-2.8625,22.6666
-2.8874,22.6662
-2.9146,22.6755
-2.9507,22.7236
-2.9916,22.7910
-3.0667,22.8915
-3.0770,22.8272
-3.1073,22.8455
-3.1353,22.8541
-3.1779,22.9206
-3.2148,22.9628
-3.2806,23.0129
-3.3106,23.0261
-3.3304,23.0001
-3.3525,22.9834
-3.3733,22.9622
-3.4849,23.2689
-3.5118,23.2666
-3.5590,23.3355
-3.5686,23.2713
-3.6207,23.3551
-3.6407,23.3276
-3.6537,23.2769
-3.6707,23.2405
-3.7269,23.3341
-3.7305,23.2537
-3.7473,23.2172
-3.8070,23.3189
-3.8403,23.3346
-3.8798,23.3692
-3.9537,23.5093
-3.9940,23.5435
-3.9622,23.3582
-3.9960,23.3733
-4.0171,23.3504
-4.0707,23.4232
-4.1081,23.4474
-4.1388,23.4514
-4.2061,23.5601
-4.2898,23.6275
-4.3312,23.6588
-4.3648,23.6679
-4.3881,23.6487
-4.4397,23.7060
-4.4556,23.6664
-4.4986,23.6182
-4.5270,23.6127
-4.5681,23.6396
-4.6790,23.8450
-4.7229,23.8761
-4.7706,23.9164
-4.8112,23.9378
-4.5963,5.4054
-4.5233,5.5169
-4.4304,5.6001
-4.3286,5.7971
-4.2280,5.9947
-4.1602,6.1033
-4.1178,6.1414
-4.0354,6.2134
-3.9569,6.3609
-3.8776,6.5135
-2.5643,8.7416
-2.5348,8.7858
-2.4998,8.8545
-2.4423,8.9437
-2.4117,8.9982
-2.3804,9.0577
-2.3495,9.1173
-2.3189,9.1771
-2.2702,9.2432
-2.2395,9.3083
-2.2073,9.3832
-2.1815,9.4289
-2.1559,9.4747
-2.1325,9.5108
-2.0966,9.5294
-2.0755,9.5559
-2.0537,9.5874
-2.0299,9.6314
-1.9987,9.7196
-1.9675,9.8105
-1.9240,9.8892
-1.9038,9.9213
-1.8839,9.9535
-1.8657,9.9758
-1.8519,9.9703
-1.8340,9.9928
-1.8020,10.0132
-1.7810,10.0591
-1.7588,10.1164
-1.7416,10.1393
-1.7272,10.1424
-1.7089,10.1752
-1.6802,10.1828
-1.6649,10.1949
-1.6514,10.1933
-1.5150,10.4751
-1.5032,10.4639
-1.4891,10.4781
-1.4772,10.4665
-1.4632,10.4804
-1.4485,10.5043

# FrameTime=1781596478.55, PointCount=476
4.6158,18.1740
4.6504,18.2422
4.6426,18.2611
4.6532,18.2915
4.6651,18.3229
4.6755,18.3535
4.7068,18.3975
4.6804,18.4297
4.5922,18.3975
4.5560,18.3983
4.5491,18.4180
4.5422,18.4377
4.4825,18.4226
4.4782,18.4439
4.5183,18.4950
4.4159,18.4505
4.4625,18.5063
4.4635,18.5315
4.5426,18.6104
4.3831,18.5251
4.4357,18.5862
4.4829,18.6440
4.3757,18.5935
4.2963,18.5619
4.3498,18.6245
4.3934,18.6807
4.2292,18.5870
4.3332,18.6872
4.1938,18.6102
4.1460,18.5994
4.2065,18.6687
4.1866,18.6787
4.1508,18.6766
4.1014,18.6640
4.0657,18.6615
4.0657,18.7108
4.0791,18.7459
4.1127,18.7971
4.0548,18.7770
4.0293,18.7820
3.9740,18.7632
3.9380,18.7843
3.9413,18.8120
3.9639,18.8555
3.9941,18.9056
3.9545,18.8986
4.1626,19.0967
3.8899,18.9216
3.8391,18.9043
3.8875,18.9709
3.8801,18.9905
3.9202,19.0510
3.8619,19.0269
3.7510,18.9566
3.6956,18.9593
3.6828,18.9737
3.6738,18.9914
3.6461,18.9924
3.6555,19.0268
3.6558,19.0530
3.6297,19.0816
3.5962,19.0769
3.5795,19.0876
3.6210,19.1529
3.7204,19.2731
3.5493,19.1385
3.4522,19.0988
3.4031,19.0778
3.4079,19.1088
3.3876,19.1153
3.3637,19.1183
3.3469,19.1282
3.4526,19.2597
3.2957,19.1302
3.2789,19.1399
3.2727,19.1601
3.3663,19.2821
3.2390,19.1792
3.2013,19.1672
3.3459,19.3438
3.1884,19.2074
3.1714,19.2167
3.1648,19.2368
3.1650,19.2641
3.3069,19.4430
3.1973,19.3538
3.1257,19.3044
3.0947,19.3260
3.0641,19.3201
3.0469,19.3289
3.0498,19.3600
3.0375,19.3743
3.0136,19.3755
2.9856,19.4002
2.9584,19.3974
2.9313,19.3945
2.8944,19.3802
2.8870,19.3997
2.8729,19.4117
2.8415,19.4317
2.8241,19.4398
2.8004,19.4400
2.7799,19.4440
2.7752,19.4673
2.7767,19.4983
2.7765,19.5274
2.7543,19.5293
2.7507,19.5546
2.7316,19.5603
2.7139,19.5679
2.6901,19.5676
2.6756,19.5789
2.6304,19.5508
2.6044,19.5772
2.6080,19.6122
2.6204,19.6591
2.6401,19.7163
2.6236,19.7255
2.5505,19.6584
2.5386,19.7045
2.5000,19.6831
2.4734,19.6778
2.4600,19.6906
2.4393,19.6932
2.4417,19.7282
2.4656,19.7940
2.4145,19.7536
2.4194,19.7928
2.3843,19.7747
2.3634,19.7769
2.3398,19.7749
2.3246,19.7853
2.3388,19.8390
2.2970,19.8100
2.2789,19.8160
2.2554,19.8137
2.2346,19.8154
2.2084,19.8087
2.1958,19.8229
2.1751,19.8244
2.1578,19.8651
2.1504,19.8876
2.1429,19.9100
2.1167,19.9028
2.1012,19.9125
2.1261,19.9880
2.0893,19.9988
2.0670,19.9977
2.0435,19.9944
2.0328,20.0124
2.0143,20.0175
1.9757,19.9882
1.9441,20.0066
1.9244,20.0092
1.8862,19.9792
1.9050,20.0490
1.8718,20.0276
1.8412,20.0103
1.8884,20.1328
1.8499,20.1398
1.8194,20.1223
1.7889,20.1047
1.7846,20.1354
1.7425,20.0956
1.7497,20.1483
1.7217,20.1743
1.7122,20.1961
1.6844,20.1823
1.6612,20.1773
1.6336,20.1633
1.6038,20.1448
1.5978,20.2147
1.6120,20.2856
1.5757,20.2533
1.5569,20.2569
1.5252,20.2333
1.5108,20.2458
1.5208,20.3100
1.4967,20.3021
1.4915,20.3348
1.4694,20.3313
1.4557,20.3458
1.4378,20.3512
1.4127,20.3406
1.3979,20.3528
1.3660,20.3723
1.3511,20.3843
1.3361,20.3962
1.3210,20.4082
1.3059,20.4200
1.2907,20.4319
1.2583,20.4508
1.2430,20.4625
1.2277,20.4742
1.2086,20.4766
1.1913,20.4835
1.1740,20.4904
1.1412,20.5087
1.1256,20.5201
1.1100,20.5314
1.0979,20.5521
1.1077,20.6313
1.0576,20.5512
1.0722,20.6445
1.0158,20.5454
0.9847,20.5142
0.9504,20.4735
0.9265,20.4608
0.9524,20.5894
0.9644,20.6804
0.9253,20.6253
0.9187,20.7225
0.9063,20.7453
0.8945,20.7704
0.8623,20.7336
0.8187,20.6610
0.8086,20.6905
0.7802,20.7258
0.7935,20.8315
0.7707,20.8229
0.7451,20.8047
0.6922,20.6955
0.6742,20.7009
0.6510,20.7547
0.6509,20.8223
0.6505,20.8900
0.6265,20.8760
0.6047,20.8694
0.5930,20.8986
0.5934,20.9733
0.5366,20.9111
0.5257,20.9450
0.5178,20.9913
0.5094,21.0369
0.4831,21.0127
0.4509,20.9642
0.4158,20.9832
0.3841,20.9343
0.3620,20.9242
0.3680,21.0335
0.3315,20.9622
0.3128,20.9665
0.3354,21.1539
0.2786,20.9896
0.2737,21.0571
0.2694,21.1296
0.2439,21.1044
0.2217,21.0938
0.2046,21.1075
0.1930,21.1486
0.1663,21.1153
0.1471,21.1192
0.1279,21.1229
0.1078,21.1217
0.0913,21.1401
0.0639,21.0995
0.0694,21.2386
0.0283,21.1212
0.0151,21.1590
0.0473,21.4608
0.0153,21.3953
-0.0260,21.2704
-0.0505,21.2440
-0.0800,21.1851
-0.1210,21.1764
-0.1389,21.1892
-0.1583,21.1921
-0.1742,21.2196
-0.1881,21.2620
-0.1983,21.3321
-0.2175,21.3397
-0.2351,21.3591
-0.2585,21.3351
-0.2727,21.3823
-0.2951,21.3649
-0.3178,21.3444
-0.3354,21.3666
-0.3502,21.4136
-0.3936,21.3882
-0.4023,21.4979
-0.4290,21.4372
-0.4506,21.4243
-0.4680,21.4543
-0.4887,21.4512
-0.5252,21.4997
-0.5491,21.4584
-0.5594,21.5828
-0.5822,21.5562
-0.6012,21.5777
-0.6236,21.5543
-0.6394,21.6239
-0.6695,21.4824
-0.6885,21.5036
-0.7085,21.5099
-0.7286,21.5160
-0.7490,21.5172
-0.7694,21.5182
-0.7900,21.5142
-0.8308,21.5161
-0.8500,21.5468
-0.8690,21.5875
-0.8867,21.6780
-0.9076,21.6787
-0.9270,21.7342
-0.9683,21.7687
-0.9907,21.7006
-1.0113,21.7209
-1.0317,21.7712
-1.0530,21.7599
-1.0740,21.7701
-1.1163,21.7852
-1.1156,15.1048
-1.1585,21.7565
-1.1803,21.8263
-1.1190,15.1048
-1.2230,21.8307
-1.2446,21.8503
-1.2875,21.8544
-1.3092,21.8638
-1.3309,21.8732
-1.3525,21.8775
-1.3745,21.8917
-1.3964,21.9009
-1.4402,21.9141
-1.4622,21.9230
-1.4843,21.9319
-1.5060,21.9308
-1.5296,21.9645
-1.5543,22.0130
-1.6009,22.0540
-1.6237,22.0636
-1.6501,22.1218
-1.6689,22.0753
-1.6870,22.0238
-1.7130,22.0718
-1.7392,22.1198
-1.7876,22.1606
-1.8122,22.1825
-1.8336,22.1705
-1.8624,22.2329
-1.8896,22.2762
-1.9117,22.2689
-1.9559,22.2540
-1.9767,22.2366
-2.0005,22.2439
-2.0284,22.2858
-2.0529,22.2979
-2.0788,22.3198
-2.1047,22.3410
-2.1283,22.3436
-2.1531,22.3547
-2.1801,22.3813
-2.2066,22.4028
-2.2340,22.4292
-2.2564,22.4214
-2.2884,22.4767
-2.2950,22.3650
-2.3280,22.4256
-2.3527,22.4318
-2.3774,22.4379
-2.4022,22.4439
-2.4279,22.4548
-2.4536,22.4655
-2.5027,22.4721
-2.5286,22.4827
-2.5537,22.4882
-2.5798,22.4986
-2.6040,22.4990
-2.6245,22.4798
-2.6942,22.7103
-2.6867,22.5490
-2.7232,22.6078
-2.7438,22.5883
-2.8003,22.7397
-2.8368,22.7932
-2.8430,22.7050
-2.8916,22.8121
-2.8833,22.6604
-2.9093,22.6648
-2.9420,22.6983
-2.9795,22.7512
-3.0368,22.8867
-3.0613,22.8807
-3.1257,23.0402
-3.0983,22.8204
-3.1310,22.8483
-3.1615,22.8664
-3.2044,22.9328
-3.2452,22.9894
-3.2852,23.0413
-3.3012,23.0010
-3.3625,23.0307
-3.3676,22.9517
-3.4056,22.9930
-3.5034,23.2464
-3.5330,23.2537
-3.5834,23.3329
-3.6357,23.4166
-3.6432,23.3458
-3.6591,23.3047
-3.6734,23.2587
-3.7033,23.2653
-3.7158,23.2146
-3.7708,23.3021
-3.8263,23.3894
-3.8661,23.3349
-3.8782,23.2839
-3.9162,23.3135
-3.9701,23.3904
-4.0103,23.4245
-4.0543,23.4690
-4.0953,23.4181
-4.1374,23.4552
-4.1734,23.4743
-4.2329,23.5593
-4.3052,23.6783
-4.3332,23.6720
-4.3885,23.6572
-4.4228,23.6675
-4.4706,23.7138
-4.4864,23.6741
-4.4937,23.6126
-4.5275,23.6211
-4.5686,23.6480
-4.7033,23.8333
-4.7454,23.8597
-4.7970,23.9091
-4.8489,23.9582
-4.5532,5.4269
-4.4892,5.5152
-4.4206,5.6179
-4.3137,5.8291
-4.2148,6.0221
-4.1488,6.1260
-4.0775,6.1646
-2.5589,8.7504
-2.5139,8.7807
-2.4758,8.8641
-2.4370,8.9525
-2.4053,9.0118
-2.3741,9.0713
-2.3432,9.1310
-2.2961,9.1872
-2.2640,9.2570
-2.2335,9.3220
-2.2013,9.3969
-2.1754,9.4427
-2.1499,9.4885
-2.1138,9.5069
-2.0926,9.5333
-2.0706,9.5648
-2.0502,9.5891
-2.0251,9.6403
-1.9939,9.7285
-1.9472,9.8218
-1.9201,9.8932
-1.9000,9.9253
-1.8800,9.9574
-1.8634,9.9700
-1.8489,9.9694
-1.8167,9.9897
-1.7989,10.0123
-1.7794,10.0483
-1.7557,10.1155
-1.7385,10.1383
-1.7254,10.1315
-1.6935,10.1626
-1.6766,10.1868
-1.6613,10.1989
-1.6495,10.1824
-1.5133,10.4596
-1.5001,10.4630
-1.4882,10.4523
-1.4741,10.4657
-1.4598,10.4844
-1.4455,10.5034

# FrameTime=1781596478.64, PointCount=478
4.6104,18.1695
4.6342,18.2073
4.6520,18.2418
4.6500,18.2643
4.6323,18.2773
4.6217,18.2945
4.6490,18.3356
4.6930,18.3875
4.7031,18.4183
4.6358,18.3998
4.5701,18.3818
4.5565,18.4213
4.5579,18.4465
4.5175,18.4442
4.4855,18.4473
4.4784,18.4668
4.3900,18.4316
4.4667,18.5321
4.5402,18.6072
4.4766,18.5882
4.4527,18.5964
4.3904,18.5776
4.3191,18.5520
4.3286,18.6077
4.4128,18.6930
4.2647,18.6111
4.2328,18.6125
4.1647,18.5872
4.1813,18.6237
4.2016,18.6634
4.1619,18.6832
4.1085,18.6677
4.0688,18.6621
4.0610,18.6807
4.0824,18.7218
4.1201,18.7759
4.0878,18.8011
4.0599,18.8043
3.9967,18.7793
3.9455,18.7634
3.9567,18.7974
3.9600,18.8252
3.9779,18.8903
3.9306,18.8770
4.2388,19.1579
3.9709,18.9616
3.8701,18.9029
3.8460,18.9082
3.8718,18.9814
3.9120,19.0419
3.8651,19.0275
3.7805,18.9802
3.7227,18.9554
3.6837,18.9467
3.6935,18.9810
3.6641,19.0064
3.6290,19.0006
3.6235,19.0215
3.6348,19.0578
3.6050,19.0566
3.5847,19.0640
3.5695,19.1023
3.6981,19.2498
3.6250,19.2078
3.5082,19.1236
3.4409,19.0856
3.4134,19.0854
3.4050,19.1299
3.3740,19.1259
3.3465,19.1253
3.3191,19.1246
3.2988,19.1308
3.3032,19.1617
3.2940,19.2059
3.2840,19.2227
3.2392,19.2036
3.1980,19.1879
3.1880,19.2044
3.1780,19.2209
3.1714,19.2410
3.1749,19.2994
3.2447,19.4020
3.1288,19.3050
3.1049,19.3066
3.0911,19.3193
3.0672,19.3207
3.0362,19.3420
3.0423,19.3768
3.0233,19.3836
3.0027,19.3885
2.9788,19.3896
2.9484,19.3830
2.8943,19.3770
2.8868,19.3966
2.8728,19.4085
2.8620,19.4243
2.8414,19.4285
2.8273,19.4404
2.9105,19.5695
2.7830,19.4447
2.7847,19.4756
2.7767,19.4950
2.7749,19.5222
2.7684,19.5436
2.7508,19.5513
2.7316,19.5570
2.6933,19.5682
2.6726,19.5717
2.6488,19.5712
2.6190,19.5627
2.6197,19.5936
2.6383,19.6485
2.6313,19.7009
2.6327,19.7341
2.5656,19.6751
2.5447,19.6781
2.5269,19.6850
2.4885,19.6635
2.4603,19.6872
2.4483,19.7019
2.4275,19.7044
2.4154,19.7191
2.4506,19.8012
2.3911,19.7484
2.4116,19.8102
2.3468,19.7487
2.3542,19.7920
2.3165,19.7694
2.3126,19.7962
2.3085,19.8230
2.2765,19.8083
2.2558,19.8101
2.2170,19.8177
2.1962,19.8193
2.1782,19.8250
2.1683,19.8433
2.1637,19.8699
2.1722,19.9177
2.1225,19.9077
2.1043,19.9131
2.1201,19.9737
2.1109,19.9941
2.0886,19.9930
2.0624,19.9855
2.0402,19.9842
2.0461,20.0302
2.0060,19.9988
1.9940,20.0146
1.9605,19.9937
1.9584,20.0266
1.9201,19.9968
1.8918,19.9841
1.9340,20.0953
1.8798,20.0369
1.8492,20.0197
1.8673,20.0897
1.8452,20.0878
1.8106,20.1010
1.7995,20.1581
1.7550,20.1139
1.7482,20.1401
1.7319,20.1487
1.7202,20.1660
1.7062,20.1789
1.7890,20.3808
1.6643,20.1779
1.6502,20.1907
1.6092,20.1498
1.5996,20.1714
1.6252,20.2646
1.6152,20.2862
1.7067,20.5169
1.5752,20.2890
1.5348,20.2475
1.5139,20.2464
1.5123,20.2858
1.5051,20.3140
1.4936,20.3332
1.4757,20.3387
1.4619,20.3532
1.4409,20.3518
1.4199,20.3504
1.4030,20.3579
1.3861,20.3654
1.3712,20.3775
1.3562,20.3895
1.3241,20.4088
1.3090,20.4206
1.2939,20.4325
1.2806,20.4489
1.2691,20.4699
1.2595,20.4955
1.2173,20.4911
1.1944,20.4841
1.1735,20.4817
1.1525,20.4793
1.1407,20.5000
1.1197,20.4974
1.1408,20.6044
1.1010,20.5527
1.1028,20.6107
1.0642,20.5612
1.0588,20.6005
1.0223,20.5554
0.9742,20.4773
0.9485,20.4600
0.9190,20.4864
0.9724,20.6952
0.9349,20.6447
0.9156,20.6461
0.9195,20.7162
0.9110,20.7507
0.8748,20.7627
0.8490,20.7449
0.8010,20.6579
0.7998,20.7159
0.7909,20.7502
0.7847,20.7940
0.7724,20.8188
0.7040,20.7248
0.6745,20.6920
0.6750,20.7595
0.6513,20.7457
0.6707,20.8804
0.6412,20.8474
0.6119,20.8845
0.5934,20.8896
0.5834,20.9258
0.5687,20.9453
0.5423,20.9213
0.5402,20.9890
0.5033,21.0016
0.4924,21.0375
0.4540,20.9648
0.4365,20.9743
0.4142,20.9644
0.3814,20.9107
0.4017,21.0783
0.3557,20.9681
0.3437,21.0017
0.3182,20.9768
0.2983,20.9762
0.2947,21.0487
0.2892,21.1142
0.2700,21.1184
0.2249,21.0944
0.2088,21.1130
0.1876,21.1072
0.1694,21.1160
0.1502,21.1198
0.1301,21.1186
0.0917,21.1260
0.0725,21.1295
0.0470,21.0987
0.0367,21.1513
0.0243,21.1940
0.0286,21.3352
0.0035,21.3072
-0.0457,21.2545
-0.0721,21.2153
-0.0970,21.1838
-0.1172,21.1819
-0.1358,21.1898
-0.1530,21.2075
-0.1884,21.2379
-0.2025,21.2802
-0.2157,21.3304
-0.2342,21.3430
-0.2541,21.3456
-0.2702,21.3779
-0.3135,21.3549
-0.3340,21.3523
-0.3488,21.3993
-0.3583,21.4958
-0.3799,21.4864
-0.3986,21.5035
-0.4210,21.4857
-0.4416,21.4845
-0.4625,21.4798
-0.4860,21.4468
-0.5040,21.4736
-0.5297,21.4125
-0.5468,21.4490
-0.5482,21.6831
-0.5822,21.5170
-0.5984,21.5733
-0.6247,21.4951
-0.6437,21.5165
-0.6667,21.4780
-0.6844,21.5192
-0.7054,21.5105
-0.7456,21.5227
-0.7660,21.5238
-0.7862,21.5298
-0.8073,21.5158
-0.8276,21.5167
-0.8467,21.5524
-0.8594,21.7713
-0.8849,21.6387
-0.9043,21.6843
-0.9257,21.6649
-0.9442,21.7638
-0.9660,21.7308
-0.9874,21.7112
-1.0083,21.7166
-1.0499,21.7520
-1.0709,21.7607
-1.0920,21.7758
-1.1132,21.7173
-1.1343,21.7672
-1.1555,21.7721
-1.1159,15.1054
-1.2195,21.8114
-1.2410,21.8260
-1.2637,21.8905
-1.2846,21.8650
-1.3062,21.8694
-1.3482,21.8432
-1.3707,21.8724
-1.3929,21.8915
-1.4148,21.9006
-1.4373,21.9196
-1.4581,21.9037
-1.4825,21.9575
-1.5244,21.9302
-1.5512,22.0136
-1.5740,22.0272
-1.5975,22.0496
-1.6206,22.0642
-1.6530,22.2061
-1.6874,22.0692
-1.7070,22.0376
-1.7340,22.0955
-1.7613,22.1533
-1.7885,22.2051
-1.8086,22.1782
-1.8314,22.1810
-1.8638,22.2791
-1.8838,22.2512
-1.9065,22.2496
-1.9307,22.2621
-1.9538,22.2646
-1.9742,22.2422
-2.0002,22.2693
-2.0498,22.2985
-2.0768,22.3297
-2.0972,22.3076
-2.1225,22.3244
-2.1527,22.3751
-2.1791,22.3967
-2.2294,22.4199
-2.2561,22.4412
-2.2801,22.4432
-2.2972,22.4002
-2.3272,22.4410
-2.3464,22.4127
-2.4138,22.6797
-2.3974,22.4347
-2.4222,22.4406
-2.4488,22.4563
-2.4754,22.4719
-2.5013,22.4826
-2.5299,22.5078
-2.5815,22.6555
-2.5766,22.4992
-2.6037,22.5144
-2.6232,22.4902
-2.6465,22.4857
-2.6983,22.6230
-2.7510,22.7600
-2.7629,22.6964
-2.8014,22.6424
-2.8314,22.6666
-2.8596,22.6809
-2.8823,22.6708
-2.9095,22.6800
-2.9467,22.7330
-3.0119,22.7948
-3.0605,22.8912
-3.0709,22.8269
-3.1023,22.8501
-3.1291,22.8538
-3.1717,22.9203
-3.2383,23.0791
-3.2321,22.9513
-3.2744,23.0125
-3.3032,23.0209
-3.3268,23.0095
-3.3450,22.9783
-3.3684,22.9667
-3.4773,23.2638
-3.5340,23.2687
-3.5624,23.2710
-3.6159,23.3596
-3.6288,23.3081
-3.6461,23.2718
-3.6674,23.2498
-3.7229,23.2486
-3.7426,23.2216
-3.8038,23.3281
-3.8311,23.3247
-3.8736,23.3688
-3.9460,23.5042
-3.9878,23.5432
-3.9560,23.3579
-3.9914,23.3777
-4.0126,23.3548
-4.0677,23.4323
-4.1052,23.4565
-4.1358,23.4605
-4.2016,23.5645
-4.2869,23.6366
-4.3267,23.6632
-4.3569,23.6629
-4.3837,23.6531
-4.4335,23.7057
-4.4494,23.6661
-4.4924,23.6179
-4.5226,23.6170
-4.5637,23.6440
-4.6747,23.8493
-4.7167,23.8758
-4.7608,23.9067
-4.8032,23.9329
-4.9144,23.9686
-4.6024,5.3723
-4.5188,5.5119
-4.4243,5.5997
-4.3410,5.7451
-4.2302,5.9709
-4.1623,6.0794
-4.1149,6.1317
-3.8650,6.5322
-2.5593,8.7364
-2.5275,8.7904
-2.4959,8.8445
-2.4394,8.9287
-2.4088,8.9832
-2.3753,9.0525
-2.3443,9.1121
-2.3127,9.1767
-2.2804,9.2464
-2.2334,9.3079
-2.2021,9.3780
-2.1733,9.4384
-2.1507,9.4695
-2.1282,9.5007
-2.1078,9.5222
-2.0945,9.5074
-2.0706,9.5485
-2.0480,9.5849
-2.0246,9.6262
-1.9994,9.6799
-1.9672,9.7757
-1.9357,9.8716
-1.9339,9.7925
-1.9009,9.9012
-1.8777,9.9531
-1.8611,9.9656
-1.8468,9.9634
-1.8300,9.9777
-1.8131,9.9937
-1.7972,10.0030
-1.7769,10.0439
-1.7540,10.1062
-1.7361,10.1340
-1.7210,10.1421
-1.7059,10.1501
-1.6884,10.1781
-1.6759,10.1676
-1.6586,10.1956
-1.6452,10.1929
-1.5088,10.4747
-1.4970,10.4636
-1.4824,10.4827
-1.4706,10.4712
-1.4574,10.4751
-1.4423,10.5040

# FrameTime=1781596478.74, PointCount=482
4.6221,18.1757
4.6288,18.2032
4.6552,18.2429
4.6403,18.2575
4.6355,18.2784
4.7209,18.3554
4.6437,18.3314
4.6835,18.3806
4.7062,18.4194
4.6642,18.4171
4.5733,18.3830
4.5623,18.4000
4.5638,18.4252
4.6209,18.4871
4.5206,18.4455
4.4803,18.4430
4.4732,18.4625
4.4661,18.4821
4.5018,18.5306
4.5715,18.6028
4.4912,18.5727
4.5084,18.6094
4.5282,18.6481
4.3894,18.5761
4.3344,18.5621
4.3310,18.5842
4.4481,18.6923
4.2799,18.6213
4.2399,18.6169
4.1637,18.5858
4.1602,18.6075
4.2488,18.6976
4.1688,18.6630
4.1235,18.6783
4.0718,18.6638
4.0719,18.6884
4.0854,18.7235
4.1271,18.7807
4.0952,18.7810
4.0790,18.7935
4.0252,18.7763
4.0075,18.7873
3.9445,18.7621
3.9519,18.7929
3.9474,18.8144
3.9700,18.8579
3.9615,18.8763
4.1086,19.0230
4.0173,18.9737
3.9815,18.9699
3.8807,18.9113
3.8375,18.9004
3.8951,18.9748
3.9013,19.0060
3.8718,19.0328
3.8211,19.0149
3.7293,18.9607
3.6791,18.9422
3.6926,18.9797
3.6798,18.9941
3.7696,19.1004
3.6318,19.0028
3.6190,19.0170
3.6303,19.0532
3.6152,19.0656
3.5765,19.0560
3.5818,19.0870
3.7022,19.2259
3.6828,19.2349
3.6751,19.2547
3.5311,19.1450
3.4473,19.0914
3.4054,19.0773
3.4246,19.1221
3.6889,19.4063
3.3803,19.1318
3.3528,19.1312
3.3254,19.1305
3.3016,19.1333
3.3024,19.1606
3.2961,19.1810
3.3002,19.2120
3.2384,19.2026
3.2007,19.1905
3.1873,19.2034
3.1772,19.2199
3.1740,19.2436
3.1707,19.2673
3.2678,19.4265
3.1450,19.3223
3.1075,19.3093
3.0904,19.3182
3.0631,19.3160
3.0527,19.3322
3.0416,19.3758
3.0226,19.3826
3.0053,19.3912
2.9814,19.3923
2.9477,19.3820
2.9108,19.3677
2.9066,19.3912
2.8786,19.4152
2.8677,19.4310
2.8664,19.4582
2.8298,19.4433
2.7965,19.4320
2.7919,19.4553
2.7634,19.4786
2.7680,19.5135
2.7692,19.5446
2.7532,19.5543
2.7216,19.5443
2.7102,19.5597
2.7034,19.5810
2.6781,19.5787
2.6574,19.5821
2.6184,19.5618
2.6160,19.5888
2.6347,19.6437
2.6395,19.6808
2.6351,19.7372
2.5918,19.7104
2.5412,19.6732
2.5322,19.6922
2.4967,19.6748
2.4804,19.6837
2.4844,19.7208
2.4418,19.6930
2.4298,19.7077
2.4120,19.7142
2.4472,19.7963
2.3962,19.7558
2.3612,19.7375
2.3745,19.7891
2.3188,19.7727
2.3148,19.7996
2.3162,19.8347
2.2760,19.8076
2.2579,19.8136
2.2289,19.8028
2.1957,19.8186
2.1831,19.8327
2.1704,19.8467
2.1658,19.8734
2.1663,19.9086
2.1428,19.9057
2.1116,19.9251
2.0960,19.9348
2.1130,19.9976
2.0906,19.9966
2.0619,19.9848
2.0525,20.0050
2.0187,19.9844
1.9922,20.0117
1.9575,19.9887
1.9667,20.0411
1.9220,20.0005
1.8864,19.9748
1.9002,20.0360
1.8512,20.0234
1.8474,20.0542
1.8869,20.1637
1.8173,20.1136
1.8034,20.1267
1.8026,20.1641
1.7686,20.1397
1.7407,20.1263
1.7338,20.1525
1.7152,20.1566
1.7080,20.1828
1.6802,20.1690
1.6684,20.1863
1.6154,20.1627
1.5947,20.1619
1.6049,20.2238
1.6126,20.2812
1.5850,20.2669
1.5575,20.2525
1.5135,20.2459
1.5012,20.2628
1.5068,20.3181
1.4921,20.3304
1.4763,20.3405
1.4564,20.3414
1.4684,20.4128
1.4134,20.3362
1.4006,20.3529
1.3857,20.3650
1.3688,20.3725
1.3538,20.3845
1.3378,20.3941
1.3307,20.4244
1.3087,20.4202
1.2935,20.4321
1.2821,20.4531
1.2688,20.4695
1.2544,20.4836
1.2343,20.4837
1.2113,20.4768
1.1731,20.4814
1.1503,20.4743
1.1403,20.4996
1.1266,20.5157
1.1182,20.5457
1.1131,20.5850
1.0692,20.5749
1.0551,20.5908
1.0203,20.5504
0.9806,20.4957
0.9498,20.4644
0.9309,20.4659
0.9639,20.6713
0.9412,20.6633
0.9088,20.6270
0.9208,20.7206
0.9108,20.7504
0.8974,20.7707
0.8683,20.7435
0.7961,20.6434
0.7935,20.6967
0.7891,20.7452
0.7904,20.8128
0.7780,20.8376
0.7422,20.7860
0.7381,20.9049
0.6875,20.8024
0.6581,20.7695
0.6649,20.8611
0.6424,20.8520
0.6302,20.8791
0.5892,20.8750
0.5793,20.9111
0.5724,20.9596
0.5395,20.9115
0.5350,20.9696
0.5195,20.9869
0.5099,21.0277
0.4599,20.9889
0.4375,20.9791
0.4152,20.9691
0.3835,20.9203
0.3730,20.9588
0.3669,21.0167
0.3169,20.9719
0.2981,20.9762
0.2935,21.0437
0.2869,21.1044
0.2699,21.1184
0.2449,21.0952
0.2086,21.1130
0.1885,21.1121
0.1693,21.1159
0.1501,21.1198
0.1309,21.1235
0.1108,21.1223
0.1115,21.2320
0.0733,21.1345
0.0469,21.0987
0.0357,21.1464
0.0225,21.1842
0.0252,21.3155
0.0093,21.3417
-0.0246,21.2612
-0.0667,21.2498
-0.0979,21.1790
-0.1180,21.1770
-0.1359,21.1899
-0.1509,21.2224
-0.1690,21.2352
-0.1754,21.3300
-0.2019,21.2852
-0.2158,21.3306
-0.2349,21.3382
-0.2561,21.3309
-0.2690,21.3880
-0.2924,21.3626
-0.3054,21.4227
-0.3340,21.3525
-0.3505,21.3846
-0.3666,21.4216
-0.3810,21.4766
-0.3991,21.4987
-0.4239,21.4578
-0.4436,21.4648
-0.4860,21.4470
-0.5049,21.4638
-0.5293,21.4177
-0.5477,21.4393
-0.5642,21.4858
-0.5790,21.5571
-0.6236,21.5103
-0.6395,21.5765
-0.6637,21.5231
-0.6854,21.5045
-0.7051,21.5157
-0.7252,21.5219
-0.7392,21.6411
-0.7660,21.5241
-0.7864,21.5251
-0.8077,21.5061
-0.8278,21.5120
-0.8468,21.5478
-0.8648,21.6184
-0.8804,21.7724
-0.9042,21.6846
-0.9258,21.6603
-0.9444,21.7492
-0.9655,21.7511
-0.9875,21.7016
-1.0081,21.7219
-1.0282,21.7971
-1.0709,21.7611
-1.0919,21.7812
-1.1131,21.7277
-1.1147,15.1059
-1.1552,21.7476
-1.1170,15.1058
-1.1991,21.8957
-1.2195,21.8168
-1.2409,21.8264
-1.2634,21.8809
-1.2847,21.8755
-1.3061,21.8699
-1.3267,21.8444
-1.3491,21.8736
-1.3928,21.8921
-1.4153,21.9161
-1.4373,21.9252
-1.4594,21.9341
-1.4821,21.9530
-1.5027,21.9319
-1.5495,21.9893
-1.5732,22.0178
-1.5976,22.0552
-1.6200,22.0598
-1.6514,22.1877
-1.6666,22.0915
-1.7060,22.0283
-1.7342,22.1011
-1.7594,22.1340
-1.7865,22.1868
-1.8093,22.1888
-1.8307,22.1767
-1.8595,22.2392
-1.9073,22.2603
-1.9326,22.2827
-1.9541,22.2702
-1.9739,22.2429
-2.0000,22.2700
-2.0256,22.2921
-2.0747,22.3162
-2.0962,22.3034
-2.1203,22.3103
-2.1524,22.3759
-2.1781,22.3926
-2.2046,22.4141
-2.2312,22.4355
-2.2610,22.4771
-2.2790,22.4391
-2.2946,22.3862
-2.3269,22.4418
-2.3468,22.4184
-2.3731,22.4344
-2.3987,22.4454
-2.4484,22.4572
-2.4742,22.4679
-2.5010,22.4835
-2.5269,22.4940
-2.5520,22.4995
-2.5772,22.5050
-2.6239,22.4961
-2.6462,22.4866
-2.6872,22.5701
-2.7216,22.6192
-2.7595,22.6828
-2.7844,22.6827
-2.8343,22.7998
-2.8332,22.6774
-2.8559,22.6673
-2.8787,22.6572
-2.9080,22.6762
-2.9441,22.7243
-2.9838,22.7869
-3.0355,22.8981
-3.0727,22.8377
-3.1006,22.8463
-3.1286,22.8549
-3.1676,22.9069
-3.2069,22.9588
-3.2465,23.0105
-3.3027,23.0221
-3.3237,23.0010
-3.3510,23.0036
-3.3653,22.9583
-3.4821,23.2843
-3.5037,23.2627
-3.5347,23.2748
-3.5877,23.3627
-3.6138,23.3561
-3.6380,23.3429
-3.6469,23.2778
-3.6654,23.2463
-3.6996,23.2673
-3.7781,23.4324
-3.7405,23.2182
-3.7972,23.3104
-3.8350,23.3404
-3.8700,23.3607
-3.9422,23.4961
-3.9248,23.3535
-3.9647,23.3877
-4.0071,23.3421
-4.0686,23.4385
-4.0964,23.4343
-4.1352,23.4620
-4.1943,23.5471
-4.2495,23.6193
-4.3310,23.6788
-4.3567,23.6659
-4.3812,23.6500
-4.4293,23.6979
-4.4539,23.6817
-4.4632,23.6249
-4.5614,23.8032
-4.5201,23.6139
-4.5593,23.6363
-4.5933,23.6445
-4.7086,23.8588
-4.7562,23.8991
-4.8060,23.9438
-4.5382,5.4760
-4.4743,5.5644
-4.4058,5.6671
-4.2956,5.8877
-4.1759,6.0573
-4.1219,6.1284
-4.0682,6.1997
-4.0167,6.2665
-3.9189,6.4709
-2.5458,8.7330
-2.5117,8.7968
-2.4691,8.8996
-2.4337,8.9734
-2.4032,9.0279
-2.3540,9.0886
-2.3233,9.1483
-2.2920,9.2131
-2.2610,9.2779
-2.2294,9.3479
-2.1824,9.4147
-2.1567,9.4605
-2.1352,9.4868
-2.1138,9.5132
-2.0927,9.5396
-2.0707,9.5711
-2.0490,9.6026
-2.0340,9.5975
-2.0091,9.6487
-1.9790,9.7321
-1.9481,9.8231
-1.9210,9.8945
-1.9017,9.9217
-1.8658,9.9614
-1.8515,9.9592
-1.8347,9.9734
-1.8168,9.9959
-1.7990,10.0185
-1.7807,10.0460
-1.7420,10.1198
-1.7262,10.1328
-1.7137,10.1211
-1.6904,10.1936
-1.6743,10.2127
-1.6615,10.2051
-1.6514,10.1737
-1.5140,10.4608
-1.5008,10.4642
-1.4862,10.4832
-1.4748,10.4667
-1.4625,10.4607
-1.4473,10.4896
-1.4346,10.4886

# FrameTime=1781596478.84, PointCount=478
4.6206,18.1745
4.6273,18.2020
4.6494,18.2391
4.6474,18.2616
4.6340,18.2772
4.6465,18.3328
4.6905,18.3847
4.7006,18.4155
4.6502,18.4078
4.5761,18.3845
4.5692,18.4043
4.5596,18.4466
4.5166,18.4426
4.4830,18.4446
4.4760,18.4642
4.4689,18.4837
4.4922,18.5239
4.5022,18.5801
4.5071,18.6083
4.4052,18.5624
4.3881,18.5750
4.3249,18.5552
4.3379,18.5889
4.4387,18.6854
4.2786,18.6202
4.2386,18.6159
4.1624,18.5848
4.1669,18.6124
4.2515,18.6996
4.1635,18.6590
4.1222,18.6773
4.0944,18.6809
4.0627,18.6814
4.0801,18.7195
4.1298,18.7827
4.0978,18.7831
4.0656,18.8081
4.0024,18.7832
3.9433,18.7612
3.9584,18.7982
3.9501,18.8166
3.9649,18.8538
3.9401,18.8842
4.0315,18.9855
3.9880,18.9753
3.8756,18.9071
3.8630,18.9221
3.8863,18.9674
4.0317,19.1174
3.9062,19.0364
3.8706,19.0318
3.7973,18.9944
3.7281,18.9598
3.6891,18.9512
3.6951,18.9822
3.7479,19.0550
3.6695,19.0110
3.6269,18.9986
3.6215,19.0195
3.6365,19.0591
3.6104,19.0613
3.5790,19.0586
3.5806,19.0862
3.6926,19.2443
3.6522,19.2333
3.5299,19.1442
3.4461,19.0906
3.4114,19.0835
3.4306,19.1283
3.3863,19.1380
3.3552,19.1340
3.3172,19.1228
3.3039,19.1360
3.3013,19.1599
3.2915,19.1767
3.2856,19.2245
3.2373,19.2019
3.1995,19.1898
3.1896,19.2063
3.1761,19.2192
3.1798,19.2502
3.4459,19.5594
3.1628,19.2868
3.2532,19.4112
3.1337,19.3106
3.0996,19.3013
3.0893,19.3176
3.0687,19.3228
3.0516,19.3316
3.0439,19.3789
3.0215,19.3820
3.0042,19.3906
2.9803,19.3917
2.9532,19.3889
2.9130,19.3709
2.8916,19.4026
2.8807,19.4184
2.8666,19.4304
2.8686,19.4614
2.8319,19.4465
2.7954,19.4315
2.7829,19.4741
2.7655,19.4820
2.7701,19.5168
2.7698,19.5460
2.7553,19.5576
2.7299,19.5555
2.7201,19.5729
2.6978,19.5746
2.6771,19.5782
2.6502,19.5737
2.6204,19.5653
2.6211,19.5962
2.6367,19.6471
2.6385,19.6803
2.6312,19.7327
2.5789,19.6938
2.5432,19.6768
2.5253,19.6837
2.4957,19.6744
2.4765,19.6792
2.4438,19.6966
2.4289,19.7073
2.4139,19.7179
2.4434,19.7918
2.3953,19.7553
2.3603,19.7371
2.3920,19.8154
2.3640,19.8073
2.3150,19.7682
2.3111,19.7950
2.3098,19.8260
2.2750,19.8072
2.2543,19.8090
2.2871,19.8921
2.2155,19.8166
2.1948,19.8182
2.1822,19.8323
2.1695,19.8464
2.1622,19.8689
2.1681,19.9124
2.1805,19.9667
2.1211,19.9066
2.1081,19.9206
2.1083,19.9557
2.1069,19.9888
2.0898,19.9963
2.0636,19.9888
2.0414,19.9876
2.0046,19.9978
1.9939,20.0158
1.9617,19.9971
1.9596,20.0300
1.9212,20.0002
1.8929,19.9876
1.8883,20.0535
1.8479,20.0188
1.8563,20.0714
1.8934,20.1766
1.8141,20.1090
1.8276,20.1727
1.7935,20.1485
1.7608,20.1263
1.7422,20.1305
1.7330,20.1523
1.7190,20.1653
1.7049,20.1782
1.6794,20.1689
1.6490,20.1900
1.6102,20.1536
1.5983,20.1707
1.6218,20.2594
1.6118,20.2811
1.5951,20.2892
1.5358,20.2514
1.5106,20.2413
1.5090,20.2807
1.5061,20.3179
1.4935,20.3348
1.4766,20.3427
1.4598,20.3504
1.4439,20.3604
1.4209,20.3544
1.4040,20.3620
1.3850,20.3649
1.3701,20.3770
1.3551,20.3890
1.3411,20.4033
1.3231,20.4083
1.3080,20.4202
1.2947,20.4366
1.2814,20.4531
1.2700,20.4741
1.2622,20.5043
1.2355,20.4883
1.1953,20.4884
1.1724,20.4814
1.1533,20.4836
1.1397,20.4996
1.1277,20.5204
1.1157,20.5410
1.1019,20.6104
1.0633,20.5609
1.0561,20.5955
1.0179,20.5457
0.9766,20.4864
0.9474,20.4598
0.9146,20.4768
0.9633,20.6714
0.9308,20.6351
0.9146,20.6459
0.9234,20.7302
0.9118,20.7553
0.8921,20.7566
0.8981,20.8359
0.8333,20.6995
0.7970,20.6483
0.7944,20.7016
0.7885,20.7453
0.7839,20.7939
0.7760,20.8330
0.7205,20.7821
0.6765,20.7015
0.6870,20.8026
0.6561,20.7649
0.6685,20.8756
0.6418,20.8522
0.6139,20.8941
0.5940,20.8945
0.5827,20.9258
0.5693,20.9501
0.5403,20.9166
0.5434,21.0036
0.5052,21.0114
0.4930,21.0425
0.4533,20.9649
0.4358,20.9745
0.4111,20.9549
0.3807,20.9109
0.3737,20.9639
0.3441,21.0068
0.3175,20.9771
0.2965,20.9716
0.2941,21.0489
0.2864,21.1047
0.2694,21.1187
0.2232,21.0898
0.2082,21.1133
0.1880,21.1124
0.1688,21.1163
0.1496,21.1201
0.1305,21.1239
0.1287,21.2188
0.0911,21.1263
0.0719,21.1299
0.0473,21.1040
0.0379,21.1615
0.0263,21.2092
0.0290,21.3405
0.0047,21.3175
-0.0454,21.2599
-0.0726,21.2158
-0.0983,21.1794
-0.1185,21.1775
-0.1348,21.2002
-0.1506,21.2278
-0.1889,21.2384
-0.1995,21.3055
-0.2162,21.3310
-0.2353,21.3387
-0.2545,21.3462
-0.2706,21.3785
-0.3133,21.3606
-0.3338,21.3580
-0.3486,21.4049
-0.3720,21.3774
-0.3797,21.4921
-0.3995,21.4992
-0.4198,21.5014
-0.4429,21.4753
-0.4624,21.4855
-0.4864,21.4476
-0.5043,21.4744
-0.5296,21.4183
-0.5472,21.4498
-0.5480,21.6889
-0.5836,21.5029
-0.5991,21.5692
-0.6250,21.4960
-0.6409,21.5622
-0.6647,21.5138
-0.6857,21.5052
-0.7057,21.5114
-0.7459,21.5237
-0.7663,21.5248
-0.7857,21.5458
-0.8080,21.5068
-0.8275,21.5277
-0.8466,21.5634
-0.8849,21.6448
-0.9043,21.6903
-0.9256,21.6760
-0.9443,21.7649
-0.9661,21.7369
-0.9875,21.7174
-1.0085,21.7127
-1.0500,21.7582
-1.0711,21.7669
-1.0921,21.7870
-1.1133,21.7335
-1.1172,15.1116
-1.1556,21.7734
-1.1195,15.1066
-1.1990,21.8665
-1.2197,21.8176
-1.2412,21.8323
-1.1241,15.1066
-1.2848,21.8713
-1.3064,21.8758
-1.1275,15.1065
-1.3485,21.8496
-1.3707,21.8738
-1.3930,21.8929
-1.4151,21.9071
-1.4373,21.9211
-1.4582,21.9051
-1.4882,22.0726
-1.5045,21.9628
-1.5245,21.9317
-1.5509,22.0102
-1.5743,22.0337
-1.5984,22.0661
-1.6202,22.0608
-1.6543,22.2277
-1.6866,22.0609
-1.7066,22.0343
-1.7343,22.1021
-1.7612,22.1550
-1.7883,22.2068
-1.8094,22.1898
-1.8308,22.1778
-1.8641,22.2858
-1.8831,22.2479
-1.9068,22.2564
-1.9305,22.2639
-1.9531,22.2614
-1.9740,22.2440
-2.0023,22.2902
-2.0227,22.2684
-2.0490,22.2954
-2.0754,22.3223
-2.0995,22.3293
-2.1269,22.3610
-2.1531,22.3820
-2.1788,22.3987
-2.2166,22.4999
-2.2291,22.4219
-2.2565,22.4482
-2.2790,22.4403
-2.2984,22.4121
-2.3238,22.4233
-2.3469,22.4197
-2.3971,22.4368
-2.4227,22.4476
-2.4493,22.4634
-2.4751,22.4741
-2.5009,22.4847
-2.5278,22.5002
-2.5781,22.5112
-2.6052,22.5264
-2.6238,22.4974
-2.6491,22.5026
-2.6989,22.6302
-2.7534,22.7771
-2.7877,22.8211
-2.8009,22.6448
-2.8341,22.6837
-2.8580,22.6785
-2.8829,22.6781
-2.9101,22.6874
-2.9473,22.7404
-3.0113,22.7973
-3.0599,22.8938
-3.0714,22.8343
-3.1017,22.8527
-3.1309,22.8661
-3.1735,22.9326
-3.2326,22.9588
-3.2762,23.0249
-3.3025,23.0236
-3.3273,23.0170
-3.3443,22.9810
-3.3691,22.9743
-3.4725,23.2522
-3.5317,23.2668
-3.5642,23.2835
-3.6191,23.3770
-3.6265,23.3062
-3.6494,23.2891
-3.6665,23.2527
-3.7191,23.2421
-3.7461,23.2390
-3.8059,23.3407
-3.8302,23.3278
-3.8712,23.3672
-3.9464,23.5121
-3.9551,23.3610
-3.9904,23.3809
-4.0116,23.3580
-4.0667,23.4356
-4.1054,23.4634
-4.1348,23.4638
-4.2125,23.6022
-4.2287,23.5633
-4.2875,23.6447
-4.3272,23.6713
-4.3591,23.6757
-4.3859,23.6660
-4.4341,23.7139
-4.4698,23.7273
-4.4733,23.6549
-4.4895,23.6167
-4.5233,23.6252
-4.5643,23.6522
-4.6734,23.8530
-4.7190,23.8888
-4.7631,23.9198
-4.8350,23.9394
-4.5615,5.4311
-4.4991,5.5147
-4.4321,5.6126
-4.3336,5.8003
-4.2278,6.0119
-4.1666,6.1016
-4.0984,6.1307
-2.5649,8.7532
-2.5176,8.7932
-2.4828,8.8620
-2.4428,8.9552
-2.4134,9.0048
-2.3809,9.0692
-2.3500,9.1288
-2.3018,9.1898
-2.2697,9.2596
-2.2391,9.3246
-2.2068,9.3995
-2.1800,9.4501
-2.1573,9.4812
-2.1477,9.4468
-2.1202,9.5045
-2.0999,9.5260
-2.0783,9.5553
-2.0565,9.5867
-2.0314,9.6378
-2.0088,9.6769
-1.9923,9.6815
-1.9617,9.7700
-1.9303,9.8660
-1.9100,9.8981
-1.8876,9.9450
-1.8701,9.9625
-1.8408,9.9630
-1.8226,9.9871
-1.8048,10.0096
-1.7864,10.0372
-1.7615,10.1128
-1.7442,10.1357
-1.7291,10.1437
-1.7172,10.1283
-1.6966,10.1797
-1.6791,10.2088
-1.6557,10.1747
-1.5182,10.4613
-1.5054,10.4599
-1.4912,10.4742
-1.4785,10.4728
-1.4646,10.4865
-1.4499,10.5104

# FrameTime=1781596478.95, PointCount=476
4.6044,18.1724
4.6539,18.2258
4.6370,18.2630
4.6306,18.2828
4.6496,18.3185
4.6600,18.3491
4.6955,18.3957
4.6971,18.4212
4.6173,18.3946
4.6245,18.4236
4.5490,18.3991
4.5505,18.4242
4.5478,18.4467
4.4881,18.4316
4.4712,18.4447
4.4575,18.4597
4.4226,18.4846
4.4690,18.5406
4.5302,18.6073
4.4091,18.5485
4.4494,18.6012
4.3845,18.5806
4.2977,18.5684
4.3349,18.6194
4.3785,18.6755
4.2224,18.5877
4.2148,18.6066
4.1508,18.5843
4.1837,18.6575
4.2039,18.6972
4.1481,18.6802
4.0907,18.6616
4.0590,18.6621
4.0630,18.6898
4.0685,18.7435
4.1060,18.7977
4.0796,18.8022
4.0164,18.7776
3.9830,18.7762
3.9474,18.7727
3.9509,18.8004
4.2004,19.0273
3.9535,18.8529
3.9875,18.9060
3.9209,18.8769
4.2023,19.1354
3.9343,18.9390
3.8566,18.8995
3.8581,18.9520
3.8736,18.9909
3.9214,19.0580
3.8517,19.0241
3.7559,18.9669
3.7093,18.9519
3.6727,18.9708
3.6786,19.0018
3.6509,19.0028
3.6269,19.0071
3.6473,19.0515
3.6364,19.0677
3.5972,19.0840
3.5805,19.0948
3.5819,19.1225
3.7178,19.2768
3.5611,19.1560
3.4771,19.1026
3.4840,19.1355
3.4112,19.0920
3.4053,19.1125
3.3921,19.1261
3.3611,19.1221
3.3372,19.1250
3.3098,19.1243
3.4682,19.3089
3.2869,19.1543
3.2876,19.1817
3.3022,19.2234
3.2573,19.2045
3.2334,19.2068
3.1992,19.1983
3.2879,19.3177
3.1688,19.2205
3.1656,19.2442
3.1658,19.2716
3.3043,19.4468
3.2185,19.3832
3.1197,19.3045
3.1127,19.3246
3.0682,19.3314
3.0477,19.3365
3.0438,19.3601
3.0349,19.3781
3.0110,19.3794
2.9970,19.3917
2.9558,19.4013
2.9352,19.4059
2.8951,19.3878
2.8844,19.4036
2.8703,19.4156
2.8562,19.4275
2.9595,19.5791
2.8248,19.4475
2.8074,19.4554
2.7805,19.4518
2.7790,19.4789
2.7805,19.5099
2.7787,19.5371
2.7627,19.5468
2.7653,19.5799
2.7290,19.5642
2.7114,19.5718
2.6876,19.5715
2.6730,19.5829
2.6340,19.5626
2.6194,19.5739
2.6024,19.6121
2.6239,19.6710
2.6346,19.7162
2.6300,19.7414
2.5509,19.6664
2.5480,19.6935
2.5005,19.6911
2.4709,19.6817
2.4575,19.6946
2.4455,19.7093
2.4421,19.7363
2.4300,19.7510
2.4393,19.7964
2.4283,19.8132
2.3818,19.7786
2.3666,19.7891
2.3401,19.7830
2.3221,19.7893
2.3041,19.7954
2.3181,19.8492
2.2709,19.8117
2.2501,19.8135
2.2321,19.8194
2.2113,19.8211
2.1906,19.8227
2.1672,19.8200
2.1600,19.8425
2.1426,19.8831
2.1404,19.9140
2.1407,19.9492
2.1329,19.9717
2.1237,19.9920
2.1026,19.9932
2.0646,20.0018
2.0474,20.0091
2.0329,20.0208
2.0093,20.0173
1.9783,20.0008
1.9574,20.0015
1.9419,20.0479
1.8887,19.9919
1.9000,20.0488
1.8742,20.0404
1.8388,20.0144
1.8678,20.1042
1.8565,20.1218
1.8193,20.1308
1.7865,20.1088
1.7680,20.1131
1.7401,20.0997
1.7426,20.1436
1.7310,20.1610
1.6983,20.1780
1.6842,20.1909
1.6588,20.1814
1.6357,20.1764
1.6014,20.1489
1.6163,20.2196
1.6096,20.2897
1.5820,20.2754
1.5545,20.2610
1.5249,20.2420
1.5062,20.2454
1.5110,20.2984
1.4891,20.3390
1.4712,20.3445
1.4512,20.3454
1.4354,20.3554
1.4123,20.3494
1.3975,20.3615
1.3657,20.3810
1.3507,20.3931
1.3327,20.3981
1.3186,20.4123
1.3055,20.4288
1.2903,20.4407
1.2751,20.4525
1.2426,20.4713
1.2272,20.4830
1.2081,20.4854
1.1908,20.4924
1.1716,20.4946
1.1580,20.5108
1.1286,20.5383
1.1023,20.5217
1.0955,20.5563
1.1071,20.6402
1.0553,20.5555
1.0360,20.5573
0.9874,20.5325
0.9497,20.4824
0.9241,20.4651
0.9417,20.5701
0.9374,20.6139
0.9295,20.6484
0.9482,20.7610
0.9116,20.7126
0.9024,20.7449
0.8922,20.7746
0.8623,20.7448
0.8087,20.6416
0.8062,20.6948
0.7974,20.7291
0.7942,20.8454
0.7699,20.8320
0.7472,20.8233
0.6985,20.7285
0.6719,20.7052
0.6809,20.8015
0.6319,20.7691
0.6468,20.8895
0.6229,20.8755
0.6025,20.8737
0.5907,20.9030
0.5893,20.9708
0.5627,20.9469
0.5369,20.9251
0.5234,20.9493
0.5168,21.0005
0.5072,21.0413
0.4833,21.0267
0.4510,20.9782
0.4402,21.0148
0.4135,20.9875
0.3830,20.9436
0.3597,20.9286
0.3658,21.0379
0.3315,20.9763
0.3128,20.9806
0.2962,20.9946
0.2746,21.0761
0.2678,21.1369
0.2427,21.1137
0.2215,21.1080
0.2034,21.1168
0.1842,21.1208
0.1458,21.1285
0.1266,21.1322
0.1065,21.1310
0.0900,21.1494
0.0635,21.1137
0.0443,21.1172
0.0137,21.1684
0.0114,21.2701
0.0135,21.4015
-0.0167,21.3439
-0.0511,21.2584
-0.0822,21.1895
-0.1024,21.1877
-0.1426,21.1838
-0.1591,21.2064
-0.1749,21.2340
-0.1903,21.2665
-0.2005,21.3366
-0.2204,21.3393
-0.2607,21.3396
-0.2749,21.3868
-0.2967,21.3744
-0.3194,21.3539
-0.3375,21.3711
-0.3529,21.4131
-0.3632,21.5030
-0.3952,21.3977
-0.4034,21.5124
-0.4286,21.4665
-0.4518,21.4388
-0.4697,21.4638
-0.4909,21.4558
-0.5075,21.4974
-0.5505,21.4729
-0.5611,21.5924
-0.5847,21.5558
-0.6037,21.5773
-0.6257,21.5589
-0.6500,21.5055
-0.6907,21.5082
-0.7101,21.5244
-0.7305,21.5256
-0.7506,21.5317
-0.7713,21.5278
-0.7915,21.5338
-0.8045,21.6978
-0.8327,21.5257
-0.8523,21.5465
-0.8714,21.5871
-0.8888,21.6827
-0.9097,21.6833
-0.9293,21.7288
-0.9494,21.7679
-0.9928,21.7053
-1.0134,21.7256
-1.0345,21.7159
-1.0551,21.7646
-1.0761,21.7797
-1.1167,15.1144
-1.1395,21.7563
-1.1202,15.1095
-1.1823,21.8210
-1.2035,21.8157
-1.2250,21.8354
-1.2467,21.8550
-1.2897,21.8641
-1.3113,21.8686
-1.3331,21.8829
-1.3548,21.8872
-1.3768,21.9015
-1.3987,21.9106
-1.4223,21.9584
-1.4425,21.9238
-1.4645,21.9328
-1.4867,21.9417
-1.5086,21.9455
-1.5305,21.9493
-1.5564,22.0178
-1.5810,22.0602
-1.6044,22.0798
-1.6267,22.0822
-1.6517,22.1216
-1.6713,22.0851
-1.6898,22.0386
-1.7154,22.0816
-1.7413,22.1246
-1.7897,22.1655
-1.8147,22.1923
-1.8356,22.1753
-1.8644,22.2378
-1.8911,22.2761
-1.9132,22.2688
-1.9573,22.2539
-1.9788,22.2414
-2.0030,22.2537
-2.0298,22.2857
-2.0555,22.3077
-2.0814,22.3296
-2.1074,22.3515
-2.1558,22.3646
-2.1821,22.3862
-2.2086,22.4077
-2.2346,22.4247
-2.2569,22.4164
-2.2755,22.3833
-2.3292,22.4256
-2.3523,22.4219
-2.3786,22.4379
-2.4033,22.4439
-2.4290,22.4548
-2.4556,22.4705
-2.5046,22.4771
-2.5306,22.4876
-2.5557,22.4932
-2.5817,22.5035
-2.6069,22.5089
-2.6274,22.4897
-2.6961,22.7153
-2.6877,22.5491
-2.7221,22.5981
-2.7447,22.5884
-2.8083,22.7740
-2.8075,22.6517
-2.8386,22.6808
-2.8925,22.8122
-2.8852,22.6655
-2.9134,22.6796
-2.9451,22.7082
-2.9905,22.7951
-3.0399,22.8966
-3.0620,22.8809
-3.0864,22.8750
-3.1353,22.8631
-3.1633,22.8715
-3.2062,22.9379
-3.2458,22.9896
-3.2871,23.0465
-3.3056,23.0158
-3.3656,23.0406
-3.3695,22.9568
-3.4061,22.9933
-3.5065,23.2564
-3.5335,23.2540
-3.5783,23.3140
-3.6347,23.4122
-3.6506,23.3701
-3.6638,23.3194
-3.6766,23.2687
-3.7051,23.2705
-3.7191,23.2245
-3.7711,23.3026
-3.8251,23.3851
-3.8619,23.3211
-3.8769,23.2796
-3.9196,23.3235
-3.9703,23.3910
-4.0105,23.4250
-4.0556,23.4731
-4.0987,23.4281
-4.1375,23.4557
-4.1735,23.4749
-4.2346,23.5646
-4.3069,23.6837
-4.3349,23.6773
-4.3691,23.6879
-4.3903,23.6625
-4.4245,23.6729
-4.4741,23.7238
-4.4864,23.6748
-4.4955,23.6179
-4.5293,23.6264
-4.5686,23.6487
-4.7032,23.8341
-4.7471,23.8651
-4.7987,23.9145
-4.8506,23.9637
-4.5430,5.4745
-4.4791,5.5628
-4.4191,5.6421
-4.2789,5.8626
-4.1840,6.0464
-4.1332,6.1080
-4.0779,6.1840
-4.0279,6.2461
-3.9252,6.4646
-2.5423,8.7656
-2.5129,8.8099
-2.4703,8.9128
-2.4383,8.9720
-2.3885,9.0324
-2.3575,9.0920
-2.3268,9.1518
-2.2955,9.2165
-2.2646,9.2814
-2.2340,9.3465
-2.1869,9.4133
-2.1623,9.4542
-2.1369,9.5001
-2.1174,9.5167
-2.0981,9.5333
-2.0756,9.5675
-2.0376,9.6010
-2.0153,9.6375
-1.9902,9.6914
-1.9567,9.7971
-1.9279,9.8783
-1.9085,9.9055
-1.8718,9.9501
-1.8559,9.9578
-1.8399,9.9671
-1.8212,9.9945
-1.8027,10.0220
-1.7836,10.0545
-1.7457,10.1234
-1.7299,10.1363
-1.7161,10.1345
-1.6965,10.1785
-1.6779,10.2163
-1.5187,10.4544
-1.5054,10.4578
-1.4900,10.4868
-1.4773,10.4853
-1.4654,10.4742
-1.4502,10.5031
-1.4387,10.4872

# FrameTime=1781596479.04, PointCount=478
4.6267,18.1829
4.6249,18.2053
4.6512,18.2449
4.6449,18.2648
4.6358,18.2831
4.6548,18.3188
4.6796,18.3826
4.7065,18.4241
4.6604,18.4191
4.5736,18.3878
4.5584,18.4021
4.5557,18.4246
4.5251,18.4531
4.4764,18.4451
4.4735,18.4674
4.4581,18.4814
4.4980,18.5327
4.4824,18.5467
4.5128,18.6172
4.5284,18.6531
4.3937,18.5840
4.3387,18.5700
4.3231,18.5834
4.3836,18.6761
4.3003,18.6410
4.2361,18.6191
4.1639,18.5909
4.1563,18.6097
4.3398,18.7701
4.1650,18.6651
4.1355,18.6678
4.1651,18.7148
4.0600,18.6599
4.0601,18.6845
4.0816,18.7257
4.1272,18.7859
4.0874,18.7801
4.0336,18.7631
4.0037,18.7895
3.9446,18.7675
3.9481,18.7951
3.9436,18.8166
3.9662,18.8602
3.9616,18.8817
3.9982,18.9631
3.9970,18.9881
3.8807,18.9167
3.8528,18.9188
3.9066,18.9899
3.8937,19.0050
3.8793,19.0448
3.8136,19.0139
3.7255,18.9629
3.6866,18.9544
3.7000,18.9919
3.6723,18.9931
3.6446,18.9941
3.6152,19.0193
3.6339,19.0622
3.6188,19.0746
3.5764,19.0617
3.5744,19.0859
3.6853,19.2159
3.6786,19.2639
3.5310,19.1507
3.4435,19.0937
3.4052,19.0831
3.4244,19.1279
3.3754,19.1067
3.3420,19.1266
3.3181,19.1294
3.2978,19.1356
3.3022,19.1665
3.2924,19.1833
3.3035,19.2214
3.2382,19.2085
3.1969,19.1928
3.1904,19.2129
3.1770,19.2259
3.1772,19.2532
3.1773,19.2806
3.2851,19.4230
3.1617,19.3466
3.1072,19.3153
3.0934,19.3280
3.0628,19.3221
3.0456,19.3309
3.0485,19.3620
3.0528,19.3949
3.0222,19.3887
3.0016,19.3936
2.9810,19.3985
2.9473,19.3882
2.9071,19.3702
2.8997,19.3898
2.8749,19.4176
2.8608,19.4296
2.8659,19.4644
2.8261,19.4457
2.7960,19.4383
2.7882,19.4577
2.7629,19.4850
2.7675,19.5198
2.7672,19.5490
2.7527,19.5606
2.7273,19.5585
2.7097,19.5661
2.6998,19.5835
2.6713,19.5772
2.6537,19.5846
2.6147,19.5643
2.6123,19.5913
2.6250,19.6382
2.6524,19.7051
2.6751,19.7664
2.6315,19.7397
2.5971,19.7249
2.5345,19.6717
2.5286,19.6947
2.4930,19.6774
2.4738,19.6822
2.4589,19.6929
2.4291,19.7143
2.4285,19.7453
2.4436,19.7988
2.4012,19.7706
2.3832,19.7770
2.3567,19.7710
2.3151,19.7753
2.3112,19.8021
2.3126,19.8372
2.2807,19.8226
2.2543,19.8161
2.2308,19.8137
2.1921,19.8211
2.1795,19.8352
2.1614,19.8409
2.1595,19.8718
2.1627,19.9111
2.1365,19.9040
2.1054,19.9235
2.0924,19.9374
2.1042,19.9917
2.0871,19.9992
2.0557,19.9832
2.0489,20.0076
2.0177,19.9913
1.9886,20.0143
1.9564,19.9957
1.9619,20.0415
1.9185,20.0031
1.8828,19.9775
1.8991,20.0430
1.8525,20.0348
1.8438,20.0568
1.8786,20.1576
1.8803,20.1994
1.8161,20.1206
1.7952,20.1206
1.7990,20.1667
1.7674,20.1468
1.7348,20.1245
1.7326,20.1596
1.7185,20.1726
1.7068,20.1899
1.6790,20.1761
1.6672,20.1934
1.6097,20.1609
1.5956,20.1736
1.6058,20.2354
1.6113,20.2884
1.5814,20.2696
1.5539,20.2552
1.5100,20.2486
1.5019,20.2745
1.5054,20.3253
1.4928,20.3422
1.4707,20.3387
1.4539,20.3464
1.4119,20.3435
1.4012,20.3648
1.3822,20.3677
1.3673,20.3798
1.3503,20.3872
1.3353,20.3992
1.3272,20.4272
1.3032,20.4184
1.2900,20.4348
1.2767,20.4512
1.2634,20.4676
1.2537,20.4932
1.2289,20.4818
1.2482,20.5792
1.1906,20.4865
1.1696,20.4841
1.1505,20.4863
1.1369,20.5024
1.1231,20.5185
1.1147,20.5485
1.1096,20.5878
1.0587,20.5590
1.0516,20.5936
1.0151,20.5485
0.9738,20.4892
0.9463,20.4672
0.9274,20.4687
0.9605,20.6741
0.9345,20.6567
0.9102,20.6440
0.9158,20.7187
0.9089,20.7580
0.8940,20.7735
0.8586,20.7273
0.8506,20.7639
0.7942,20.6510
0.7931,20.7090
0.7887,20.7576
0.7840,20.8062
0.7746,20.8405
0.7314,20.7650
0.6722,20.6994
0.6813,20.7957
0.6490,20.7532
0.6657,20.8783
0.6349,20.8405
0.6268,20.8820
0.5898,20.8923
0.5759,20.9140
0.5690,20.9625
0.5361,20.9144
0.5342,20.9821
0.5330,21.0547
0.5447,21.1786
0.4889,21.0403
0.4529,20.9773
0.4341,20.9820
0.4130,20.9769
0.3801,20.9232
0.3720,20.9714
0.3757,21.0710
0.3447,21.0240
0.3135,20.9748
0.2936,20.9742
0.2901,21.0467
0.2836,21.1074
0.2665,21.1213
0.2394,21.0884
0.2053,21.1160
0.1841,21.1101
0.1659,21.1189
0.1468,21.1227
0.1276,21.1265
0.1074,21.1253
0.0699,21.1375
0.0444,21.1066
0.0323,21.1494
0.0191,21.1872
0.0227,21.3235
0.0051,21.3398
-0.0475,21.2675
-0.0724,21.2381
-0.1012,21.1820
-0.1214,21.1801
-0.1385,21.1978
-0.1542,21.2255
-0.1575,21.3401
-0.1918,21.2410
-0.2052,21.2883
-0.2191,21.3336
-0.2382,21.3412
-0.2581,21.3438
-0.2716,21.3960
-0.2957,21.3656
-0.3367,21.3605
-0.3526,21.3976
-0.3749,21.3800
-0.3842,21.4797
-0.4024,21.5018
-0.4307,21.4262
-0.4661,21.4799
-0.4893,21.4502
-0.5093,21.4538
-0.5313,21.4357
-0.5501,21.4524
-0.5671,21.4939
-0.5811,21.5751
-0.6276,21.5035
-0.6431,21.5747
-0.6670,21.5263
-0.6874,21.5276
-0.7087,21.5139
-0.7282,21.5301
-0.7692,21.5273
-0.7887,21.5483
-0.8110,21.5093
-0.8311,21.5152
-0.8497,21.5609
-0.8677,21.6316
-0.9073,21.6928
-0.9290,21.6635
-0.9474,21.7624
-0.9689,21.7444
-0.9905,21.7148
-1.0113,21.7252
-1.0314,21.7989
-1.0531,21.7506
-1.0740,21.7693
-1.0951,21.7844
-1.1163,21.7310
-1.1192,15.1091
-1.1585,21.7658
-1.1215,15.1091
-1.1238,15.1091
-1.2442,21.8347
-1.2667,21.8892
-1.2878,21.8738
-1.3092,21.8732
-1.3299,21.8477
-1.3737,21.8762
-1.3960,21.8954
-1.4185,21.9194
-1.4403,21.9235
-1.4614,21.9125
-1.4855,21.9613
-1.5138,22.0838
-1.5278,21.9390
-1.5533,22.0026
-1.5767,22.0262
-1.6004,22.0536
-1.6235,22.0681
-1.6573,22.2300
-1.6776,22.1985
-1.6900,22.0682
-1.7100,22.0416
-1.7369,22.0995
-1.7629,22.1424
-1.7914,22.2092
-1.8115,22.1822
-1.8338,22.1801
-1.8862,22.2503
-1.9099,22.2587
-1.9335,22.2662
-1.9578,22.2786
-1.9770,22.2463
-2.0008,22.2536
-2.0322,22.3246
-2.0514,22.2928
-2.0778,22.3197
-2.1000,22.3118
-2.1240,22.3187
-2.1548,22.3744
-2.1811,22.3960
-2.2069,22.4126
-2.2379,22.4642
-2.2567,22.4307
-2.2829,22.4475
-2.2992,22.3996
-2.3299,22.4453
-2.3491,22.4170
-2.3770,22.4428
-2.4258,22.4499
-2.4515,22.4607
-2.4773,22.4714
-2.5031,22.4821
-2.5291,22.4926
-2.5560,22.5080
-2.6073,22.5237
-2.6269,22.4996
-2.6512,22.5000
-2.7020,22.6324
-2.7526,22.7597
-2.7898,22.8184
-2.8089,22.7889
-2.8071,22.6617
-2.8351,22.6761
-2.8622,22.6855
-2.8839,22.6705
-2.9110,22.6798
-2.9482,22.7328
-2.9880,22.7954
-3.0618,22.8911
-3.0769,22.8462
-3.1036,22.8500
-3.1316,22.8585
-3.1730,22.9202
-3.2123,22.9721
-3.2768,23.0174
-3.3043,23.0209
-3.3279,23.0095
-3.3514,22.9976
-3.3709,22.9716
-3.4823,23.2784
-3.5093,23.2761
-3.5537,23.3354
-3.5633,23.2712
-3.6181,23.3647
-3.6339,23.3227
-3.6512,23.2864
-3.6683,23.2500
-3.7230,23.3388
-3.7267,23.2585
-3.7463,23.2315
-3.8076,23.3380
-3.8379,23.3442
-3.8728,23.3645
-3.9481,23.5094
-3.9323,23.3716
-3.9936,23.3829
-4.0164,23.3648
-4.0683,23.4328
-4.1070,23.4606
-4.1364,23.4611
-4.2021,23.5651
-4.2890,23.6420
-4.3304,23.6733
-4.3624,23.6777
-4.3840,23.6539
-4.4356,23.7111
-4.4532,23.6762
-4.5158,23.7613
-4.4927,23.6187
-4.5247,23.6225
-4.5658,23.6495
-4.6767,23.8549
-4.7205,23.8861
-4.7627,23.9124
-4.8051,23.9386
-4.9163,23.9744
-4.5691,5.4143
-4.4980,5.5213
-4.4379,5.6005
-4.3512,5.7552
-4.2352,5.9951
-4.1757,6.0800
-4.0975,6.1374
-2.5637,8.7651
-2.5176,8.8003
-2.4828,8.8691
-2.4406,8.9721
-2.4134,9.0119
-2.3810,9.0763
-2.3512,9.1311
-2.3029,9.1921
-2.2719,9.2570
-2.2413,9.3220
-2.2100,9.3920
-2.1851,9.4328
-2.1615,9.4688
-2.1499,9.4442
-2.1224,9.5019
-2.1030,9.5185
-2.0814,9.5478
-2.0586,9.5841
-2.0362,9.6205
-2.0169,9.6398
-1.9961,9.6691
-1.9688,9.7379
-1.9365,9.8388
-1.9113,9.9004
-1.8913,9.9326
-1.8714,9.9648
-1.8428,9.9604
-1.8246,9.9845
-1.8061,10.0120
-1.7865,10.0479
-1.7641,10.1053
-1.7469,10.1281
-1.7311,10.1411
-1.7178,10.1356
-1.6985,10.1771
-1.6804,10.2111
-1.6576,10.1721
-1.5195,10.4637
-1.5068,10.4623
-1.4922,10.4816
-1.4799,10.4752
-1.4659,10.4889
-1.4512,10.5128

# FrameTime=1781596479.14, PointCount=478
4.6210,18.1808
4.6234,18.2058
4.6541,18.2481
4.6392,18.2628
4.6344,18.2836
4.6491,18.3167
4.6739,18.3805
4.6967,18.4193
4.6631,18.4224
4.5679,18.3856
4.5653,18.4081
4.5501,18.4224
4.5278,18.4563
4.4791,18.4484
4.4679,18.4651
4.4525,18.4791
4.5089,18.5417
4.4851,18.5501
4.5113,18.6177
4.5352,18.6593
4.3841,18.5788
4.3414,18.5733
4.3176,18.5811
4.4510,18.7007
4.3862,18.6795
4.2948,18.6386
4.2346,18.6196
4.1625,18.5914
4.1589,18.6132
4.3424,18.7736
4.1635,18.6657
4.1301,18.6653
4.1637,18.7153
4.0665,18.6665
4.0428,18.6729
4.0841,18.7292
4.1273,18.7876
4.0939,18.7868
4.0361,18.7667
4.0062,18.7932
3.9471,18.7711
3.9466,18.7957
3.9383,18.8140
3.9648,18.8607
3.9640,18.8854
3.9890,18.9573
4.0070,18.9982
3.8907,18.9268
3.8552,18.9225
3.9051,18.9905
3.8923,19.0055
3.8779,19.0453
3.8121,19.0144
3.7241,18.9635
3.6889,18.9582
3.6911,18.9858
3.6746,18.9969
3.6580,19.0080
3.6323,19.0365
3.6230,19.0541
3.6137,19.0717
3.5750,19.0622
3.5766,19.0899
3.6824,19.2150
3.6808,19.2678
3.5259,19.1478
3.4457,19.0977
3.4002,19.0802
3.4230,19.1284
3.3740,19.1072
3.3476,19.1341
3.3202,19.1334
3.3034,19.1432
3.3007,19.1670
3.2944,19.1874
3.3020,19.2220
3.4896,19.4408
3.2367,19.2090
3.1955,19.1933
3.1890,19.2135
3.1790,19.2300
3.1689,19.2465
3.1724,19.2775
3.2836,19.4235
3.1603,19.3472
3.1091,19.3195
3.0953,19.3322
3.0579,19.3189
3.0408,19.3277
3.0470,19.3625
3.0274,19.3967
3.0035,19.3979
2.9796,19.3990
2.9458,19.3887
2.9057,19.3707
2.8982,19.3903
2.8734,19.4181
2.8626,19.4339
2.8677,19.4688
2.8279,19.4501
2.8009,19.4465
2.7867,19.4583
2.7583,19.4816
2.7660,19.5204
2.7641,19.5476
2.7450,19.5533
2.7258,19.5590
2.7129,19.5725
2.6844,19.5663
2.6523,19.5851
2.6133,19.5648
2.6079,19.5879
2.6054,19.6149
2.6480,19.7017
2.6420,19.7249
2.5927,19.7214
2.5331,19.6722
2.5286,19.6973
2.4916,19.6779
2.4709,19.6806
2.4575,19.6934
2.4247,19.7107
2.4299,19.7499
2.4436,19.8014
2.3997,19.7711
2.3818,19.7775
2.3553,19.7716
2.3697,19.8252
2.3165,19.7799
2.3069,19.7985
2.3084,19.8336
2.2764,19.8190
2.2529,19.8166
2.2266,19.8101
2.2059,19.8117
2.1780,19.8358
2.1627,19.8456
2.1581,19.8723
2.1586,19.9074
2.1378,19.9088
2.1791,20.0096
2.1040,19.9240
2.0884,19.9336
2.1053,19.9965
2.0895,20.0061
2.0569,19.9879
2.0475,20.0081
2.0188,19.9961
1.9846,20.0106
1.9550,19.9962
1.9567,20.0356
1.9195,20.0080
1.8813,19.9780
1.8977,20.0435
1.8645,20.0220
1.9109,20.1422
1.8351,20.0442
1.8795,20.1625
1.8123,20.1167
1.7913,20.1167
1.7846,20.1430
1.7311,20.1206
1.7311,20.1601
1.7194,20.1775
1.7099,20.1993
1.6844,20.1900
1.6657,20.1939
1.6082,20.1615
1.5897,20.1652
1.5977,20.2225
1.6076,20.2844
1.5778,20.2656
1.5481,20.2467
1.5086,20.2491
1.4984,20.2705
1.5040,20.3258
1.4893,20.3382
1.4693,20.3392
1.4525,20.3469
1.4253,20.3319
1.3957,20.3562
1.3808,20.3683
1.3659,20.3803
1.3509,20.3923
1.3359,20.4043
1.3208,20.4162
1.2886,20.4353
1.2753,20.4518
1.2600,20.4635
1.2457,20.4776
1.2256,20.4777
1.2083,20.4847
1.1700,20.4893
1.1491,20.4868
1.1354,20.5029
1.1217,20.5190
1.1115,20.5443
1.1064,20.5837
1.1127,20.6536
1.0625,20.5735
1.0484,20.5894
1.0102,20.5396
0.9757,20.4991
0.9466,20.4724
0.9226,20.4598
1.0144,20.7746
0.9475,20.6416
0.9347,20.6620
0.9071,20.6398
0.9175,20.7287
0.9059,20.7538
0.8926,20.7740
0.8588,20.7326
0.7927,20.6515
0.7917,20.7095
0.7828,20.7438
0.7856,20.8162
0.7732,20.8410
0.7358,20.7846
0.6722,20.7047
0.6770,20.7867
0.6504,20.7633
0.6601,20.8645
0.6348,20.8458
0.6281,20.8921
0.6042,20.8781
0.5791,20.9317
0.5696,20.9705
0.5347,20.9150
0.5276,20.9633
0.5159,20.9952
0.5076,21.0408
0.4539,20.9875
0.4327,20.9825
0.4115,20.9774
0.3787,20.9238
0.3717,20.9768
0.3552,20.9910
0.3121,20.9754
0.2933,20.9796
0.2887,21.0472
0.2826,21.1099
0.2661,21.1267
0.2390,21.0938
0.2298,21.1447
0.2038,21.1165
0.1837,21.1155
0.1655,21.1243
0.1502,21.1477
0.1271,21.1319
0.1069,21.1307
0.0886,21.1393
0.0421,21.1022
0.0300,21.1450
0.0177,21.1877
0.0204,21.3191
0.0053,21.3502
-0.0285,21.2697
-0.0706,21.2583
-0.1019,21.1874
-0.1228,21.1806
-0.1399,21.1984
-0.1564,21.2210
-0.1737,21.2387
-0.1802,21.3336
-0.2066,21.2888
-0.2198,21.3391
-0.2390,21.3467
-0.2608,21.3344
-0.2743,21.3866
-0.2962,21.3742
-0.3189,21.3537
-0.3552,21.3882
-0.3741,21.4004
-0.3862,21.4753
-0.4044,21.4973
-0.4281,21.4664
-0.4478,21.4734
-0.4908,21.4507
-0.5112,21.4494
-0.5246,21.5290
-0.5511,21.4579
-0.5677,21.5043
-0.5829,21.5707
-0.5991,21.6304
-0.6276,21.5240
-0.6439,21.5852
-0.6681,21.5318
-0.6901,21.5082
-0.7101,21.5144
-0.7302,21.5206
-0.7506,21.5217
-0.7911,21.5288
-0.8122,21.5148
-0.8325,21.5157
-0.8513,21.5564
-0.8696,21.6171
-0.8880,21.6877
-0.9304,21.6640
-0.9490,21.7579
-0.9700,21.7599
-0.9921,21.7054
-1.0129,21.7157
-1.0329,21.7959
-1.0755,21.7648
-1.0966,21.7749
-1.1177,21.7265
-1.1388,21.7614
-1.1599,21.7513
-1.1819,21.8647
-1.2038,21.8995
-1.2241,21.8206
-1.2456,21.8302
-1.2679,21.8797
-1.2894,21.8793
-1.3107,21.8737
-1.3314,21.8482
-1.3539,21.8824
-1.3974,21.8959
-1.4199,21.9200
-1.4422,21.9340
-1.4640,21.9380
-1.1390,15.1091
-1.5073,21.9358
-1.5538,21.9881
-1.5775,22.0167
-1.6025,22.0641
-1.6250,22.0686
-1.6580,22.2206
-1.6694,22.0704
-1.7030,22.2172
-1.7106,22.0322
-1.7379,22.0950
-1.7639,22.1379
-1.7902,22.1807
-1.8134,22.1877
-1.8348,22.1757
-1.8645,22.2481
-1.9118,22.2642
-1.9366,22.2816
-1.9581,22.2692
-1.9785,22.2468
-2.0045,22.2740
-2.0301,22.2961
-2.0787,22.3152
-2.1014,22.3123
-2.1248,22.3143
-2.1569,22.3799
-2.1833,22.4015
-2.2098,22.4230
-2.2357,22.4395
-2.2648,22.4762
-2.2828,22.4381
-2.2983,22.3853
-2.3306,22.4409
-2.3514,22.4224
-2.3785,22.4433
-2.4041,22.4543
-2.4529,22.4612
-2.4787,22.4719
-2.5046,22.4826
-2.5314,22.4980
-2.5556,22.4987
-2.5817,22.5091
-2.6284,22.5001
-2.6497,22.4858
-2.6916,22.5742
-2.7261,22.6233
-2.7619,22.6771
-2.7888,22.6868
-2.8387,22.8039
-2.8366,22.6766
-2.8615,22.6763
-2.8842,22.6662
-2.9124,22.6803
-2.9496,22.7333
-2.9894,22.7959
-3.0399,22.9022
-3.0795,22.8516
-3.1015,22.8359
-3.1342,22.8639
-3.1708,22.9062
-3.2113,22.9630
-3.2509,23.0147
-3.3083,23.0311
-3.3281,23.0052
-3.3554,23.0078
-3.3697,22.9625
-3.4157,23.0327
-3.5107,23.2766
-3.5377,23.2742
-3.5906,23.3622
-3.6154,23.3508
-3.6424,23.3472
-3.6526,23.2869
-3.6697,23.2506
-3.7039,23.2715
-3.7781,23.4223
-3.7448,23.2225
-3.7971,23.3004
-3.8424,23.3542
-3.8758,23.3698
-3.8696,23.2617
-3.9276,23.3531
-3.9706,23.3968
-4.0131,23.3511
-4.0694,23.4323
-4.1039,23.4481
-4.1411,23.4710
-4.2019,23.5609
-4.2587,23.6378
-4.3106,23.6990
-4.3336,23.6785
-4.3604,23.6688
-4.3872,23.6591
-4.4336,23.7023
-4.4582,23.6861
-4.4692,23.6340
-4.5727,23.8263
-4.5244,23.6184
-4.5618,23.6361
-4.6799,23.8601
-4.7110,23.8587
-4.7586,23.8990
-4.8103,23.9484
-4.5566,5.4524
-4.4909,5.5453
-4.4257,5.6386
-4.3306,5.8169
-4.2038,6.0051
-4.1445,6.0903
-3.9443,6.4231
-2.5461,8.7662
-2.5167,8.8105
-2.4740,8.9134
-2.4398,8.9823
-2.4071,9.0466
-2.3612,9.0926
-2.3305,9.1523
-2.3002,9.2122
-2.2703,9.2722
-2.2386,9.3421
-2.2085,9.4072
-2.2037,9.3485
-2.1678,9.4449
-2.1443,9.4809
-2.1219,9.5122
-2.1026,9.5289
-2.0801,9.5630
-2.0615,9.5771
-2.0429,9.5917
-2.0205,9.6281
-1.9976,9.6696
-1.9660,9.7630
-1.9338,9.8639
-1.9119,9.9059
-1.8903,9.9479
-1.8843,9.8932
-1.8593,9.9581
-1.8440,9.9626
-1.8253,9.9900
-1.8068,10.0174
-1.7858,10.0633
-1.7635,10.1207
-1.7549,10.0805
-1.7326,10.1416
-1.7214,10.1200
-1.7011,10.1689
-1.6819,10.2116
-1.6684,10.2089
-1.6584,10.1776
-1.5214,10.4596
-1.5082,10.4634
-1.4936,10.4821
-1.4813,10.4755
-1.4694,10.4645
-1.4542,10.4934
-1.4412,10.4974

# FrameTime=1781596479.24, PointCount=485
4.6080,18.1731
4.6447,18.2187
4.6364,18.2610
4.6300,18.2809
4.6490,18.3166
4.6594,18.3471
4.6907,18.3911
4.6966,18.4192
4.6209,18.3954
4.6239,18.4216
4.5568,18.4026
4.5458,18.4196
4.5472,18.4448
4.4833,18.4270
4.4707,18.4428
4.4569,18.4578
4.4055,18.4716
4.4685,18.5388
4.5338,18.6083
4.4167,18.5524
4.4530,18.6022
4.3758,18.5730
4.2971,18.5666
4.3344,18.6176
4.3902,18.6824
4.2300,18.5918
4.2184,18.6078
4.1503,18.5825
4.3987,18.7897
4.1832,18.6557
4.2154,18.7044
4.1516,18.6814
4.0982,18.6659
4.0545,18.6574
4.0586,18.6850
4.1775,18.8011
4.0640,18.7387
4.1056,18.7959
4.0831,18.8036
4.0120,18.7728
3.9826,18.7745
3.9392,18.7648
3.9504,18.7987
4.2000,19.0255
3.9492,18.8480
3.9871,18.9043
3.9244,18.8784
4.2250,19.1527
3.9378,18.9405
3.8561,18.8979
3.8501,18.9438
3.8770,18.9925
3.9172,19.0530
3.8589,19.0289
3.7630,18.9718
3.7089,18.9503
3.6648,18.9626
3.6745,18.9969
3.6616,19.0112
3.6525,19.0289
3.6433,19.0466
3.6303,19.0608
3.6414,19.0972
3.5895,19.0757
3.5765,19.0898
3.5743,19.1141
3.7139,19.2718
3.5790,19.1716
3.5366,19.1581
3.4311,19.0838
3.4049,19.1110
3.3918,19.1246
3.3536,19.1136
3.3369,19.1235
3.3059,19.1193
3.2998,19.1396
3.2873,19.1802
3.3019,19.2219
3.2570,19.2030
3.2262,19.1982
3.2023,19.2005
3.1820,19.2062
3.2462,19.3005
3.1653,19.2428
3.1997,19.3065
3.2236,19.3595
3.2251,19.3891
3.1364,19.3214
3.1124,19.3232
3.0817,19.3174
3.2208,19.4980
3.0474,19.3351
3.0369,19.3513
3.0363,19.3787
3.0140,19.3817
2.9967,19.3904
2.9762,19.3952
2.9284,19.3971
2.8916,19.3827
2.8841,19.4023
2.8733,19.4181
2.8592,19.4300
2.8387,19.4343
2.8040,19.4503
2.7771,19.4467
2.7756,19.4738
2.7739,19.5009
2.7722,19.5281
2.7625,19.5456
2.7319,19.5668
2.7112,19.5705
2.6874,19.5702
2.6667,19.5737
2.6338,19.5614
2.6193,19.5727
2.7096,19.7206
2.6022,19.6109
2.6237,19.6698
2.6345,19.7150
2.6299,19.7401
2.5478,19.6612
2.5449,19.6882
2.5122,19.6750
2.4737,19.6846
2.4603,19.6974
2.4454,19.7081
2.4217,19.7066
2.4183,19.7335
2.4391,19.7952
2.3646,19.7529
2.3466,19.7592
2.3485,19.7943
2.3108,19.7716
2.3040,19.7943
2.2832,19.7963
2.2832,19.8292
2.2500,19.8124
2.2292,19.8142
2.2112,19.8200
2.1905,19.8216
2.1698,19.8231
2.1599,19.8414
2.1861,19.9164
2.1345,19.8694
2.1456,19.9214
2.1353,19.9397
2.1302,19.9664
2.1236,19.9910
2.1026,19.9922
2.0842,19.9975
2.0697,20.0093
2.0500,20.0124
2.0238,20.0047
2.0093,20.0163
1.9833,20.0084
1.9498,19.9875
1.9553,20.0334
1.8911,19.9953
1.8951,20.0391
1.8767,20.0438
1.8387,20.0135
1.8763,20.1184
1.8613,20.1296
1.9736,20.3731
1.8193,20.1299
1.7865,20.1079
1.7774,20.1298
1.7635,20.1429
1.7473,20.1515
1.7310,20.1601
1.7828,20.2993
1.6961,20.1726
1.6774,20.1766
1.6611,20.1850
1.6402,20.1844
1.6059,20.1569
1.6163,20.2187
1.6175,20.2627
1.5843,20.2790
1.5632,20.2781
1.5228,20.2366
1.5041,20.2400
1.5111,20.2975
1.5060,20.3303
1.4713,20.3437
1.4534,20.3491
1.4334,20.3500
1.4186,20.3622
1.3996,20.3652
1.3807,20.3682
1.4090,20.4786
1.3488,20.3877
1.3338,20.3996
1.3187,20.4116
1.3017,20.4189
1.2865,20.4307
1.2733,20.4471
1.2599,20.4635
1.2368,20.5054
1.2101,20.4893
1.1928,20.4963
1.1718,20.4939
1.1563,20.5054
1.1498,20.5401
1.0988,20.5116
1.0939,20.5509
1.1055,20.6348
1.0589,20.5641
1.0414,20.5706
1.0118,20.5443
1.0191,20.6188
0.9499,20.4818
0.9259,20.4692
0.9286,20.5318
0.9688,20.7029
0.9264,20.6383
0.9216,20.6822
0.9190,20.7334
0.9033,20.7464
0.8909,20.7693
0.8680,20.7610
0.8166,20.6647
0.8018,20.6800
0.7976,20.7285
0.8097,20.8295
0.7687,20.8266
0.7430,20.8084
0.6944,20.7136
0.6678,20.6903
0.6797,20.7962
0.6475,20.7536
0.6347,20.8457
0.6204,20.8654
0.6014,20.8684
0.5909,20.9024
0.5803,20.9365
0.5584,20.9292
0.5508,20.9755
0.5211,20.9392
0.5183,21.0048
0.5057,21.0339
0.4886,21.0456
0.4574,21.0020
0.4362,20.9970
0.4067,20.9580
0.3588,20.9233
0.3517,20.9763
0.3329,20.9807
0.3153,20.9899
0.2998,21.0088
0.2896,21.0520
0.2660,21.1267
0.2452,21.1230
0.2178,21.0880
0.2027,21.1116
0.1846,21.1204
0.1644,21.1194
0.1260,21.1270
0.1068,21.1307
0.0885,21.1392
0.0647,21.1183
0.0429,21.1071
0.0334,21.1646
0.0245,21.2270
0.0097,21.3765
-0.0245,21.2943
-0.0515,21.2531
-0.0779,21.2139
-0.1028,21.1825
-0.1214,21.1904
-0.1594,21.2012
-0.1753,21.2288
-0.1920,21.2514
-0.2001,21.3363
-0.2199,21.3390
-0.2398,21.3417
-0.2776,21.3617
-0.2950,21.3841
-0.3190,21.3537
-0.3377,21.3660
-0.3525,21.4129
-0.3775,21.3705
-0.3825,21.5100
-0.4256,21.4912
-0.4543,21.4088
-0.4688,21.4686
-0.4909,21.4506
-0.5113,21.4493
-0.5319,21.4461
-0.5715,21.4595
-0.5850,21.5457
-0.6025,21.5871
-0.6277,21.5239
-0.6488,21.5154
-0.6708,21.4919
-0.6818,21.6411
-0.7099,21.5194
-0.7303,21.5206
-0.7504,21.5267
-0.7708,21.5278
-0.7907,21.5387
-0.8125,21.5098
-0.8320,21.5306
-0.8714,21.5721
-0.8888,21.6677
-0.9090,21.6883
-0.9296,21.6989
-0.9489,21.7679
-0.9709,21.7249
-1.0129,21.7256
-1.0340,21.7159
-1.0545,21.7696
-1.0756,21.7748
-1.0967,21.7899
-1.1196,15.1096
-1.1208,15.1096
-1.1600,21.7513
-1.1231,15.1095
-1.2028,21.8108
-1.2244,21.8305
-1.2460,21.8502
-1.2683,21.8947
-1.2924,22.0028
-1.3107,21.8687
-1.3324,21.8781
-1.3532,21.8574
-1.3755,21.8817
-1.3977,21.9008
-1.4198,21.9149
-1.4418,21.9240
-1.4848,21.9169
-1.5082,21.9507
-1.5296,21.9445
-1.5560,22.0230
-1.5804,22.0615
-1.6023,22.0590
-1.6346,22.2072
-1.6478,22.0770
-1.6806,22.2189
-1.6896,22.0438
-1.7131,22.0620
-1.7397,22.1149
-1.7666,22.1677
-1.7916,22.1947
-1.8164,22.2184
-1.8349,22.1756
-1.8602,22.2033
-1.8897,22.2706
-1.9140,22.2840
-1.9356,22.2716
-1.9560,22.2493
-2.0011,22.2442
-2.0273,22.2712
-2.0542,22.3032
-2.0800,22.3251
-2.1066,22.3512
-2.1321,22.3681
-2.1813,22.3866
-2.2078,22.4081
-2.2344,22.4296
-2.2619,22.4559
-2.2844,22.4480
-2.3038,22.4198
-2.3477,22.5490
-2.3523,22.4273
-2.3754,22.4236
-2.4034,22.4493
-2.4282,22.4553
-2.4548,22.4710
-2.4806,22.4817
-2.5065,22.4924
-2.5557,22.4986
-2.5818,22.5090
-2.6052,22.5046
-2.6266,22.4903
-2.6566,22.5200
-2.7006,22.6182
-2.7348,22.5450
-2.8166,22.8187
-2.8045,22.6426
-2.8388,22.6863
-2.8627,22.6811
-2.8876,22.6807
-2.9444,22.8216
-2.9408,22.6943
-2.9783,22.7472
-3.0240,22.8340
-3.0646,22.8964
-3.0867,22.8806
-3.1076,22.8601
-3.1343,22.8638
-3.2065,22.9435
-3.2411,22.9759
-3.2847,23.0420
-3.3046,23.0166
-3.3346,23.0293
-3.3451,22.9692
-3.4012,22.9797
-3.5014,23.2428
-3.5365,23.2693
-3.5690,23.2861
-3.6266,23.3891
-3.6229,23.2800
-3.6856,23.3979
-3.6798,23.2840
-3.6997,23.2572
-3.7224,23.2398
-3.7641,23.2845
-3.7987,23.3051
-3.8304,23.3161
-3.8653,23.3364
-3.9061,23.2866
-3.9567,23.3541
-3.9952,23.3834
-4.0370,23.4221
-4.0715,23.4381
-4.1101,23.4658
-4.1642,23.4525
-4.2351,23.5704
-4.3006,23.6707
-4.3291,23.6658
-4.3622,23.6735
-4.4062,23.7106
-4.4441,23.7304
-4.4728,23.6433
-4.4925,23.6145
-4.5263,23.6230
-4.5709,23.6593
-4.6673,23.8274
-4.7166,23.8726
-4.7937,23.9065
-4.8399,23.9418
-4.9179,23.9748
-4.5428,5.4898
-4.4497,5.5728
-4.3867,5.6616
-4.2754,5.8873
-4.1939,6.0334
-4.1331,6.1233
-3.8844,6.5189
-2.5770,8.7171
-2.5392,8.7953
-2.5077,8.8494
-2.4500,8.9385
-2.4172,9.0027
-2.3858,9.0622
-2.3559,9.1169
-2.3253,9.1766
-2.2951,9.2365
-2.2489,9.2931
-2.2186,9.3583
-2.1877,9.4284
-2.1650,9.4595
-2.1425,9.4907
-2.1220,9.5122
-2.1086,9.4973
-2.0853,9.5357
-2.0638,9.5650
-2.0412,9.6014
-2.0172,9.6477
-1.9913,9.7065
-1.9586,9.8073
-1.9509,9.7627
-1.9145,9.8910
-1.8936,9.9281
-1.8737,9.9603
-1.8587,9.9630
-1.8419,9.9773
-1.8249,9.9932
-1.8090,10.0026
-1.7887,10.0435
-1.7678,10.0909
-1.7478,10.1335
-1.7327,10.1416
-1.7149,10.1706
-1.6995,10.1826
-1.6851,10.1869
-1.6692,10.2039
-1.6573,10.1874
-1.5215,10.4596
-1.5078,10.4680
-1.4937,10.4821
-1.4815,10.4755
-1.4683,10.4794
-1.4532,10.5083

# FrameTime=1781596479.34, PointCount=477
4.6089,18.1744
4.6478,18.2451
4.6442,18.2667
4.6563,18.2980
4.6625,18.3259
4.6686,18.3538
4.7000,18.3978
4.6779,18.4327
4.5938,18.4032
4.5534,18.4013
4.5424,18.4183
4.5480,18.4462
4.4800,18.4257
4.4756,18.4469
4.5200,18.5008
4.4133,18.4536
4.4642,18.5122
4.4610,18.5345
4.5402,18.6134
4.5518,18.6465
4.4333,18.5893
4.4641,18.6356
4.3773,18.5995
4.3020,18.5708
4.3433,18.6248
4.3829,18.6780
4.2308,18.5932
4.2030,18.5975
4.1395,18.5997
4.2081,18.6749
4.1842,18.6819
4.1484,18.6798
4.0910,18.6613
4.0593,18.6618
4.0514,18.7050
4.0727,18.7462
4.0985,18.7912
4.0564,18.7834
4.0230,18.7822
3.9716,18.7665
3.9478,18.7724
4.0502,18.8796
3.9351,18.8122
3.9616,18.8589
3.9918,18.9089
3.9406,18.8924
4.1681,19.1063
3.9040,18.9131
4.1150,19.1155
3.8368,18.9077
3.8814,18.9711
3.8816,18.9971
3.9142,19.0512
3.8559,19.0271
3.7525,18.9634
3.6971,18.9661
3.6769,18.9739
3.6790,19.0016
3.6625,19.0126
3.6570,19.0336
3.6441,19.0479
3.6275,19.0851
3.5867,19.0737
3.5846,19.0980
3.6189,19.1564
3.7184,19.2766
3.5507,19.1455
3.5338,19.1560
3.4608,19.1128
3.4045,19.0850
3.4201,19.1263
3.3890,19.1225
3.3651,19.1255
3.3377,19.1249
3.4540,19.2668
3.2971,19.1375
3.2979,19.1648
3.2881,19.1816
3.2992,19.2197
3.2439,19.1901
3.2061,19.1781
3.3473,19.3511
3.1862,19.2112
3.1728,19.2241
3.1730,19.2514
3.1697,19.2752
3.3049,19.4467
3.2089,19.3722
3.1270,19.3118
3.0994,19.3372
3.0620,19.3240
3.0449,19.3328
3.0444,19.3601
3.0354,19.3782
3.0115,19.3794
2.9835,19.4041
2.9564,19.4013
2.9325,19.4022
2.8924,19.3841
2.8849,19.4037
2.8709,19.4157
2.8427,19.4395
2.8221,19.4437
2.8048,19.4517
2.7779,19.4480
2.7764,19.4751
2.7779,19.5062
2.7761,19.5333
2.7488,19.5586
2.7265,19.5604
2.7120,19.5719
2.6882,19.5716
2.6767,19.5869
2.6315,19.5589
2.6025,19.5813
2.6091,19.6202
2.6246,19.6712
2.6457,19.7303
2.6277,19.7375
2.5456,19.6585
2.5308,19.7006
2.4952,19.6833
2.4745,19.6860
2.4611,19.6988
2.4404,19.7014
2.4341,19.7243
2.4638,19.7981
2.4156,19.7619
2.4147,19.7929
2.3853,19.7830
2.3616,19.7811
2.3408,19.7833
2.3200,19.7854
2.3020,19.7916
2.2688,19.8078
2.2481,19.8097
2.2301,19.8156
2.2066,19.8131
2.1913,19.8230
2.1679,19.8203
2.1480,19.8568
2.1486,19.8919
2.1411,19.9144
2.1203,19.9156
2.1336,19.9720
2.1218,19.9881
2.0876,20.0032
2.0679,20.0064
2.0482,20.0095
2.0311,20.0168
2.0152,20.0263
1.9765,19.9969
1.9424,20.0111
1.9452,20.0526
1.8845,19.9837
1.9008,20.0492
1.8726,20.0364
1.8420,20.0192
1.8820,20.1286
1.8507,20.1487
1.8201,20.1312
1.7920,20.1181
1.7853,20.1444
1.7479,20.1134
1.7481,20.1529
1.7201,20.1788
1.7129,20.2051
1.6851,20.1913
1.6596,20.1819
1.6365,20.1769
1.6067,20.1583
1.5984,20.2238
1.6083,20.2857
1.5763,20.2625
1.5532,20.2571
1.5236,20.2380
1.5092,20.2504
1.5193,20.3147
1.4951,20.3068
1.4900,20.3395
1.4679,20.3360
1.4521,20.3460
1.4342,20.3514
1.4153,20.3545
1.3984,20.3621
1.3646,20.3771
1.3496,20.3891
1.3336,20.3987
1.3195,20.4130
1.3064,20.4294
1.2912,20.4413
1.2588,20.4603
1.2435,20.4720
1.2282,20.4837
1.2090,20.4861
1.1917,20.4930
1.1726,20.4953
1.1398,20.5136
1.1242,20.5250
1.1104,20.5410
1.0965,20.5570
1.0913,20.5963
1.0597,20.5655
1.0126,20.5457
0.9850,20.5239
0.9490,20.4785
0.9250,20.4658
0.9460,20.5802
0.9449,20.6335
0.9403,20.6775
0.9158,20.7228
0.9050,20.7504
0.8917,20.7706
0.8595,20.7339
0.8112,20.6471
0.8103,20.7051
0.7819,20.7404
0.7937,20.8414
0.7769,20.8519
0.7453,20.8146
0.6908,20.7007
0.6758,20.7156
0.6581,20.7886
0.6455,20.8131
0.6465,20.8855
0.6267,20.8860
0.6008,20.8650
0.5931,20.9086
0.5917,20.9764
0.5367,20.9211
0.5258,20.9550
0.5154,20.9917
0.5096,21.0470
0.4820,21.0180
0.4534,20.9840
0.4134,20.9836
0.3818,20.9348
0.3608,20.9296
0.3657,21.0340
0.3304,20.9675
0.3128,20.9767
0.3189,21.0910
0.2774,20.9949
0.2758,21.0771
0.2647,21.1183
0.2429,21.1098
0.2227,21.1090
0.2045,21.1178
0.1930,21.1589
0.1662,21.1257
0.1460,21.1246
0.1268,21.1284
0.1067,21.1272
0.0903,21.1455
0.0628,21.1049
0.0684,21.2441
0.0281,21.1316
0.0158,21.1743
0.0135,21.2761
0.0153,21.4057
-0.0262,21.2809
-0.0499,21.2595
-0.0802,21.1956
-0.1206,21.1918
-0.1407,21.1898
-0.1579,21.2076
-0.1738,21.2351
-0.1891,21.2676
-0.1993,21.3377
-0.2185,21.3454
-0.2354,21.3697
-0.2601,21.3358
-0.2743,21.3830
-0.2955,21.3756
-0.3182,21.3551
-0.3375,21.3624
-0.3734,21.4017
-0.3869,21.4635
-0.4026,21.5086
-0.4284,21.4578
-0.4501,21.4449
-0.4694,21.4551
-0.4896,21.4570
-0.5261,21.5055
-0.5496,21.4692
-0.5594,21.5986
-0.5830,21.5620
-0.6028,21.5736
-0.6237,21.5701
-0.6700,21.4933
-0.6891,21.5145
-0.7091,21.5207
-0.7295,21.5219
-0.7496,21.5281
-0.7700,21.5291
-0.7840,21.6632
-0.8110,21.5261
-0.8316,21.5220
-0.8510,21.5478
-0.8697,21.5985
-0.8876,21.6790
-0.9088,21.6697
-0.9276,21.7437
-0.9693,21.7647
-0.9915,21.7017
-1.0121,21.7270
-1.0325,21.7772
-1.0537,21.7660
-1.0748,21.7762
-1.1188,15.1110
-1.1200,15.1110
-1.1592,21.7627
-1.1807,21.8075
-1.2021,21.8172
-1.2236,21.8369
-1.1257,15.1109
-1.2667,21.8561
-1.2884,21.8706
-1.3100,21.8751
-1.3317,21.8844
-1.3537,21.8988
-1.3757,21.9130
-1.1337,15.1107
-1.4415,21.9353
-1.4633,21.9393
-1.4847,21.9333
-1.5063,21.9321
-1.5299,21.9658
-1.5549,22.0194
-1.6015,22.0604
-1.6246,22.0749
-1.6520,22.1481
-1.6698,22.0867
-1.6872,22.0253
-1.7139,22.0833
-1.7430,22.1651
-1.7624,22.1293
-1.7886,22.1721
-1.8127,22.1891
-1.8336,22.1720
-1.8624,22.2345
-1.8890,22.2728
-1.9116,22.2705
-1.9563,22.2606
-1.9772,22.2432
-2.0009,22.2505
-2.0282,22.2875
-2.0528,22.2996
-2.0780,22.3166
-2.1058,22.3526
-2.1235,22.3107
-2.1542,22.3664
-2.1805,22.3880
-2.2070,22.4095
-2.2343,22.4359
-2.2575,22.4331
-2.2887,22.4835
-2.2961,22.3767
-2.3284,22.4324
-2.3515,22.4287
-2.3770,22.4398
-2.4017,22.4458
-2.4274,22.4567
-2.4827,22.6395
-2.4763,22.4635
-2.5021,22.4741
-2.5280,22.4846
-2.5540,22.4951
-2.5801,22.5055
-2.6053,22.5109
-2.6258,22.4917
-2.6880,22.5608
-2.7224,22.6099
-2.7461,22.6051
-2.8066,22.7761
-2.8068,22.6587
-2.8401,22.6975
-2.8835,22.6675
-2.9117,22.6817
-2.9434,22.7103
-2.9921,22.8118
-3.0381,22.8987
-3.0637,22.8976
-3.1269,23.0523
-3.0961,22.8179
-3.1335,22.8652
-3.1628,22.8785
-3.2044,22.9401
-3.2452,22.9967
-3.2840,23.0438
-3.3025,23.0131
-3.3586,23.0236
-3.3690,22.9638
-3.4057,23.0004
-3.5060,23.2635
-3.5329,23.2611
-3.5847,23.3451
-3.6473,23.3677
-3.6633,23.3265
-3.6776,23.2806
-3.7033,23.2729
-3.7186,23.2317
-3.7707,23.3097
-3.8503,23.4744
-3.8507,23.3841
-3.8615,23.3283
-3.8750,23.2820
-3.9192,23.3307
-3.9684,23.3934
-4.0085,23.4275
-4.0540,23.4767
-4.0968,23.4305
-4.1355,23.4582
-4.1699,23.4727
-4.2360,23.5765
-4.3082,23.6956
-4.3345,23.6846
-4.3865,23.6604
-4.4242,23.6802
-4.4703,23.7217
-4.4668,23.6306
-4.4934,23.6206
-4.5272,23.6291
-4.6464,23.8581
-4.5933,23.6410
-4.7048,23.8461
-4.7487,23.8771
-4.8003,23.9265
-4.8540,23.9803
-4.5472,5.4771
-4.4541,5.5601
-4.3875,5.6583
-4.2813,5.8698
-4.1914,6.0395
-4.1339,6.1199
-3.8996,6.4729
-2.5656,8.7621
-2.5419,8.7821
-2.5080,8.8459
-2.4666,8.9439
-2.4175,8.9992
-2.3872,9.0538
-2.3562,9.1134
-2.3266,9.1683
-2.2964,9.2282
-2.2491,9.2896
-2.2188,9.3547
-2.1888,9.4200
-2.1680,9.4413
-2.1436,9.4823
-2.1212,9.5136
-2.0854,9.5322
-2.0630,9.5664
-2.0413,9.5979
-2.0164,9.6491
-1.9913,9.7030
-1.9569,9.8136
-1.9137,9.8924
-1.8952,9.9147
-1.8722,9.9666
-1.8579,9.9644
-1.8411,9.9787
-1.8224,10.0061
-1.7893,10.0350
-1.7716,10.0591
-1.7463,10.1399
-1.7319,10.1430
-1.7136,10.1758
-1.6979,10.1900
-1.6683,10.2053
-1.6565,10.1888
-1.5198,10.4705
-1.5075,10.4648
-1.4925,10.4884
-1.4798,10.4868
-1.4679,10.4758
-1.4524,10.5097

# FrameTime=1781596479.44, PointCount=480
4.6028,18.1734
4.6309,18.2138
4.6444,18.2457
4.6381,18.2656
4.6163,18.2760
4.6226,18.3037
4.6499,18.3448
4.6897,18.3940
4.6998,18.4248
4.6283,18.4037
4.5710,18.3912
4.5448,18.4225
4.5504,18.4505
4.4949,18.4382
4.4739,18.4485
4.4752,18.4736
4.3909,18.4412
4.4675,18.5417
4.5288,18.6084
4.4569,18.5837
4.4494,18.6032
4.3789,18.5788
4.3076,18.5532
4.3253,18.6147
4.4055,18.6970
4.2492,18.6093
4.2214,18.6137
4.1533,18.5884
4.1820,18.6338
4.2891,18.7378
4.1985,18.6954
4.1506,18.6844
4.1012,18.6718
4.0575,18.6633
4.0576,18.6879
4.0751,18.7260
4.1128,18.7801
4.1928,18.8676
4.0806,18.8053
4.0071,18.7726
3.9895,18.7836
3.9343,18.7646
3.9456,18.7985
3.9528,18.8294
4.1590,19.0223
3.9823,18.9041
3.9195,18.8781
4.2394,19.1684
3.9407,18.9467
3.8590,18.9040
3.8350,18.9093
3.8646,18.9857
3.9163,19.0559
3.8579,19.0319
3.7772,18.9878
3.7155,18.9598
3.6765,18.9512
3.7221,19.0171
3.6735,18.9998
3.6570,19.0108
3.6218,19.0051
3.6201,19.0294
3.6314,19.0656
3.5942,19.0577
3.5812,19.0718
3.5624,19.1068
3.7020,19.2645
3.6034,19.1986
3.5321,19.1576
3.4338,19.0902
3.4063,19.0900
3.3979,19.1345
3.3526,19.1165
3.3323,19.1229
3.3050,19.1222
3.2953,19.1390
3.2961,19.1664
3.2905,19.2141
3.2456,19.1952
3.2008,19.1761
3.1944,19.1962
3.1879,19.2163
3.1744,19.2292
3.1885,19.2985
3.2123,19.3515
3.2563,19.4266
3.1252,19.3134
3.1047,19.3187
3.0841,19.3240
3.0569,19.3218
3.1218,19.4213
3.0326,19.3505
3.0337,19.3797
3.0164,19.3884
2.9925,19.3895
2.9719,19.3944
3.0055,19.4613
2.9308,19.4037
2.8874,19.3818
2.8832,19.4052
2.8691,19.4172
2.8583,19.4330
2.8377,19.4372
2.8172,19.4414
2.7761,19.4496
2.7746,19.4767
2.7730,19.5038
2.7744,19.5349
2.7615,19.5485
2.7470,19.5601
2.7040,19.5656
2.6895,19.5771
2.6688,19.5806
2.6389,19.5722
2.6122,19.5677
2.6159,19.6026
2.6634,19.6953
2.6228,19.6727
2.6275,19.7099
2.6319,19.7471
2.5528,19.6721
2.5380,19.6831
2.5142,19.6820
2.4876,19.6767
2.4742,19.6896
2.4578,19.6983
2.4415,19.7070
2.4208,19.7095
2.4173,19.7364
2.4382,19.7981
2.3787,19.7453
2.3457,19.7621
2.3475,19.7972
2.3126,19.7787
2.3031,19.7972
2.2823,19.7992
2.2643,19.8052
2.2283,19.8171
2.2103,19.8229
2.1895,19.8245
2.1715,19.8302
2.1589,19.8443
2.1462,19.8583
2.1473,19.9286
2.1158,19.9129
2.0924,19.9099
2.1200,19.9896
2.1016,19.9951
2.0820,19.9983
2.0374,19.9960
2.0152,19.9947
1.9943,19.9955
1.9874,20.0199
1.9539,19.9991
1.9493,20.0276
1.9085,19.9935
1.8842,20.0246
1.8733,20.0423
1.8427,20.0251
1.8632,20.0995
1.8604,20.1325
1.8345,20.1239
1.7855,20.1108
1.7788,20.1371
1.7602,20.1414
1.7440,20.1500
1.7277,20.1586
1.7091,20.1627
1.6765,20.1795
1.6601,20.1879
1.6415,20.1918
1.6072,20.1643
1.6176,20.2261
1.6232,20.2791
1.7200,20.5184
1.5877,20.2909
1.5688,20.2945
1.5240,20.2441
1.5032,20.2430
1.5101,20.3005
1.5050,20.3332
1.4903,20.3456
1.4682,20.3421
1.4524,20.3521
1.4304,20.3484
1.4197,20.3697
1.3987,20.3682
1.3797,20.3711
1.3648,20.3832
1.3318,20.4003
1.3178,20.4145
1.3027,20.4264
1.2894,20.4428
1.2781,20.4638
1.2647,20.4802
1.2617,20.5221
1.2396,20.5176
1.2110,20.4968
1.1937,20.5038
1.1745,20.5061
1.1553,20.5083
1.1489,20.5430
1.1486,20.5941
1.0979,20.5146
1.0858,20.5352
1.1045,20.6377
1.0579,20.5670
1.0508,20.6017
1.0195,20.5706
0.9747,20.5019
0.9484,20.5379
0.9143,20.4970
0.9069,20.5314
0.9238,20.6365
0.9190,20.6804
0.9156,20.7291
0.8883,20.7674
0.8655,20.7592
0.8141,20.6629
0.8039,20.6924
0.7952,20.7267
0.8073,20.8276
0.7647,20.8200
0.7435,20.8161
0.6949,20.7213
0.6668,20.6932
0.6788,20.7991
0.6465,20.7566
0.6701,20.9057
0.6222,20.8779
0.6004,20.8713
0.5873,20.8957
0.5781,20.9346
0.5587,20.9369
0.5375,20.9323
0.5186,21.0126
0.5035,21.0320
0.4864,21.0437
0.4565,21.0049
0.4328,20.9902
0.4045,20.9561
0.4065,21.0459
0.3567,20.9214
0.3507,20.9792
0.3342,20.9934
0.3132,20.9880
0.2911,20.9776
0.2887,21.0549
0.2832,21.1205
0.2666,21.1365
0.2442,21.1260
0.2168,21.0909
0.2018,21.1145
0.1816,21.1135
0.1634,21.1223
0.1574,21.1927
0.1251,21.1299
0.1049,21.1287
0.0866,21.1372
0.0647,21.1261
0.0419,21.1100
0.0333,21.1724
0.0253,21.2398
0.0071,21.3696
-0.0246,21.3021
-0.0508,21.2659
-0.0780,21.2217
-0.1030,21.1903
-0.1231,21.1884
-0.1174,21.3574
-0.1604,21.2041
-0.1770,21.2268
-0.1936,21.2493
-0.2018,21.3343
-0.2223,21.3320
-0.2407,21.3446
-0.2580,21.3671
-0.2972,21.3771
-0.3193,21.3616
-0.3381,21.3738
-0.3529,21.4208
-0.3669,21.4777
-0.3841,21.5080
-0.4261,21.4991
-0.4543,21.4216
-0.4688,21.4815
-0.4918,21.4535
-0.5132,21.4423
-0.5329,21.4490
-0.5724,21.4624
-0.5875,21.5287
-0.6034,21.5900
-0.6283,21.5318
-0.6498,21.5183
-0.6711,21.5047
-0.6902,21.5260
-0.7313,21.5235
-0.7514,21.5296
-0.7718,21.5307
-0.7917,21.5417
-0.8133,21.5177
-0.8330,21.5335
-0.8724,21.5751
-0.8896,21.6756
-0.9101,21.6862
-0.9308,21.6918
-0.9498,21.7708
-0.9719,21.7278
-1.0139,21.7236
-1.0349,21.7238
-1.0554,21.7725
-1.0765,21.7777
-1.0976,21.7878
-1.1188,21.7443
-1.1401,21.8328
-1.1610,21.7642
-1.1824,21.7990
-1.2039,21.8188
-1.2254,21.8384
-1.2470,21.8531
-1.2692,21.8926
-1.2901,21.8672
-1.3328,21.8610
-1.3540,21.8554
-1.3764,21.8846
-1.3987,21.9037
-1.4208,21.9178
-1.4433,21.9369
-1.4862,21.9298
-1.5100,21.9686
-1.5311,21.9574
-1.5564,22.0159
-1.5811,22.0594
-1.6039,22.0719
-1.6363,22.2201
-1.6488,22.0799
-1.6804,22.2069
-1.6913,22.0567
-1.7145,22.0699
-1.7411,22.1228
-1.7680,22.1756
-1.7930,22.2026
-1.8178,22.2263
-1.8364,22.1835
-1.8612,22.2062
-1.8907,22.2736
-1.9145,22.2819
-1.9366,22.2746
-1.9581,22.2622
-2.0027,22.2520
-2.0288,22.2791
-2.0551,22.3061
-2.0810,22.3280
-2.1075,22.3541
-2.1330,22.3710
-2.1823,22.3895
-2.2088,22.4110
-2.2340,22.4232
-2.2621,22.4538
-2.2831,22.4361
-2.3047,22.4227
-2.3487,22.5519
-2.3532,22.4302
-2.3787,22.4413
-2.4043,22.4523
-2.4291,22.4582
-2.4549,22.4690
-2.4807,22.4797
-2.5074,22.4953
-2.5576,22.5065
-2.5846,22.5217
-2.6080,22.5173
-2.6304,22.5079
-2.6576,22.5230
-2.7133,22.6799
-2.7852,22.7875
-2.8063,22.7678
-2.8076,22.6553
-2.8419,22.6990
-2.8647,22.6889
-2.8896,22.6885
-2.9407,22.6924
-2.9792,22.7501
-3.0227,22.8271
-3.0644,22.8945
-3.0888,22.8884
-3.1097,22.8679
-3.2014,23.1338
-3.1621,22.8704
-3.2062,22.9416
-3.2420,22.9789
-3.2856,23.0449
-3.3056,23.0195
-3.3356,23.0322
-3.3461,22.9721
-3.4021,22.9827
-3.5010,23.2409
-3.5334,23.2578
-3.5713,23.2938
-3.6276,23.3921
-3.6252,23.2877
-3.6866,23.4008
-3.6808,23.2869
-3.7036,23.2696
-3.7219,23.2380
-3.7651,23.2874
-3.7982,23.3032
-3.8314,23.3190
-3.9349,23.5546
-3.8921,23.3311
-3.9070,23.2895
-3.9577,23.3570
-3.9977,23.3911
-4.0396,23.4297
-4.0740,23.4457
-4.1127,23.4735
-4.1668,23.4601
-4.2377,23.5781
-4.3016,23.6736
-4.3301,23.6687
-4.3632,23.6764
-4.4060,23.7104
-4.4720,23.7233
-4.4773,23.6555
-4.4934,23.6174
-4.5272,23.6259
-4.5665,23.6483
-4.6683,23.8304
-4.7193,23.8802
-4.7946,23.9095
-4.8446,23.9540
-4.9723,23.9502
-4.5681,5.4271
-4.5023,5.5200
-4.4387,5.6086
-4.3537,5.7586
-4.2411,5.9891
-4.1440,6.0979
-4.1017,6.1361
-2.5437,8.7836
-2.5190,8.8085
-2.4797,8.8968
-2.4409,8.9852
-2.4115,9.0348
-2.3655,9.0808
-2.3348,9.1405
-2.3044,9.2004
-2.2734,9.2653
-2.2438,9.3254
-2.2135,9.3905
-2.1679,9.4526
-2.1473,9.4740
-2.1249,9.5053
-2.1036,9.5317
-2.0826,9.5583
-2.0608,9.5898
-2.0216,9.6310
-1.9987,9.6725
-1.9663,9.7708
-1.9316,9.8865
-1.9122,9.9137
-1.8906,9.9557
-1.8589,9.9709
-1.8451,9.9654
-1.8264,9.9928
-1.8071,10.0252
-1.7895,10.0479
-1.7639,10.1285
-1.7567,10.0785
-1.7336,10.1445
-1.7199,10.1427
-1.6992,10.1954
-1.6829,10.2145
-1.5220,10.4675
-1.5102,10.4560
-1.4947,10.4850
-1.4824,10.4784
-1.4701,10.4724
-1.4553,10.4963
-1.4419,10.5052

# FrameTime=1781596479.54, PointCount=474
4.6289,18.1825
4.6228,18.2023
4.6534,18.2445
4.6471,18.2644
4.6423,18.2853
4.6528,18.3157
4.6777,18.3795
4.7004,18.4183
4.6753,18.4268
4.5759,18.3874
4.5607,18.4018
4.5538,18.4215
4.5427,18.4385
4.5372,18.4592
4.4761,18.4430
4.4759,18.4671
4.4605,18.4811
4.5086,18.5380
4.4642,18.5324
4.5269,18.5999
4.3846,18.5512
4.4044,18.5895
4.3493,18.5755
4.3174,18.5775
4.4549,18.6999
4.3105,18.6216
4.2426,18.6219
4.1704,18.5938
4.1588,18.6096
4.3504,18.7758
4.1675,18.6651
4.1340,18.6647
4.0665,18.6629
4.0587,18.6815
4.0841,18.7257
4.1155,18.7748
4.0939,18.7832
4.0401,18.7662
4.0185,18.7742
4.0471,18.8218
3.9472,18.7675
3.9468,18.7921
3.9462,18.8167
3.9689,18.8602
3.9719,18.8881
4.0135,18.9478
4.2294,19.1521
3.9958,18.9849
3.8834,18.9168
3.8364,18.9028
3.9321,19.0094
3.8927,19.0019
3.9884,19.1099
3.8859,19.0482
3.8314,19.0272
3.7358,18.9697
3.6930,18.9579
3.6990,18.9889
3.6788,18.9967
3.6659,19.0110
3.6402,19.0397
3.6235,19.0506
3.6216,19.0749
3.5792,19.0620
3.5845,19.0931
3.6736,19.2025
3.6888,19.2710
3.5338,19.1511
3.4499,19.0976
3.4080,19.0836
3.4272,19.1284
3.3782,19.1071
3.3519,19.1340
3.3245,19.1334
3.3042,19.1396
3.3015,19.1635
3.2952,19.1838
3.2959,19.2113
3.2475,19.1888
3.1998,19.1934
3.1829,19.2027
3.1729,19.2192
3.1732,19.2466
3.1939,19.2957
3.2949,19.4308
3.1511,19.3326
3.1067,19.3123
3.1031,19.3360
3.0623,19.3191
3.0452,19.3279
3.0481,19.3590
3.0252,19.3894
3.0079,19.3981
2.9807,19.3955
2.9470,19.3852
2.9035,19.3634
2.8961,19.3830
2.8746,19.4146
2.8638,19.4304
2.8658,19.4614
2.8291,19.4465
2.8054,19.4469
2.7848,19.4509
2.8452,19.5533
2.7628,19.4820
2.7674,19.5169
2.7656,19.5440
2.7527,19.5576
2.7273,19.5555
2.7128,19.5671
2.6890,19.5668
2.6568,19.5856
2.6209,19.5692
2.6155,19.5923
2.6281,19.6392
2.6526,19.7021
2.6437,19.7214
2.5884,19.7099
2.5348,19.6687
2.5318,19.6958
2.4933,19.6744
2.4784,19.6852
2.4621,19.6940
2.4352,19.7195
2.4346,19.7505
2.4454,19.7979
2.4016,19.7676
2.3836,19.7741
2.3571,19.7681
2.3745,19.8259
2.3184,19.7765
2.3116,19.7992
2.2964,19.8094
2.2756,19.8114
2.2576,19.8174
2.2341,19.8150
2.2133,19.8166
2.1855,19.8407
2.1701,19.8506
2.1628,19.8731
2.1661,19.9124
2.1399,19.9054
2.1270,19.9193
2.0984,19.9430
2.1102,19.9973
2.0918,20.0027
2.0643,19.9931
2.0498,20.0047
2.0237,19.9970
1.9870,20.0072
1.9598,19.9971
1.9641,20.0409
1.9244,20.0089
1.8862,19.9790
1.9050,20.0488
1.8718,20.0274
1.9158,20.1431
1.8424,20.0496
1.8785,20.1525
1.8814,20.1965
1.8292,20.1397
1.7868,20.1002
1.7754,20.1177
1.7267,20.1041
1.7291,20.1479
1.7175,20.1653
1.7103,20.1915
1.6871,20.1867
1.6684,20.1906
1.6087,20.1537
1.5947,20.1663
1.6049,20.2281
1.6149,20.2900
1.5850,20.2713
1.5619,20.2659
1.5136,20.2503
1.5056,20.2763
1.5069,20.3225
1.4944,20.3394
1.4765,20.3450
1.4565,20.3459
1.4459,20.3673
1.4156,20.3453
1.4008,20.3575
1.3839,20.3650
1.3690,20.3771
1.3560,20.3937
1.3380,20.3987
1.3279,20.4222
1.2957,20.4413
1.2824,20.4578
1.2671,20.4695
1.2528,20.4836
1.2326,20.4838
1.2116,20.4815
1.1715,20.4815
1.1506,20.4790
1.1388,20.4998
1.1269,20.5205
1.1167,20.5458
1.1117,20.5852
1.0660,20.5704
1.0606,20.6097
1.0241,20.5646
0.9946,20.5382
0.9653,20.5116
0.9480,20.5179
1.0198,20.7761
0.9000,20.4925
0.9269,20.6259
0.9206,20.6650
0.9188,20.7184
0.9113,20.7554
0.8964,20.7710
0.8523,20.6985
0.7965,20.6485
0.7970,20.7113
0.7911,20.7551
0.7895,20.8132
0.7786,20.8427
0.7412,20.7863
0.6747,20.6970
0.6867,20.8028
0.6544,20.7603
0.6669,20.8711
0.6388,20.8428
0.6308,20.8843
0.5925,20.8899
0.5839,20.9309
0.5718,20.9601
0.5415,20.9217
0.5357,20.9749
0.5215,20.9971
0.5119,21.0379
0.4582,20.9846
0.4382,20.9845
0.4171,20.9794
0.3842,20.9258
0.3761,20.9740
0.3688,21.0270
0.3165,20.9726
0.2988,20.9817
0.2942,21.0493
0.2893,21.1169
0.2718,21.1288
0.2467,21.1057
0.2095,21.1186
0.1903,21.1226
0.1711,21.1265
0.1568,21.1548
0.1327,21.1341
0.1116,21.1280
0.1116,21.2328
0.0732,21.1353
0.0486,21.1094
0.0365,21.1522
0.0225,21.1851
0.0279,21.3312
0.0078,21.3327
-0.0236,21.2670
-0.0657,21.2557
-0.0962,21.1898
-0.1171,21.1830
-0.1357,21.1909
-0.1514,21.2185
-0.1687,21.2362
-0.1744,21.3360
-0.2009,21.2912
-0.2140,21.3415
-0.2345,21.3392
-0.2550,21.3369
-0.2691,21.3841
-0.2914,21.3686
-0.3049,21.4238
-0.3330,21.3586
-0.3488,21.3957
-0.3683,21.4029
-0.3798,21.4828
-0.3985,21.4999
-0.4237,21.4541
-0.4396,21.4991
-0.4617,21.4830
-0.4844,21.4583
-0.5033,21.4751
-0.5182,21.5366
-0.5457,21.4555
-0.5618,21.5070
-0.5774,21.5684
-0.6224,21.5167
-0.6393,21.5680
-0.6625,21.5295
-0.6838,21.5159
-0.7036,21.5272
-0.7237,21.5334
-0.7379,21.6476
-0.7645,21.5356
-0.7849,21.5366
-0.8060,21.5226
-0.8264,21.5235
-0.8452,21.5643
-0.8631,21.6349
-0.8793,21.7690
-0.9027,21.6962
-0.9244,21.6669
-0.9430,21.7558
-0.9642,21.7528
-0.9861,21.7083
-1.0068,21.7237
-1.0275,21.7489
-1.1157,15.1127
-1.0905,21.7830
-1.1117,21.7345
-1.1328,21.7645
-1.1539,21.7644
-1.1215,15.1127
-1.2179,21.8187
-1.2395,21.8334
-1.2619,21.8879
-1.2832,21.8824
-1.3045,21.8769
-1.3253,21.8514
-1.3476,21.8807
-1.3912,21.8991
-1.4138,21.9232
-1.4356,21.9273
-1.4564,21.9113
-1.4810,21.9701
-1.5014,21.9441
-1.5479,21.9965
-1.5718,22.0300
-1.5953,22.0525
-1.6187,22.0720
-1.6523,22.2340
-1.6642,22.0888
-1.7043,22.0356
-1.7316,22.0985
-1.7580,22.1464
-1.7856,22.2041
-1.8075,22.1962
-1.8289,22.1842
-1.8586,22.2566
-1.9044,22.2578
-1.9280,22.2654
-1.9523,22.2778
-1.9726,22.2554
-1.9981,22.2776
-2.0237,22.2997
-2.0728,22.3239
-2.0950,22.3160
-2.1190,22.3230
-2.1497,22.3787
-2.1761,22.4003
-2.2026,22.4219
-2.2523,22.4400
-2.2778,22.4519
-2.2918,22.3891
-2.3248,22.4497
-2.3433,22.4165
-2.3719,22.4473
-2.4236,22.6156
-2.4199,22.4495
-2.4464,22.4652
-2.4722,22.4759
-2.4989,22.4915
-2.5257,22.5070
-2.5509,22.5125
-2.5999,22.6454
-2.6022,22.5283
-2.6237,22.5140
-2.6451,22.4997
-2.6967,22.6371
-2.7462,22.7595
-2.7703,22.7546
-2.7832,22.6959
-2.8278,22.6711
-2.8590,22.7001
-2.8786,22.6753
-2.9057,22.6846
-2.9440,22.7425
-2.9826,22.8002
-3.0576,22.9008
-3.0704,22.8462
-3.0959,22.8452
-3.1262,22.8635
-3.1651,22.9155
-3.2044,22.9674
-3.2701,23.0176
-3.3014,23.0357
-3.3237,23.0194
-3.3472,23.0076
-3.3641,22.9719
-3.4793,23.2932
-3.5063,23.2909
-3.5562,23.2716
-3.6124,23.3700
-3.6338,23.3472
-3.6455,23.2917
-3.6626,23.2554
-3.6968,23.2764
-3.7392,23.2321
-3.7989,23.3339
-3.8292,23.3401
-3.8656,23.3652
-3.9392,23.5054
-3.9235,23.3676
-4.0261,23.5928
-3.9879,23.3885
-4.0075,23.3609
-4.0657,23.4479
-4.0983,23.4580
-4.1322,23.4715
-4.1946,23.5661
-4.2513,23.6430
-4.3245,23.6791
-4.3530,23.6741
-4.3781,23.6597
-4.4296,23.7170
-4.4473,23.6821
-4.4601,23.6347
-4.5188,23.6284
-4.5581,23.6508
-4.6724,23.8656
-4.7107,23.8828
-4.7603,23.9278
-4.8064,23.9632
-4.6159,5.3979
-4.5184,5.4897
-4.4547,5.5782
-4.3899,5.6717
-4.2751,5.9067
-4.1986,6.0386
-4.1327,6.1426
-3.9000,6.4907
-2.5798,8.7212
-2.5408,8.8042
-2.4905,8.8590
-2.4527,8.9425
-2.4198,9.0067
-2.3884,9.0661
-2.3574,9.1257
-2.3257,9.1903
-2.3135,9.1661
-2.2790,9.2467
-2.2483,9.3117
-2.2180,9.3768
-2.1900,9.4322
-2.1644,9.4780
-2.1438,9.4994
-2.1332,9.4699
-2.1068,9.5228
-2.0861,9.5471
-2.0633,9.5835
-2.0408,9.6199
-2.0159,9.6711
-1.9708,9.7519
-1.9376,9.8577
-1.9132,9.9144
-1.8932,9.9465
-1.8749,9.9689
-1.8599,9.9716
-1.8281,9.9886
-1.8088,10.0210
-1.7871,10.0717
-1.7655,10.1241
-1.7483,10.1470
-1.7357,10.1364
-1.7006,10.1910
-1.6838,10.2151
-1.5232,10.4626
-1.5099,10.4667
-1.4963,10.4750
-1.4835,10.4740
-1.4695,10.4877
-1.4548,10.5116

# FrameTime=1781596479.65, PointCount=478
4.6066,18.1691
4.6561,18.2224
4.6377,18.2587
4.6414,18.2847
4.6562,18.3178
4.6666,18.3483
4.7022,18.3949
4.6911,18.4124
4.6155,18.3886
4.6353,18.4256
4.5556,18.3985
4.5446,18.4155
4.5517,18.4444
4.4905,18.4284
4.4695,18.4387
4.4750,18.4666
4.4446,18.4704
4.4168,18.4759
4.4633,18.5318
4.5370,18.6069
4.4116,18.5454
4.4520,18.5980
4.3912,18.5803
4.3043,18.5682
4.3334,18.6135
4.3893,18.6782
4.2331,18.5906
4.2134,18.6008
4.1534,18.5814
4.1864,18.6546
4.2051,18.6932
4.1548,18.6803
4.0934,18.6588
4.0617,18.6593
4.0697,18.6900
4.0752,18.7437
4.1089,18.7949
4.0785,18.7964
4.0294,18.7829
3.9819,18.7704
3.9424,18.7639
3.9537,18.7978
4.1996,19.0212
3.9525,18.8471
3.9904,18.9034
3.9354,18.8838
4.2131,19.1388
3.9219,18.9236
3.8595,18.8970
3.8497,18.9397
3.8728,18.9851
3.9245,19.0553
3.8585,19.0248
3.7664,18.9710
3.7123,18.9495
3.6720,18.9652
3.6779,18.9961
3.6502,18.9972
3.6559,19.0281
3.6393,19.0391
3.6358,19.0620
3.5893,19.0716
3.5799,19.0891
3.5851,19.1202
3.7175,19.2710
3.5752,19.1640
3.4766,19.0970
3.4763,19.1230
3.4179,19.0934
3.4084,19.1104
3.3953,19.1240
3.3642,19.1201
3.3404,19.1230
3.3094,19.1188
3.4680,19.3033
3.2901,19.1523
3.2944,19.1833
3.3125,19.2285
3.2606,19.2025
3.2367,19.2049
3.2024,19.1964
3.1855,19.2058
3.1655,19.2388
3.1725,19.2734
3.3044,19.4412
3.2117,19.3704
3.1264,19.3064
3.1093,19.3154
3.0716,19.3296
3.0443,19.3274
3.0439,19.3547
3.0383,19.3764
3.0144,19.3777
3.0004,19.3901
2.9560,19.3959
2.9289,19.3930
2.8888,19.3749
2.8943,19.4096
2.8770,19.4179
2.8629,19.4298
2.9599,19.5737
2.8283,19.4460
2.8109,19.4540
2.7808,19.4465
2.7793,19.4736
2.7809,19.5046
2.7791,19.5318
2.7663,19.5454
2.7342,19.5647
2.7150,19.5704
2.6912,19.5701
2.6736,19.5776
2.6376,19.5614
2.6170,19.5647
2.6091,19.6148
2.6246,19.6658
2.6414,19.7189
2.6338,19.7401
2.5517,19.6612
2.5517,19.6923
2.5131,19.6710
2.5116,19.7001
2.4746,19.6806
2.4671,19.7015
2.4464,19.7042
2.4459,19.7352
2.4366,19.7540
2.4460,19.7994
2.4293,19.8080
2.3827,19.7735
2.3676,19.7840
2.3411,19.7779
2.3232,19.7842
2.3024,19.7862
2.2844,19.7923
2.2512,19.8085
2.2332,19.8144
2.2152,19.8203
2.1972,19.8261
2.1711,19.8192
2.1639,19.8417
2.1412,19.8739
2.1523,19.9259
2.1420,19.9442
2.1290,19.9582
2.1251,19.9870
2.1067,19.9925
2.0712,20.0053
2.0515,20.0084
2.0331,20.0136
2.0134,20.0167
1.9798,19.9959
1.9565,19.9922
1.9435,20.0430
1.8977,20.0001
1.9042,20.0482
1.8784,20.0399
1.8453,20.0183
1.8853,20.1276
1.8631,20.1257
1.8211,20.1260
1.7907,20.1084
1.7745,20.1171
1.7419,20.0950
1.7468,20.1432
1.7282,20.1474
1.6980,20.1688
1.6817,20.1772
1.6630,20.1812
1.6422,20.1806
1.6056,20.1487
1.6206,20.2194
1.7139,20.4493
1.6140,20.2895
1.5842,20.2707
1.5610,20.2653
1.5314,20.2464
1.5106,20.2453
1.5154,20.2983
1.5103,20.3310
1.5135,20.3819
1.4735,20.3399
1.4577,20.3499
1.4398,20.3553
1.4209,20.3584
1.4040,20.3660
1.4936,20.6134
1.3701,20.3811
1.3552,20.3931
1.3332,20.3890
1.3221,20.4101
1.3080,20.4243
1.2929,20.4362
1.2796,20.4526
1.2490,20.4761
1.2412,20.5063
1.2145,20.4902
1.1972,20.4972
1.1762,20.4948
1.1607,20.5063
1.1297,20.5292
1.1033,20.5127
1.0984,20.5520
1.1083,20.6311
1.0634,20.5652
1.0459,20.5717
1.0040,20.5658
0.9577,20.4923
0.9505,20.5267
0.9131,20.4764
0.9288,20.5767
0.9277,20.6300
0.9294,20.6928
0.9056,20.7406
0.8971,20.7751
0.8664,20.7432
0.8149,20.6469
0.8156,20.7097
0.8023,20.7297
0.8006,20.8507
0.7763,20.8374
0.7462,20.8049
0.6961,20.7053
0.6753,20.7012
0.6830,20.7927
0.7628,21.1316
0.6410,20.7842
0.6587,20.9142
0.6306,20.8859
0.6074,20.8746
0.5943,20.8990
0.5957,20.9764
0.5665,20.9429
0.5419,20.9260
0.5259,20.9406
0.5193,20.9917
0.5111,21.0373
0.4884,21.0277
0.4549,20.9744
0.4386,20.9888
0.3880,20.9446
0.3636,20.9248
0.3721,21.0438
0.3366,20.9774
0.3178,20.9817
0.2991,20.9860
0.2766,21.0627
0.2720,21.1331
0.2469,21.1100
0.2247,21.0994
0.2076,21.1132
0.1884,21.1171
0.1501,21.1249
0.1309,21.1286
0.1108,21.1275
0.0934,21.1409
0.0687,21.1151
0.0504,21.1235
0.0574,21.2725
0.0190,21.1698
0.0168,21.2716
0.0198,21.4078
-0.0112,21.3454
-0.0457,21.2599
-0.0753,21.2009
-0.0979,21.1843
-0.1358,21.1952
-0.1538,21.2080
-0.1703,21.2307
-0.1863,21.2582
-0.1951,21.3382
-0.2149,21.3410
-0.2552,21.3413
-0.2706,21.3786
-0.2906,21.3811
-0.3127,21.3656
-0.3321,21.3729
-0.3474,21.4149
-0.3708,21.3875
-0.3972,21.5192
-0.4205,21.4933
-0.4453,21.4506
-0.4642,21.4657
-0.4853,21.4577
-0.5023,21.4944
-0.5457,21.4649
-0.5659,21.4666
-0.5794,21.5529
-0.5969,21.5943
-0.6211,21.5460
-0.6430,21.5276
-0.6853,21.5054
-0.7051,21.5166
-0.7254,21.5178
-0.7455,21.5240
-0.7659,21.5251
-0.7865,21.5211
-0.7989,21.6951
-0.8273,21.5230
-0.8467,21.5488
-0.8658,21.5845
-0.8830,21.6850
-0.9040,21.6807
-0.9238,21.7213
-0.9436,21.7653
-0.9869,21.7127
-1.0076,21.7281
-1.0286,21.7234
-1.0491,21.7721
-1.0702,21.7823
-1.0913,21.7924
-1.1200,15.1121
-1.1547,21.7638
-1.1762,21.8136
-1.1975,21.8184
-1.2190,21.8331
-1.2407,21.8528
-1.1269,15.1120
-1.2836,21.8619
-1.3053,21.8714
-1.3270,21.8808
-1.3488,21.8901
-1.3708,21.9043
-1.3927,21.9135
-1.4156,21.9464
-1.4362,21.9217
-1.4582,21.9307
-1.4801,21.9347
-1.5020,21.9385
-1.5247,21.9573
-1.5502,22.0208
-1.5751,22.0683
-1.6206,22.0864
-1.6451,22.1197
-1.6651,22.0882
-1.6844,22.0517
-1.7084,22.0749
-1.7354,22.1328
-1.7834,22.1688
-1.8070,22.1807
-1.8293,22.1786
-1.8580,22.2411
-1.8852,22.2844
-1.9068,22.2722
-1.9395,22.3634
-1.9515,22.2624
-1.9729,22.2499
-1.9961,22.2523
-2.0234,22.2893
-2.0491,22.3113
-2.0755,22.3375
-2.1008,22.3544
-2.1492,22.3682
-2.1756,22.3899
-2.2020,22.4114
-2.2286,22.4329
-2.2561,22.4592
-2.2779,22.4464
-2.3234,22.4344
-2.3457,22.4258
-2.3712,22.4368
-2.3976,22.4528
-2.4232,22.4637
-2.4489,22.4745
-2.4980,22.4811
-2.5248,22.4966
-2.5499,22.5022
-2.5760,22.5126
-2.6012,22.5180
-2.6255,22.5184
-2.6556,22.5481
-2.7223,22.6366
-2.7390,22.5976
-2.8044,22.7931
-2.8006,22.6561
-2.8328,22.6901
-2.8567,22.6849
-2.9066,22.6841
-2.9393,22.7176
-2.9846,22.8045
-3.0316,22.8963
-3.0596,22.9049
-3.0806,22.8845
-3.1512,23.0682
-3.1283,22.8678
-3.1539,22.8665
-3.2003,22.9475
-3.2399,22.9993
-3.2811,23.0561
-3.2972,23.0158
-3.3349,23.0575
-3.3636,23.0648
-3.3637,22.9665
-3.3963,22.9887
-3.4964,23.2518
-3.5260,23.2591
-3.5763,23.3384
-3.6171,23.3829
-3.6563,23.3247
-3.6706,23.2787
-3.6977,23.2758
-3.7117,23.2298
-3.7651,23.3127
-3.8205,23.4000
-3.8559,23.3313
-3.8710,23.2898
-3.9105,23.3243
-3.9643,23.4013
-4.0044,23.4353
-4.0480,23.4787
-4.0634,23.4379
-4.1020,23.4657
-4.1315,23.4662
-4.1642,23.4760
-4.2219,23.5563
-4.2990,23.6896
-4.3225,23.6706
-4.3612,23.6938
-4.3841,23.6732
-4.4184,23.6836
-4.4644,23.7252
-4.4785,23.6809
-4.4894,23.6287
-4.5214,23.6326
-4.5607,23.6549
-4.6970,23.8450
-4.7372,23.8668
-4.7887,23.9162
-4.8405,23.9655
-4.5627,5.4572
-4.4986,5.5455
-4.4094,5.6194
-4.3130,5.8025
-4.2111,6.0051
-4.1518,6.0902
-4.1062,6.1378
-3.9594,6.3992
-2.5499,8.7697
-2.5170,8.8286
-2.4754,8.9265
-2.4412,8.9954
-2.3947,9.0412
-2.3637,9.1008
-2.3340,9.1556
-2.3026,9.2204
-2.2716,9.2852
-2.2248,9.3469
-2.1948,9.4121
-2.1691,9.4579
-2.1456,9.4939
-2.1242,9.5203
-2.1039,9.5418
-2.0678,9.5633
-2.0452,9.5997
-2.0215,9.6435
-1.9943,9.7097
-1.9582,9.8301
-1.9302,9.9064
-1.8965,9.9312
-1.8758,9.9683
-1.8615,9.9661
-1.8447,9.9803
-1.8260,10.0077
-1.8041,10.0584
-1.7670,10.1186
-1.7498,10.1415
-1.7354,10.1445
-1.7164,10.1823
-1.7015,10.1904
-1.6854,10.2085
-1.6606,10.1854
-1.5240,10.4624
-1.5108,10.4656
-1.4957,10.4898
-1.4831,10.4882
-1.4707,10.4822
-1.4552,10.5160
-1.4460,10.4702

# FrameTime=1781596479.74, PointCount=476
4.6024,18.1689
4.6519,18.2222
4.6527,18.2464
4.6400,18.2862
4.6223,18.2991
4.6624,18.3481
4.7022,18.3974
4.6954,18.4175
4.6240,18.3964
4.5557,18.4009
4.5489,18.4207
4.5503,18.4459
4.4989,18.4364
4.4779,18.4467
4.4709,18.4662
4.4045,18.4699
4.4716,18.5399
4.5329,18.6065
4.4364,18.5649
4.4685,18.6118
4.3831,18.5770
4.2962,18.5649
4.3376,18.6188
4.4057,18.6923
4.2372,18.5960
4.2216,18.6091
4.1575,18.5868
4.1982,18.6411
4.2172,18.7045
4.1588,18.6858
4.0895,18.6583
4.0577,18.6588
4.0618,18.6864
4.0833,18.7275
4.1089,18.7973
4.0967,18.8130
4.0193,18.7773
3.9898,18.7790
3.9386,18.7632
3.9538,18.8002
3.9487,18.8463
3.9944,18.9089
3.9239,18.8767
4.2248,19.1508
3.9220,18.9260
3.8519,18.8930
3.8509,18.9176
4.2285,19.2630
3.8729,18.9875
3.9245,19.0578
3.8511,19.0207
3.7627,18.9701
3.7124,18.9519
3.7619,19.0210
3.6720,18.9676
3.6742,18.9952
3.6577,19.0062
3.6523,19.0272
3.6357,19.0382
3.6396,19.0678
3.5950,19.0531
3.5690,19.0813
3.5706,19.1090
3.7067,19.2632
3.5899,19.1802
3.4912,19.1132
3.4347,19.0856
3.4049,19.1094
3.3989,19.1299
3.3643,19.1225
3.3404,19.1254
3.3095,19.1212
3.2999,19.1380
3.2909,19.1822
3.3056,19.2238
3.2676,19.2121
3.2298,19.2002
3.1955,19.1917
3.1891,19.2118
3.1756,19.2247
3.2103,19.3157
3.2854,19.4233
3.2186,19.3801
3.1197,19.3015
3.1127,19.3215
3.0854,19.3195
3.0478,19.3335
3.0473,19.3608
3.0417,19.3826
3.0145,19.3801
2.9972,19.3888
2.9766,19.3936
2.9289,19.3955
2.8888,19.3773
2.8879,19.4045
2.8771,19.4203
2.8695,19.4399
2.8650,19.4633
2.8142,19.4602
2.7777,19.4451
2.7826,19.4799
2.7778,19.5032
2.7760,19.5304
2.7695,19.5517
2.7519,19.5595
2.7389,19.5730
2.7058,19.5611
2.6913,19.5725
2.6706,19.5761
2.6407,19.5677
2.6170,19.5671
2.6208,19.6021
2.6277,19.6722
2.6354,19.7133
2.6339,19.7425
2.5518,19.6636
2.5488,19.6907
2.5191,19.6815
2.4747,19.6830
2.4613,19.6959
2.4435,19.7025
2.4315,19.7173
2.4223,19.7361
2.4432,19.7977
2.3686,19.7554
2.3478,19.7576
2.3440,19.7845
2.3176,19.7784
2.3109,19.8010
2.3040,19.8237
2.2721,19.8091
2.2388,19.8252
2.2153,19.8227
2.1973,19.8285
2.1793,19.8342
2.1748,19.8609
2.1540,19.8623
2.1524,19.9284
2.1236,19.9170
2.0975,19.9097
2.1304,19.9980
2.1068,19.9949
2.0845,19.9939
2.0477,20.0045
2.0306,20.0118
2.0135,20.0191
1.9900,20.0155
1.9590,19.9990
1.9645,20.0449
1.9136,19.9934
1.9934,20.1695
1.8968,20.0376
1.8833,20.0510
1.8454,20.0207
1.8757,20.1126
1.8656,20.1325
1.8398,20.1239
1.7884,20.1065
1.7722,20.1152
1.7443,20.1018
1.7399,20.1324
1.7283,20.1498
1.7167,20.1672
1.6863,20.1885
1.6631,20.1836
1.6422,20.1830
1.6147,20.1690
1.6206,20.2218
1.6263,20.2747
1.5908,20.2866
1.5720,20.2902
1.5293,20.2443
1.5106,20.2477
1.5154,20.3007
1.5083,20.3289
1.4715,20.3378
1.4599,20.3569
1.4358,20.3487
1.4251,20.3700
1.4020,20.3639
1.3831,20.3669
1.4236,20.5047
1.3532,20.3909
1.3372,20.4006
1.3232,20.4149
1.3101,20.4313
1.2968,20.4478
1.2835,20.4642
1.2721,20.4852
1.2470,20.5226
1.2165,20.4973
1.1973,20.4996
1.1708,20.4834
1.1590,20.5041
1.1526,20.5388
1.1070,20.5244
1.0949,20.5451
1.1084,20.6336
1.0635,20.5676
1.0529,20.5928
1.0216,20.5618
1.0254,20.6270
0.9595,20.4994
0.9388,20.4962
0.9132,20.4788
0.9405,20.6121
0.9294,20.6372
0.9230,20.6763
0.9197,20.7250
0.8956,20.7728
0.8712,20.7599
0.8166,20.6541
0.8111,20.6979
0.8039,20.7369
0.8115,20.8236
0.7675,20.8112
0.7493,20.8168
0.6976,20.7125
0.6725,20.6941
0.6887,20.8143
0.6522,20.7574
0.6823,20.9284
0.6574,20.9119
0.6265,20.8739
0.6089,20.8818
0.5931,20.8966
0.5865,20.9451
0.5645,20.9378
0.5544,20.9745
0.5260,20.9430
0.5219,21.0038
0.5106,21.0377
0.4910,21.0398
0.4623,21.0059
0.4387,20.9912
0.4103,20.9570
0.3625,20.9224
0.3554,20.9754
0.3378,20.9847
0.3168,20.9793
0.2970,20.9787
0.2935,21.0511
0.2902,21.1265
0.2725,21.1376
0.2501,21.1271
0.2227,21.0921
0.2077,21.1156
0.1885,21.1196
0.1694,21.1235
0.1624,21.1890
0.1310,21.1311
0.1118,21.1348
0.0944,21.1483
0.0706,21.1273
0.0469,21.1063
0.0375,21.1639
0.0321,21.2460
0.0149,21.3807
-0.0178,21.3083
-0.0456,21.2623
-0.0736,21.2132
-0.0962,21.1966
-0.1164,21.1947
-0.1552,21.2006
-0.1710,21.2282
-0.1876,21.2507
-0.1950,21.3406
-0.2148,21.3434
-0.2353,21.3411
-0.2532,21.3586
-0.2905,21.3835
-0.3133,21.3630
-0.3320,21.3754
-0.3468,21.4223
-0.3612,21.4742
-0.3773,21.5145
-0.4204,21.4957
-0.4492,21.4133
-0.4631,21.4781
-0.4857,21.4552
-0.5052,21.4638
-0.5268,21.4507
-0.5663,21.4641
-0.5825,21.5155
-0.5972,21.5917
-0.6225,21.5285
-0.6436,21.5200
-0.6659,21.4915
-0.6843,21.5228
-0.7253,21.5203
-0.7452,21.5314
-0.7658,21.5275
-0.7857,21.5385
-0.8071,21.5195
-0.8266,21.5404
-0.8659,21.5819
-0.8834,21.6725
-0.9039,21.6831
-0.9245,21.6937
-0.9433,21.7777
-0.9654,21.7347
-1.0076,21.7255
-1.0285,21.7308
-1.0490,21.7795
-1.0701,21.7797
-1.0913,21.7898
-1.1125,21.7414
-1.1337,21.8349
-1.1546,21.7663
-1.1760,21.7961
-1.1974,21.8159
-1.1245,15.1145
-1.2406,21.8552
-1.2627,21.8947
-1.1280,15.1144
-1.3268,21.8782
-1.3476,21.8576
-1.3698,21.8818
-1.3920,21.9010
-1.4141,21.9151
-1.4366,21.9341
-1.4795,21.9271
-1.5029,21.9609
-1.5243,21.9547
-1.5504,22.0283
-1.5745,22.0618
-1.5974,22.0743
-1.6306,22.2374
-1.6425,22.0873
-1.6741,22.2143
-1.6851,22.0641
-1.7071,22.0624
-1.7345,22.1253
-1.7605,22.1682
-1.7863,22.2051
-1.8102,22.2189
-1.8297,22.1860
-1.8535,22.1988
-1.8835,22.2712
-1.9077,22.2845
-1.9299,22.2772
-1.9503,22.2549
-1.9960,22.2547
-2.0221,22.2818
-2.0484,22.3088
-2.0742,22.3307
-2.0977,22.3328
-2.1257,22.3694
-2.1748,22.3873
-2.2013,22.4089
-2.2278,22.4304
-2.2553,22.4567
-2.2793,22.4587
-2.2987,22.4305
-2.3425,22.5597
-2.3472,22.4381
-2.3695,22.4294
-2.3967,22.4503
-2.4223,22.4612
-2.4489,22.4769
-2.4747,22.4876
-2.5005,22.4983
-2.5498,22.5046
-2.5759,22.5150
-2.6002,22.5155
-2.6216,22.5012
-2.6517,22.5310
-2.6985,22.6438
-2.7339,22.5755
-2.8095,22.8200
-2.7995,22.6536
-2.8348,22.7022
-2.8587,22.6971
-2.8826,22.6918
-2.9361,22.8181
-2.9348,22.7006
-2.9711,22.7486
-3.0133,22.8208
-3.0584,22.9027
-3.0793,22.8821
-3.1014,22.8665
-3.1294,22.8750
-3.1990,22.9451
-3.2348,22.9824
-3.2771,23.0436
-3.2984,23.0230
-3.3258,23.0261
-3.3389,22.9757
-3.3936,22.9815
-3.4937,23.2446
-3.5260,23.2615
-3.5639,23.2975
-3.6228,23.4054
-3.6178,23.2915
-3.6833,23.4190
-3.6720,23.2859
-3.6947,23.2687
-3.7130,23.2370
-3.7577,23.2913
-3.7908,23.3071
-3.8225,23.3181
-3.9288,23.5634
-3.8846,23.3350
-3.8965,23.2840
-3.9486,23.3562
-3.9886,23.3904
-4.0305,23.4291
-4.0633,23.4403
-4.1036,23.4729
-4.1592,23.4642
-4.2285,23.5776
-4.2939,23.6779
-4.3207,23.6683
-4.3589,23.6901
-4.3977,23.7132
-4.4321,23.7236
-4.4644,23.6459
-4.4840,23.6171
-4.5214,23.6350
-4.5624,23.6620
-4.6605,23.8349
-4.7097,23.8800
-4.7868,23.9140
-4.8330,23.9494
-4.9110,23.9824
-4.9645,23.9549
-4.5521,5.4878
-4.4606,5.5660
-4.3992,5.6500
-4.2961,5.8520
-4.2044,6.0263
-4.1435,6.1162
-2.5794,8.7279
-2.5451,8.7915
-2.5123,8.8504
-2.4523,8.9492
-2.4206,9.0085
-2.3903,9.0631
-2.3593,9.1227
-2.3286,9.1824
-2.2973,9.2472
-2.2873,9.2131
-2.2511,9.3038
-2.2197,9.3738
-2.1908,9.4341
-2.1651,9.4799
-2.1436,9.5062
-2.1232,9.5276
-2.1108,9.5079
-2.0865,9.5512
-2.0650,9.5804
-2.0425,9.6168
-2.0193,9.6582
-1.9856,9.7613
-1.9522,9.8670
-1.9496,9.7928
-1.9148,9.9113
-1.8924,9.9583
-1.8765,9.9658
-1.8607,9.9734
-1.8431,9.9926
-1.8247,10.0185
-1.8103,10.0179
-1.7879,10.0736
-1.7656,10.1310
-1.7497,10.1439
-1.7360,10.1420
-1.7150,10.1946
-1.7014,10.1929
-1.6839,10.2219
-1.5225,10.4794
-1.5112,10.4631
-1.4961,10.4873
-1.4830,10.4907
-1.4703,10.4896
-1.4551,10.5185

# FrameTime=1781596479.84, PointCount=477
4.6252,18.1768
4.6320,18.2044
4.6584,18.2440
4.6478,18.2613
4.6430,18.2822
4.7115,18.3486
4.6427,18.3299
4.6869,18.3817
4.7054,18.4178
4.6677,18.4182
4.5808,18.3869
4.5699,18.4040
4.5672,18.4265
4.5297,18.4505
4.4837,18.4443
4.4767,18.4639
4.4697,18.4834
4.5013,18.5292
4.5105,18.5600
4.5121,18.6107
4.5360,18.6523
4.3971,18.5805
4.3421,18.5665
4.3306,18.5828
4.4519,18.6937
4.2917,18.6288
4.2476,18.6215
4.1754,18.5934
4.1719,18.6152
4.3515,18.7725
4.1725,18.6647
4.1233,18.6771
4.0835,18.6717
4.0637,18.6812
4.0931,18.7284
4.1349,18.7855
4.1030,18.7859
4.0412,18.7628
4.0114,18.7893
3.9523,18.7673
3.9558,18.7950
3.9552,18.8196
3.9779,18.8631
3.9655,18.8784
4.0215,18.9756
3.9741,18.9623
3.8809,18.9102
3.8453,18.9058
3.9145,18.9898
3.9093,19.0113
3.8835,19.0414
3.8027,18.9975
3.7334,18.9630
3.6944,18.9544
3.6967,18.9821
3.6839,18.9965
3.7776,19.1060
3.6397,19.0085
3.6232,19.0194
3.6382,19.0590
3.6047,19.0545
3.5807,19.0585
3.5824,19.0861
3.7029,19.2248
3.6800,19.2304
3.6868,19.2639
3.5390,19.1510
3.4515,19.0940
3.4096,19.0800
3.4325,19.1283
3.3799,19.1036
3.3571,19.1340
3.3297,19.1333
3.3094,19.1396
3.3068,19.1635
3.3005,19.1838
3.3116,19.2219
3.2463,19.2090
3.2016,19.1898
3.1986,19.2135
3.1817,19.2229
3.2026,19.2719
3.2095,19.3066
3.2832,19.4126
3.1394,19.3143
3.1154,19.3160
3.0983,19.3250
3.0710,19.3228
3.0539,19.3317
3.0568,19.3627
3.0545,19.3882
3.0339,19.3932
3.0099,19.3944
2.9860,19.3955
2.9523,19.3853
2.9121,19.3673
2.9047,19.3869
2.8832,19.4185
2.8691,19.4305
2.8743,19.4653
2.8345,19.4467
2.8043,19.4393
2.7966,19.4587
2.7713,19.4860
2.7759,19.5209
2.7709,19.5442
2.7580,19.5578
2.7327,19.5557
2.7182,19.5672
2.7114,19.5885
2.6829,19.5823
2.6592,19.5818
2.6263,19.5694
2.6209,19.5925
2.6396,19.6473
2.6611,19.7063
2.6552,19.7296
2.6087,19.7301
2.5461,19.6770
2.5372,19.6960
2.5016,19.6787
2.4839,19.6854
2.4646,19.6902
2.4377,19.7157
2.4430,19.7548
2.4537,19.8022
2.4099,19.7720
2.3891,19.7743
2.3626,19.7684
2.3799,19.8261
2.3239,19.7768
2.3171,19.7995
2.3186,19.8346
2.2839,19.8158
2.2631,19.8177
2.2396,19.8153
2.2695,19.8942
2.2036,19.8270
2.1883,19.8369
2.1756,19.8510
2.1683,19.8734
2.1689,19.9086
2.1481,19.9099
2.1842,20.0023
2.1143,19.9252
2.1013,19.9391
2.1131,19.9934
2.0973,20.0031
2.0699,19.9935
2.0502,19.9965
2.0292,19.9974
2.0014,20.0227
1.9654,19.9975
1.9696,20.0413
1.9274,20.0050
1.8942,19.9837
1.9081,20.0449
1.8639,20.0411
1.8480,20.0500
1.8816,20.1486
1.8894,20.2013
1.8347,20.1402
1.7900,20.0963
1.7786,20.1138
1.7322,20.1046
1.7347,20.1484
1.7231,20.1658
1.7136,20.1876
1.6904,20.1827
1.6718,20.1867
1.6188,20.1632
1.6025,20.1713
1.6128,20.2332
1.6205,20.2906
1.5907,20.2719
1.5632,20.2575
1.5214,20.2554
1.5112,20.2768
1.5147,20.3276
1.5000,20.3400
1.4779,20.3365
1.4611,20.3443
1.4557,20.3770
1.4171,20.3369
1.4044,20.3535
1.3916,20.3702
1.3767,20.3823
1.3617,20.3943
1.3457,20.4040
1.3336,20.4228
1.3014,20.4420
1.2862,20.4538
1.2728,20.4702
1.2585,20.4843
1.2365,20.4798
1.2173,20.4822
1.1791,20.4868
1.1581,20.4844
1.1463,20.5051
1.1254,20.5026
1.1206,20.5419
1.1156,20.5812
1.0735,20.5758
1.0612,20.5964
1.0212,20.5420
0.9884,20.5061
0.9609,20.4842
0.9352,20.4669
1.0256,20.7769
0.9487,20.6158
0.9474,20.6691
0.9166,20.6375
0.9246,20.7192
0.9171,20.7562
0.9038,20.7765
0.8668,20.7256
0.8038,20.6541
0.8028,20.7121
0.7984,20.7607
0.7938,20.8092
0.7815,20.8340
0.7397,20.7633
0.6805,20.6978
0.6768,20.7510
0.6573,20.7516
0.6770,20.8863
0.6461,20.8485
0.6380,20.8900
0.6155,20.8808
0.5871,20.9221
0.5803,20.9706
0.5473,20.9226
0.5390,20.9662
0.5273,20.9980
0.5178,21.0388
0.4641,20.9856
0.4453,20.9903
0.4241,20.9852
0.3901,20.9267
0.3808,20.9701
0.3667,20.9940
0.3246,20.9833
0.3036,20.9778
0.3001,21.0503
0.2930,21.1081
0.2766,21.1249
0.2506,21.0969
0.2403,21.1429
0.2154,21.1197
0.1952,21.1187
0.1761,21.1226
0.1579,21.1314
0.1387,21.1352
0.1176,21.1291
0.1011,21.1475
0.0545,21.1105
0.0416,21.1483
0.0276,21.1813
0.0322,21.3224
0.0180,21.3585
-0.0176,21.2681
-0.0593,21.2598
-0.0903,21.1909
-0.1104,21.1890
-0.1290,21.1969
-0.1455,21.2196
-0.1621,21.2423
-0.1677,21.3421
-0.1963,21.2825
-0.2074,21.3476
-0.2272,21.3503
-0.2484,21.3430
-0.2625,21.3902
-0.2853,21.3698
-0.3071,21.3574
-0.3440,21.3870
-0.3623,21.4041
-0.3743,21.4790
-0.3924,21.5011
-0.4192,21.4404
-0.4364,21.4723
-0.4789,21.4546
-0.4981,21.4664
-0.5126,21.5329
-0.5388,21.4668
-0.5557,21.5083
-0.5709,21.5746
-0.5870,21.6344
-0.6160,21.5230
-0.6322,21.5842
-0.6561,21.5358
-0.6771,21.5272
-0.6975,21.5285
-0.7182,21.5247
-0.7386,21.5259
-0.7794,21.5280
-0.8002,21.5190
-0.8201,21.5299
-0.8393,21.5607
-0.8574,21.6264
-0.8757,21.6970
-0.9183,21.6683
-0.9368,21.7623
-0.9579,21.7592
-0.9800,21.7098
-1.0006,21.7301
-1.0206,21.8003
-1.0421,21.7741
-1.0624,21.8906
-1.0843,21.7894
-1.1056,21.7360
-1.1266,21.7660
-1.1477,21.7559
-1.1697,21.8843
-1.1915,21.9141
-1.1199,15.1141
-1.2333,21.8349
-1.2554,21.8744
-1.2770,21.8840
-1.2982,21.8735
-1.3196,21.8729
-1.3414,21.8822
-1.3850,21.9007
-1.4076,21.9248
-1.4296,21.9339
-1.4514,21.9379
-1.4743,21.9618
-1.4944,21.9307
-1.5245,22.0831
-1.5414,21.9931
-1.5650,22.0217
-1.5897,22.0641
-1.6118,22.0637
-1.6433,22.1967
-1.6587,22.1004
-1.1439,15.1130
-1.6977,22.0323
-1.7258,22.1052
-1.7513,22.1431
-1.7780,22.1909
-1.8007,22.1930
-1.8226,22.1859
-1.8523,22.2584
-1.8986,22.2646
-1.9238,22.2870
-1.9459,22.2796
-1.9652,22.2473
-1.9912,22.2745
-2.0180,22.3065
-2.0460,22.3477
-2.0671,22.3307
-2.0893,22.3228
-2.1120,22.3199
-2.1420,22.3706
-2.1677,22.3873
-2.1955,22.4188
-2.2228,22.4452
-2.2662,22.4192
-2.2855,22.3910
-2.3138,22.4220
-2.3408,22.4430
-2.3655,22.4492
-2.3911,22.4602
-2.4400,22.4671
-2.4658,22.4779
-2.4916,22.4885
-2.5184,22.5040
-2.5435,22.5096
-2.5696,22.5200
-2.6173,22.5160
-2.6377,22.4968
-2.6815,22.5950
-2.7120,22.6246
-2.7578,22.7273
-2.7787,22.7077
-2.8016,22.6978
-2.8494,22.6875
-2.8700,22.6677
-2.9003,22.6916
-2.9353,22.7349
-2.9784,22.8121
-3.0265,22.9088
-3.0650,22.8533
-3.0929,22.8619
-3.1221,22.8753
-3.1550,22.9032
-3.1978,22.9697
-3.2361,23.0166
-3.2699,23.0444
-3.3061,23.0810
-3.3146,23.0120
-3.3432,23.0195
-3.3549,22.9646
-3.3982,23.0252
-3.4943,23.2740
-3.5239,23.2812
-3.5713,23.3500
-3.6015,23.3579
-3.6271,23.3495
-3.6388,23.2941
-3.6560,23.2577
-3.6916,23.2835
-3.7041,23.2328
-3.7833,23.3077
-3.8300,23.3663
-3.8589,23.3676
-3.8573,23.2738
-3.9137,23.3605
-3.9567,23.4043
-3.9976,23.3539
-4.0506,23.4257
-4.0867,23.4463
-4.1255,23.4740
-4.1861,23.5639
-4.2424,23.6395
-4.2947,23.7021
-4.3193,23.6864
-4.3445,23.6720
-4.3730,23.6670
-4.4176,23.7056
-4.4457,23.6988
-4.4533,23.6373
-4.4835,23.6366
-4.5459,23.6395
-4.6655,23.8683
-4.7002,23.8762
-4.7442,23.9073
-4.7939,23.9521
-4.5665,5.4464
-4.5041,5.5299
-4.4422,5.6137
-4.3402,5.7257
-4.2229,5.9705
-4.1552,6.0791
-4.1013,6.1503
-3.9787,6.3407
-2.5473,8.7722
-2.5156,8.8262
-2.4751,8.9193
-2.4420,8.9834
-2.3932,9.0388
-2.3621,9.0984
-2.3314,9.1581
-2.2999,9.2228
-2.2689,9.2877
-2.2383,9.3527
-2.1911,9.4194
-2.1654,9.4652
-2.1428,9.4963
-2.1214,9.5227
-2.1002,9.5491
-2.0801,9.5707
-2.0429,9.5994
-2.0174,9.6532
-1.9880,9.7317
-1.9553,9.8324
-1.9273,9.9087
-1.9079,9.9359
-1.8729,9.9706
-1.8578,9.9733
-1.8402,9.9925
-1.8218,10.0183
-1.8038,10.0424
-1.7779,10.1229
-1.7461,10.1487
-1.7324,10.1468
-1.7127,10.1895
-1.6978,10.1976
-1.6817,10.2157
-1.6706,10.1942
-1.5214,10.4596
-1.5072,10.4733
-1.4931,10.4870
-1.4799,10.4904
-1.4689,10.4694
-1.4529,10.5082
-1.4410,10.4973

# FrameTime=1781596479.94, PointCount=478
4.6137,18.1676
4.6659,18.2226
4.6449,18.2572
4.6358,18.2754
4.6336,18.2979
4.6737,18.3469
4.7136,18.3961
4.7025,18.4136
4.6074,18.4016
4.5586,18.3944
4.5518,18.4141
4.5532,18.4393
4.4977,18.4270
4.4851,18.4428
4.4822,18.4652
4.4435,18.4635
4.4405,18.4857
4.4747,18.5332
4.5442,18.6055
4.4148,18.5412
4.4552,18.5938
4.3985,18.5790
4.4579,18.6453
4.3075,18.5640
4.3407,18.6121
4.3925,18.6739
4.2404,18.5893
4.2207,18.5995
4.4174,18.7675
4.1571,18.6019
4.1937,18.6533
4.2059,18.6870
4.1620,18.6791
4.1007,18.6576
4.0729,18.6611
4.0690,18.6827
4.0746,18.7364
4.1162,18.7936
4.0819,18.7920
4.0344,18.7798
3.9892,18.7691
3.9536,18.7657
3.9449,18.8086
3.9637,18.8490
4.0017,18.9053
3.9389,18.8794
4.2052,19.1248
3.9216,18.9160
3.8592,18.8894
4.1998,19.2014
3.8608,18.9418
4.0132,19.0972
3.9243,19.0476
3.8508,19.0105
3.7663,18.9633
3.7235,18.9516
3.6756,18.9607
3.6853,18.9950
3.6539,18.9927
3.6596,19.0237
3.6467,19.0380
3.6506,19.0676
3.5967,19.0705
3.5874,19.0880
3.5962,19.1225
3.7250,19.2699
3.5754,19.1561
3.4840,19.0960
3.4837,19.1220
3.4254,19.0923
3.4194,19.1129
3.3920,19.1125
3.3681,19.1155
3.3478,19.1220
3.3169,19.1178
3.4790,19.3057
3.2940,19.1478
3.2983,19.1787
3.3130,19.2204
3.2785,19.2123
3.2407,19.2004
3.2064,19.1919
3.3022,19.3183
3.1830,19.2213
3.1902,19.2559
3.1937,19.2869
3.3187,19.4475
3.2158,19.3658
3.1237,19.2945
3.1202,19.3182
3.0723,19.3213
3.0552,19.3302
3.0581,19.3612
3.0458,19.3755
3.0219,19.3768
3.0080,19.3892
2.9668,19.3988
2.9429,19.3997
2.9028,19.3816
2.8986,19.4050
2.8813,19.4132
2.8672,19.4252
2.9739,19.5804
2.8326,19.4413
2.8121,19.4455
2.7852,19.4418
2.7869,19.4728
2.7853,19.4999
2.7835,19.5271
2.7738,19.5446
2.7734,19.5738
2.7371,19.5581
2.7195,19.5657
2.6957,19.5654
2.6812,19.5768
2.6421,19.5567
2.6246,19.5639
2.6137,19.6101
2.6322,19.6650
2.6460,19.7141
2.6415,19.7393
2.5593,19.6604
2.5564,19.6875
2.5237,19.6743
2.5222,19.7034
2.4852,19.6839
2.4689,19.6927
2.4511,19.6994
2.4536,19.7345
2.4414,19.7492
2.4537,19.7987
2.4399,19.8114
2.3904,19.7728
2.3753,19.7833
2.3488,19.7773
2.3308,19.7835
2.3128,19.7897
2.2949,19.7958
2.2617,19.8120
2.2436,19.8179
2.2229,19.8196
2.2022,19.8213
2.1815,19.8228
2.1716,19.8411
2.1489,19.8733
2.1547,19.9169
2.1497,19.9436
2.1446,19.9703
2.1328,19.9864
2.1144,19.9919
2.0764,20.0005
2.0567,20.0036
2.0408,20.0131
2.0212,20.0161
1.9952,20.0083
1.9667,19.9960
1.9487,20.0381
1.9030,19.9952
1.9094,20.0434
1.8861,20.0394
1.8506,20.0135
1.8907,20.1228
1.8757,20.1340
1.8385,20.1430
1.8127,20.1343
1.7918,20.1343
1.7544,20.1033
1.7523,20.1384
1.7384,20.1513
1.7104,20.1772
1.6895,20.1768
1.6686,20.1763
1.6500,20.1801
1.6156,20.1527
1.6284,20.2190
1.7196,20.4443
1.6218,20.2891
1.5920,20.2703
1.5688,20.2649
1.5371,20.2415
1.5205,20.2494
1.5253,20.3024
1.5182,20.3306
1.5214,20.3815
1.4835,20.3440
1.4656,20.3495
1.4477,20.3550
1.4287,20.3581
1.4098,20.3611
1.3929,20.3687
1.3610,20.3882
1.3450,20.3979
1.3310,20.4121
1.3159,20.4240
1.3027,20.4405
1.2894,20.4569
1.2866,20.4987
1.2588,20.4804
1.2510,20.5106
1.2224,20.4899
1.2051,20.4969
1.1767,20.4760
1.1687,20.5061
1.1723,20.5665
1.1430,20.5430
1.1130,20.5171
1.1045,20.5471
1.1180,20.6356
1.0678,20.5556
1.0504,20.5621
1.0665,20.6601
1.0034,20.5421
0.9622,20.4827
0.9382,20.4701
0.9426,20.5374
0.9517,20.6189
0.9454,20.6581
0.9374,20.6926
0.9136,20.7405
0.9019,20.7655
0.8791,20.7573
0.8260,20.6563
0.8205,20.7001
0.8102,20.7296
0.8071,20.8458
0.7814,20.8277
0.7543,20.8048
0.7026,20.7005
0.6818,20.6963
0.6782,20.7495
0.6700,20.7884
0.6730,20.9361
0.6372,20.8811
0.6155,20.8745
0.6010,20.8941
0.5945,20.9426
0.5699,20.9257
0.5365,20.9502
0.5299,21.0013
0.5217,21.0470
0.4978,21.0325
0.4630,20.9744
0.4503,21.0033
0.3996,20.9592
0.3716,20.9249
0.3813,21.0487
0.3447,20.9774
0.3259,20.9818
0.3072,20.9860
0.3048,21.0634
0.2795,21.1303
0.2582,21.1247
0.2328,21.0995
0.2167,21.1181
0.1976,21.1221
0.1774,21.1211
0.1390,21.1287
0.1189,21.1276
0.1025,21.1460
0.0768,21.1152
0.0586,21.1237
0.0465,21.1665
0.0207,21.2471
0.0264,21.3981
-0.0047,21.3356
-0.0375,21.2600
-0.0664,21.2060
-0.0897,21.1845
-0.0856,21.3386
-0.1292,21.1856
-0.1449,21.2132
-0.1622,21.2309
-0.1788,21.2535
-0.1869,21.3384
-0.2074,21.3362
-0.2272,21.3389
-0.2624,21.3788
-0.2830,21.3764
-0.3051,21.3609
-0.3238,21.3732
-0.3380,21.4251
-0.3637,21.3778
-0.3691,21.5123
-0.4133,21.4836
-0.4375,21.4459
-0.4559,21.4660
-0.4771,21.4580
-0.4931,21.5047
-0.5095,21.5513
-0.5379,21.4603
-0.5480,21.5847
-0.5712,21.5532
-0.5890,21.5897
-0.6139,21.5314
-0.6350,21.5230
-0.6574,21.4945
-0.6965,21.5220
-0.7172,21.5182
-0.7370,21.5294
-0.7576,21.5255
-0.7778,21.5315
-0.7986,21.5225
-0.8386,21.5442
-0.8577,21.5799
-0.8749,21.6805
-0.8955,21.6862
-0.9159,21.7067
-0.9352,21.7707
-0.9556,21.8012
-0.9784,21.7232
-0.9992,21.7286
-1.0204,21.7189
-1.0408,21.7726
-1.0619,21.7778
-1.0830,21.7929
-1.1042,21.7445
-1.1463,21.7494
-1.1678,21.8042
-1.1891,21.8140
-1.1186,15.1175
-1.2324,21.8583
-1.2546,21.9029
-1.1220,15.1125
-1.2973,21.8869
-1.3187,21.8863
-1.3400,21.8807
-1.3618,21.8900
-1.3841,21.9092
-1.4062,21.9233
-1.4498,21.9314
-1.4717,21.9353
-1.4943,21.9541
-1.5160,21.9530
-1.5421,22.0265
-1.5673,22.0789
-1.5890,22.0726
-1.6345,22.0906
-1.6555,22.0740
-1.6748,22.0375
-1.6991,22.0657
-1.7261,22.1236
-1.7526,22.1715
-1.8003,22.2014
-1.8213,22.1844
-1.8466,22.2121
-1.8781,22.3001
-1.8993,22.2829
-1.9209,22.2706
-1.9644,22.2507
-1.9876,22.2531
-2.0143,22.2851
-2.0399,22.3072
-2.0658,22.3291
-2.0917,22.3510
-2.1178,22.3722
-2.1670,22.3908
-2.1928,22.4074
-2.2186,22.4239
-2.2461,22.4502
-2.2671,22.4325
-2.2894,22.4241
-2.3379,22.4317
-2.3634,22.4427
-2.3890,22.4537
-2.4146,22.4646
-2.4404,22.4755
-2.4662,22.4862
-2.5199,22.6540
-2.5162,22.4976
-2.5422,22.5081
-2.5701,22.5283
-2.5926,22.5190
-2.6140,22.5047
-2.6450,22.5394
-2.6968,22.6768
-2.7243,22.5693
-2.8029,22.8284
-2.7920,22.6572
-2.8284,22.7107
-2.8491,22.6909
-2.8751,22.6954
-2.9273,22.7042
-2.9669,22.7668
-3.0070,22.8293
-3.0497,22.9015
-3.0718,22.8857
-3.0951,22.8750
-3.1451,22.8678
-3.1928,22.9536
-3.2261,22.9812
-3.2709,23.0522
-3.2909,23.0267
-3.3235,23.0491
-3.4043,23.2501
-3.3562,22.9727
-3.3849,22.9803
-3.4862,23.2484
-3.5145,23.2508
-3.5565,23.3013
-3.6154,23.4092
-3.6062,23.2809
-3.6632,23.2849
-3.6888,23.2772
-3.7043,23.2360
-3.7548,23.3093
-3.8042,23.3777
-3.8212,23.3410
-3.8758,23.3341
-3.8878,23.2830
-3.9523,23.3933
-3.9814,23.3942
-4.0232,23.4329
-4.0545,23.4394
-4.1128,23.5252
-4.1225,23.4677
-4.1520,23.4681
-4.2196,23.5767
-4.2866,23.6818
-4.3084,23.6581
-4.3483,23.6846
-4.3928,23.7233
-4.4554,23.7269
-4.4712,23.6872
-4.4787,23.6257
-4.5107,23.6296
-4.5553,23.6660
-4.6533,23.8388
-4.7300,23.8732
-4.7796,23.9180
-4.8296,23.9627
-4.9574,23.9589
-4.5200,5.4815
-4.4563,5.5699
-4.3948,5.6540
-4.2984,5.8371
-4.1999,6.0302
-4.1422,6.1106
-2.5650,8.7702
-2.5390,8.7998
-2.5074,8.8539
-2.4451,8.9624
-2.4178,9.0022
-2.3853,9.0665
-2.3543,9.1261
-2.3236,9.1858
-2.2758,9.2471
-2.2441,9.3169
-2.2127,9.3869
-2.1858,9.4375
-2.1621,9.4734
-2.1386,9.5095
-2.1026,9.5280
-2.0824,9.5496
-2.0600,9.5837
-2.0362,9.6274
-2.0126,9.6713
-1.9789,9.7744
-1.9301,9.8826
-1.9090,9.9196
-1.8866,9.9665
-1.8715,9.9691
-1.8557,9.9767
-1.8382,9.9959
-1.8061,10.0162
-1.7837,10.0719
-1.7613,10.1293
-1.7448,10.1471
-1.7317,10.1403
-1.7095,10.2028
-1.6790,10.2251
-1.6662,10.2175
-1.6569,10.1811
-1.5191,10.4677
-1.5059,10.4713
-1.4922,10.4802
-1.4799,10.4740
-1.4663,10.4828
-1.4512,10.5117

# FrameTime=1781596480.04, PointCount=476
4.6294,18.1750
4.6362,18.2025
4.6583,18.2396
4.6520,18.2595
4.6514,18.2829
4.7242,18.3520
4.6512,18.3307
4.6911,18.3798
4.7054,18.4133
4.6719,18.4164
4.5850,18.3851
4.5699,18.3995
4.5756,18.4274
4.6161,18.4782
4.5324,18.4477
4.4895,18.4435
4.4809,18.4621
4.4739,18.4816
4.5137,18.5329
4.5752,18.5994
4.4908,18.5666
4.5163,18.6089
4.5402,18.6504
4.4013,18.5786
4.3463,18.5646
4.3430,18.5868
4.4642,18.6977
4.2878,18.6211
4.2518,18.6197
4.1796,18.5916
4.1761,18.6134
4.3437,18.7617
4.1767,18.6629
4.1235,18.6723
4.0758,18.6608
4.0600,18.6733
4.0934,18.7235
4.1431,18.7867
4.1072,18.7841
4.0454,18.7610
4.0078,18.7812
3.9604,18.7685
3.9639,18.7962
3.9555,18.8146
3.9937,18.8707
3.9658,18.8733
4.0449,18.9897
3.9629,18.9476
3.8812,18.9051
3.8457,18.9007
3.9187,18.9880
3.9097,19.0063
3.8839,19.0363
3.8144,19.0022
3.7338,18.9579
3.6986,18.9526
3.7047,18.9835
3.6956,19.0013
3.7743,19.0975
3.6402,19.0033
3.6237,19.0142
3.6424,19.0572
3.6163,19.0594
3.5886,19.0600
3.5902,19.0877
3.7108,19.2264
3.6842,19.2285
3.6910,19.2621
3.5432,19.1491
3.4521,19.0887
3.4174,19.0816
3.4331,19.1230
3.3805,19.0983
3.3578,19.1286
3.3304,19.1280
3.3172,19.1413
3.3110,19.1616
3.3012,19.1784
3.3123,19.2165
3.2470,19.2036
3.2058,19.1880
3.1993,19.2081
3.1824,19.2174
3.1965,19.2592
3.2172,19.3084
3.2908,19.4144
3.1504,19.3198
3.1128,19.3068
3.1025,19.3232
3.0718,19.3173
3.0648,19.3372
3.0643,19.3646
3.0687,19.3975
3.0347,19.3877
3.0141,19.3926
2.9869,19.3899
2.9532,19.3797
2.9131,19.3617
2.9122,19.3888
2.8842,19.4129
2.8733,19.4287
2.8753,19.4597
2.8387,19.4448
2.8085,19.4375
2.8008,19.4569
2.7787,19.4880
2.7801,19.5190
2.7751,19.5423
2.7591,19.5520
2.7369,19.5539
2.7224,19.5654
2.7156,19.5867
2.6841,19.5765
2.6664,19.5839
2.6305,19.5676
2.6251,19.5906
2.6378,19.6375
2.6653,19.7044
2.6594,19.7277
2.6010,19.7122
2.5444,19.6671
2.5384,19.6901
2.5058,19.6768
2.4896,19.6857
2.4659,19.6843
2.4390,19.7098
2.4385,19.7408
2.4536,19.7943
2.4112,19.7660
2.3933,19.7725
2.3668,19.7665
2.3281,19.7749
2.3213,19.7976
2.3256,19.8369
2.2908,19.8181
2.2700,19.8200
2.2465,19.8176
2.2737,19.8924
2.2105,19.8293
2.1925,19.8350
2.1771,19.8449
2.1725,19.8716
2.1758,19.9109
2.1496,19.9039
2.1910,20.0047
2.1238,19.9318
2.1055,19.9373
2.1173,19.9916
2.1002,19.9991
2.0741,19.9916
2.0595,20.0033
2.0283,19.9870
1.9993,20.0100
1.9696,19.9957
1.9738,20.0395
1.9316,20.0032
1.8984,19.9819
1.9098,20.0387
1.8657,20.0349
1.8522,20.0482
1.8858,20.1467
1.8936,20.1995
1.8389,20.1383
1.7965,20.0988
1.7852,20.1163
1.7411,20.1116
1.7412,20.1510
1.7296,20.1684
1.7224,20.1946
1.6969,20.1853
1.6805,20.1937
1.6207,20.1569
1.6045,20.1650
1.6125,20.2224
1.6225,20.2843
1.5949,20.2700
1.5674,20.2556
1.5234,20.2491
1.5154,20.2750
1.5168,20.3213
1.5042,20.3382
1.4821,20.3347
1.4674,20.3470
1.4578,20.3706
1.4254,20.3441
1.4127,20.3608
1.3978,20.3729
1.3829,20.3850
1.3659,20.3924
1.3479,20.3975
1.3358,20.4164
1.3056,20.4401
1.2923,20.4566
1.2789,20.4730
1.2608,20.4778
1.2444,20.4872
1.2234,20.4850
1.1851,20.4896
1.1642,20.4872
1.1505,20.5033
1.1368,20.5194
1.1266,20.5447
1.1216,20.5841
1.0777,20.5740
1.0602,20.5805
1.0254,20.5401
0.9926,20.5043
0.9651,20.4824
0.9394,20.4651
1.0298,20.7750
0.9463,20.5951
0.9500,20.6625
0.9208,20.6356
0.9313,20.7246
0.9213,20.7544
0.9080,20.7747
0.8623,20.6975
0.8080,20.6522
0.8085,20.7150
0.8011,20.7541
0.7965,20.8026
0.7842,20.8274
0.7336,20.7281
0.6847,20.6960
0.6739,20.7253
0.6615,20.7498
0.6931,20.9256
0.6530,20.8563
0.6422,20.8882
0.6197,20.8790
0.5939,20.9299
0.5839,20.9667
0.5528,20.9256
0.5432,20.9643
0.5315,20.9962
0.5220,21.0370
0.4683,20.9837
0.4495,20.9884
0.4283,20.9834
0.3954,20.9297
0.3873,20.9779
0.3709,20.9921
0.3277,20.9766
0.3078,20.9760
0.3043,21.0484
0.2994,21.1160
0.2819,21.1280
0.2548,21.0951
0.2196,21.1178
0.2004,21.1218
0.1812,21.1257
0.1660,21.1491
0.1429,21.1333
0.1227,21.1321
0.1044,21.1407
0.0587,21.1086
0.0449,21.1416
0.0335,21.1893
0.0364,21.3206
0.0213,21.3517
-0.0126,21.2712
-0.0543,21.2629
-0.0861,21.1891
-0.1062,21.1872
-0.1256,21.1902
-0.1413,21.2178
-0.1579,21.2404
-0.1642,21.3353
-0.1900,21.2955
-0.2045,21.3359
-0.2230,21.3485
-0.2448,21.3362
-0.2577,21.3934
-0.2811,21.3680
-0.3029,21.3556
-0.3392,21.3901
-0.3569,21.4122
-0.3701,21.4772
-0.3882,21.4993
-0.4125,21.4634
-0.4322,21.4704
-0.4747,21.4527
-0.4930,21.4745
-0.5080,21.5361
-0.5355,21.4550
-0.5519,21.5015
-0.5667,21.5728
-0.5828,21.6325
-0.6118,21.5212
-0.6280,21.5824
-0.6519,21.5340
-0.6739,21.5104
-0.6936,21.5217
-0.7137,21.5279
-0.7341,21.5290
-0.7749,21.5312
-0.7958,21.5222
-0.8157,21.5331
-0.8349,21.5639
-0.8534,21.6195
-0.8715,21.6951
-0.9140,21.6715
-0.9324,21.7654
-0.9537,21.7574
-0.9758,21.7079
-0.9965,21.7233
-1.0164,21.7985
-1.0591,21.7725
-1.0802,21.7776
-1.1014,21.7292
-1.1224,21.7641
-1.1435,21.7641
-1.1655,21.8724
-1.1146,15.1123
-1.1157,15.1123
-1.2291,21.8331
-1.2514,21.8826
-1.1193,15.1171
-1.2940,21.8716
-1.3147,21.8461
-1.3372,21.8804
-1.3812,21.9088
-1.4042,21.9429
-1.4267,21.9619
-1.4479,21.9510
-1.4701,21.9599
-1.4907,21.9389
-1.5369,21.9863
-1.5608,22.0199
-1.5855,22.0623
-1.6079,22.0669
-1.6384,22.1849
-1.6537,22.0886
-1.6865,22.2255
-1.6935,22.0305
-1.7216,22.1034
-1.7480,22.1512
-1.7742,22.1941
-1.7970,22.1961
-1.8175,22.1741
-1.8481,22.2565
-1.8944,22.2627
-1.9196,22.2852
-1.9423,22.2827
-1.9610,22.2454
-1.9870,22.2726
-2.0132,22.2997
-2.0412,22.3409
-2.0617,22.3189
-2.0832,22.3061
-2.1085,22.3230
-2.1385,22.3737
-2.1648,22.3954
-2.1920,22.4219
-2.2193,22.4483
-2.2664,22.4470
-2.2813,22.3892
-2.3142,22.4498
-2.3350,22.4313
-2.3621,22.4523
-2.3869,22.4583
-2.4350,22.4604
-2.4624,22.4810
-2.4883,22.4916
-2.5178,22.5218
-2.5402,22.5127
-2.5654,22.5182
-2.6121,22.5093
-2.6326,22.4901
-2.6763,22.5883
-2.7088,22.6276
-2.7486,22.7010
-2.7766,22.7156
-2.8222,22.8132
-2.8223,22.6957
-2.8462,22.6906
-2.8658,22.6658
-2.8951,22.6849
-2.9300,22.7282
-2.9753,22.8151
-3.0223,22.9069
-3.0631,22.8611
-3.0899,22.8649
-3.1167,22.8687
-3.1520,22.9062
-3.1948,22.9727
-3.2332,23.0196
-3.2919,23.0409
-3.3117,23.0150
-3.3377,23.0128
-3.3547,22.9772
-3.4737,23.3130
-3.4901,23.2721
-3.5197,23.2794
-3.5712,23.3626
-3.5987,23.3608
-3.6257,23.3573
-3.6445,23.3257
-3.6532,23.2607
-3.6860,23.2769
-3.7000,23.2309
-3.7791,23.3058
-3.8243,23.3597
-3.8547,23.3658
-3.8531,23.2720
-3.9065,23.3492
-3.9510,23.3977
-3.9950,23.3568
-4.0480,23.4285
-4.0842,23.4492
-4.1213,23.4721
-4.1819,23.5621
-4.2354,23.6296
-4.2921,23.7050
-4.3151,23.6845
-4.3437,23.6796
-4.3654,23.6558
-4.4134,23.7037
-4.4398,23.6922
-4.4508,23.6401
-4.5542,23.8326
-4.5060,23.6246
-4.5435,23.6423
-4.5792,23.6553
-4.6942,23.8697
-4.7381,23.9008
-4.7897,23.9502
-4.5623,5.4446
-4.4947,5.5421
-4.4345,5.6213
-4.3411,5.7097
-4.2187,5.9686
-4.1543,6.0678
-2.5396,8.7849
-2.5091,8.8341
-2.4687,8.9272
-2.4366,8.9864
-2.3879,9.0419
-2.3568,9.1014
-2.3261,9.1611
-2.2947,9.2258
-2.2637,9.2907
-2.2320,9.3606
-2.2253,9.3117
-2.1869,9.4176
-2.1612,9.4633
-2.1377,9.4994
-2.1172,9.5209
-2.0960,9.5473
-2.0750,9.5738
-2.0387,9.5976
-2.0132,9.6514
-1.9821,9.7397
-1.9494,9.8404
-1.9223,9.9118
-1.9021,9.9439
-1.8970,9.8843
-1.8687,9.9688
-1.8536,9.9715
-1.8360,9.9906
-1.8174,10.0180
-1.7989,10.0455
-1.7666,10.0710
-1.7419,10.1468
-1.7288,10.1400
-1.7079,10.1926
-1.6935,10.1969
-1.6805,10.1902
-1.6670,10.1874
-1.5181,10.4479
-1.5039,10.4616
-1.4880,10.4951
-1.4757,10.4886
-1.4634,10.4825
-1.4487,10.5064
-1.4376,10.4855

# FrameTime=1781596480.14, PointCount=478
4.6165,18.1662
4.6773,18.2263
4.6555,18.2368
4.6520,18.2583
4.6599,18.2870
4.6747,18.3201
4.6808,18.3480
4.7164,18.3946
4.7125,18.4166
4.6944,18.4295
4.6103,18.4002
4.5615,18.3929
4.5588,18.4154
4.5645,18.4433
4.4964,18.4229
4.4838,18.4387
4.4298,18.4509
4.4683,18.5011
4.4735,18.5290
4.5513,18.6069
4.5520,18.6323
4.4540,18.5895
4.3857,18.5912
4.3145,18.5656
4.3437,18.6108
4.3914,18.6697
4.2392,18.5851
4.2196,18.5952
4.1560,18.5976
4.2127,18.6638
4.2089,18.6857
4.1514,18.6676
4.0916,18.6473
4.0679,18.6538
4.0839,18.6905
4.1054,18.7317
4.0855,18.7412
4.1192,18.7923
4.0731,18.7815
4.0452,18.7847
3.9844,18.7617
3.9566,18.7645
3.9479,18.8074
3.9628,18.8446
4.0047,18.9040
3.9535,18.8877
4.1852,19.1044
3.9131,18.9052
3.8497,18.9031
3.8754,18.9503
4.0164,19.0960
3.9274,19.0464
3.8577,19.0126
3.7656,18.9588
3.7101,18.9617
3.6861,18.9662
3.6846,18.9905
3.6607,18.9949
3.6738,19.0326
3.6667,19.0522
3.6537,19.0665
3.6718,19.1092
3.5998,19.0694
3.5941,19.0903
3.6212,19.1418
3.7318,19.2721
3.5713,19.1481
3.4872,19.0949
3.4213,19.0844
3.4226,19.1118
3.3915,19.1080
3.3712,19.1145
3.3509,19.1210
3.3235,19.1203
3.2901,19.1397
3.3050,19.1813
3.3196,19.2229
3.2991,19.2291
3.2543,19.2101
3.2095,19.1909
3.1793,19.2132
3.1864,19.2477
3.1935,19.2824
3.3151,19.4392
3.2122,19.3575
3.1303,19.2972
3.1166,19.3099
3.1686,19.3942
3.0722,19.3167
3.0584,19.3292
3.0613,19.3603
3.0541,19.3802
3.0351,19.3871
3.0112,19.3883
2.9667,19.3941
2.9232,19.3724
2.8962,19.3694
2.9018,19.4041
2.8878,19.4162
2.8834,19.4396
2.8390,19.4443
2.8185,19.4485
2.7884,19.4410
2.7933,19.4758
2.7917,19.5030
2.7900,19.5302
2.7627,19.5554
2.7435,19.5612
2.7228,19.5649
2.7021,19.5685
2.6875,19.5800
2.6484,19.5598
2.7395,19.7074
2.6164,19.5783
2.6230,19.6173
2.6386,19.6682
2.6614,19.7293
2.6478,19.7425
2.5596,19.6557
2.5597,19.6868
2.5552,19.7118
2.5122,19.6845
2.4856,19.6792
2.4722,19.6920
2.4544,19.6987
2.4540,19.7297
2.4419,19.7445
2.4375,19.8025
2.3938,19.7721
2.3786,19.7826
2.3521,19.7766
2.3342,19.7829
2.3162,19.7890
2.2830,19.8054
2.2650,19.8114
2.2443,19.8131
2.2180,19.8065
2.2055,19.8206
2.1848,19.8222
2.1897,19.8635
2.1623,19.8545
2.1576,19.8812
2.1581,19.9163
2.1558,19.9472
2.1454,19.9655
2.1389,19.9901
2.1179,19.9913
2.1320,20.0500
2.0837,20.0063
2.0627,20.0073
2.0456,20.0147
2.0246,20.0155
1.9910,19.9948
1.9701,19.9955
1.9547,20.0419
1.9064,19.9947
1.9153,20.0472
1.8895,20.0389
1.8565,20.0173
1.8990,20.1310
1.8606,20.1380
1.8300,20.1206
1.7971,20.0987
1.7952,20.1338
1.7508,20.0896
1.7557,20.1379
1.8058,20.2725
1.7232,20.1550
1.7116,20.1723
1.6929,20.1763
1.6743,20.1803
1.6512,20.1753
1.6191,20.1523
1.6296,20.2141
1.6232,20.2842
1.5933,20.2654
1.5702,20.2601
1.5384,20.2366
1.5241,20.2490
1.5267,20.2975
1.5028,20.3336
1.4807,20.3301
1.4691,20.3492
1.4492,20.3501
1.4302,20.3532
1.4134,20.3608
1.3795,20.3758
1.3666,20.3924
1.3486,20.3975
1.3346,20.4118
1.3214,20.4283
1.3063,20.4402
1.2930,20.4566
1.2624,20.4802
1.2527,20.5057
1.2260,20.4897
1.2069,20.4920
1.1859,20.4897
1.1704,20.5012
1.1430,20.5334
1.1202,20.5262
1.1099,20.5515
1.1199,20.6306
1.0750,20.5647
1.0557,20.5666
1.0155,20.5654
0.9743,20.5060
0.9586,20.5169
0.9246,20.4761
0.9487,20.5999
0.9409,20.6344
0.9647,20.7611
0.9264,20.7080
0.9173,20.7403
0.9056,20.7653
0.8796,20.7476
0.8265,20.6466
0.8273,20.7094
0.8682,20.8986
0.7959,20.7352
0.8108,20.8457
0.7866,20.8324
0.7462,20.7665
0.7034,20.6908
0.6855,20.6962
0.6804,20.7447
0.6750,20.8608
0.6760,20.9333
0.6423,20.8858
0.6192,20.8744
0.6075,20.9037
0.6015,20.9543
0.5783,20.9428
0.5524,20.9210
0.5403,20.9501
0.5325,20.9965
0.5255,21.0469
0.5003,21.0276
0.4680,20.9792
0.4608,21.0303
0.4328,20.9982
0.3999,20.9446
0.3754,20.9249
0.3828,21.0390
0.3484,20.9774
0.3297,20.9818
0.3109,20.9861
0.2895,21.0676
0.2829,21.1283
0.2599,21.1150
0.2356,21.0946
0.2195,21.1133
0.2014,21.1222
0.1630,21.1299
0.1438,21.1337
0.1236,21.1326
0.1072,21.1510
0.0797,21.1104
0.0615,21.1189
0.0301,21.1651
0.0288,21.2718
0.0336,21.4179
0.0008,21.3457
-0.0337,21.2602
-0.0633,21.2013
-0.0859,21.1846
-0.1254,21.1857
-0.1410,21.2134
-0.1569,21.2410
-0.1728,21.2685
-0.1830,21.3386
-0.2021,21.3463
-0.2432,21.3418
-0.2579,21.3840
-0.2791,21.3766
-0.3012,21.3611
-0.3205,21.3685
-0.3353,21.4155
-0.3581,21.3930
-0.3850,21.5198
-0.4124,21.4541
-0.4351,21.4313
-0.4520,21.4663
-0.4736,21.4533
-0.4901,21.4951
-0.5331,21.4706
-0.5436,21.5901
-0.5668,21.5585
-0.5858,21.5800
-0.6085,21.5517
-0.6322,21.5084
-0.6731,21.5061
-0.6926,21.5224
-0.7129,21.5236
-0.7330,21.5298
-0.7537,21.5259
-0.7741,21.5269
-0.7947,21.5229
-0.8344,21.5496
-0.8536,21.5854
-0.8707,21.6859
-0.8917,21.6816
-0.9116,21.7172
-0.9311,21.7712
-0.9744,21.7187
-0.9953,21.7241
-1.0164,21.7194
-1.0368,21.7681
-1.0578,21.7783
-1.0789,21.7884
-1.1111,15.1181
-1.1212,21.7550
-1.1134,15.1181
-1.1638,21.8147
-1.1157,15.1131
-1.2066,21.8343
-1.2282,21.8539
-1.2515,21.9521
-1.2720,21.8980
-1.2928,21.8725
-1.3141,21.8670
-1.3353,21.8613
-1.3578,21.8906
-1.3802,21.9148
-1.4035,21.9576
-1.4462,21.9420
-1.4678,21.9409
-1.4900,21.9498
-1.5125,21.9636
-1.5379,22.0272
-1.5628,22.0746
-1.6072,22.0768
-1.6314,22.1062
-1.6517,22.0797
-1.6707,22.0382
-1.6954,22.0714
-1.7228,22.1343
-1.7504,22.1962
-1.7707,22.1703
-1.7952,22.1922
-1.8166,22.1802
-1.8434,22.2228
-1.8724,22.2860
-1.8940,22.2738
-1.9267,22.3651
-1.9387,22.2640
-1.9602,22.2515
-1.9833,22.2539
-2.0106,22.2909
-2.0357,22.3080
-2.0615,22.3300
-2.0881,22.3562
-2.1364,22.3700
-2.1622,22.3873
-2.1892,22.4132
-2.2145,22.4254
-2.2390,22.4319
-2.2554,22.3840
-2.3098,22.4313
-2.3329,22.4277
-2.3599,22.4486
-2.3847,22.4547
-2.4103,22.4656
-2.4361,22.4765
-2.4901,22.6493
-2.4851,22.4831
-2.5110,22.4937
-2.5370,22.5042
-2.5640,22.5195
-2.5883,22.5200
-2.6098,22.5058
-2.6417,22.5453
-2.7123,22.6535
-2.7200,22.5704
-2.7965,22.8197
-2.7877,22.6583
-2.8261,22.7216
-2.8437,22.6871
-2.8936,22.6863
-2.9274,22.7248
-2.9659,22.7826
-3.0037,22.8353
-3.0452,22.9025
-3.0628,22.8675
-3.1391,23.0755
-3.1139,22.8654
-3.1407,22.8690
-3.1871,22.9500
-3.2242,22.9921
-3.2665,23.0534
-3.2864,23.0280
-3.3203,23.0553
-3.3491,22.9643
-3.3818,22.9865
-3.4667,23.1961
-3.5099,23.2522
-3.5656,23.3507
-3.6050,23.3905
-3.6400,23.3179
-3.6558,23.2768
-3.6843,23.2787
-3.6983,23.2327
-3.7517,23.3156
-3.8041,23.3934
-3.8828,23.5532
-3.8469,23.3486
-3.8651,23.3165
-3.8909,23.3082
-3.9461,23.3900
-3.9674,23.3673
-4.0265,23.4581
-4.0514,23.4457
-4.1212,23.4787
-4.1523,23.4838
-4.2066,23.5548
-4.2819,23.6834
-4.3100,23.6771
-4.3436,23.6862
-4.4047,23.6869
-4.4507,23.7286
-4.4665,23.6889
-4.4757,23.6321
-4.5078,23.6360
-4.5488,23.6630
-4.6504,23.8452
-4.7215,23.8657
-4.7730,23.9152
-4.8248,23.9645
-4.5493,5.4935
-4.4647,5.5528
-4.4082,5.6227
-4.3134,5.8011
-4.2113,6.0035
-4.1519,6.0886
-2.5691,8.7566
-2.5383,8.8057
-2.5032,8.8743
-2.4478,8.9536
-2.4182,9.0032
-2.3857,9.0675
-2.3546,9.1271
-2.3239,9.1868
-2.2926,9.2515
-2.2826,9.2174
-2.2454,9.3130
-2.2130,9.3878
-2.1850,9.4433
-2.1633,9.4694
-2.1398,9.5055
-2.1194,9.5270
-2.1069,9.5072
-2.0808,9.5603
-2.0602,9.5846
-2.0377,9.6210
-2.0127,9.6722
-1.9808,9.7654
-1.9472,9.8711
-1.9456,9.7920
-1.9091,9.9204
-1.8890,9.9525
-1.8700,9.9798
-1.8547,9.9841
-1.8382,9.9966
-1.8190,10.0274
-1.8069,10.0121
-1.7837,10.0727
-1.7620,10.1251
-1.7441,10.1528
-1.7323,10.1361
-1.7094,10.2036
-1.6965,10.1969
-1.6796,10.2209
-1.5185,10.4733
-1.5062,10.4675
-1.4916,10.4862
-1.4785,10.4896
-1.4657,10.4885
-1.4510,10.5123

# FrameTime=1781596480.24, PointCount=476
4.6278,18.1698
4.6800,18.2248
4.6668,18.2405
4.6504,18.2542
4.6456,18.2751
4.6689,18.3134
4.6836,18.3466
4.7192,18.3931
4.7194,18.4177
4.6971,18.4280
4.6130,18.3987
4.5684,18.3941
4.5658,18.4166
4.5714,18.4446
4.5033,18.4241
4.4907,18.4399
4.4408,18.4550
4.4627,18.4940
4.4721,18.5247
4.5541,18.6054
4.5548,18.6309
4.4567,18.5880
4.3844,18.5869
4.3131,18.5612
4.3545,18.6150
4.3942,18.6682
4.2420,18.5836
4.2264,18.5967
4.1628,18.5991
4.2114,18.6594
4.2036,18.6783
4.1638,18.6733
4.0984,18.6488
4.0627,18.6463
4.0907,18.6921
4.0842,18.7367
4.1298,18.7970
4.0798,18.7831
4.0464,18.7820
3.9950,18.7664
3.9594,18.7630
3.9507,18.8059
3.9656,18.8431
4.0113,18.9057
3.9601,18.8893
4.1956,19.1093
3.9159,18.9037
3.8563,18.9048
3.8895,18.9584
4.0191,19.0945
3.9529,19.0644
3.8642,19.0144
3.7683,18.9573
3.7091,18.9569
3.6926,18.9680
3.6911,18.9923
3.6634,18.9934
3.6692,19.0244
3.6785,19.0588
3.6565,19.0650
3.6782,19.1111
3.6026,19.0679
3.5952,19.0873
3.6166,19.1335
3.7346,19.2706
3.6177,19.1878
3.4899,19.0934
3.4204,19.0794
3.4289,19.1138
3.3978,19.1100
3.3775,19.1165
3.3537,19.1195
3.3298,19.1223
3.2999,19.1453
3.3077,19.1798
3.3224,19.2214
3.3089,19.2347
3.2605,19.2122
3.2123,19.1894
3.1889,19.2189
3.1961,19.2535
3.1996,19.2845
3.3076,19.4268
3.2116,19.3523
3.1364,19.2994
3.1261,19.3157
3.1781,19.4001
3.0816,19.3226
3.0611,19.3277
3.0607,19.3551
3.0568,19.3787
3.0378,19.3856
3.0139,19.3868
2.9727,19.3964
2.9358,19.3823
2.8957,19.3641
2.9046,19.4026
2.8905,19.4147
2.8894,19.4419
2.8514,19.4543
2.8244,19.4508
2.7943,19.4434
2.7960,19.4743
2.7944,19.5015
2.7943,19.5306
2.7654,19.5539
2.7447,19.5577
2.7286,19.5673
2.7048,19.5670
2.6872,19.5745
2.6450,19.5504
2.7453,19.7099
2.6191,19.5768
2.6258,19.6158
2.6383,19.6627
2.6626,19.7258
2.6446,19.7331
2.6087,19.7163
2.5654,19.6893
2.5579,19.7104
2.5090,19.6749
2.4854,19.6736
2.4779,19.6946
2.4571,19.6972
2.4480,19.7160
2.4475,19.7470
2.4402,19.8010
2.3993,19.7747
2.3814,19.7811
2.3577,19.7792
2.3369,19.7814
2.3217,19.7917
2.2885,19.8080
2.2678,19.8099
2.2470,19.8116
2.2208,19.8050
2.2055,19.8150
2.1903,19.8249
2.1979,19.8704
2.1650,19.8530
2.1603,19.8797
2.1609,19.9148
2.1585,19.9457
2.1455,19.9597
2.1416,19.9886
2.1206,19.9898
2.1373,20.0528
2.0825,19.9984
2.0654,20.0058
2.0509,20.0175
2.0299,20.0183
1.9937,19.9933
1.9729,19.9940
1.9549,20.0361
1.9067,19.9889
1.9181,20.0457
1.8898,20.0330
1.8568,20.0115
1.8993,20.1251
1.8633,20.1365
1.8351,20.1235
1.8023,20.1016
1.8003,20.1367
1.7535,20.0881
1.7538,20.1276
1.8086,20.2710
1.7352,20.1712
1.7281,20.1974
1.7003,20.1837
1.6793,20.1832
1.6539,20.1738
1.6219,20.1508
1.7050,20.3578
1.6159,20.2208
1.6281,20.2872
1.5939,20.2595
1.5729,20.2586
1.5433,20.2396
1.5246,20.2430
1.5359,20.3095
1.5076,20.3366
1.4856,20.3331
1.4698,20.3431
1.4436,20.3304
1.4412,20.3699
1.4181,20.3639
1.3843,20.3789
1.3673,20.3864
1.3494,20.3915
1.3373,20.4103
1.3222,20.4222
1.3090,20.4387
1.2957,20.4551
1.2690,20.4879
1.2555,20.5042
1.2325,20.4974
1.2115,20.4952
1.1849,20.4789
1.1768,20.5090
1.1439,20.5272
1.1301,20.5433
1.1162,20.5593
1.1199,20.6220
1.0777,20.5632
1.0602,20.5697
1.0149,20.5545
0.9719,20.4904
0.9513,20.4872
0.9306,20.4840
0.9680,20.6455
0.9535,20.6612
0.9658,20.7549
0.9291,20.7065
0.9200,20.7388
0.9115,20.7733
0.8808,20.7414
0.8308,20.6499
0.8300,20.7079
0.8755,20.9114
0.7987,20.7337
0.8121,20.8394
0.7908,20.8356
0.7504,20.7697
0.7076,20.6941
0.6882,20.6947
0.8110,21.1721
0.6623,20.7389
0.6722,20.8401
0.6746,20.9174
0.6464,20.8891
0.6206,20.8681
0.6115,20.9070
0.6042,20.9528
0.5552,20.9195
0.5443,20.9535
0.5339,20.9901
0.5257,21.0358
0.5018,21.0213
0.4744,20.9922
0.4611,21.0191
0.4356,20.9968
0.4014,20.9383
0.3781,20.9234
0.3855,21.0375
0.3500,20.9711
0.3302,20.9706
0.3181,21.0041
0.2944,21.0759
0.2882,21.1386
0.2626,21.1135
0.2414,21.1078
0.2233,21.1167
0.2031,21.1158
0.1648,21.1236
0.1456,21.1273
0.1254,21.1262
0.1090,21.1446
0.0825,21.1089
0.0660,21.1272
0.0346,21.1735
0.0316,21.2703
0.0361,21.4147
0.0028,21.3392
-0.0309,21.2587
-0.0598,21.2047
-0.0615,21.3193
-0.1025,21.1862
-0.1219,21.1892
-0.1383,21.2119
-0.1534,21.2444
-0.1694,21.2719
-0.1803,21.3371
-0.2001,21.3399
-0.2411,21.3353
-0.2558,21.3775
-0.2764,21.3751
-0.2985,21.3596
-0.3172,21.3719
-0.3325,21.4140
-0.3432,21.4989
-0.3770,21.3788
-0.3833,21.5083
-0.4052,21.4956
-0.4304,21.4497
-0.4497,21.4599
-0.4704,21.4568
-0.4860,21.5085
-0.5312,21.4591
-0.5413,21.5836
-0.5637,21.5620
-0.5830,21.5786
-0.6054,21.5552
-0.6298,21.5019
-0.6704,21.5046
-0.6898,21.5209
-0.7102,21.5221
-0.7306,21.5233
-0.7507,21.5294
-0.7713,21.5254
-0.7839,21.6945
-0.8123,21.5223
-0.8317,21.5481
-0.8506,21.5889
-0.8679,21.6844
-0.8888,21.6851
-0.9084,21.7307
-0.9283,21.7747
-0.9718,21.7122
-0.9926,21.7226
-1.0135,21.7229
-1.0341,21.7666
-1.0551,21.7768
-1.0762,21.7919
-1.1084,15.1166
-1.1185,21.7485
-1.1396,21.7584
-1.1611,21.8182
-1.1823,21.8130
-1.2038,21.8328
-1.2255,21.8524
-1.2683,21.8566
-1.2899,21.8661
-1.3114,21.8655
-1.3328,21.8648
-1.3555,21.9041
-1.3780,21.9282
-1.4009,21.9611
-1.4227,21.9614
-1.4435,21.9405
-1.4653,21.9444
-1.4867,21.9384
-1.5100,21.9671
-1.5349,22.0207
-1.5595,22.0632
-1.5835,22.0928
-1.6045,22.0763
-1.6297,22.1197
-1.6490,22.0782
-1.6680,22.0367
-1.6931,22.0749
-1.7196,22.1278
-1.7680,22.1688
-1.7920,22.1857
-1.8134,22.1737
-1.8411,22.2263
-1.8697,22.2845
-1.8918,22.2772
-1.9365,22.2674
-1.9580,22.2550
-1.9800,22.2475
-2.0079,22.2894
-2.0330,22.3065
-2.0588,22.3285
-2.0848,22.3504
-2.1337,22.3685
-2.1600,22.3902
-2.1865,22.4117
-2.2131,22.4337
-2.2398,22.4551
-2.2674,22.4808
-2.3078,22.4347
-2.3325,22.4410
-2.3548,22.4323
-2.3836,22.4631
-2.4076,22.4641
-2.4333,22.4750
-2.4824,22.4816
-2.5083,22.4922
-2.5343,22.5027
-2.5603,22.5131
-2.5846,22.5136
-2.6070,22.5043
-2.6380,22.5389
-2.7006,22.6079
-2.7203,22.5836
-2.7835,22.7693
-2.7849,22.6568
-2.8192,22.7006
-2.8399,22.6808
-2.8897,22.6800
-2.9224,22.7136
-2.9665,22.7957
-3.0146,22.8922
-3.0402,22.8913
-3.0635,22.8806
-3.1124,22.8687
-3.1392,22.8723
-3.1844,22.9485
-3.2227,22.9955
-3.2651,23.0572
-3.2824,23.0217
-3.3201,23.0634
-3.3515,23.0804
-3.3477,22.9677
-3.3817,22.9946
-3.4923,23.2964
-3.5140,23.2748
-3.5683,23.3685
-3.5981,23.3746
-3.6855,23.4803
-3.6530,23.2753
-3.6815,23.2772
-3.6970,23.2360
-3.7430,23.2950
-3.8028,23.3967
-3.8442,23.3471
-3.8594,23.3055
-3.8958,23.3305
-3.9465,23.3980
-3.9850,23.4274
-4.0301,23.4756
-4.0748,23.4354
-4.1152,23.4678
-4.1479,23.4776
-4.2072,23.5627
-4.2842,23.6960
-4.3089,23.6803
-4.3651,23.7521
-4.3677,23.6750
-4.4037,23.6901
-4.4462,23.7224
-4.4620,23.6827
-4.4730,23.6306
-4.5050,23.6345
-4.5443,23.6569
-4.6804,23.8471
-4.7225,23.8735
-4.7739,23.9230
-4.8258,23.9722
-4.5483,5.4873
-4.4705,5.5278
-4.4089,5.6118
-4.3292,5.7478
-4.2152,5.9832
-4.1425,6.1060
-2.5687,8.7454
-2.5355,8.8042
-2.4993,8.8777
-2.4461,8.9473
-2.4144,9.0066
-2.3840,9.0611
-2.3530,9.1207
-2.3223,9.1804
-2.2909,9.2451
-2.2436,9.3066
-2.2122,9.3765
-2.1813,9.4467
-2.1596,9.4728
-2.1380,9.4991
-2.1166,9.5255
-2.0789,9.5539
-2.0584,9.5782
-2.0367,9.6097
-2.0109,9.6658
-1.9780,9.7639
-1.9437,9.8745
-1.9072,9.9139
-1.8847,9.9608
-1.8665,9.9832
-1.8530,9.9760
-1.8354,9.9952
-1.8168,10.0225
-1.7843,10.0480
-1.7593,10.1236
-1.7420,10.1464
-1.7283,10.1445
-1.7086,10.1872
-1.6910,10.2162
-1.6688,10.1732
-1.6541,10.1804
-1.5172,10.4573
-1.5034,10.4660
-1.4884,10.4897
-1.4757,10.4881
-1.4630,10.4870
-1.4479,10.5158

# FrameTime=1781596480.34, PointCount=479
4.6212,18.1623
4.6579,18.2078
4.6630,18.2345
4.6434,18.2700
4.6709,18.3110
4.6813,18.3415
4.7170,18.3881
4.7102,18.4082
4.6387,18.3872
4.5662,18.3891
4.5678,18.4142
4.5666,18.4377
4.5137,18.4273
4.4969,18.4403
4.4790,18.4526
4.4193,18.4609
4.4865,18.5308
4.5479,18.5974
4.4472,18.5530
4.4794,18.5999
4.3980,18.5681
4.3111,18.5560
4.3485,18.6070
4.3922,18.6629
4.2481,18.5842
4.2406,18.6032
4.1724,18.5781
4.4132,18.7789
4.1975,18.6452
4.2338,18.6969
4.1739,18.6770
4.1085,18.6526
4.0727,18.6501
4.0729,18.6747
4.0984,18.7189
4.1280,18.7917
4.1095,18.8024
4.0344,18.7687
4.0010,18.7673
3.9537,18.7546
3.9650,18.7885
3.9639,18.8378
4.0135,18.9035
3.9391,18.8682
4.2403,19.1420
3.9527,18.9303
3.8671,18.8846
3.8661,18.9091
4.2480,19.2574
3.8920,18.9823
3.9437,19.0525
3.8664,19.0122
3.7818,18.9650
3.7315,18.9469
3.7698,19.0061
3.6836,18.9560
3.6896,18.9870
3.6805,19.0047
3.6714,19.0223
3.6696,19.0467
3.6476,19.0528
3.6531,19.0839
3.6085,19.0692
3.5918,19.0800
3.5933,19.1077
3.7332,19.2651
3.5981,19.1651
3.5558,19.1517
3.4465,19.0742
3.4204,19.1014
3.4108,19.1185
3.3726,19.1076
3.3559,19.1175
3.3214,19.1098
3.3118,19.1266
3.3065,19.1743
3.3212,19.2159
3.2832,19.2043
3.2488,19.1960
3.2180,19.1911
3.2046,19.2041
3.2690,19.2982
3.1777,19.2299
3.2294,19.3116
3.3115,19.4264
3.2344,19.3723
3.1387,19.2975
3.1284,19.3139
3.0977,19.3081
3.0635,19.3259
3.0631,19.3532
3.0575,19.3750
3.0335,19.3763
3.0130,19.3812
2.9891,19.3823
2.9382,19.3804
2.8981,19.3623
2.9004,19.3933
2.8864,19.4053
2.8756,19.4210
2.8583,19.4292
2.8236,19.4452
2.7967,19.4416
2.7984,19.4726
2.7968,19.4997
2.7951,19.5269
2.7823,19.5405
2.7471,19.5560
2.7310,19.5656
2.7072,19.5653
2.6865,19.5689
2.6536,19.5566
2.6360,19.5639
2.7297,19.7157
2.6221,19.6061
2.6377,19.6571
2.6546,19.7102
2.6530,19.7393
2.5648,19.6525
2.5679,19.6876
2.5322,19.6704
2.4878,19.6720
2.4774,19.6889
2.4654,19.7037
2.4447,19.7062
2.4413,19.7332
2.4565,19.7866
2.3847,19.7485
2.3696,19.7590
2.3687,19.7900
2.3310,19.7674
2.3214,19.7859
2.3007,19.7879
2.3035,19.8250
2.2675,19.8041
2.2495,19.8101
2.2288,19.8118
2.2108,19.8176
2.1901,19.8191
2.1802,19.8374
2.2065,19.9124
2.1548,19.8655
2.1687,19.9217
2.1558,19.9357
2.1507,19.9624
2.1442,19.9871
2.1232,19.9883
2.1048,19.9937
2.0877,20.0012
2.0680,20.0043
2.0534,20.0160
2.0325,20.0168
2.0064,20.0090
1.9729,19.9882
1.9784,20.0341
1.9142,19.9961
1.9132,20.0312
1.8924,20.0316
1.8618,20.0144
1.8995,20.1193
1.8797,20.1218
1.9973,20.3738
1.8377,20.1221
1.8096,20.1089
1.7911,20.1133
1.7632,20.0999
1.7634,20.1394
1.7472,20.1480
1.7993,20.2871
1.7169,20.1695
1.7006,20.1779
1.6797,20.1774
1.6611,20.1813
1.6267,20.1539
1.6373,20.2157
1.6452,20.2731
1.6009,20.2671
1.5843,20.2752
1.5438,20.2338
1.5273,20.2417
1.5343,20.2992
1.5250,20.3229
1.4883,20.3318
1.4746,20.3464
1.4504,20.3382
1.4418,20.3640
1.4188,20.3580
1.4019,20.3656
1.3700,20.3851
1.3521,20.3902
1.3400,20.4090
1.3249,20.4209
1.3098,20.4328
1.2985,20.4539
1.2851,20.4703
1.2620,20.5122
1.2315,20.4869
1.2142,20.4939
1.1932,20.4916
1.1759,20.4985
1.1641,20.5193
1.1185,20.5048
1.1119,20.5395
1.1272,20.6326
1.0787,20.5574
1.0699,20.5873
1.0385,20.5563
0.9747,20.4893
0.9574,20.4955
0.9300,20.4734
0.9608,20.6161
0.9464,20.6317
0.9450,20.6851
0.9393,20.7268
0.9220,20.7351
0.9112,20.7627
0.8868,20.7498
0.8336,20.6488
0.8297,20.6973
0.8195,20.7269
0.8583,20.9114
0.8149,20.8384
0.7892,20.8203
0.7621,20.7973
0.7089,20.6883
0.6881,20.6841
0.6845,20.7373
0.6821,20.7954
0.6824,20.9334
0.6452,20.8737
0.6234,20.8671
0.6117,20.8963
0.6025,20.9352
0.5792,20.9232
0.5433,20.9380
0.5406,21.0036
0.5299,21.0396
0.5085,21.0348
0.4785,20.9961
0.4573,20.9911
0.4464,21.0277
0.4055,20.9422
0.3810,20.9224
0.3728,20.9706
0.3552,20.9799
0.3342,20.9745
0.3155,20.9788
0.3131,21.0561
0.2875,21.1211
0.2677,21.1224
0.2413,21.0923
0.2262,21.1158
0.2071,21.1198
0.1879,21.1237
0.1495,21.1314
0.1294,21.1302
0.1129,21.1486
0.0863,21.1130
0.0663,21.1116
0.0551,21.1594
0.0862,21.4463
0.0311,21.2498
0.0344,21.3861
0.0050,21.3335
-0.0271,21.2628
-0.0576,21.1990
-0.0809,21.1774
-0.1003,21.1805
-0.1346,21.2161
-0.1511,21.2387
-0.1685,21.2564
-0.1779,21.3314
-0.1977,21.3342
-0.2176,21.3369
-0.2540,21.3669
-0.2733,21.3744
-0.2948,21.3639
-0.3142,21.3712
-0.3295,21.4133
-0.3529,21.3858
-0.3588,21.5154
-0.4006,21.5098
-0.4263,21.4590
-0.4457,21.4692
-0.4673,21.4562
-0.4843,21.4929
-0.5006,21.5396
-0.5286,21.4535
-0.5479,21.4652
-0.5618,21.5465
-0.5791,21.5879
-0.6041,21.5297
-0.6256,21.5163
-0.6477,21.4928
-0.6867,21.5203
-0.7074,21.5166
-0.7275,21.5227
-0.7478,21.5238
-0.7685,21.5199
-0.7886,21.5259
-0.8007,21.7149
-0.8288,21.5426
-0.8477,21.5834
-0.8650,21.6789
-0.8856,21.6846
-0.9061,21.7002
-0.9252,21.7692
-0.9458,21.7947
-0.9683,21.7267
-0.9894,21.7221
-1.0105,21.7175
-1.0308,21.7712
-1.0519,21.7814
-1.0730,21.7865
-1.1075,15.1112
-1.1364,21.7480
-1.1578,21.8028
-1.1792,21.8176
-1.2006,21.8274
-1.2220,21.8371
-1.1155,15.1112
-1.2871,21.8807
-1.3086,21.8801
-1.3292,21.8545
-1.3516,21.8838
-1.3738,21.9030
-1.3960,21.9171
-1.4203,21.9799
-1.4398,21.9302
-1.4616,21.9342
-1.4843,21.9530
-1.5065,21.9618
-1.5316,22.0204
-1.5562,22.0629
-1.5791,22.0765
-1.6236,22.0796
-1.6450,22.0680
-1.6651,22.0415
-1.6890,22.0647
-1.7159,22.1226
-1.7419,22.1655
-1.7887,22.1856
-1.8110,22.1835
-1.8363,22.2112
-1.8678,22.2993
-1.8890,22.2821
-1.9111,22.2747
-1.9552,22.2598
-1.9773,22.2523
-2.0039,22.2844
-2.0296,22.3064
-2.0560,22.3334
-2.0813,22.3496
-2.1074,22.3715
-2.1547,22.3759
-2.1824,22.4067
-2.2089,22.4282
-2.2356,22.4496
-2.2486,22.3776
-2.2798,22.4284
-2.3283,22.4360
-2.3530,22.4422
-2.3777,22.4483
-2.4034,22.4592
-2.4282,22.4652
-2.4548,22.4808
-2.5094,22.6535
-2.5049,22.4923
-2.5317,22.5077
-2.5578,22.5181
-2.5840,22.5284
-2.6064,22.5191
-2.6326,22.5293
-2.7017,22.7548
-2.7110,22.6766
-2.7609,22.7989
-2.7749,22.7451
-2.7804,22.6521
-2.8178,22.7105
-2.8364,22.6809
-2.8624,22.6855
-2.9167,22.7040
-2.9619,22.7910
-3.0053,22.8681
-3.0401,22.9063
-3.0611,22.8857
-3.0832,22.8701
-3.1344,22.8678
-3.1820,22.9537
-3.2178,22.9909
-3.2613,23.0571
-3.2801,23.0268
-3.3114,23.0445
-3.4011,23.2792
-3.3441,22.9680
-3.3741,22.9805
-3.4590,23.1902
-3.5184,23.3041
-3.5400,23.2824
-3.5974,23.3855
-3.6611,23.5076
-3.6307,23.3073
-3.6479,23.2709
-3.6778,23.2776
-3.6918,23.2317
-3.7437,23.3098
-3.7946,23.3829
-3.8161,23.3605
-3.8694,23.3489
-3.8829,23.3025
-3.9396,23.3891
-3.9719,23.3995
-4.0121,23.4335
-4.0433,23.4401
-4.1098,23.4637
-4.1425,23.4735
-4.1935,23.5351
-4.2770,23.6873
-4.3039,23.6777
-4.3370,23.6854
-4.3695,23.6913
-4.4475,23.7372
-4.4600,23.6881
-4.4657,23.6220
-4.5030,23.6399
-4.5422,23.6623
-4.6437,23.8446
-4.7204,23.8790
-4.7700,23.9238
-4.8181,23.9638
-4.8848,23.9692
-4.9716,23.9440
-4.5595,5.4646
-4.5023,5.5340
-4.4147,5.6031
-4.3451,5.7109
-4.2276,5.9556
-4.1514,6.0877
-2.5380,8.7994
-2.5040,8.8632
-2.4647,8.9514
-2.4145,9.0115
-2.3841,9.0660
-2.3541,9.1207
-2.3245,9.1755
-2.2941,9.2354
-2.2631,9.3002
-2.2174,9.3569
-2.1844,9.4368
-2.1626,9.4630
-2.1400,9.4941
-2.1196,9.5156
-2.0983,9.5420
-2.0612,9.5683
-2.0395,9.5998
-2.0149,9.6485
-1.9816,9.7491
-1.9497,9.8449
-1.9242,9.9064
-1.8888,9.9410
-1.8697,9.9682
-1.8554,9.9660
-1.8378,9.9851
-1.8192,10.0125
-1.8006,10.0400
-1.7683,10.0655
-1.7422,10.1511
-1.7291,10.1443
-1.7101,10.1821
-1.6957,10.1863
-1.6814,10.1895
-1.6537,10.1901
-1.5169,10.4669
-1.5042,10.4652
-1.4887,10.4943
-1.4764,10.4878
-1.4646,10.4767
-1.4490,10.5106
-1.4402,10.4597

# FrameTime=1781596480.44, PointCount=474
4.6276,18.1639
4.6686,18.2120
4.6546,18.2509
4.6455,18.2691
4.6688,18.3074
4.6835,18.3405
4.7192,18.3871
4.7082,18.4045
4.6367,18.3835
4.6482,18.4151
4.5684,18.3881
4.5700,18.4133
4.5673,18.4358
4.5118,18.4236
4.4949,18.4367
4.4687,18.4434
4.4381,18.4712
4.4888,18.5299
4.5543,18.5993
4.4330,18.5408
4.4734,18.5933
4.4044,18.5700
4.3175,18.5581
4.3467,18.6032
4.3986,18.6650
4.2463,18.5805
4.2429,18.6024
4.4155,18.7526
4.2118,18.6533
4.2265,18.6890
4.1722,18.6732
4.1028,18.6458
4.0750,18.6493
4.0792,18.6770
4.1785,18.7776
4.0847,18.7306
4.1264,18.7878
4.1000,18.7924
4.0446,18.7741
3.9995,18.7635
3.9599,18.7570
3.9713,18.7909
4.2291,19.0234
3.9701,18.8402
4.0120,18.8996
3.9454,18.8706
4.2273,19.1285
3.9281,18.9072
3.8734,18.8871
3.8674,18.9330
3.8944,18.9816
3.9424,19.0485
3.8726,19.0148
3.7767,18.9578
3.7339,18.9462
3.6898,18.9587
3.6957,18.9896
3.6829,19.0040
3.6738,19.0217
3.6720,19.0461
3.6500,19.0522
3.6146,19.0720
3.5979,19.0828
3.6068,19.1173
3.7394,19.2679
3.5897,19.1543
3.5018,19.0977
3.5052,19.1272
3.4359,19.0873
3.4264,19.1044
3.4061,19.1110
3.3822,19.1140
3.3691,19.1275
3.3274,19.1128
3.3178,19.1296
3.2878,19.1526
3.2577,19.1753
3.2234,19.1669
3.2240,19.1942
3.2071,19.2036
3.1802,19.2294
3.1873,19.2640
3.3262,19.4389
3.2267,19.3609
3.1345,19.2897
3.1275,19.3098
3.0899,19.3240
3.0660,19.3255
3.0689,19.3565
3.0567,19.3709
3.0361,19.3759
3.0221,19.3883
3.0429,19.4401
2.9777,19.3942
2.9505,19.3914
2.9071,19.3695
2.9062,19.3967
2.8922,19.4087
2.8846,19.4283
2.8608,19.4288
2.8294,19.4487
2.7993,19.4413
2.8010,19.4722
2.7994,19.4994
2.7977,19.5266
2.7849,19.5402
2.7481,19.5537
2.7305,19.5614
2.7068,19.5611
2.6892,19.5686
2.6562,19.5563
2.6356,19.5597
2.6278,19.6098
2.6434,19.6608
2.6663,19.7219
2.6557,19.7391
2.5704,19.6563
2.5676,19.6833
2.5319,19.6662
2.5275,19.6912
2.4934,19.6758
2.4830,19.6927
2.4623,19.6954
2.4445,19.7020
2.4411,19.7289
2.4621,19.7905
2.3845,19.7442
2.3723,19.7588
2.3657,19.7816
2.3393,19.7755
2.3269,19.7899
2.3062,19.7919
2.2730,19.8082
2.2522,19.8099
2.2315,19.8116
2.2162,19.8216
2.1928,19.8190
2.1829,19.8373
2.1576,19.8654
2.1661,19.9131
2.1612,19.9399
2.1482,19.9539
2.1469,19.9870
2.1285,19.9924
2.0879,19.9968
2.0733,20.0085
2.0511,20.0073
2.0327,20.0125
2.0016,19.9961
1.9782,19.9925
1.9812,20.0340
1.9716,20.0541
1.9145,19.9918
1.9210,20.0399
1.9001,20.0402
1.8670,20.0187
1.9011,20.1171
1.8825,20.1218
1.8405,20.1221
1.8053,20.0958
1.7915,20.1089
1.7613,20.0912
1.7639,20.1350
1.7523,20.1524
1.7175,20.1651
1.7011,20.1735
1.6825,20.1775
1.6594,20.1725
1.6295,20.1540
1.6401,20.2158
1.7338,20.4455
1.6292,20.2769
1.6060,20.2717
1.5850,20.2708
1.5488,20.2384
1.5301,20.2418
1.5372,20.2993
1.5279,20.3230
1.4911,20.3319
1.4754,20.3420
1.4513,20.3338
1.4447,20.3642
1.4217,20.3582
1.4048,20.3657
1.3729,20.3853
1.3550,20.3904
1.3429,20.4092
1.3298,20.4257
1.3147,20.4376
1.3014,20.4541
1.2967,20.4913
1.2727,20.4822
1.2631,20.5078
1.2344,20.4872
1.2171,20.4942
1.1961,20.4918
1.1788,20.4987
1.1862,20.5684
1.1478,20.5216
1.1232,20.5098
1.1148,20.5397
1.1284,20.6282
1.0834,20.5623
1.0746,20.5923
1.0770,20.6528
1.0274,20.5724
0.9810,20.4990
0.9721,20.5287
0.9380,20.4879
0.9340,20.5317
0.9478,20.6274
0.9496,20.6901
0.9218,20.7260
0.9142,20.7631
0.8882,20.7454
0.8366,20.6492
0.8358,20.7072
0.8210,20.7225
0.8180,20.8387
0.7952,20.8302
0.7636,20.7929
0.7148,20.6982
0.6911,20.6845
0.6890,20.7425
0.6865,20.8006
0.7077,21.0107
0.6496,20.8789
0.6265,20.8675
0.6135,20.8920
0.6056,20.9357
0.5823,20.9236
0.5477,20.9433
0.5425,20.9993
0.5330,21.0401
0.5116,21.0353
0.4755,20.9724
0.4604,20.9916
0.4110,20.9524
0.3841,20.9230
0.3927,21.0419
0.3560,20.9707
0.3373,20.9750
0.3197,20.9842
0.3268,21.1034
0.2984,21.0658
0.2906,21.1216
0.2698,21.1180
0.2465,21.1026
0.2294,21.1164
0.2102,21.1204
0.1901,21.1194
0.1517,21.1271
0.1316,21.1259
0.1152,21.1443
0.0886,21.1087
0.0703,21.1172
0.0601,21.1698
0.0352,21.2554
0.0385,21.3917
0.0073,21.3292
-0.0247,21.2586
-0.0544,21.1996
-0.0778,21.1781
-0.0727,21.3372
-0.1165,21.1842
-0.1329,21.2069
-0.1472,21.2443
-0.1646,21.2620
-0.1747,21.3322
-0.1945,21.3349
-0.2143,21.3376
-0.2495,21.3776
-0.2695,21.3801
-0.2922,21.3597
-0.3115,21.3670
-0.3262,21.4140
-0.3514,21.3717
-0.3561,21.5112
-0.3548,21.7137
-0.3978,21.5056
-0.4286,21.4051
-0.4429,21.4650
-0.4645,21.4520
-0.4810,21.4937
-0.4968,21.5454
-0.5236,21.4743
-0.5352,21.5788
-0.5581,21.5523
-0.5758,21.5888
-0.6001,21.5405
-0.6220,21.5221
-0.6444,21.4936
-0.6837,21.5162
-0.7041,21.5175
-0.7239,21.5286
-0.7443,21.5297
-0.7644,21.5358
-0.7856,21.5218
-0.8255,21.5436
-0.8446,21.5793
-0.8616,21.6799
-0.8823,21.6856
-0.9024,21.7112
-0.9220,21.7652
-0.9423,21.8007
-0.9650,21.7277
-0.9860,21.7231
-1.0070,21.7234
-1.0275,21.7672
-1.0486,21.7724
-1.0696,21.7875
-1.0909,21.7441
-1.1330,21.7491
-1.1544,21.8039
-1.1757,21.8137
-1.1972,21.8334
-1.2189,21.8531
-1.2411,21.8977
-1.1167,15.1122
-1.3053,21.8862
-1.3268,21.8856
-1.3486,21.8949
-1.3706,21.9091
-1.3925,21.9182
-1.4363,21.9314
-1.4582,21.9353
-1.4803,21.9442
-1.5030,21.9630
-1.5279,22.0166
-1.5528,22.0652
-1.5754,22.0727
-1.6209,22.0907
-1.6419,22.0742
-1.6612,22.0377
-1.6863,22.0759
-1.7124,22.1239
-1.7384,22.1668
-1.7861,22.1968
-1.8066,22.1748
-1.8328,22.2125
-1.8642,22.2998
-1.8854,22.2834
-1.9070,22.2711
-1.9511,22.2562
-1.9737,22.2536
-2.0010,22.2907
-2.0267,22.3127
-2.0525,22.3347
-2.0777,22.3510
-2.1038,22.3728
-2.1288,22.3853
-2.1518,22.3822
-2.1788,22.4081
-2.2053,22.4296
-2.2327,22.4560
-2.2523,22.4284
-2.2754,22.4249
-2.3247,22.4375
-2.3494,22.4437
-2.3749,22.4547
-2.3997,22.4607
-2.4254,22.4716
-2.4521,22.4873
-2.5012,22.4938
-2.5281,22.5092
-2.5542,22.5196
-2.5794,22.5251
-2.6037,22.5255
-2.6290,22.5308
-2.6980,22.7564
-2.7053,22.6684
-2.7121,22.5804
-2.7874,22.8249
-2.7777,22.6586
-2.8141,22.7121
-2.8327,22.6826
-2.8587,22.6871
-2.9130,22.7057
-2.9582,22.7927
-3.0004,22.8649
-3.0375,22.9129
-3.0585,22.8923
-3.0795,22.8718
-3.1307,22.8695
-3.1770,22.9506
-3.2140,22.9927
-3.2550,23.0492
-3.2750,23.0238
-3.3088,23.0511
-3.3972,23.2811
-3.3416,22.9746
-3.3716,22.9872
-3.4712,23.2498
-3.5037,23.2674
-3.5402,23.2987
-3.5976,23.4018
-3.6571,23.5095
-3.6397,23.2585
-3.6711,23.2700
-3.6880,23.2336
-3.7310,23.2831
-3.7922,23.3896
-3.8062,23.3434
-3.8715,23.3699
-3.8759,23.2950
-3.9373,23.3959
-3.9585,23.3731
-4.0113,23.4450
-4.0394,23.4421
-4.1091,23.4752
-4.1386,23.4756
-4.1928,23.5466
-4.2713,23.6847
-4.2965,23.6705
-4.3329,23.6876
-4.3637,23.6887
-4.4400,23.7300
-4.4577,23.6950
-4.4652,23.6335
-4.4972,23.6374
-4.5382,23.6645
-4.6360,23.8375
-4.7163,23.8813
-4.7677,23.9308
-4.8121,23.9615
-4.8825,23.9761
-4.9694,23.9510
-4.5635,5.4622
-4.5045,5.5362
-4.4220,5.5912
-4.3489,5.7083
-4.2296,5.9577
-4.1568,6.0804
-2.5356,8.8155
-2.5051,8.8647
-2.4646,8.9577
-2.4177,9.0032
-2.3862,9.0626
-2.3562,9.1173
-2.3255,9.1770
-2.2951,9.2368
-2.2651,9.2968
-2.2193,9.3535
-2.1882,9.4236
-2.1664,9.4497
-2.1419,9.4906
-2.1214,9.5121
-2.0991,9.5434
-2.0626,9.5670
-2.0403,9.6011
-2.0157,9.6498
-1.9832,9.7455
-1.9513,9.8413
-1.9249,9.9077
-1.8887,9.9472
-1.8712,9.9646
-1.8553,9.9722
-1.8393,9.9815
-1.8201,10.0122
-1.8008,10.0447
-1.7697,10.0618
-1.7435,10.1475
-1.7297,10.1456
-1.7114,10.1784
-1.6952,10.1964
-1.6797,10.2095
-1.6543,10.1913
-1.5175,10.4681
-1.5051,10.4619
-1.4896,10.4905
-1.4770,10.4889
-1.4647,10.4829
-1.4495,10.5117
-1.4399,10.4708

# FrameTime=1781596480.54, PointCount=478
4.6390,18.1665
4.6458,18.1940
4.6680,18.2311
4.6632,18.2519
4.6526,18.2692
4.6567,18.3195
4.7052,18.3739
4.7196,18.4073
4.6649,18.3971
4.5949,18.3767
4.5840,18.3938
4.5897,18.4217
4.6345,18.4752
4.5382,18.4366
4.4994,18.4352
4.4951,18.4566
4.4839,18.4734
4.5156,18.5190
4.5854,18.5910
4.5175,18.5696
4.5224,18.5977
4.5423,18.6364
4.4074,18.5676
4.3483,18.5509
4.3491,18.5758
4.4583,18.6779
4.2859,18.6044
4.2621,18.6118
4.1818,18.5779
4.1863,18.6056
4.2752,18.6955
4.1870,18.6551
4.1218,18.6556
4.0741,18.6441
4.0623,18.6596
4.1022,18.7146
4.1456,18.7729
4.1216,18.7794
4.1016,18.7890
4.0222,18.7768
3.9591,18.7517
3.9744,18.7888
3.9700,18.8103
4.0083,18.8663
3.9687,18.8596
4.1395,19.0247
4.2576,19.1484
3.9621,18.9306
3.8804,18.8882
3.8602,18.8967
3.9142,18.9677
4.0676,19.1238
3.9153,19.0204
3.8872,19.0224
3.8215,18.9917
3.7446,18.9507
3.7056,18.9422
3.7080,18.9699
3.6990,18.9876
3.6473,18.9930
3.6345,19.0073
3.6496,19.0468
3.6198,19.0457
3.5995,19.0531
3.6012,19.0808
3.7099,19.2351
3.6804,19.2345
3.5414,19.1301
3.4631,19.0820
3.4284,19.0750
3.4369,19.1094
3.3748,19.1017
3.3617,19.1151
3.3378,19.1180
3.3211,19.1278
3.3220,19.1551
3.3193,19.1790
3.3065,19.2197
3.2581,19.1972
3.2204,19.1852
3.2070,19.1982
3.1970,19.2147
3.1939,19.2385
3.2044,19.2767
3.2711,19.4029
3.1515,19.3026
3.1173,19.2933
3.1104,19.3133
3.0831,19.3112
3.0828,19.3385
3.0651,19.3747
3.0428,19.3779
3.0256,19.3866
2.9984,19.3840
2.9646,19.3737
2.9212,19.3520
2.9129,19.3988
2.8989,19.4109
2.8848,19.4229
2.8868,19.4539
2.8502,19.4391
2.8200,19.4318
2.8013,19.4668
2.7871,19.4785
2.7917,19.5134
2.7915,19.5425
2.7739,19.5503
2.7454,19.5444
2.7387,19.5657
2.7164,19.5674
2.6988,19.5749
2.6751,19.5745
2.6391,19.5582
2.6368,19.5852
2.6556,19.6400
2.6832,19.7069
2.6563,19.7335
2.5740,19.6548
2.5622,19.6698
2.5474,19.6808
2.5147,19.6675
2.4985,19.6764
2.4658,19.6939
2.4538,19.7087
2.4562,19.7437
2.4657,19.7891
2.4175,19.7528
2.4053,19.7674
2.4143,19.8128
2.3608,19.7678
2.3372,19.7658
2.3305,19.7885
2.3349,19.8278
2.3029,19.8132
2.2794,19.8110
2.2985,19.8731
2.2378,19.8145
2.2171,19.8161
2.2046,19.8303
2.1919,19.8444
2.1874,19.8711
2.1907,19.9104
2.2032,19.9646
2.1463,19.9090
2.1307,19.9187
2.1283,19.9496
2.1323,19.9912
2.1100,19.9902
2.0838,19.9828
2.0667,19.9901
2.0249,19.9919
2.0167,20.0142
1.9844,19.9956
1.9849,20.0328
1.9415,19.9945
1.9132,19.9819
1.9088,20.0478
1.8732,20.0219
1.8768,20.0658
1.9118,20.1665
1.9014,20.1864
1.8371,20.1078
1.8484,20.1671
1.8048,20.1254
1.7862,20.1297
1.7607,20.1207
1.7561,20.1513
1.7422,20.1643
1.7305,20.1817
1.7026,20.1680
1.6722,20.1892
1.6333,20.1530
1.6215,20.1701
1.6452,20.2587
1.6353,20.2804
1.6120,20.2751
1.5570,20.2464
1.5361,20.2453
1.5324,20.2803
1.5318,20.3220
1.5203,20.3412
1.4971,20.3355
1.4834,20.3501
1.4655,20.3556
1.4424,20.3496
1.4276,20.3618
1.4087,20.3648
1.3918,20.3723
1.3768,20.3844
1.3649,20.4032
1.3449,20.4037
1.3318,20.4202
1.3186,20.4367
1.3053,20.4532
1.2901,20.4650
1.2872,20.5068
1.2594,20.4885
1.2211,20.4933
1.1982,20.4864
1.1791,20.4886
1.1637,20.5001
1.1463,20.5069
1.1434,20.5509
1.1262,20.6110
1.0874,20.5615
1.0978,20.6430
1.0472,20.5605
1.0160,20.5295
0.9867,20.5029
1.0479,20.7279
0.9537,20.5201
0.9213,20.4839
0.9469,20.6125
0.9423,20.6564
0.9439,20.7192
0.9364,20.7563
0.9183,20.7624
0.9371,20.8796
0.8547,20.6912
0.8260,20.6638
0.8266,20.7266
0.8146,20.7514
0.8071,20.7905
0.7904,20.8010
0.7218,20.7072
0.6966,20.6887
0.6902,20.7324
0.6750,20.7473
0.7027,20.9087
0.6667,20.8538
0.6347,20.8814
0.6163,20.8866
0.6064,20.9228
0.5957,20.9568
0.5653,20.9185
0.5660,20.9958
0.5279,21.0037
0.5170,21.0396
0.4772,20.9622
0.4609,20.9766
0.4374,20.9619
0.4045,20.9083
0.3976,20.9614
0.3659,20.9946
0.3438,20.9844
0.3228,20.9790
0.3194,21.0514
0.3108,21.1024
0.2938,21.1163
0.2486,21.0925
0.2326,21.1112
0.2135,21.1152
0.1943,21.1191
0.1752,21.1230
0.1550,21.1219
0.1545,21.2217
0.1166,21.1293
0.0965,21.1281
0.0728,21.1071
0.0626,21.1597
0.0521,21.2124
0.0551,21.3437
0.0307,21.3207
-0.0196,21.2633
-0.0453,21.2290
-0.0719,21.1878
-0.0936,21.1761
-0.1107,21.1939
-0.1256,21.2264
-0.1639,21.2372
-0.1722,21.3191
-0.1901,21.3348
-0.2093,21.3424
-0.2304,21.3352
-0.2438,21.3874
-0.2644,21.3850
-0.2885,21.3546
-0.3083,21.3570
-0.3236,21.3991
-0.3481,21.3617
-0.3533,21.4962
-0.3736,21.4984
-0.3934,21.5056
-0.4365,21.4849
-0.4601,21.4520
-0.4815,21.4408
-0.5034,21.4227
-0.5209,21.4544
-0.5356,21.5208
-0.5717,21.5838
-0.5983,21.5057
-0.6146,21.5620
-0.6403,21.4887
-0.6583,21.5250
-0.6790,21.5213
-0.6917,21.6506
-0.7192,21.5337
-0.7398,21.5299
-0.7595,21.5459
-0.7813,21.5170
-0.8010,21.5329
-0.8202,21.5637
-0.8326,21.7726
-0.8582,21.6501
-0.8776,21.6908
-0.8991,21.6714
-0.9173,21.7704
-0.9392,21.7375
-0.9606,21.7180
-0.9813,21.7333
-1.0230,21.7589
-1.0440,21.7727
-1.0650,21.7878
-1.0864,21.7344
-1.1074,21.7594
-1.1285,21.7843
-1.1097,15.1126
-1.1928,21.8488
-1.2140,21.8385
-1.2363,21.8930
-1.2573,21.8677
-1.2789,21.8772
-1.3212,21.8560
-1.3434,21.8803
-1.3656,21.8995
-1.3877,21.9137
-1.4099,21.9278
-1.4308,21.9119
-1.4604,22.0794
-1.4767,21.9646
-1.4973,21.9435
-1.5226,22.0071
-1.5469,22.0457
-1.5700,22.0632
-1.5924,22.0679
-1.6257,22.2299
-1.6580,22.0582
-1.6792,22.0466
-1.7064,22.1095
-1.7332,22.1624
-1.7597,22.2094
-1.7808,22.1924
-1.8023,22.1804
-1.8367,22.3035
-1.8549,22.2557
-1.8775,22.2542
-1.9033,22.2817
-1.9248,22.2693
-1.9463,22.2569
-1.9739,22.2983
-1.9932,22.2666
-2.0212,22.3085
-2.0488,22.3447
-2.0692,22.3227
-2.0958,22.3495
-2.1238,22.3855
-2.1502,22.4072
-2.1997,22.4255
-2.2264,22.4469
-2.2511,22.4539
-2.2683,22.4110
-2.2974,22.4469
-2.3190,22.4335
-2.3692,22.4507
-2.3940,22.4567
-2.4205,22.4725
-2.4463,22.4833
-2.4721,22.4940
-2.4989,22.5095
-2.5536,22.6770
-2.5492,22.5207
-2.5763,22.5359
-2.5969,22.5168
-2.6202,22.5122
-2.6697,22.6399
-2.7219,22.7771
-2.7581,22.8310
-2.7738,22.6646
-2.8038,22.6888
-2.8287,22.6886
-2.8526,22.6834
-2.8808,22.6976
-2.9179,22.7507
-2.9840,22.8175
-3.0312,22.9092
-3.0511,22.8838
-3.0720,22.8634
-3.1011,22.8768
-3.1424,22.9386
-3.2051,22.9795
-3.2461,23.0360
-3.2711,23.0300
-3.2973,23.0283
-3.3143,22.9923
-3.3378,22.9808
-3.4444,23.2734
-3.4983,23.2689
-3.5376,23.3098
-3.5895,23.3937
-3.5818,23.2702
-3.6102,23.2724
-3.6316,23.2504
-3.6870,23.2495
-3.7169,23.2560
-3.7720,23.3435
-3.8008,23.3450
-3.8447,23.3940
-3.9182,23.5344
-3.9210,23.3643
-3.9579,23.3890
-3.9838,23.3804
-4.0356,23.4486
-4.0726,23.4718
-4.1020,23.4723
-4.1793,23.6108
-4.1956,23.5720
-4.2525,23.6488
-4.2922,23.6756
-4.3257,23.6848
-4.3526,23.6751
-4.4057,23.7372
-4.4449,23.7601
-4.4382,23.6595
-4.4579,23.6308
-4.4881,23.6300
-4.5327,23.6665
-4.6322,23.8442
-4.6814,23.8894
-4.7290,23.9298
-4.8009,23.9497
-4.8806,23.9875
-4.6158,5.4184
-4.5200,5.5054
-4.4648,5.5703
-4.4082,5.6401
-4.3082,5.8325
-4.2093,6.0254
-4.1174,6.1202
-3.8951,6.5195
-2.5634,8.7869
-2.5161,8.8268
-2.4755,8.9198
-2.4422,8.9838
-2.4116,9.0382
-2.3824,9.0879
-2.3524,9.1426
-2.3061,9.1938
-2.2749,9.2586
-2.2441,9.3235
-2.2137,9.3885
-2.1837,9.4537
-2.1639,9.4701
-2.1228,9.5129
-2.1043,9.5245
-2.0826,9.5538
-2.0598,9.5900
-2.0377,9.6238
-2.0122,9.6776
-1.9653,9.7682
-1.9320,9.8739
-1.9108,9.9109
-1.8875,9.9627
-1.8724,9.9653
-1.8420,9.9723
-1.8240,9.9947
-1.8068,10.0123
-1.7836,10.0729
-1.7618,10.1253
-1.7446,10.1481
-1.7308,10.1462
-1.6969,10.1920
-1.6800,10.2161
-1.5184,10.4682
-1.5047,10.4769
-1.4910,10.4861
-1.4792,10.4746
-1.4647,10.4933
-1.4504,10.5122

# FrameTime=1781596480.64, PointCount=480
4.6295,18.1589
4.6705,18.2069
4.6651,18.2510
4.6475,18.2640
4.6411,18.2838
4.6813,18.3327
4.7212,18.3819
4.7145,18.4020
4.6430,18.3810
4.6461,18.4073
4.5747,18.3857
4.5679,18.4054
4.5778,18.4361
4.5055,18.4130
4.4929,18.4287
4.4792,18.4438
4.4403,18.4660
4.4910,18.5247
4.5566,18.5940
4.4476,18.5440
4.4716,18.5852
4.4026,18.5620
4.3239,18.5557
4.3612,18.6067
4.3969,18.6568
4.2527,18.5782
4.2452,18.5972
4.1811,18.5750
4.2062,18.6422
4.2370,18.6896
4.1570,18.6548
4.1052,18.6406
4.0735,18.6411
4.0816,18.6717
4.1929,18.7814
4.0912,18.7284
4.1408,18.7917
4.1065,18.7902
4.0432,18.7658
4.0059,18.7613
3.9625,18.7518
3.9739,18.7857
4.2396,19.0243
3.9728,18.8349
4.0070,18.8880
3.9519,18.8685
4.2378,19.1294
3.9270,18.8987
3.8761,18.8818
3.8855,18.9406
4.0342,19.0926
3.9452,19.0431
3.8792,19.0127
3.7795,18.9525
3.7404,18.9442
3.7001,18.9600
3.7023,18.9876
3.6858,18.9987
3.6767,19.0164
3.6749,19.0407
3.6567,19.0502
3.6065,19.0565
3.6029,19.0793
3.6061,19.1085
3.7461,19.2659
3.6000,19.1557
3.5049,19.0924
3.4973,19.1115
3.4353,19.0785
3.4331,19.1025
3.4092,19.1056
3.3853,19.1087
3.3650,19.1151
3.3341,19.1110
3.3174,19.1207
3.3191,19.1755
3.3339,19.2172
3.3169,19.2269
3.2685,19.2044
3.2203,19.1817
3.2104,19.1982
3.1835,19.2240
3.2284,19.2985
3.3037,19.4059
3.2369,19.3628
3.1412,19.2880
3.1343,19.3080
3.0899,19.3149
3.0728,19.3238
3.0724,19.3511
3.0601,19.3654
3.0395,19.3704
3.0256,19.3829
3.0431,19.4309
2.9812,19.3888
2.9573,19.3897
2.9139,19.3679
2.9130,19.3951
2.8990,19.4071
2.8850,19.4191
2.8676,19.4272
2.8362,19.4471
2.8093,19.4435
2.8046,19.4668
2.8063,19.4978
2.8046,19.5250
2.7854,19.5309
2.7581,19.5561
2.7374,19.5598
2.7167,19.5635
2.6991,19.5710
2.6600,19.5509
2.6425,19.5582
2.6286,19.6004
2.6503,19.6593
2.6702,19.7163
2.6567,19.7296
2.5744,19.6508
2.5745,19.6819
2.5388,19.6647
2.5344,19.6898
2.4974,19.6703
2.4870,19.6872
2.4721,19.6980
2.4717,19.7290
2.4567,19.7397
2.4690,19.7891
2.4553,19.8018
2.4086,19.7674
2.3907,19.7738
2.3642,19.7678
2.3463,19.7741
2.3283,19.7803
2.3103,19.7864
2.2772,19.8027
2.2564,19.8045
2.2357,19.8062
2.2150,19.8078
2.1998,19.8177
2.1953,19.8444
2.1673,19.8683
2.1705,19.9076
2.1656,19.9343
2.1579,19.9568
2.1514,19.9814
2.1330,19.9869
2.0949,19.9956
2.0752,19.9987
2.0607,20.0104
2.0398,20.0113
2.0087,19.9949
1.9828,19.9870
1.9674,20.0334
1.9191,19.9863
1.9256,20.0344
1.9023,20.0304
1.8643,20.0002
1.9070,20.1138
1.8872,20.1163
1.8453,20.1166
1.8076,20.0859
1.7963,20.1034
1.7684,20.0901
1.7711,20.1339
1.7525,20.1381
1.7246,20.1640
1.7060,20.1680
1.6874,20.1720
1.6688,20.1759
1.6322,20.1441
1.6450,20.2103
1.7366,20.4355
1.6364,20.2759
1.6110,20.2662
1.5835,20.2518
1.5539,20.2329
1.5330,20.2318
1.5401,20.2893
1.5373,20.3266
1.5406,20.3774
1.4984,20.3310
1.4805,20.3365
1.4647,20.3465
1.4437,20.3451
1.4269,20.3527
1.4121,20.3648
1.3802,20.3844
1.3622,20.3895
1.3482,20.4038
1.3351,20.4203
1.3200,20.4321
1.3048,20.4440
1.2724,20.4629
1.2571,20.4747
1.2380,20.4771
1.2207,20.4841
1.2035,20.4910
1.1880,20.5026
1.1552,20.5209
1.1288,20.5043
1.1257,20.5483
1.1358,20.6274
1.0890,20.5569
1.0803,20.5868
1.0826,20.6474
1.0314,20.5623
0.9883,20.4983
0.9845,20.5421
0.9503,20.5013
0.9347,20.5122
0.9502,20.6125
0.9554,20.6847
0.9309,20.7301
0.9217,20.7624
0.8957,20.7447
0.8425,20.6438
0.8386,20.6923
0.8299,20.7266
0.8255,20.8381
0.8012,20.8248
0.7726,20.7971
0.7193,20.6881
0.6986,20.6840
0.6964,20.7420
0.7969,21.1477
0.6758,20.8054
0.6923,20.9306
0.6544,20.8687
0.6313,20.8574
0.6223,20.8963
0.6177,20.9517
0.5885,20.9183
0.5552,20.9428
0.5488,20.9939
0.5406,21.0396
0.5154,21.0203
0.4843,20.9768
0.4680,20.9912
0.4149,20.9374
0.3905,20.9177
0.4003,21.0415
0.3636,20.9703
0.3449,20.9747
0.3272,20.9838
0.3333,21.0981
0.3049,21.0605
0.2972,21.1164
0.2764,21.1128
0.2520,21.0925
0.2360,21.1112
0.2168,21.1152
0.2062,21.1611
0.1785,21.1230
0.1593,21.1268
0.1392,21.1257
0.1228,21.1441
0.0962,21.1085
0.0789,21.1218
0.0852,21.2659
0.0466,21.1632
0.0438,21.2601
0.0471,21.3963
0.0176,21.3438
-0.0178,21.2534
-0.0476,21.1945
-0.0701,21.1779
-0.1096,21.1791
-0.1259,21.2018
-0.1402,21.2393
-0.1569,21.2619
-0.1663,21.3370
-0.1868,21.3348
-0.2073,21.3326
-0.2150,21.4262
-0.2411,21.3824
-0.2617,21.3800
-0.2857,21.3497
-0.3044,21.3620
-0.3179,21.4189
-0.3425,21.3816
-0.3697,21.5034
-0.3956,21.4527
-0.4198,21.4151
-0.4361,21.4550
-0.4567,21.4520
-0.4727,21.4987
-0.5171,21.4594
-0.5369,21.4661
-0.5506,21.5474
-0.5680,21.5888
-0.5919,21.5456
-0.6138,21.5272
-0.6271,21.6316
-0.6565,21.5001
-0.6759,21.5163
-0.6963,21.5176
-0.7166,21.5188
-0.7370,21.5199
-0.7574,21.5210
-0.7780,21.5170
-0.8177,21.5438
-0.8367,21.5795
-0.8535,21.6851
-0.8744,21.6858
-0.8947,21.7064
-0.9142,21.7604
-0.9573,21.7130
-0.9780,21.7284
-0.9993,21.7087
-1.0196,21.7675
-1.0406,21.7727
-1.0617,21.7878
-1.0828,21.8129
-1.1040,21.7494
-1.1250,21.7444
-1.1465,21.8142
-1.1677,21.8091
-1.1892,21.8288
-1.2108,21.8485
-1.2339,21.9467
-1.2538,21.8627
-1.2753,21.8672
-1.2969,21.8716
-1.3184,21.8760
-1.3407,21.9003
-1.3628,21.9145
-1.3851,21.9337
-1.4285,21.9368
-1.4501,21.9358
-1.4723,21.9447
-1.4947,21.9585
-1.5201,22.0221
-1.5449,22.0696
-1.5714,22.1381
-1.5903,22.0878
-1.6131,22.0963
-1.6338,22.0748
-1.6532,22.0383
-1.6786,22.0814
-1.7039,22.1195
-1.7323,22.1914
-1.7525,22.1655
-1.7766,22.1825
-1.7989,22.1804
-1.8251,22.2181
-1.8541,22.2814
-1.8762,22.2741
-1.8978,22.2618
-1.9424,22.2520
-1.9650,22.2494
-1.9922,22.2865
-2.0178,22.3086
-2.0436,22.3306
-2.0696,22.3525
-2.1185,22.3706
-2.1441,22.3874
-2.1705,22.4090
-2.1971,22.4305
-2.2245,22.4568
-2.2367,22.3799
-2.2895,22.4173
-2.3148,22.4285
-2.3403,22.4397
-2.3658,22.4507
-2.3906,22.4567
-2.4163,22.4676
-2.4710,22.6454
-2.4662,22.4793
-2.4921,22.4899
-2.5189,22.5053
-2.5450,22.5158
-2.5701,22.5212
-2.5926,22.5119
-2.6216,22.5368
-2.6881,22.6254
-2.7068,22.5962
-2.7770,22.8163
-2.7991,22.8014
-2.8067,22.7182
-2.8243,22.6837
-2.8752,22.6879
-2.9046,22.7069
-2.9452,22.7744
-2.9863,22.8418
-3.0244,22.8945
-3.0454,22.8741
-3.1168,23.0628
-3.0942,22.8623
-3.1222,22.8708
-3.1673,22.9471
-3.2042,22.9892
-3.2489,23.0602
-3.2639,23.0155
-3.3015,23.0573
-3.3305,22.9664
-3.3631,22.9886
-3.4627,23.2519
-3.4909,23.2545
-3.5424,23.3386
-3.5803,23.3736
-3.5872,23.2053
-3.6296,23.2553
-3.6609,23.2668
-3.6793,23.2352
-3.7297,23.3086
-3.7849,23.3960
-3.8679,23.5702
-3.8278,23.3512
-3.8506,23.3335
-3.8749,23.3205
-3.9285,23.3976
-3.9607,23.4080
-3.9994,23.4373
-4.0306,23.4439
-4.0628,23.4529
-4.0954,23.4628
-4.1314,23.4821
-4.1972,23.5861
-4.2608,23.6818
-4.2876,23.6723
-4.3240,23.6895
-4.3817,23.6809
-4.4294,23.7272
-4.4453,23.6876
-4.4563,23.6355
-4.4865,23.6347
-4.5258,23.6572
-4.6325,23.8535
-4.7036,23.8740
-4.7550,23.9236
-4.8049,23.9683
-4.5635,5.4642
-4.5027,5.5429
-4.4511,5.5985
-4.3488,5.7102
-4.2311,5.9548
-4.1598,6.0728
-2.5351,8.8117
-2.5023,8.8705
-2.4618,8.9636
-2.4320,9.0130
-2.3856,9.0587
-2.3555,9.1134
-2.3258,9.1682
-2.2943,9.2328
-2.2632,9.2976
-2.2164,9.3592
-2.1883,9.4146
-2.1625,9.4603
-2.1399,9.4915
-2.1184,9.5178
-2.0981,9.5393
-2.0779,9.5609
-2.0601,9.5705
-2.0374,9.6068
-2.0150,9.6433
-1.9846,9.7265
-1.9542,9.8125
-1.9236,9.9035
-1.8898,9.9282
-1.8690,9.9653
-1.8539,9.9680
-1.8363,9.9871
-1.8184,10.0095
-1.8000,10.0355
-1.7674,10.0625
-1.7426,10.1382
-1.7268,10.1511
-1.7104,10.1691
-1.6929,10.1970
-1.6772,10.2111
-1.6638,10.2084
-1.5155,10.4637
-1.5022,10.4674
-1.4863,10.5010
-1.4745,10.4894
-1.4626,10.4784
-1.4466,10.5172
-1.4375,10.4713
-1.4304,10.3955

# FrameTime=1781596480.74, PointCount=482
4.6279,18.1607
4.6818,18.2165
4.6635,18.2528
4.6459,18.2658
4.6438,18.2883
4.6840,18.3372
4.7197,18.3838
4.7171,18.4065
4.6414,18.3829
4.6529,18.4145
4.5774,18.3902
4.5747,18.4127
4.5762,18.4379
4.5081,18.4176
4.4997,18.4361
4.4735,18.4429
4.4387,18.4679
4.4812,18.5209
4.5591,18.5987
4.4419,18.5431
4.4741,18.5899
4.4051,18.5667
4.3182,18.5547
4.3556,18.6056
4.3994,18.6616
4.2471,18.5771
4.2355,18.5932
4.1795,18.5769
4.2086,18.6470
4.2354,18.6915
4.1674,18.6657
4.1076,18.6454
4.0719,18.6430
4.0801,18.6736
4.1754,18.7712
4.0896,18.7303
4.1353,18.7905
4.1089,18.7951
4.0417,18.7676
4.0044,18.7632
3.9609,18.7536
3.9723,18.7875
4.2342,19.0230
3.9751,18.8399
4.0131,18.8962
3.9465,18.8672
4.2286,19.1249
3.9139,18.8910
3.8745,18.8836
3.8839,18.9425
3.9033,18.9846
3.9436,19.0450
3.8814,19.0178
3.7817,18.9576
3.7389,18.9461
3.6948,18.9585
3.6933,18.9829
3.6768,18.9939
3.6826,19.0249
3.6808,19.0493
3.6551,19.0521
3.6606,19.0832
3.6123,19.0651
3.5940,19.0744
3.6045,19.1104
3.7409,19.2643
3.5875,19.1473
3.4997,19.0908
3.4468,19.0667
3.4279,19.1009
3.4148,19.1144
3.3837,19.1105
3.3635,19.1170
3.3290,19.1093
3.3194,19.1261
3.3140,19.1738
3.3253,19.2119
3.2978,19.2109
3.2599,19.1991
3.2222,19.1871
3.2053,19.1965
3.2733,19.2942
3.1888,19.2331
3.2337,19.3076
3.3124,19.4187
3.2421,19.3719
3.1362,19.2862
3.1293,19.3062
3.1020,19.3042
3.2517,19.4954
3.0712,19.3256
3.0708,19.3530
3.0636,19.3729
3.0380,19.3723
3.0240,19.3847
3.0448,19.4365
2.9796,19.3906
2.9590,19.3953
2.9156,19.3735
2.9114,19.3969
2.8974,19.4090
2.8834,19.4209
2.8628,19.4253
2.8282,19.4413
2.8013,19.4377
2.8062,19.4725
2.8047,19.4997
2.7998,19.5230
2.7901,19.5405
2.7565,19.5579
2.7358,19.5617
2.7151,19.5653
2.6975,19.5729
2.6615,19.5567
2.6439,19.5640
2.7408,19.7197
2.6301,19.6062
2.6517,19.6651
2.6505,19.6943
2.6176,19.6816
2.5698,19.6487
2.5699,19.6797
2.5402,19.6706
2.4988,19.6762
2.4825,19.6851
2.4705,19.6999
2.4672,19.7268
2.4551,19.7416
2.4646,19.7869
2.4128,19.7775
2.3891,19.7757
2.3655,19.7738
2.3447,19.7760
2.3295,19.7863
2.3116,19.7924
2.3116,19.8254
2.2784,19.8087
2.2576,19.8105
2.2369,19.8122
2.2189,19.8180
2.1982,19.8196
2.1883,19.8379
2.2093,19.9044
2.1630,19.8660
2.1716,19.9137
2.1640,19.9362
2.1590,19.9629
2.1525,19.9876
2.1314,19.9888
2.1130,19.9942
2.0934,19.9975
2.0762,20.0049
2.0553,20.0058
2.0331,20.0046
2.0122,20.0054
1.9812,19.9888
1.9842,20.0304
1.9200,19.9925
1.9215,20.0319
1.9032,20.0366
1.8676,20.0108
1.9006,20.1069
1.8905,20.1269
2.0010,20.3656
1.8485,20.1272
1.8108,20.0966
1.7971,20.1097
1.7715,20.1008
1.7648,20.1270
1.7509,20.1400
1.8101,20.2924
1.7230,20.1659
1.7067,20.1743
1.6881,20.1783
1.6718,20.1867
1.6329,20.1504
1.6457,20.2166
1.6515,20.2695
1.6138,20.2770
1.5906,20.2717
1.5566,20.2437
1.5314,20.2337
1.5385,20.2912
1.5314,20.3194
1.4968,20.3329
1.4810,20.3429
1.4611,20.3438
1.4525,20.3697
1.4294,20.3637
1.4145,20.3758
1.4452,20.4907
1.3786,20.3862
1.3627,20.3959
1.3486,20.4102
1.3335,20.4221
1.3204,20.4386
1.3071,20.4551
1.2957,20.4761
1.2688,20.5089
1.2420,20.4928
1.2229,20.4952
1.2019,20.4929
1.1864,20.5044
1.1728,20.5206
1.1254,20.5015
1.1206,20.5408
1.1360,20.6340
1.0874,20.5588
1.0857,20.6074
1.0490,20.5624
1.0513,20.6229
0.9884,20.5048
0.9779,20.5299
0.9488,20.5032
0.9298,20.5046
0.9503,20.6191
0.9489,20.6724
0.9498,20.7331
0.9277,20.7272
0.9201,20.7642
0.8957,20.7513
0.8440,20.6551
0.8340,20.6847
0.8299,20.7332
0.8422,20.8342
0.7952,20.8124
0.7695,20.7942
0.7192,20.6947
0.6955,20.6811
0.6949,20.7438
0.6811,20.7636
0.6873,20.9208
0.6687,20.9261
0.6324,20.8689
0.6194,20.8933
0.6102,20.9322
0.5883,20.9250
0.5808,20.9713
0.5524,20.9398
0.5485,21.0006
0.5378,21.0366
0.5164,21.0319
0.4802,20.9689
0.4664,20.9930
0.4356,20.9493
0.3865,20.9098
0.3999,21.0482
0.3632,20.9770
0.3433,20.9765
0.3246,20.9808
0.3201,21.0484
0.2993,21.1349
0.2769,21.1244
0.2525,21.1041
0.2354,21.1179
0.2153,21.1170
0.1961,21.1210
0.1578,21.1287
0.1376,21.1275
0.1212,21.1459
0.0955,21.1152
0.0764,21.1188
0.0644,21.1616
0.0609,21.2536
0.0421,21.3785
0.0077,21.2963
-0.0186,21.2602
-0.0491,21.1964
-0.0709,21.1847
-0.0918,21.1779
-0.1268,21.2086
-0.1426,21.2362
-0.1599,21.2539
-0.1678,21.3388
-0.1883,21.3367
-0.2082,21.3394
-0.2453,21.3645
-0.2626,21.3868
-0.2873,21.3515
-0.3059,21.3639
-0.3200,21.4158
-0.3457,21.3686
-0.3504,21.5080
-0.3940,21.4844
-0.4178,21.4517
-0.4362,21.4718
-0.4588,21.4489
-0.4797,21.4427
-0.4998,21.4445
-0.5389,21.4630
-0.5530,21.5393
-0.5695,21.5907
-0.5953,21.5225
-0.6154,21.5290
-0.6388,21.4856
-0.6494,21.6349
-0.6775,21.5182
-0.6978,21.5194
-0.7179,21.5256
-0.7383,21.5268
-0.7582,21.5378
-0.7796,21.5189
-0.7990,21.5397
-0.8383,21.5814
-0.8556,21.6720
-0.8758,21.6926
-0.8965,21.6983
-0.9156,21.7673
-0.9376,21.7294
-0.9798,21.7202
-1.0008,21.7156
-1.0211,21.7743
-1.0422,21.7795
-1.0632,21.7897
-1.0846,21.7413
-1.1044,15.1145
-1.1267,21.7563
-1.1480,21.7961
-1.1693,21.8159
-1.1908,21.8307
-1.2124,21.8504
-1.2345,21.8899
-1.1125,15.1144
-1.1136,15.1143
-1.2986,21.8785
-1.3196,21.8629
-1.3416,21.8822
-1.3638,21.9014
-1.3859,21.9156
-1.4081,21.9297
-1.4512,21.9277
-1.4746,21.9615
-1.4958,21.9504
-1.5214,22.0190
-1.5463,22.0676
-1.5685,22.0701
-1.6014,22.2333
-1.6136,22.0832
-1.6457,22.2202
-1.6555,22.0501
-1.6794,22.0734
-1.7050,22.1164
-1.7322,22.1743
-1.7571,22.2013
-1.7818,22.2251
-1.8010,22.1873
-1.8252,22.2051
-1.8580,22.3073
-1.8788,22.2859
-1.9009,22.2786
-1.9214,22.2563
-1.9665,22.2513
-1.9926,22.2784
-2.0194,22.3104
-2.0452,22.3324
-2.0674,22.3246
-2.0966,22.3712
-2.1450,22.3843
-2.1714,22.4059
-2.1979,22.4274
-2.2253,22.4538
-2.2493,22.4558
-2.2680,22.4227
-2.3108,22.5471
-2.3188,22.4452
-2.3427,22.4465
-2.3682,22.4575
-2.3930,22.4635
-2.4187,22.4744
-2.4454,22.4901
-2.4712,22.5008
-2.5214,22.5121
-2.5484,22.5274
-2.5736,22.5329
-2.5932,22.5088
-2.6204,22.5239
-2.6795,22.7006
-2.7483,22.7937
-2.7725,22.7888
-2.7709,22.6616
-2.8062,22.7103
-2.8269,22.6905
-2.8508,22.6853
-2.9083,22.8312
-2.9040,22.6990
-2.9435,22.7617
-2.9845,22.8291
-3.0283,22.9062
-3.0481,22.8808
-3.0714,22.8701
-3.0970,22.8690
-3.1676,22.9441
-3.2034,22.9814
-3.2480,23.0524
-3.2693,23.0319
-3.2980,23.0398
-3.3099,22.9846
-3.3620,22.9808
-3.4643,23.2538
-3.4925,23.2563
-3.5399,23.3261
-3.5918,23.4100
-3.6499,23.5130
-3.6537,23.4285
-3.6355,23.2715
-3.6582,23.2543
-3.6823,23.2418
-3.7210,23.2770
-3.7776,23.3693
-3.7961,23.3374
-3.8975,23.5685
-3.8507,23.3306
-3.8657,23.2891
-3.9254,23.3852
-3.9561,23.3909
-3.9962,23.4249
-4.0322,23.4457
-4.0724,23.4784
-4.1264,23.4651
-4.1971,23.5833
-4.2557,23.6648
-4.2937,23.6869
-4.3256,23.6913
-4.3661,23.7192
-4.4057,23.7437
-4.4346,23.6567
-4.4526,23.6233
-4.4881,23.6366
-4.5309,23.6684
-4.6286,23.8414
-4.6778,23.8867
-4.7548,23.9208
-4.8028,23.9609
-4.9286,23.9528
-4.5861,5.4098
-4.5217,5.4979
-4.4698,5.5534
-4.3996,5.6608
-4.2928,5.8720
-4.1974,6.0556
-4.1189,6.1127
-3.8820,6.5545
-2.5652,8.7742
-2.5166,8.8190
-2.4783,8.9022
-2.4404,8.9857
-2.4098,9.0401
-2.3795,9.0947
-2.3495,9.1493
-2.3022,9.2054
-2.2721,9.2653
-2.2413,9.3303
-2.2109,9.3953
-2.1849,9.4409
-2.1621,9.4720
-2.1229,9.5049
-2.1025,9.5264
-2.0804,9.5578
-2.0589,9.5870
-2.0363,9.6234
-2.0140,9.6598
-1.9652,9.7602
-1.9335,9.8561
-1.9090,9.9128
-1.8881,9.9498
-1.8698,9.9721
-1.8555,9.9698
-1.8237,9.9868
-1.8038,10.0225
-1.7873,10.0368
-1.7662,10.0841
-1.7442,10.1401
-1.7290,10.1481
-1.6957,10.1889
-1.6815,10.1921
-1.6548,10.1838
-1.5171,10.4655
-1.5034,10.4739
-1.4902,10.4775
-1.4770,10.4815
-1.4634,10.4902
-1.4482,10.5190

# FrameTime=1781596480.84, PointCount=479
4.6306,18.1639
4.6844,18.2197
4.6681,18.2335
4.7273,18.2934
4.6443,18.2664
4.6337,18.2837
4.6781,18.3352
4.7180,18.3844
4.7155,18.4071
4.6398,18.3835
4.6555,18.4178
4.5799,18.3936
4.5689,18.4106
4.5719,18.4368
4.5065,18.4182
4.4897,18.4312
4.4718,18.4435
4.4288,18.4629
4.4837,18.5243
4.5575,18.5993
4.4444,18.5465
4.4807,18.5962
4.4035,18.5673
4.3207,18.5582
4.3580,18.6091
4.4100,18.6709
4.2455,18.5777
4.2380,18.5967
4.1779,18.5775
4.4188,18.7781
4.2030,18.6446
4.2258,18.6861
4.1698,18.6692
4.1100,18.6490
4.0703,18.6436
4.0745,18.6712
4.1897,18.7839
4.0841,18.7278
4.1297,18.7881
4.0994,18.7896
4.0400,18.7682
4.0027,18.7638
3.9632,18.7573
3.9707,18.7881
3.9657,18.8342
4.0115,18.8968
3.9487,18.8709
4.2462,19.1413
3.9161,18.8948
3.8767,18.8874
3.8746,18.9366
3.8978,18.9820
3.9420,19.0456
3.8798,19.0184
3.7876,18.9648
3.7297,18.9401
3.7793,19.0091
3.6894,18.9558
3.6991,18.9901
3.6677,18.9879
3.6475,18.9955
3.6606,19.0332
3.6572,19.0560
3.6589,19.0838
3.6107,19.0657
3.5977,19.0799
3.6029,19.1110
3.7393,19.2649
3.5932,19.1548
3.5653,19.1551
3.4488,19.0707
3.4263,19.1015
3.4132,19.1150
3.3714,19.1007
3.3618,19.1176
3.3273,19.1099
3.3319,19.1408
3.3054,19.1673
3.3237,19.2125
3.2787,19.1937
3.2304,19.1712
3.2171,19.1841
3.2072,19.2007
3.2682,19.2912
3.2044,19.2518
3.2183,19.2937
3.3313,19.4411
3.2439,19.3762
3.1380,19.2904
3.1277,19.3068
3.1004,19.3048
3.0696,19.3262
3.0692,19.3536
3.0603,19.3716
3.0397,19.3766
3.0191,19.3816
2.9985,19.3864
2.9509,19.3884
2.9107,19.3704
2.9131,19.4013
2.8991,19.4133
2.8882,19.4291
2.8709,19.4373
2.8298,19.4457
2.7997,19.4383
2.8046,19.4731
2.7999,19.4964
2.7982,19.5236
2.7854,19.5372
2.7710,19.5489
2.7581,19.5624
2.7311,19.5584
2.7135,19.5659
2.6928,19.5695
2.6660,19.5652
2.6393,19.5607
2.7361,19.7163
2.6285,19.6068
2.6471,19.6617
2.6610,19.7108
2.6595,19.7400
2.5742,19.6573
2.5713,19.6843
2.5386,19.6712
2.4971,19.6768
2.4867,19.6937
2.4660,19.6964
2.4511,19.7071
2.4420,19.7259
2.4687,19.7957
2.3912,19.7494
2.3733,19.7558
2.3695,19.7826
2.3402,19.7724
2.3307,19.7910
2.3127,19.7972
2.2948,19.8033
2.2588,19.8152
2.2353,19.8128
2.2145,19.8144
2.1939,19.8160
2.1948,19.8511
2.1768,19.8567
2.1753,19.9228
2.1465,19.9114
2.1573,19.9635
2.1482,19.9839
2.1272,19.9851
2.1075,19.9884
2.0734,20.0033
2.0511,20.0021
2.0340,20.0095
2.0106,20.0060
1.9821,19.9937
1.9851,20.0353
1.9391,19.9926
1.9150,20.0238
1.9015,20.0372
1.8685,20.0157
1.8989,20.1075
1.8865,20.1231
1.8606,20.1146
1.8140,20.1059
1.8050,20.1279
1.7864,20.1322
1.7726,20.1452
1.7563,20.1538
1.7400,20.1624
1.7051,20.1749
1.6865,20.1789
1.6679,20.1828
1.6335,20.1554
1.6441,20.2172
1.6499,20.2701
1.7561,20.5271
1.6122,20.2776
1.5956,20.2857
1.5550,20.2443
1.5320,20.2388
1.5390,20.2963
1.5319,20.3245
1.5215,20.3460
1.4952,20.3335
1.4794,20.3435
1.4553,20.3353
1.4488,20.3657
1.4257,20.3597
1.4089,20.3673
1.3940,20.3794
1.3590,20.3920
1.3470,20.4108
1.3319,20.4227
1.3188,20.4392
1.3074,20.4603
1.2941,20.4767
1.2691,20.5141
1.2423,20.4981
1.2194,20.4912
1.1910,20.4703
1.1811,20.4958
1.1657,20.5072
1.1274,20.5114
1.1279,20.5647
1.1299,20.6228
1.0858,20.5593
1.0945,20.6361
1.0491,20.5677
1.0059,20.5038
0.9746,20.5258
0.9471,20.5038
0.9298,20.5099
0.9520,20.6291
0.9473,20.6730
0.9473,20.7311
0.9217,20.7743
0.8941,20.7519
0.8440,20.6605
0.8308,20.6805
0.8283,20.7338
0.8391,20.8300
0.7906,20.8034
0.7709,20.8043
0.7205,20.7049
0.6968,20.6912
0.6932,20.7444
0.6795,20.7642
0.7042,20.9160
0.6960,20.9570
0.6526,20.8760
0.6335,20.8791
0.6178,20.8939
0.6113,20.9424
0.5906,20.9400
0.5681,20.9306
0.5449,20.9937
0.5344,21.0304
0.5147,21.0325
0.4860,20.9986
0.4611,20.9791
0.4352,20.9547
0.4362,21.0397
0.3861,20.9153
0.3803,20.9732
0.3627,20.9825
0.3417,20.9771
0.3274,21.0009
0.3196,21.0539
0.3153,21.1244
0.2763,21.1299
0.2478,21.0901
0.2328,21.1136
0.2126,21.1127
0.1935,21.1167
0.1743,21.1205
0.1360,21.1281
0.1187,21.1416
0.0939,21.1158
0.0748,21.1194
0.0636,21.1671
0.0566,21.2394
0.0405,21.3791
0.0069,21.3019
-0.0202,21.2608
-0.0499,21.2019
-0.0741,21.1755
-0.0926,21.1835
-0.0849,21.3623
-0.1299,21.1993
-0.1456,21.2269
-0.1623,21.2495
-0.1702,21.3345
-0.1907,21.3323
-0.2091,21.3449
-0.2276,21.3575
-0.2643,21.3874
-0.2877,21.3621
-0.3076,21.3645
-0.3222,21.4115
-0.3434,21.4039
-0.3531,21.4987
-0.3723,21.5109
-0.3967,21.4750
-0.4184,21.4622
-0.4373,21.4774
-0.4609,21.4445
-0.4776,21.4831
-0.5023,21.4352
-0.5105,21.5746
-0.5409,21.4586
-0.5546,21.5399
-0.5712,21.5913
-0.5981,21.5082
-0.6170,21.5296
-0.6401,21.4912
-0.6584,21.5225
-0.6995,21.5200
-0.7193,21.5312
-0.7397,21.5323
-0.7593,21.5484
-0.7812,21.5194
-0.8006,21.5403
-0.8405,21.5670
-0.8578,21.6576
-0.8778,21.6833
-0.8985,21.6889
-0.9172,21.7679
-0.9391,21.7349
-0.9550,21.9838
-0.9814,21.7208
-1.0023,21.7262
-1.0227,21.7714
-1.0438,21.7751
-1.0649,21.7903
-1.1049,15.1151
-1.1072,21.7519
-1.1496,21.7917
-1.1710,21.8165
-1.1925,21.8363
-1.2138,21.8410
-1.2363,21.9055
-1.2575,21.8901
-1.3003,21.8841
-1.3210,21.8585
-1.3432,21.8828
-1.3654,21.9020
-1.3875,21.9162
-1.4097,21.9303
-1.4310,21.9243
-1.4760,21.9571
-1.4974,21.9510
-1.5233,22.0246
-1.5473,22.0582
-1.5701,22.0707
-1.5925,22.0753
-1.6431,22.1619
-1.6575,22.0557
-1.6798,22.0590
-1.7071,22.1220
-1.7330,22.1649
-1.7591,22.2069
-1.8030,22.1929
-1.8259,22.1957
-1.8562,22.2731
-1.8774,22.2567
-1.9026,22.2792
-1.9236,22.2619
-1.9450,22.2495
-1.9930,22.2691
-2.0204,22.3061
-2.0474,22.3373
-2.0703,22.3351
-2.0963,22.3569
-2.1237,22.3880
-2.1730,22.4065
-2.1995,22.4280
-2.2269,22.4544
-2.2516,22.4614
-2.2696,22.4233
-2.2965,22.4445
-2.3413,22.5786
-2.3411,22.4273
-2.3674,22.4433
-2.3930,22.4543
-2.4195,22.4701
-2.4453,22.4808
-2.4720,22.4965
-2.5260,22.6641
-2.5212,22.5029
-2.5472,22.5133
-2.5743,22.5286
-2.5930,22.4996
-2.6220,22.5245
-2.6802,22.6963
-2.7237,22.7894
-2.7660,22.7503
-2.7736,22.6671
-2.8047,22.6962
-2.8296,22.6959
-2.8535,22.6907
-2.8817,22.7050
-2.9507,22.8994
-2.9418,22.7477
-2.9839,22.8200
-3.0299,22.9068
-3.0509,22.8863
-3.0706,22.8610
-3.1010,22.8793
-3.1808,23.0967
-3.1693,22.9447
-3.2037,22.9772
-3.2447,23.0337
-3.2709,23.0325
-3.2958,23.0259
-3.3102,22.9803
-3.3376,22.9833
-3.4645,23.2496
-3.5009,23.2810
-3.5320,23.2930
-3.5852,23.3818
-3.6129,23.2844
-3.6657,23.3687
-3.6584,23.2501
-3.6839,23.2424
-3.7197,23.2680
-3.7763,23.3603
-3.7992,23.3428
-3.8415,23.3870
-3.9165,23.5321
-3.9224,23.3715
-3.9593,23.3962
-3.9789,23.3687
-4.0338,23.4463
-4.0724,23.4742
-4.1019,23.4747
-4.1954,23.5745
-4.2490,23.6419
-4.2937,23.6828
-4.3272,23.6919
-4.3575,23.6916
-4.4090,23.7490
-4.4380,23.6620
-4.4577,23.6333
-4.4880,23.6325
-4.5325,23.6690
-4.6285,23.8373
-4.6812,23.8919
-4.7288,23.9323
-4.7988,23.9475
-4.8748,23.9761
-4.9359,23.9672
-4.5894,5.4057
-4.5215,5.5032
-4.4663,5.5681
-4.4012,5.6614
-4.2995,5.8585
-4.1957,6.0656
-4.1123,6.1369
-3.8965,6.5173
-2.5680,8.7700
-2.5148,8.8341
-2.4776,8.9126
-2.4443,8.9766
-2.4136,9.0310
-2.3822,9.0904
-2.3522,9.1451
-2.3049,9.2011
-2.2748,9.2610
-2.2439,9.3260
-2.2135,9.3910
-2.1845,9.4513
-2.1637,9.4726
-2.1264,9.4957
-2.1051,9.5221
-2.0820,9.5584
-2.0614,9.5827
-2.0379,9.6240
-2.0165,9.6555
-1.9694,9.7461
-1.9385,9.8370
-1.9115,9.9084
-1.8905,9.9454
-1.8730,9.9628
-1.8571,9.9704
-1.8253,9.9874
-1.8067,10.0148
-1.7855,10.0606
-1.7624,10.1228
-1.7444,10.1505
-1.7307,10.1486
-1.6985,10.1808
-1.6823,10.1988
-1.6664,10.2158
-1.6558,10.1894
-1.5187,10.4661
-1.5050,10.4745
-1.4918,10.4781
-1.4790,10.4771
-1.4646,10.4958
-1.4502,10.5147

# FrameTime=1781596480.94, PointCount=480
4.6216,18.1628
4.6754,18.2186
4.6529,18.2523
4.6679,18.2853
4.6332,18.2878
4.6776,18.3393
4.7049,18.3805
4.7108,18.4086
4.6241,18.4022
4.5668,18.3896
4.5642,18.4121
4.5699,18.4400
4.5018,18.4196
4.4933,18.4382
4.4671,18.4450
4.4448,18.4784
4.4872,18.5314
4.5528,18.6008
4.4314,18.5423
4.4678,18.5920
4.4029,18.5716
4.3159,18.5597
4.3533,18.6106
4.4052,18.6724
4.2489,18.5850
4.2332,18.5982
4.1691,18.5760
4.1902,18.6402
4.2226,18.6888
4.1747,18.6779
4.1093,18.6535
4.0696,18.6481
4.0817,18.6817
4.1889,18.7884
4.0833,18.7324
4.1329,18.7957
4.1010,18.7960
4.0392,18.7728
3.9980,18.7653
3.9585,18.7588
3.9659,18.7896
4.2239,19.0220
3.9687,18.8420
4.0107,18.9014
3.9440,18.8724
4.2261,19.1301
3.9075,18.8931
3.8681,18.8857
3.8852,18.9510
3.8931,18.9835
3.9411,19.0503
3.8675,19.0134
3.7791,18.9630
3.7288,18.9449
3.6884,18.9606
3.6981,18.9949
3.6816,19.0060
3.6651,19.0170
3.6707,19.0480
3.6487,19.0542
3.6505,19.0819
3.6060,19.0672
3.5913,19.0798
3.6018,19.1159
3.7382,19.2698
3.5848,19.1528
3.4969,19.0963
3.4441,19.0722
3.4287,19.1099
3.4084,19.1165
3.3810,19.1161
3.3571,19.1191
3.3297,19.1184
3.3130,19.1282
3.3112,19.1795
3.3295,19.2247
3.3020,19.2237
3.2606,19.2084
3.2193,19.1928
3.2024,19.2022
3.2669,19.2963
3.1893,19.2424
3.2170,19.2988
3.3286,19.4446
3.2358,19.3740
3.1333,19.2919
3.1230,19.3083
3.0923,19.3026
3.0716,19.3351
3.0678,19.3588
3.0522,19.3694
3.0349,19.3781
3.0177,19.3868
3.0385,19.4386
2.9732,19.3927
2.9428,19.3861
2.8995,19.3643
2.9051,19.3990
2.8878,19.4072
2.8770,19.4230
2.8597,19.4311
2.8283,19.4511
2.8014,19.4475
2.7999,19.4746
2.7983,19.5018
2.7966,19.5289
2.7838,19.5426
2.7533,19.5639
2.7326,19.5677
2.7088,19.5674
2.6881,19.5710
2.6552,19.5588
2.6376,19.5661
2.7284,19.7138
2.6237,19.6083
2.6454,19.6672
2.6593,19.7163
2.6578,19.7455
2.5694,19.6587
2.5666,19.6858
2.5339,19.6727
2.4895,19.6743
2.4820,19.6952
2.4613,19.6979
2.4406,19.7005
2.4372,19.7274
2.4611,19.7931
2.3864,19.7509
2.3657,19.7532
2.3676,19.7882
2.3355,19.7739
2.3232,19.7884
2.3052,19.7945
2.3053,19.8275
2.2720,19.8108
2.2513,19.8126
2.2333,19.8185
2.2126,19.8201
2.1918,19.8217
2.1820,19.8400
2.2057,19.9107
2.1567,19.8680
2.1679,19.9200
2.1603,19.9425
2.1553,19.9693
2.1461,19.9896
2.1251,19.9909
2.1054,19.9942
2.0699,20.0069
2.0464,20.0036
2.0319,20.0152
2.0084,20.0117
1.9774,19.9952
1.9779,20.0325
1.9161,19.9989
1.9127,20.0297
1.8968,20.0387
1.8588,20.0085
1.8967,20.1134
1.8817,20.1246
1.9995,20.3765
1.8398,20.1249
1.8045,20.0986
1.7908,20.1118
1.7652,20.1028
1.7585,20.1291
1.7469,20.1465
1.7968,20.2812
1.7213,20.1768
1.7073,20.1897
1.6841,20.1848
1.6632,20.1843
1.6310,20.1614
1.6394,20.2187
1.6451,20.2716
1.6075,20.2791
1.5908,20.2872
1.5459,20.2368
1.5294,20.2448
1.5343,20.2978
1.5272,20.3260
1.4926,20.3395
1.4747,20.3450
1.4527,20.3414
1.4400,20.3581
1.4210,20.3612
1.4062,20.3733
1.4408,20.4974
1.3723,20.3883
1.3563,20.3980
1.3413,20.4100
1.3272,20.4242
1.3140,20.4407
1.3027,20.4617
1.2894,20.4782
1.2644,20.5156
1.2376,20.4995
1.2165,20.4973
1.1955,20.4950
1.1782,20.5019
1.1609,20.5087
1.1209,20.5083
1.1232,20.5662
1.1261,20.6267
1.0829,20.5655
1.0845,20.6235
1.0427,20.5645
1.0466,20.6297
0.9855,20.5163
0.9749,20.5414
0.9575,20.5476
0.9251,20.5114
0.9357,20.5976
0.9442,20.6792
0.9377,20.7184
0.9138,20.7663
0.8909,20.7581
0.8392,20.6620
0.8276,20.6868
0.8235,20.7353
0.8329,20.8267
0.7873,20.8097
0.7661,20.8058
0.7158,20.7064
0.6906,20.6879
0.6885,20.7459
0.6776,20.7752
0.6995,20.9174
0.6941,20.9681
0.6651,20.9378
0.6275,20.8758
0.6131,20.8954
0.6066,20.9439
0.5832,20.9319
0.5633,20.9321
0.5447,21.0124
0.5296,21.0318
0.5113,21.0388
0.4825,21.0049
0.4588,20.9903
0.4304,20.9562
0.3802,20.9119
0.3755,20.9747
0.3580,20.9840
0.3370,20.9786
0.3238,21.0073
0.3148,21.0554
0.3106,21.1258
0.2929,21.1370
0.2706,21.1265
0.2462,21.1062
0.2291,21.1200
0.2089,21.1191
0.1898,21.1231
0.1830,21.1886
0.1514,21.1307
0.1313,21.1296
0.1140,21.1431
0.0892,21.1173
0.0691,21.1160
0.0589,21.1686
0.0519,21.2409
0.0341,21.3708
0.0013,21.2984
-0.0258,21.2574
-0.0547,21.2034
-0.0764,21.1917
-0.0974,21.1850
-0.0889,21.3687
-0.1316,21.2205
-0.1482,21.2432
-0.1670,21.2510
-0.1742,21.3409
-0.1947,21.3387
-0.2145,21.3415
-0.2324,21.3590
-0.2677,21.3989
-0.2924,21.3635
-0.3117,21.3709
-0.3264,21.4179
-0.3498,21.3905
-0.3567,21.5101
-0.4003,21.4864
-0.4247,21.4488
-0.4420,21.4789
-0.4647,21.4560
-0.4828,21.4796
-0.5066,21.4416
-0.5148,21.5810
-0.5456,21.4601
-0.5618,21.5115
-0.5763,21.5878
-0.6017,21.5246
-0.6228,21.5162
-0.6448,21.4927
-0.6631,21.5240
-0.7042,21.5215
-0.7240,21.5327
-0.7446,21.5288
-0.7645,21.5399
-0.7864,21.5110
-0.8056,21.5368
-0.8450,21.5735
-0.8623,21.6641
-0.8820,21.6997
-0.9032,21.6904
-0.9219,21.7694
-0.9438,21.7364
-0.9859,21.7323
-1.0071,21.7227
-1.0274,21.7764
-1.0485,21.7766
-1.0696,21.7968
-1.1096,15.1165
-1.1119,21.7584
-1.1543,21.7982
-1.1757,21.8180
-1.1971,21.8328
-1.2186,21.8425
-1.2409,21.8970
-1.2618,21.8716
-1.3049,21.8806
-1.3256,21.8550
-1.3480,21.8843
-1.3701,21.9035
-1.3922,21.9176
-1.4144,21.9317
-1.4402,22.0244
-1.4573,21.9248
-1.4810,21.9636
-1.5024,21.9575
-1.5275,22.0161
-1.5517,22.0547
-1.5749,22.0722
-1.5973,22.0768
-1.6517,22.2173
-1.6622,22.0572
-1.6849,22.0655
-1.7114,22.1185
-1.7377,22.1664
-1.7634,22.2034
-1.8073,22.1894
-1.8311,22.2022
-1.8599,22.2646
-1.8857,22.2930
-1.9083,22.2906
-1.9294,22.2733
-1.9509,22.2609
-1.9995,22.2855
-2.0258,22.3125
-2.0516,22.3345
-2.0744,22.3316
-2.1029,22.3733
-2.1290,22.3944
-2.1784,22.4129
-2.2057,22.4394
-2.2324,22.4608
-2.2549,22.4530
-2.2736,22.4199
-2.3019,22.4509
-2.3474,22.4387
-2.3738,22.4547
-2.3986,22.4607
-2.4242,22.4715
-2.4500,22.4823
-2.4767,22.4980
-2.5307,22.6656
-2.5259,22.5044
-2.5529,22.5197
-2.5790,22.5301
-2.5996,22.5109
-2.6257,22.5211
-2.6830,22.6880
-2.7285,22.7909
-2.7717,22.7566
-2.7773,22.6637
-2.8094,22.6977
-2.8333,22.6926
-2.8571,22.6874
-2.8875,22.7113
-2.9498,22.7638
-2.9897,22.8263
-3.0358,22.9132
-3.0556,22.8878
-3.0789,22.8770
-3.1033,22.8711
-3.1867,23.1030
-3.1764,22.9558
-3.2097,22.9835
-3.2519,23.0448
-3.2756,23.0340
-3.3018,23.0323
-3.3150,22.9818
-3.3671,22.9781
-3.4719,23.2607
-3.5029,23.2728
-3.5394,23.3041
-3.5940,23.3977
-3.6632,23.5391
-3.6176,23.2859
-3.6674,23.2659
-3.6872,23.2391
-3.7200,23.2552
-3.7825,23.3666
-3.8009,23.3347
-3.9053,23.5754
-3.8705,23.2864
-3.9318,23.3873
-3.9609,23.3882
-3.9836,23.3702
-4.0398,23.4514
-4.0787,23.4804
-4.1507,23.6051
-4.1328,23.4672
-4.2002,23.5759
-4.2587,23.6575
-4.2939,23.6716
-4.3320,23.6934
-4.3622,23.6931
-4.4086,23.7364
-4.4445,23.6682
-4.4607,23.6301
-4.4945,23.6387
-4.5373,23.6704
-4.6440,23.8668
-4.6877,23.8981
-4.7335,23.9338
-4.8017,23.9444
-4.8833,23.9869
-4.9388,23.9641
-4.6292,5.3990
-4.5280,5.5000
-4.4607,5.5977
-4.4026,5.6723
-4.3043,5.8600
-4.2021,6.0624
-4.1203,6.1289
-3.9012,6.5188
-2.5691,8.7860
-2.5230,8.8211
-2.4823,8.9140
-2.4490,8.9780
-2.4172,9.0373
-2.3869,9.0919
-2.3559,9.1514
-2.3252,9.2111
-2.3152,9.1771
-2.2784,9.2674
-2.2487,9.3274
-2.2182,9.3925
-2.1902,9.4479
-2.1685,9.4741
-2.1311,9.4972
-2.1098,9.5236
-2.0899,9.5430
-2.0667,9.5815
-2.0458,9.6082
-2.0194,9.6668
-1.9741,9.7476
-1.9432,9.8385
-1.9178,9.9001
-1.8969,9.9371
-1.8777,9.9643
-1.8616,9.9736
-1.8293,9.9938
-1.8107,10.0212
-1.7917,10.0522
-1.7713,10.0946
-1.7505,10.1421
-1.7354,10.1501
-1.7034,10.1811
-1.6870,10.2003
-1.6723,10.2074
-1.6599,10.1958
-1.5230,10.4722
-1.5093,10.4809
-1.4970,10.4746
-1.4833,10.4836
-1.4693,10.4973
-1.4545,10.5211

# FrameTime=1781596481.04, PointCount=474
4.6239,18.1656
4.6392,18.1983
4.6657,18.2379
4.6525,18.2536
4.6334,18.2656
4.6502,18.3238
4.6944,18.3755
4.7088,18.4089
4.6668,18.4067
4.5884,18.3809
4.5774,18.3980
4.5721,18.4430
4.5317,18.4409
4.4914,18.4385
4.4844,18.4580
4.4857,18.4832
4.5049,18.5205
4.5110,18.5738
4.5035,18.5935
4.4180,18.5592
4.4009,18.5719
4.3336,18.5494
4.3466,18.5830
4.4518,18.6821
4.2712,18.6028
4.2515,18.6131
4.1793,18.5851
4.1838,18.6128
4.2606,18.6938
4.1805,18.6593
4.1153,18.6598
4.0716,18.6514
4.0518,18.6609
4.0973,18.7201
4.1352,18.7741
4.1191,18.7868
4.0868,18.8119
4.0117,18.7779
3.9604,18.7622
3.9640,18.7899
3.9596,18.8114
3.9979,18.8674
3.9583,18.8607
4.1252,19.0227
4.2626,19.1621
3.9440,18.9253
3.8739,18.8924
3.8537,18.9009
3.9039,18.9687
4.0611,19.1280
3.9125,19.0279
3.8807,19.0267
3.8149,18.9959
3.7381,18.9550
3.6953,18.9432
3.7052,18.9774
3.6887,18.9885
3.6371,18.9939
3.6206,19.0048
3.6431,19.0511
3.6207,19.0567
3.5893,19.0540
3.5910,19.0816
3.6998,19.2360
3.6556,19.2216
3.5457,19.1446
3.4566,19.0863
3.4219,19.0792
3.4376,19.1206
3.3718,19.1094
3.3551,19.1194
3.3278,19.1187
3.3146,19.1320
3.3120,19.1559
3.3057,19.1762
3.2994,19.1965
3.2481,19.1979
3.2139,19.1895
3.2039,19.2060
3.1836,19.2118
3.1874,19.2427
3.2528,19.3389
3.2783,19.4217
3.1552,19.3178
3.1210,19.3086
3.1039,19.3176
3.0834,19.3228
3.0662,19.3317
3.0586,19.3790
3.0363,19.3821
3.0190,19.3908
2.9951,19.3920
2.9581,19.3780
2.9146,19.3563
3.0005,19.4836
2.9031,19.3993
2.8924,19.4151
2.8783,19.4271
2.8835,19.4619
2.8436,19.4433
2.8135,19.4360
2.8840,19.5496
2.7916,19.4672
2.7774,19.4789
2.7852,19.5176
2.7818,19.5429
2.7705,19.5584
2.7389,19.5486
2.7244,19.5601
2.6923,19.5791
2.6686,19.5787
2.6356,19.5664
2.6303,19.5895
2.6491,19.6443
2.6737,19.7072
2.6468,19.7338
2.6034,19.7071
2.5557,19.6741
2.5408,19.6850
2.5053,19.6678
2.4949,19.6847
2.4564,19.6941
2.4415,19.7048
2.4468,19.7439
2.4606,19.7954
2.4110,19.7570
2.3987,19.7717
2.3722,19.7658
2.3392,19.7825
2.3268,19.7969
2.3284,19.8320
2.2936,19.8133
2.2701,19.8110
2.2465,19.8087
2.2106,19.8204
2.1926,19.8261
2.1827,19.8444
2.1781,19.8711
2.1842,19.9147
2.1553,19.9034
2.1216,19.9187
2.1165,19.9454
2.1231,19.9912
2.1034,19.9945
2.0799,19.9913
2.0679,20.0072
2.0367,19.9910
2.0324,20.0198
2.0076,20.0141
1.9779,19.9998
1.9772,20.0350
1.9350,19.9987
1.9067,19.9862
1.9157,20.0386
1.9552,20.1455
1.8716,20.0349
1.8679,20.0657
1.9028,20.1664
1.8354,20.1208
1.8144,20.1209
1.7797,20.1339
1.7518,20.1205
1.7473,20.1512
1.7357,20.1686
1.7239,20.1860
1.6961,20.1723
1.7972,20.4097
1.6657,20.1935
1.6291,20.1617
1.6105,20.1654
1.6365,20.2585
1.6310,20.2891
1.6033,20.2749
1.7146,20.5460
1.5527,20.2551
1.5296,20.2496
1.5216,20.2755
1.5231,20.3218
1.5127,20.3432
1.4906,20.3398
1.4769,20.3543
1.4339,20.3493
1.4191,20.3615
1.4022,20.3691
1.3873,20.3811
1.3723,20.3932
1.3543,20.3983
1.3252,20.4245
1.3121,20.4410
1.2988,20.4574
1.2874,20.4785
1.2711,20.4880
1.2510,20.4881
1.2127,20.4930
1.1899,20.4860
1.1689,20.4836
1.1571,20.5044
1.1362,20.5018
1.1315,20.5412
1.1319,20.5945
1.0827,20.5705
1.0878,20.6378
1.0389,20.5601
1.0146,20.5478
0.9818,20.5119
0.9696,20.5322
0.9148,20.4881
0.9338,20.5979
0.9374,20.6654
0.9357,20.7187
0.9283,20.7558
0.9134,20.7714
0.8779,20.7252
0.8700,20.7618
0.8133,20.6491
0.8139,20.7119
0.8066,20.7509
0.8006,20.7947
0.7868,20.8147
0.7901,20.8899
0.7197,20.7258
0.6901,20.6930
0.6808,20.7271
0.6671,20.7468
0.6975,20.9177
0.6588,20.8533
0.6480,20.8852
0.6084,20.8860
0.6012,20.9318
0.5892,20.9610
0.5575,20.9179
0.5531,20.9760
0.5389,20.9982
0.5118,21.0487
0.4744,20.9810
0.4544,20.9809
0.4321,20.9710
0.4003,20.9223
0.3935,20.9753
0.3974,21.0749
0.3651,21.0231
0.3361,20.9838
0.3162,20.9832
0.3129,21.0557
0.3043,21.1066
0.2873,21.1206
0.2612,21.0926
0.2261,21.1154
0.2059,21.1145
0.1868,21.1184
0.1676,21.1223
0.1485,21.1261
0.1283,21.1250
0.0909,21.1372
0.0663,21.1113
0.0560,21.1640
0.0438,21.2068
0.0460,21.3332
0.0267,21.3397
-0.0253,21.2724
-0.0518,21.2332
-0.0800,21.1822
-0.0993,21.1852
-0.1164,21.2031
-0.1328,21.2258
-0.1351,21.3453
-0.1697,21.2463
-0.1773,21.3332
-0.1967,21.3390
-0.2165,21.3417
-0.2370,21.3394
-0.2504,21.3916
-0.2745,21.3613
-0.3143,21.3663
-0.3301,21.4033
-0.3518,21.3908
-0.3615,21.4856
-0.3801,21.5027
-0.4044,21.4669
-0.4428,21.4909
-0.4666,21.4563
-0.4875,21.4500
-0.5099,21.4270
-0.5274,21.4586
-0.5434,21.5101
-0.5589,21.5715
-0.6052,21.5050
-0.6201,21.5812
-0.6441,21.5328
-0.6658,21.5143
-0.6852,21.5305
-0.7056,21.5318
-0.7464,21.5341
-0.7667,21.5352
-0.7876,21.5262
-0.8076,21.5371
-0.8267,21.5679
-0.8447,21.6336
-0.8841,21.6950
-0.9057,21.6707
-0.9239,21.7697
-0.9456,21.7467
-0.9673,21.7122
-0.9880,21.7276
-1.0075,21.8264
-1.0296,21.7582
-1.0506,21.7719
-1.0716,21.7921
-1.0929,21.7337
-1.1139,21.7687
-1.1350,21.7736
-1.1150,15.1168
-1.1993,21.8530
-1.1185,15.1168
-1.2427,21.8873
-1.2639,21.8769
-1.1220,15.1216
-1.1231,15.1167
-1.3315,21.9839
-1.1253,15.1166
-1.3721,21.9038
-1.3940,21.9129
-1.4160,21.9220
-1.4373,21.9161
-1.4605,21.9500
-1.4893,22.0875
-1.5035,21.9428
-1.5291,22.0114
-1.5531,22.0450
-1.5762,22.0625
-1.5989,22.0721
-1.6326,22.2391
-1.6440,22.0840
-1.6850,22.0409
-1.7125,22.1088
-1.7389,22.1567
-1.7650,22.1996
-1.7873,22.1967
-1.8088,22.1847
-1.8614,22.2600
-1.8851,22.2684
-1.9103,22.2909
-1.9324,22.2835
-1.9517,22.2512
-1.9760,22.2636
-2.0072,22.3346
-2.0265,22.3029
-2.0529,22.3298
-2.0757,22.3270
-2.0998,22.3340
-2.1297,22.3848
-2.1553,22.4015
-2.1825,22.4281
-2.2133,22.4798
-2.2329,22.4512
-2.2576,22.4582
-2.2733,22.4054
-2.3039,22.4512
-2.3240,22.4278
-2.3510,22.4488
-2.3997,22.4560
-2.4262,22.4718
-2.4520,22.4826
-2.4778,22.4933
-2.5046,22.5088
-2.5297,22.5145
-2.5784,22.6474
-2.5782,22.5156
-2.6015,22.5112
-2.6239,22.5018
-2.6656,22.5903
-2.6970,22.6248
-2.7406,22.7178
-2.7615,22.6982
-2.8103,22.6931
-2.8342,22.6880
-2.8570,22.6779
-2.8862,22.6970
-2.9211,22.7403
-2.9663,22.8273
-3.0366,22.9086
-3.0495,22.8540
-3.0762,22.8579
-3.1041,22.8665
-3.1453,22.9284
-3.1845,22.9803
-3.2489,23.0258
-3.2801,23.0439
-3.3025,23.0277
-3.3260,23.0159
-3.3430,22.9803
-3.4536,23.2873
-3.4819,23.2899
-3.5359,23.2852
-3.5877,23.3692
-3.6009,23.3177
-3.6168,23.2766
-3.6339,23.2403
-3.6723,23.2758
-3.7191,23.2459
-3.7756,23.3383
-3.8089,23.3541
-3.8437,23.3745
-3.9186,23.5196
-3.9001,23.3722
-4.0054,23.6072
-3.9644,23.3933
-3.9825,23.3610
-4.0453,23.4623
-4.0731,23.4582
-4.1118,23.4860
-4.1740,23.5807
-4.2240,23.6389
-4.3020,23.6892
-4.3323,23.6890
-4.3540,23.6652
-4.4071,23.7273
-4.4266,23.6971
-4.4395,23.6497
-4.4964,23.6390
-4.5357,23.6614
-4.6496,23.8764
-4.6879,23.8937
-4.7355,23.9341
-4.7834,23.9743
-4.5909,5.4216
-4.5248,5.5143
-4.4678,5.5839
-4.3943,5.7008
-4.2477,5.9402
-4.1664,6.0864
-2.5497,8.7965
-2.5168,8.8553
-2.4740,8.9581
-2.4431,9.0124
-2.4136,9.0619
-2.3665,9.1127
-2.3368,9.1675
-2.3063,9.2273
-2.2762,9.2872
-2.2475,9.3424
-2.2141,9.4221
-2.2095,9.3634
-2.1744,9.4548
-2.1517,9.4859
-2.1302,9.5122
-2.1089,9.5386
-2.0878,9.5651
-2.0686,9.5818
-2.0518,9.5866
-2.0267,9.6377
-2.0036,9.6791
-1.9718,9.7724
-1.9385,9.8782
-1.9182,9.9102
-1.8813,9.9547
-1.8630,9.9771
-1.8485,9.9766
-1.8298,10.0039
-1.8112,10.0314
-1.7915,10.0673
-1.7539,10.1325
-1.7374,10.1504
-1.7249,10.1387
-1.7034,10.1963
-1.6865,10.2203
-1.6643,10.1763
-1.5259,10.4629
-1.5126,10.4667
-1.4971,10.4953
-1.4853,10.4837
-1.4738,10.4677
-1.4573,10.5114
-1.4454,10.5005

# FrameTime=1781596481.14, PointCount=482
4.6321,18.1684
4.6517,18.2037
4.6739,18.2407
4.6606,18.2564
4.7933,18.3617
4.6352,18.2883
4.6541,18.3240
4.7068,18.3811
4.7170,18.4118
4.6581,18.3989
4.5881,18.3785
4.5772,18.3956
4.5886,18.4515
4.5315,18.4383
4.4953,18.4387
4.4925,18.4610
4.3998,18.4233
4.5005,18.5151
4.5520,18.5994
4.4951,18.5853
4.4383,18.5708
4.3966,18.5664
4.3334,18.5467
4.3587,18.5889
4.4357,18.6932
4.2670,18.5972
4.2473,18.6075
4.1792,18.5824
4.1958,18.6189
4.2163,18.6585
4.1726,18.6754
4.1072,18.6510
4.0755,18.6516
4.0717,18.6732
4.1012,18.7203
4.1470,18.7804
4.1269,18.7901
4.1714,18.8499
4.0750,18.7998
4.0117,18.7751
3.9604,18.7593
3.9679,18.7901
3.9752,18.8210
4.0095,18.8740
3.9459,18.8729
4.2550,19.1529
3.9287,18.9096
3.8739,18.8894
3.8614,18.9044
3.9001,18.9625
3.9240,19.0346
3.8808,19.0237
3.8075,18.9864
3.7345,18.9487
3.6993,18.9434
3.7091,18.9776
3.6798,19.0032
3.6484,19.0008
3.6393,19.0184
3.6507,19.0547
3.6135,19.0468
3.5969,19.0576
3.6410,19.1245
3.5818,19.0960
3.7146,19.2464
3.6377,19.2013
3.5279,19.1243
3.4569,19.0831
3.4258,19.0795
3.5082,19.1851
3.4283,19.1344
3.3865,19.1201
3.3662,19.1266
3.3246,19.1119
3.3150,19.1287
3.3053,19.1455
3.4102,19.2775
3.2823,19.1755
3.2654,19.1851
3.2451,19.1910
3.2178,19.1897
3.2079,19.2063
3.1910,19.2156
3.1982,19.2502
3.2292,19.3377
3.2651,19.4037
3.1454,19.3034
3.1249,19.3088
3.1078,19.3178
3.0839,19.3194
3.0664,19.3556
3.0625,19.3792
3.0402,19.3824
3.0163,19.3836
2.9957,19.3884
2.9587,19.3745
2.9014,19.3648
2.9070,19.3995
2.8930,19.4116
2.8822,19.4273
2.8875,19.4622
2.8508,19.4474
2.9247,19.5647
2.8001,19.4442
2.8019,19.4751
2.7939,19.4946
2.7923,19.5217
2.7858,19.5431
2.7713,19.5548
2.7428,19.5488
2.7138,19.5719
2.6931,19.5755
2.6663,19.5711
2.6365,19.5627
2.6372,19.5937
2.6561,19.6485
2.6610,19.6856
2.6687,19.7267
2.6537,19.7380
2.5774,19.6673
2.5596,19.6743
2.5418,19.6813
2.5092,19.6680
2.4973,19.6829
2.4810,19.6917
2.4632,19.6984
2.4483,19.7091
2.4363,19.7238
2.4660,19.7977
2.4120,19.7532
2.4241,19.8026
2.3676,19.7537
2.3695,19.7888
2.3375,19.7744
2.3307,19.7971
2.3267,19.8240
2.2920,19.8053
2.2740,19.8113
2.2352,19.8190
2.2145,19.8206
2.1965,19.8264
2.1866,19.8447
2.1821,19.8713
2.1908,19.9191
2.1410,19.9092
2.1228,19.9147
2.1388,19.9753
2.1270,19.9914
2.1074,19.9947
2.0812,19.9872
2.0589,19.9860
2.0599,20.0234
2.0223,19.9964
2.0129,20.0165
1.9793,19.9957
1.9748,20.0243
1.9339,19.9903
1.9106,19.9864
1.9506,20.0931
1.8988,20.0392
1.8681,20.0221
1.8864,20.0921
1.8643,20.0902
1.8321,20.1079
1.8140,20.1518
1.7813,20.1298
1.7627,20.1340
1.7489,20.1470
1.7326,20.1555
1.7163,20.1640
1.8044,20.3745
1.6837,20.1809
1.6696,20.1937
1.6330,20.1619
1.6324,20.2014
1.6426,20.2632
1.6283,20.2759
1.7294,20.5242
1.5971,20.2967
1.5544,20.2508
1.5335,20.2498
1.5298,20.2848
1.5292,20.3265
1.5177,20.3457
1.4966,20.3445
1.4629,20.3600
1.4398,20.3541
1.4230,20.3617
1.4061,20.3693
1.3912,20.3814
1.3762,20.3934
1.3432,20.4105
1.3292,20.4247
1.3160,20.4412
1.3047,20.4623
1.2913,20.4787
1.2846,20.5113
1.2395,20.5001
1.2185,20.4978
1.1956,20.4909
1.1765,20.4931
1.1611,20.5046
1.1383,20.4974
1.1215,20.5574
1.1253,20.6201
1.0848,20.5660
1.0900,20.6334
1.0446,20.5650
1.0065,20.5152
0.9840,20.5074
0.9410,20.4964
0.9270,20.5119
0.9525,20.6406
0.9348,20.6467
0.9421,20.7262
0.9354,20.7655
0.8960,20.7681
0.8474,20.6814
0.8218,20.6635
0.8224,20.7263
0.8257,20.7987
0.8045,20.7950
0.8363,20.9607
0.7710,20.8159
0.7177,20.7069
0.6926,20.6884
0.6890,20.7417
0.6724,20.7518
0.6972,20.9036
0.6641,20.8583
0.6308,20.8811
0.6123,20.8863
0.6064,20.9369
0.5891,20.9468
0.5627,20.9230
0.5647,21.0051
0.5265,21.0130
0.5144,21.0441
0.4844,21.0054
0.4583,20.9811
0.4336,20.9615
0.4030,20.9176
0.4215,21.0754
0.3763,20.9703
0.3633,20.9991
0.3400,20.9840
0.3179,20.9737
0.3168,21.0559
0.3104,21.1166
0.2923,21.1257
0.2736,21.1319
0.2460,21.0970
0.2300,21.1156
0.2109,21.1196
0.1907,21.1187
0.1725,21.1274
0.1524,21.1264
0.1140,21.1338
0.0939,21.1325
0.0702,21.1116
0.0600,21.1642
0.0512,21.2267
0.0525,21.3481
0.0058,21.3137
-0.0230,21.2628
-0.0503,21.2187
-0.0761,21.1824
-0.0954,21.1855
-0.1117,21.2082
-0.1113,21.3426
-0.1484,21.2289
-0.1650,21.2515
-0.1741,21.3285
-0.1927,21.3393
-0.2126,21.3420
-0.2317,21.3496
-0.2477,21.3819
-0.2904,21.3641
-0.3109,21.3615
-0.3250,21.4135
-0.3371,21.4853
-0.3559,21.5007
-0.3751,21.5129
-0.4227,21.4493
-0.4394,21.4861
-0.4622,21.4615
-0.4846,21.4403
-0.5060,21.4272
-0.5239,21.4539
-0.5582,21.5319
-0.5739,21.5933
-0.6009,21.5102
-0.6208,21.5167
-0.6432,21.4882
-0.6605,21.5344
-0.6816,21.5258
-0.7220,21.5332
-0.7424,21.5343
-0.7621,21.5504
-0.7842,21.5165
-0.8034,21.5423
-0.8226,21.5732
-0.8608,21.6546
-0.8800,21.7002
-0.9015,21.6809
-0.9201,21.7649
-0.9415,21.7519
-0.9632,21.7224
-0.9806,21.9263
-1.0050,21.7332
-1.0256,21.7684
-1.0466,21.7821
-1.0676,21.7973
-1.1077,15.1171
-1.1100,21.7639
-1.1311,21.7838
-1.1737,21.8185
-1.1952,21.8383
-1.1146,15.1170
-1.2389,21.8975
-1.2599,21.8721
-1.2814,21.8767
-1.3237,21.8555
-1.3460,21.8848
-1.3682,21.9040
-1.1237,15.1168
-1.4125,21.9323
-1.4336,21.9213
-1.4630,22.0838
-1.4793,21.9691
-1.5002,21.9530
-1.5255,22.0166
-1.5489,22.0403
-1.5723,22.0627
-1.5950,22.0724
-1.6280,22.2294
-1.6618,22.0776
-1.6822,22.0560
-1.7086,22.1090
-1.7350,22.1570
-1.7619,22.2089
-1.7830,22.1919
-1.8272,22.1828
-1.8580,22.2652
-1.8807,22.2637
-1.9053,22.2812
-1.9269,22.2688
-1.9484,22.2564
-1.9765,22.3027
-1.9964,22.2761
-2.0238,22.3130
-2.0508,22.3442
-2.0718,22.3272
-2.0991,22.3589
-2.1264,22.3900
-2.1528,22.4116
-2.1903,22.5129
-2.2030,22.4349
-2.2297,22.4564
-2.2537,22.4584
-2.2716,22.4204
-2.2992,22.4465
-2.3216,22.4379
-2.3718,22.4552
-2.3966,22.4612
-2.4231,22.4770
-2.4489,22.4878
-2.4747,22.4985
-2.5007,22.5091
-2.5500,22.5153
-2.5770,22.5306
-2.5976,22.5114
-2.6228,22.5167
-2.6830,22.6983
-2.7265,22.7914
-2.7698,22.7571
-2.7764,22.6691
-2.8064,22.6933
-2.8313,22.6931
-2.8563,22.6927
-2.8845,22.7070
-2.9249,22.7747
-2.9900,22.8366
-3.0281,22.8892
-3.0502,22.8737
-3.0758,22.8727
-3.1025,22.8765
-3.1474,22.9528
-3.2078,22.9840
-3.2474,23.0357
-3.2762,23.0441
-3.2999,23.0328
-3.3182,23.0016
-3.3404,22.9853
-3.4727,23.2709
-3.5063,23.2926
-3.5334,23.2902
-3.5852,23.3742
-3.5969,23.3179
-3.6185,23.2960
-3.6342,23.2549
-3.6867,23.2444
-3.7166,23.2510
-3.7584,23.2956
-3.8005,23.3400
-3.8263,23.3319
-3.8414,23.2904
-3.9175,23.3498
-3.9558,23.3793
-3.9786,23.3612
-4.0378,23.4520
-4.0752,23.4762
-4.1079,23.4862
-4.1999,23.5812
-4.2535,23.6486
-4.2953,23.6815
-4.3289,23.6907
-4.3586,23.6889
-4.4049,23.7323
-4.4457,23.7598
-4.4408,23.6640
-4.4623,23.6399
-4.4925,23.6392
-4.5353,23.6710
-4.6330,23.8440
-4.6822,23.8893
-4.7316,23.9343
-4.7997,23.9449
-4.8814,23.9874
-4.9368,23.9646
-4.5905,5.4124
-4.5209,5.5145
-4.4691,5.5701
-4.3938,5.6916
-4.2820,5.9170
-4.1708,6.0631
-4.1084,6.1578
-2.5458,8.7967
-2.5164,8.8410
-2.4712,8.9534
-2.4414,9.0029
-2.4108,9.0573
-2.3817,9.1070
-2.3350,9.1580
-2.3056,9.2129
-2.2765,9.2679
-2.2467,9.3280
-2.2173,9.3881
-2.1883,9.4484
-2.1777,9.4190
-2.1478,9.4861
-2.1273,9.5075
-2.1060,9.5339
-2.0857,9.5555
-2.0642,9.5847
-2.0430,9.6136
-2.0245,9.6281
-2.0005,9.6744
-1.9704,9.7579
-1.9379,9.8587
-1.9143,9.9104
-1.8941,9.9425
-1.8591,9.9774
-1.8461,9.9669
-1.8273,9.9943
-1.8094,10.0168
-1.7903,10.0492
-1.7659,10.1199
-1.7479,10.1476
-1.7393,10.1074
-1.7190,10.1537
-1.7027,10.1717
-1.6832,10.2156
-1.6698,10.2129
-1.6586,10.1914
-1.5338,10.4743
-1.5087,10.4669
-1.4941,10.4856
-1.4814,10.4839
-1.4674,10.4978
-1.4620,10.4070
-1.4407,10.5107

# FrameTime=1781596481.24, PointCount=476
4.6308,18.1705
4.6761,18.2212
4.6535,18.2549
4.6487,18.2757
4.6551,18.3035
4.6825,18.3445
4.7224,18.3937
4.7156,18.4139
4.6247,18.4048
4.5758,18.3976
4.5648,18.4146
4.5663,18.4399
4.5024,18.4222
4.4898,18.4380
4.4441,18.4559
4.4661,18.4949
4.4796,18.5284
4.5575,18.6061
4.5583,18.6316
4.4602,18.5889
4.3920,18.5907
4.3084,18.5565
4.3499,18.6103
4.4018,18.6720
4.2454,18.5847
4.2298,18.5978
4.1622,18.5973
4.2150,18.6605
4.2152,18.6854
4.1673,18.6745
4.0939,18.6441
4.0782,18.6567
4.0823,18.6843
4.0879,18.7380
4.1375,18.8013
4.0835,18.7845
4.0517,18.7846
3.9908,18.7617
3.9630,18.7645
3.9544,18.8074
3.9732,18.8477
4.0113,18.9040
3.9562,18.8845
4.1997,19.1105
3.9120,18.8989
3.8525,18.9000
3.9087,18.9729
4.0270,19.0991
3.9645,19.0724
3.8757,19.0225
3.7722,18.9590
3.8182,19.0247
3.7167,18.9619
3.6928,18.9665
3.6950,18.9941
3.6822,19.0085
3.6768,19.0296
3.6639,19.0439
3.6494,19.0567
3.6749,19.1061
3.6103,19.0732
3.5919,19.0824
3.6244,19.1388
3.7388,19.2724
3.5672,19.1383
3.4903,19.0920
3.4245,19.0815
3.4294,19.1124
3.3983,19.1087
3.3816,19.1187
3.3577,19.1216
3.3410,19.1315
3.3181,19.1617
3.3083,19.1785
3.3125,19.2095
3.2641,19.1871
3.2298,19.1788
3.2165,19.1918
3.1896,19.2177
3.2072,19.2631
3.2074,19.2905
3.3155,19.4326
3.2193,19.3583
3.1339,19.2945
3.1236,19.3109
3.1758,19.3951
3.0792,19.3177
3.0688,19.3340
3.0684,19.3613
3.0612,19.3813
3.0522,19.3993
3.0499,19.4249
3.0109,19.4092
2.9739,19.3953
2.9336,19.3774
2.9066,19.3744
2.9057,19.4016
2.8917,19.4136
2.9278,19.4846
2.8765,19.4528
2.8495,19.4494
2.8289,19.4536
2.8020,19.4501
2.7974,19.4733
2.7990,19.5043
2.7973,19.5315
2.7700,19.5568
2.7477,19.5587
2.7301,19.5663
2.7063,19.5661
2.6918,19.5775
2.6527,19.5574
2.6237,19.5799
2.6244,19.6109
2.6460,19.6697
2.6674,19.7288
2.6554,19.7441
2.5671,19.6573
2.5672,19.6884
2.5627,19.7135
2.5197,19.6862
2.4931,19.6809
2.4797,19.6938
2.4648,19.7045
2.4615,19.7315
2.4523,19.7503
2.4423,19.8002
2.4042,19.7780
2.3862,19.7845
2.3654,19.7867
2.3474,19.7930
2.3322,19.8033
2.2990,19.8198
2.2754,19.8175
2.2491,19.8110
2.2284,19.8127
2.2105,19.8185
2.1952,19.8284
2.1700,19.8566
2.1680,19.8875
2.1605,19.9099
2.1370,19.9070
2.1532,19.9676
2.1441,19.9880
2.1257,19.9934
2.1373,20.0479
2.0915,20.0085
2.0757,20.0181
2.0534,20.0169
2.0350,20.0221
1.9988,19.9971
2.0248,20.0775
1.9622,20.0070
1.9676,20.0529
1.9068,19.9841
1.9282,20.0583
1.8950,20.0369
1.8619,20.0154
1.9046,20.1290
1.8831,20.1667
1.8452,20.1362
1.8027,20.0968
1.8033,20.1363
1.7611,20.0966
1.7685,20.1493
1.7406,20.1753
1.7312,20.1971
1.7033,20.1834
1.6824,20.1830
1.6593,20.1780
1.6249,20.1506
1.6213,20.2250
1.6336,20.2914
1.6015,20.2682
1.5784,20.2628
1.5487,20.2439
1.5301,20.2474
1.5350,20.3003
1.5153,20.3455
1.4911,20.3375
1.4753,20.3475
1.4595,20.3576
1.4385,20.3561
1.4217,20.3638
1.3878,20.3789
1.3729,20.3909
1.3569,20.4006
1.3429,20.4149
1.3278,20.4268
1.3127,20.4387
1.2804,20.4577
1.2670,20.4741
1.2517,20.4858
1.2326,20.4882
1.2153,20.4952
1.1962,20.4976
1.1946,20.5440
1.1634,20.5159
1.1479,20.5274
1.1341,20.5434
1.1238,20.5688
1.1205,20.6128
1.0835,20.5681
1.0966,20.6567
1.0467,20.5765
1.0138,20.5407
0.9793,20.5001
0.9738,20.5392
0.9330,20.4796
0.9456,20.5705
0.9495,20.6379
0.9416,20.7305
0.9293,20.7533
0.9160,20.7736
0.8837,20.7370
0.8336,20.6456
0.8313,20.6988
0.8031,20.7342
0.8167,20.8399
0.7954,20.8361
0.7550,20.7702
0.7135,20.6994
0.6956,20.7048
0.6697,20.7491
0.6839,20.8646
0.6739,20.8987
0.6526,20.8945
0.6267,20.8735
0.6177,20.9124
0.6158,20.9774
0.5614,20.9250
0.5492,20.9541
0.5402,20.9956
0.5320,21.0413
0.5057,21.0172
0.4794,20.9930
0.4407,20.9975
0.4088,20.9488
0.3867,20.9388
0.3907,21.0383
0.3552,20.9719
0.3376,20.9812
0.3451,21.1003
0.3034,21.0044
0.2998,21.0768
0.2899,21.1229
0.2691,21.1193
0.2478,21.1137
0.2287,21.1177
0.2172,21.1588
0.1904,21.1256
0.1712,21.1295
0.1511,21.1284
0.1329,21.1371
0.1155,21.1506
0.0861,21.1002
0.0939,21.2492
0.0542,21.1417
0.0420,21.1845
0.0416,21.2961
0.0412,21.4109
-0.0014,21.2813
-0.0251,21.2599
-0.0556,21.1961
-0.0967,21.1875
-0.1153,21.1955
-0.1317,21.2182
-0.1475,21.2458
-0.1642,21.2684
-0.1743,21.3385
-0.1934,21.3463
-0.2344,21.3417
-0.2484,21.3889
-0.2702,21.3766
-0.2918,21.3661
-0.3105,21.3785
-0.3469,21.4129
-0.3603,21.4747
-0.3770,21.5099
-0.3987,21.4989
-0.4220,21.4712
-0.4439,21.4566
-0.4635,21.4635
-0.4990,21.5220
-0.5239,21.4709
-0.5326,21.6103
-0.5567,21.5688
-0.5768,21.5754
-0.5970,21.5820
-0.6439,21.5002
-0.6628,21.5215
-0.6832,21.5229
-0.7033,21.5291
-0.7236,21.5303
-0.7440,21.5314
-0.7850,21.5285
-0.8054,21.5294
-0.8245,21.5603
-0.8431,21.6110
-0.8608,21.6916
-0.8822,21.6773
-0.9008,21.7514
-0.9416,21.8089
-0.9647,21.7145
-0.9853,21.7349
-1.0055,21.7901
-1.0269,21.7690
-1.0479,21.7842
-1.1079,15.1191
-1.0901,21.7994
-1.1113,21.7660
-1.1324,21.7659
-1.1537,21.8108
-1.1751,21.8206
-1.1965,21.8403
-1.2197,21.9636
-1.2394,21.8547
-1.1183,15.1239
-1.2826,21.8737
-1.3042,21.8782
-1.3260,21.8925
-1.3482,21.9118
-1.3714,21.9597
-1.3920,21.9302
-1.4140,21.9393
-1.4358,21.9433
-1.4577,21.9473
-1.4790,21.9413
-1.5023,21.9700
-1.5271,22.0237
-1.5739,22.0698
-1.5960,22.0694
-1.6242,22.1576
-1.6421,22.0963
-1.6604,22.0448
-1.6867,22.0979
-1.7350,22.1441
-1.7611,22.1869
-1.7847,22.1990
-1.8057,22.1820
-1.8348,22.2495
-1.8609,22.2829
-1.8900,22.3445
-1.9061,22.2783
-1.9277,22.2659
-1.9486,22.2486
-1.9740,22.2708
-2.0001,22.2980
-2.0251,22.3151
-2.0497,22.3272
-2.0952,22.3214
-2.1251,22.3722
-2.1521,22.3988
-2.1785,22.4204
-2.2058,22.4469
-2.2282,22.4392
-2.2670,22.3830
-2.2998,22.4436
-2.3237,22.4449
-2.3484,22.4511
-2.3723,22.4523
-2.3979,22.4632
-2.4468,22.4701
-2.4743,22.4907
-2.5011,22.5062
-2.5262,22.5118
-2.5532,22.5272
-2.5765,22.5228
-2.5970,22.5037
-2.6610,22.5828
-2.6983,22.6466
-2.7181,22.6223
-2.7721,22.7641
-2.8085,22.8177
-2.8161,22.7344
-2.8554,22.6850
-2.8814,22.6895
-2.9152,22.7280
-2.9548,22.7907
-2.9992,22.8727
-3.0271,22.8815
-3.0771,22.8748
-3.1027,22.8737
-3.1331,22.8919
-3.1746,22.9536
-3.2165,23.0151
-3.2526,23.0527
-3.2725,23.0268
-3.3317,23.1503
-3.3311,23.0471
-3.3391,22.9777
-3.3770,23.0192
-3.4726,23.2681
-3.5050,23.2850
-3.5579,23.3740
-3.6108,23.3631
-3.6128,23.2741
-3.6440,23.2857
-3.6711,23.2828
-3.6880,23.2465
-3.7413,23.3294
-3.8092,23.3659
-3.8381,23.3673
-3.9099,23.5029
-3.9006,23.3840
-3.9343,23.3993
-3.9540,23.3718
-4.0165,23.4734
-4.0503,23.4871
-4.0705,23.4605
-4.1076,23.4835
-4.1469,23.5122
-4.2078,23.6021
-4.2747,23.7072
-4.2983,23.6883
-4.3280,23.6866
-4.3548,23.6769
-4.3959,23.7062
-4.4349,23.7291
-4.4369,23.6520
-4.4654,23.6467
-4.4974,23.6506
-4.5634,23.6627
-4.6817,23.8867
-4.7238,23.9131
-4.7734,23.9580
-4.8252,24.0073
-4.5918,5.4145
-4.5204,5.5213
-4.4635,5.5909
-4.3917,5.7030
-4.2451,5.9425
-4.1554,6.1123
-2.5506,8.7842
-2.5142,8.8576
-2.4691,8.9701
-2.4405,9.0147
-2.4110,9.0642
-2.3639,9.1150
-2.3342,9.1698
-2.3037,9.2296
-2.2747,9.2846
-2.2439,9.3496
-2.2146,9.4097
-2.2069,9.3657
-2.1718,9.4571
-2.1501,9.4833
-2.1276,9.5145
-2.1063,9.5409
-2.0852,9.5674
-2.0633,9.5988
-2.0483,9.5937
-2.0241,9.6400
-1.9984,9.6961
-1.9684,9.7796
-1.9376,9.8706
-1.9147,9.9174
-1.8795,9.9521
-1.8604,9.9794
-1.8454,9.9821
-1.8279,10.0013
-1.8100,10.0238
-1.7889,10.0696
-1.7526,10.1249
-1.7348,10.1527
-1.7210,10.1509
-1.7021,10.1887
-1.6839,10.2226
-1.6475,10.1819
-1.5238,10.4603
-1.5091,10.4785
-1.4949,10.4926
-1.4827,10.4860
-1.4708,10.4749
-1.4547,10.5137
-1.4425,10.5077

# FrameTime=1781596481.34, PointCount=482
4.7115,18.2173
4.6341,18.1944
4.6664,18.2375
4.6586,18.2565
4.6453,18.2721
4.6814,18.3182
4.6876,18.3462
4.7123,18.4102
4.6970,18.4250
4.6045,18.3903
4.5683,18.3912
4.5699,18.4164
4.5588,18.4334
4.5143,18.4284
4.4880,18.4353
4.4795,18.4538
4.4160,18.4355
4.5042,18.5190
4.4804,18.5274
4.5557,18.6033
4.4082,18.5269
4.4290,18.5903
4.3928,18.5897
4.3215,18.5641
4.3833,18.6324
4.3986,18.6681
4.2544,18.5895
4.1989,18.5981
4.1712,18.6022
4.2359,18.6743
4.1960,18.6695
4.1505,18.6603
4.0948,18.6431
4.0950,18.6677
4.1445,18.7299
4.1087,18.7274
4.1046,18.7492
4.1265,18.7911
4.0686,18.7712
4.0470,18.7793
3.9917,18.7606
4.1103,18.8797
3.9674,18.7912
3.9591,18.8095
3.9858,18.8561
4.0083,18.8998
3.9880,18.9088
4.1490,19.0935
3.8888,18.9033
3.8533,18.8990
3.9631,19.0170
3.9022,18.9915
3.9350,19.0454
3.8728,19.0182
3.7491,18.9628
3.7101,18.9544
3.7086,18.9787
3.6959,18.9931
3.6794,19.0042
3.6740,19.0252
3.6669,19.0448
3.6556,19.0605
3.6373,19.0700
3.6038,19.0654
3.6018,19.0897
3.6655,19.1752
3.5476,19.1444
3.4636,19.0910
3.4253,19.0805
3.4374,19.1184
3.3920,19.1007
3.3789,19.1142
3.3550,19.1171
3.3216,19.1368
3.3225,19.1642
3.3162,19.1845
3.3310,19.2262
3.2790,19.2003
3.2376,19.1849
3.2143,19.2145
3.2043,19.2311
3.2494,19.3054
3.2323,19.3148
3.3266,19.4425
3.1997,19.3354
3.1382,19.2971
3.1838,19.3739
3.1141,19.3262
3.0835,19.3204
3.0697,19.3330
3.0726,19.3640
3.0688,19.3877
3.0614,19.4077
3.0357,19.4070
3.0085,19.4045
2.9714,19.3905
2.9279,19.3689
2.9140,19.3810
2.9066,19.4006
2.9494,19.4790
2.8818,19.4284
2.8838,19.4594
2.8503,19.4484
2.8202,19.4411
2.8028,19.4490
2.8014,19.4762
2.8363,19.5478
2.7918,19.5228
2.7806,19.5383
2.7677,19.5519
2.7486,19.5577
2.7310,19.5653
2.7072,19.5651
2.6927,19.5765
2.6391,19.5677
2.6246,19.5789
2.6313,19.6178
2.6529,19.6767
2.6652,19.7238
2.6247,19.7012
2.5502,19.6633
2.5532,19.6984
2.5117,19.6731
2.4939,19.6799
2.4806,19.6927
2.4628,19.6994
2.4653,19.7345
2.4525,19.7803
2.4316,19.7828
2.4051,19.7770
2.3842,19.7793
2.3606,19.7775
2.3455,19.7879
2.3151,19.8085
2.2943,19.8104
2.2735,19.8123
2.2500,19.8100
2.2293,19.8117
2.2140,19.8217
2.1808,19.8373
2.1789,19.8682
2.1769,19.8991
2.1587,19.9047
2.1432,19.9145
2.1224,19.9157
2.1266,19.9924
2.1082,19.9978
2.0859,19.9968
2.0714,20.0085
2.0543,20.0159
2.0384,20.0254
1.9814,20.0011
1.9706,20.0190
1.9484,20.0173
1.9077,19.9831
1.9241,20.0486
1.8909,20.0272
1.8677,20.0231
1.9432,20.1956
1.8953,20.1480
1.8936,20.1832
1.8484,20.1396
1.8036,20.0958
1.8017,20.1309
1.7620,20.0956
1.7531,20.1569
1.7414,20.1743
1.7343,20.2005
1.7065,20.1869
1.6878,20.1908
1.6533,20.1636
1.6095,20.1578
1.6199,20.2195
1.6366,20.2948
1.5980,20.2582
1.5792,20.2618
1.5496,20.2429
1.5622,20.3116
1.5187,20.2633
1.5244,20.3185
1.5140,20.3400
1.4940,20.3410
1.4762,20.3465
1.4583,20.3520
1.4394,20.3551
1.4036,20.3658
1.3887,20.3778
1.3738,20.3899
1.3578,20.3996
1.3438,20.4138
1.3307,20.4304
1.3003,20.4541
1.2851,20.4659
1.2746,20.4893
1.2545,20.4894
1.2334,20.4872
1.2106,20.4803
1.1724,20.4849
1.1606,20.5056
1.1469,20.5217
1.1367,20.5471
1.1282,20.5771
1.1107,20.5838
1.0738,20.5923
1.0424,20.5614
1.0163,20.5444
0.9819,20.5038
0.9747,20.5382
0.9372,20.4880
1.0304,20.8076
0.9356,20.5945
0.9376,20.6572
0.9440,20.7342
0.9333,20.7618
0.9200,20.7821
0.8805,20.7240
0.8314,20.6351
0.8174,20.7131
0.8055,20.7379
0.8176,20.8389
0.7963,20.8351
0.7544,20.7644
0.7129,20.6936
0.6871,20.7379
0.6720,20.7528
0.7002,20.9163
0.6636,20.8594
0.6549,20.8982
0.6289,20.8773
0.6226,20.9258
0.5960,20.9747
0.5622,20.9240
0.5540,20.9676
0.5424,20.9995
0.5329,21.0403
0.5028,21.0017
0.4652,21.0112
0.4379,20.9820
0.4061,20.9332
0.3922,20.9572
0.3927,21.0421
0.3572,20.9758
0.3197,20.9845
0.3075,21.0180
0.3060,21.1002
0.2929,21.1316
0.2668,21.1037
0.2477,21.1078
0.2373,21.1538
0.2104,21.1207
0.1913,21.1246
0.1770,21.1530
0.1529,21.1323
0.1328,21.1312
0.1145,21.1398
0.1115,21.2298
0.0688,21.1077
0.0568,21.1505
0.0428,21.1835
0.0451,21.3098
0.0352,21.3705
-0.0014,21.2753
-0.0243,21.2589
-0.0742,21.1982
-0.0959,21.1865
-0.1130,21.2043
-0.1294,21.2270
-0.1474,21.2398
-0.1619,21.2773
-0.1925,21.3452
-0.2123,21.3480
-0.2342,21.3358
-0.2469,21.3929
-0.2700,21.3707
-0.2909,21.3651
-0.2985,21.4699
-0.3295,21.3798
-0.3461,21.4119
-0.3586,21.4819
-0.3761,21.5089
-0.4009,21.4681
-0.4211,21.4702
-0.4435,21.4506
-0.4563,21.5289
-0.4832,21.4612
-0.4977,21.5260
-0.5235,21.4649
-0.5305,21.6242
-0.5554,21.5728
-0.5783,21.5445
-0.6170,21.5775
-0.6434,21.4942
-0.6623,21.5155
-0.6820,21.5268
-0.7024,21.5281
-0.7225,21.5342
-0.7360,21.6634
-0.7635,21.5315
-0.7839,21.5325
-0.8043,21.5334
-0.8235,21.5642
-0.8418,21.6199
-0.8596,21.7005
-0.8815,21.6713
-0.9207,21.7609
-0.9414,21.7779
-0.9640,21.7085
-0.9846,21.7289
-1.0046,21.7941
-1.0260,21.7730
-1.0681,21.7883
-1.0892,21.8034
-1.1104,21.7699
-1.1315,21.7599
-1.1529,21.8147
-1.1743,21.8296
-1.1150,15.1181
-1.2389,21.8736
-1.2604,21.8732
-1.2819,21.8777
-1.3034,21.8821
-1.3252,21.8915
-1.3498,21.9844
-1.3687,21.9050
-1.3907,21.9192
-1.4129,21.9333
-1.4350,21.9423
-1.4575,21.9613
-1.4782,21.9402
-1.5025,21.9890
-1.5487,22.0313
-1.5734,22.0738
-1.5958,22.0784
-1.6254,22.1865
-1.6420,22.1052
-1.6592,22.0389
-1.7087,22.1051
-1.7341,22.1431
-1.7607,22.1909
-1.7834,22.1930
-1.8058,22.1909
-1.8344,22.2535
-1.8634,22.3160
-1.8821,22.2747
-1.9058,22.2822
-1.9279,22.2749
-1.9483,22.2525
-1.9725,22.2648
-1.9998,22.3019
-2.0290,22.3530
-2.0482,22.3212
-2.0722,22.3282
-2.0944,22.3204
-2.1262,22.3861
-2.1526,22.4077
-2.1790,22.4293
-2.2056,22.4508
-2.2527,22.4496
-2.2676,22.3918
-2.2997,22.4475
-2.3213,22.4341
-2.3475,22.4501
-2.3731,22.4611
-2.4219,22.4682
-2.4485,22.4839
-2.4743,22.4946
-2.5038,22.5249
-2.5262,22.5157
-2.5514,22.5213
-2.6117,22.7130
-2.5981,22.5125
-2.6185,22.4933
-2.6612,22.5867
-2.6975,22.6456
-2.7272,22.6702
-2.7641,22.7288
-2.7820,22.6945
-2.8307,22.6892
-2.8524,22.6743
-2.8817,22.6934
-2.9187,22.7465
-2.9573,22.8043
-3.0075,22.9108
-3.0472,22.8602
-3.0704,22.8495
-3.1030,22.8775
-3.1370,22.9103
-3.1798,22.9768
-3.2168,23.0189
-3.2517,23.0516
-3.2879,23.0883
-3.2965,23.0193
-3.3264,23.0316
-3.3395,22.9815
-3.3814,23.0374
-3.4758,23.2815
-3.5055,23.2888
-3.5829,23.3656
-3.6113,23.3669
-3.6161,23.2875
-3.6389,23.2703
-3.6702,23.2818
-3.6872,23.2454
-3.7692,23.3300
-3.8099,23.3696
-3.8418,23.3805
-3.9136,23.5161
-3.8997,23.3830
-3.9334,23.3983
-4.0082,23.5380
-3.9759,23.3528
-4.0402,23.4589
-4.0664,23.4500
-4.1083,23.4872
-4.1672,23.5726
-4.2250,23.6529
-4.2522,23.6449
-4.3002,23.6952
-4.3192,23.6635
-4.3522,23.6712
-4.3968,23.7098
-4.4214,23.6937
-4.4360,23.6510
-4.5302,23.8202
-4.4894,23.6309
-4.5268,23.6487
-4.5644,23.6663
-4.6790,23.8810
-4.7247,23.9167
-4.7762,23.9663
-4.5699,5.4697
-4.4799,5.5429
-4.4215,5.6175
-4.3197,5.8145
-4.2174,6.0168
-4.1479,6.1301
-4.1023,6.1777
-4.0136,6.2686
-3.9126,6.4824
-2.5736,8.7633
-2.5416,8.8172
-2.5052,8.8906
-2.4475,8.9796
-2.4180,9.0292
-2.3876,9.0837
-2.3576,9.1384
-2.3290,9.1883
-2.2986,9.2481
-2.2523,9.3046
-2.2218,9.3696
-2.1927,9.4299
-2.1689,9.4658
-2.1463,9.4970
-2.1249,9.5233
-2.0880,9.5467
-2.0665,9.5760
-2.0456,9.6025
-2.0197,9.6586
-1.9910,9.7321
-1.9598,9.8229
-1.9164,9.9016
-1.8978,9.9239
-1.8770,9.9609
-1.8604,9.9735
-1.8443,9.9828
-1.8255,10.0101
-1.7938,10.0290
-1.7739,10.0680
-1.7504,10.1338
-1.7339,10.1517
-1.7208,10.1449
-1.6980,10.2124
-1.6887,10.1771
-1.6707,10.2100
-1.6561,10.2172
-1.6472,10.1759
-1.5224,10.4642
-1.5087,10.4729
-1.4941,10.4916
-1.4814,10.4900
-1.4691,10.4839
-1.4535,10.5177

# FrameTime=1781596481.44, PointCount=483
4.6232,18.1708
4.6727,18.2241
4.6501,18.2578
4.6411,18.2760
4.6262,18.2906
4.6706,18.3422
4.7148,18.3940
4.7038,18.4115
4.6171,18.4050
4.5682,18.3978
4.5614,18.4175
4.5671,18.4454
4.4990,18.4250
4.4864,18.4408
4.4877,18.4659
4.4407,18.4587
4.4461,18.4865
4.4802,18.5340
4.5499,18.6062
4.4121,18.5364
4.4608,18.5946
4.4000,18.5770
4.4758,18.6547
4.3131,18.5650
4.3545,18.6188
4.3982,18.6748
4.2419,18.5874
4.2303,18.6034
4.4192,18.7654
4.1627,18.6030
4.1993,18.6543
4.2197,18.6940
4.1637,18.6772
4.1183,18.6677
4.0826,18.6653
4.1201,18.7184
4.0843,18.7406
4.1220,18.7947
4.0838,18.7901
4.0363,18.7780
3.9911,18.7673
3.9555,18.7640
3.9507,18.8100
3.9696,18.8503
4.0037,18.9034
3.9487,18.8839
4.2191,19.1322
3.9083,18.9014
3.8689,18.8940
4.2022,19.1993
3.8821,18.9561
4.0270,19.1050
3.9380,19.0555
3.8720,19.0250
3.7798,18.9713
3.7219,18.9466
3.6853,18.9656
3.6913,18.9966
3.6673,19.0010
3.6657,19.0253
3.6713,19.0564
3.6530,19.0659
3.6028,19.0722
3.5919,19.0882
3.6060,19.1276
3.7313,19.2714
3.5707,19.1475
3.4902,19.0978
3.4899,19.1238
3.4243,19.0873
3.4220,19.1113
3.3981,19.1144
3.3742,19.1175
3.3540,19.1239
3.3230,19.1197
3.4783,19.3005
3.2931,19.1427
3.3080,19.1843
3.3227,19.2259
3.3512,19.2820
3.2783,19.2346
3.2196,19.2011
3.3086,19.3203
3.2031,19.2379
3.2206,19.2833
3.2447,19.3362
3.3150,19.4385
3.2291,19.3751
3.1300,19.2966
3.1197,19.3130
3.0753,19.3199
3.0616,19.3324
3.0645,19.3635
3.0573,19.3834
3.0283,19.3791
3.0144,19.3915
2.9732,19.4011
2.9330,19.3832
2.8994,19.3727
2.8985,19.3998
2.8878,19.4156
2.8770,19.4314
2.9774,19.5789
2.8391,19.4438
2.8154,19.4441
2.7948,19.4482
2.7966,19.4792
2.7950,19.5063
2.7901,19.5296
2.7804,19.5471
2.7468,19.5646
2.7292,19.5722
2.7054,19.5719
2.6847,19.5755
2.6518,19.5633
2.6312,19.5666
2.6203,19.6128
2.6390,19.6677
2.6558,19.7208
2.6453,19.7380
2.5690,19.6672
2.5631,19.6903
2.5305,19.6771
2.5260,19.7022
2.4861,19.6787
2.4786,19.6996
2.4549,19.6982
2.4400,19.7089
2.4367,19.7358
2.4605,19.8015
2.3801,19.7512
2.3707,19.7698
2.3613,19.7885
2.3292,19.7741
2.3225,19.7968
2.3017,19.7988
2.2685,19.8151
2.2505,19.8210
2.2298,19.8227
2.2091,19.8244
2.1911,19.8301
2.1785,19.8442
2.1558,19.8765
2.1617,19.9201
2.1541,19.9425
2.1438,19.9608
2.1425,19.9939
2.1215,19.9951
2.0808,19.9995
2.0663,20.0111
2.0518,20.0228
2.0308,20.0237
1.9972,20.0030
1.9738,19.9994
1.9609,20.0502
1.9101,19.9987
1.9141,20.0425
1.8932,20.0428
1.8577,20.0169
1.8943,20.1197
1.8781,20.1287
1.8361,20.1290
1.8032,20.1071
1.7871,20.1158
1.7592,20.1025
1.7618,20.1464
1.7433,20.1505
1.7153,20.1764
1.6967,20.1804
1.6758,20.1800
1.6550,20.1794
1.6206,20.1520
1.6334,20.2182
1.7271,20.4480
1.6314,20.2973
1.5950,20.2651
1.5827,20.2822
1.5444,20.2453
1.5257,20.2487
1.5327,20.3062
1.5256,20.3345
1.4867,20.3389
1.4688,20.3443
1.4448,20.3362
1.4424,20.3757
1.4173,20.3651
1.4004,20.3726
1.3685,20.3922
1.3505,20.3973
1.3385,20.4161
1.3234,20.4281
1.3102,20.4445
1.2970,20.4610
1.2664,20.4845
1.2567,20.5101
1.2300,20.4941
1.2109,20.4965
1.1917,20.4988
1.1763,20.5103
1.1800,20.5707
1.1452,20.5332
1.1206,20.5213
1.1157,20.5606
1.1240,20.6351
1.0790,20.5692
1.0685,20.5945
1.0743,20.6644
1.0213,20.5746
0.9766,20.5059
0.9643,20.5262
0.9302,20.4854
0.9445,20.5810
0.9450,20.6390
0.9452,20.6970
0.9215,20.7449
0.9130,20.7794
0.8822,20.7475
0.8291,20.6466
0.8252,20.6951
0.8196,20.7389
0.8136,20.8456
0.7863,20.8228
0.7636,20.8142
0.7119,20.7099
0.6867,20.6915
0.6860,20.7542
0.6764,20.7883
0.6789,20.9333
0.6452,20.8858
0.6234,20.8793
0.6090,20.8989
0.6025,20.9474
0.5766,20.9257
0.5433,20.9502
0.5381,21.0062
0.5273,21.0422
0.5059,21.0374
0.4711,20.9793
0.4560,20.9985
0.4042,20.9496
0.3797,20.9299
0.3872,21.0440
0.3516,20.9776
0.3329,20.9820
0.3153,20.9911
0.3223,21.1103
0.2929,21.0678
0.2851,21.1237
0.2664,21.1298
0.2400,21.0998
0.2250,21.1233
0.2058,21.1273
0.1856,21.1263
0.1473,21.1340
0.1271,21.1329
0.1117,21.1562
0.0832,21.1107
0.0659,21.1241
0.0548,21.1718
0.0325,21.2722
0.0349,21.4035
0.0029,21.3361
-0.0291,21.2655
-0.0604,21.1967
-0.0814,21.1900
-0.0771,21.3441
-0.1201,21.1960
-0.1365,21.2187
-0.1531,21.2414
-0.1705,21.2591
-0.1784,21.3440
-0.1982,21.3468
-0.2194,21.3396
-0.2259,21.4431
-0.2546,21.3795
-0.2745,21.3821
-0.2973,21.3616
-0.3148,21.3839
-0.3318,21.4110
-0.3530,21.4034
-0.3819,21.5104
-0.4073,21.4646
-0.4315,21.4270
-0.4473,21.4719
-0.4689,21.4589
-0.4854,21.5007
-0.5293,21.4663
-0.5392,21.5907
-0.5625,21.5592
-0.5803,21.5957
-0.6045,21.5474
-0.6275,21.5141
-0.6394,21.6384
-0.6691,21.5019
-0.6878,21.5281
-0.7085,21.5244
-0.7283,21.5355
-0.7487,21.5367
-0.7689,21.5427
-0.7900,21.5287
-0.8297,21.5555
-0.8490,21.5862
-0.8660,21.6868
-0.8867,21.6925
-0.9067,21.7231
-0.9263,21.7771
-0.9695,21.7296
-0.9906,21.7250
-1.0116,21.7204
-1.0319,21.7791
-1.0530,21.7793
-1.1097,15.1192
-1.0953,21.7560
-1.1374,21.7610
-1.1589,21.8158
-1.1802,21.8206
-1.2017,21.8404
-1.2232,21.8550
-1.2447,21.8647
-1.1201,15.1240
-1.2877,21.8737
-1.3096,21.8881
-1.3312,21.8925
-1.3533,21.9118
-1.1257,15.1189
-1.3975,21.9401
-1.4410,21.9433
-1.4628,21.9472
-1.4847,21.9511
-1.5069,21.9600
-1.5323,22.0235
-1.5571,22.0710
-1.5801,22.0846
-1.6035,22.1042
-1.6263,22.1126
-1.6466,22.0861
-1.6660,22.0496
-1.6899,22.0728
-1.7168,22.1308
-1.7428,22.1737
-1.7900,22.1987
-1.8115,22.1867
-1.8377,22.2244
-1.8677,22.2976
-1.8893,22.2853
-1.9109,22.2730
-1.9550,22.2582
-1.9781,22.2606
-2.0054,22.2976
-2.0311,22.3197
-2.0569,22.3416
-2.0828,22.3629
-2.1082,22.3798
-2.1332,22.3922
-2.1575,22.3984
-2.1839,22.4200
-2.2105,22.4415
-2.2372,22.4629
-2.2597,22.4551
-2.2933,22.5203
-2.3029,22.4283
-2.3291,22.4444
-2.3530,22.4457
-2.3785,22.4567
-2.4033,22.4627
-2.4290,22.4736
-2.4556,22.4893
-2.5048,22.4958
-2.5316,22.5112
-2.5577,22.5217
-2.5810,22.5173
-2.6034,22.5079
-2.6334,22.5377
-2.7024,22.7633
-2.7078,22.6655
-2.7136,22.5726
-2.7909,22.8269
-2.7811,22.6606
-2.8185,22.7190
-2.8371,22.6895
-2.8900,22.8160
-2.8881,22.6936
-2.9185,22.7175
-2.9603,22.7899
-2.9992,22.8475
-3.0408,22.9149
-3.0606,22.8895
-3.0827,22.8739
-3.1339,22.8716
-3.1815,22.9575
-3.2184,22.9996
-3.2619,23.0658
-3.2807,23.0355
-3.3120,23.0532
-3.3460,22.9816
-3.3761,22.9941
-3.4636,23.2134
-3.5067,23.2695
-3.5473,23.3152
-3.6020,23.4088
-3.6601,23.5117
-3.6355,23.3305
-3.6527,23.2941
-3.6784,23.2865
-3.6924,23.2405
-3.7442,23.3186
-3.7951,23.3918
-3.8151,23.3646
-3.8638,23.3388
-3.8849,23.3162
-3.9401,23.3980
-3.9708,23.4037
-4.0110,23.4377
-4.0470,23.4585
-4.1086,23.4680
-4.1397,23.4731
-4.1956,23.5488
-4.2758,23.6916
-4.3071,23.6947
-4.3390,23.6992
-4.3699,23.7004
-4.4444,23.7369
-4.4586,23.6926
-4.4625,23.6218
-4.4981,23.6350
-4.5408,23.6668
-4.6405,23.8444
-4.7189,23.8835
-4.7703,23.9330
-4.8165,23.9684
-4.8832,23.9738
-4.9739,23.9579
-4.5332,5.4775
-4.4676,5.5706
-4.4060,5.6545
-4.3060,5.8470
-4.1989,6.0635
-4.1496,6.1203
-3.8966,6.5248
-2.5720,8.7685
-2.5365,8.8370
-2.4793,8.9209
-2.4461,8.9849
-2.4166,9.0345
-2.3863,9.0890
-2.3563,9.1437
-2.3256,9.2034
-2.2789,9.2597
-2.2481,9.3247
-2.2166,9.3946
-2.1897,9.4451
-2.1669,9.4762
-2.1443,9.5074
-2.1328,9.4827
-2.1083,9.5258
-2.0871,9.5523
-2.0647,9.5864
-2.0430,9.6179
-2.0171,9.6739
-1.9876,9.7524
-1.9765,9.7275
-1.9410,9.8457
-1.9157,9.9072
-1.8955,9.9393
-1.8756,9.9715
-1.8598,9.9791
-1.8422,9.9983
-1.8101,10.0186
-1.7917,10.0461
-1.7673,10.1168
-1.7493,10.1445
-1.7335,10.1574
-1.7158,10.1853
-1.7020,10.1846
-1.6866,10.1966
-1.6718,10.2048
-1.6582,10.2031
-1.5210,10.4846
-1.5087,10.4782
-1.4950,10.4872
-1.4826,10.4814
-1.4682,10.4997
-1.4539,10.5186

# FrameTime=1781596481.55, PointCount=473
4.6276,18.1696
4.6515,18.2074
4.6651,18.2393
4.6455,18.2748
4.6179,18.2815
4.6708,18.3383
4.7107,18.3875
4.7208,18.4183
4.6535,18.4000
4.5878,18.3822
4.5700,18.4190
4.5715,18.4442
4.5159,18.4321
4.4908,18.4396
4.4853,18.4602
4.4161,18.4380
4.4805,18.5300
4.5502,18.6022
4.4741,18.5748
4.4708,18.5972
4.4003,18.5729
4.3249,18.5446
4.3467,18.6089
4.4311,18.6939
4.2585,18.5949
4.2469,18.6110
4.1787,18.5859
4.2034,18.6283
4.2263,18.6697
4.2481,18.7107
4.1722,18.6789
4.1108,18.6575
4.0750,18.6551
4.0871,18.6888
4.1007,18.7238
4.1425,18.7809
4.2227,18.8682
4.1221,18.8154
4.0328,18.7706
4.0034,18.7723
3.9560,18.7596
3.9713,18.7967
3.9746,18.8244
4.0004,18.8959
3.9415,18.8732
4.2659,19.1659
3.9089,18.8970
3.8734,18.8928
3.8762,18.9206
3.8906,18.9841
3.9348,19.0478
3.8802,19.0270
3.7993,18.9832
3.7339,18.9520
3.6949,18.9434
3.7406,19.0092
3.6920,18.9920
3.6792,19.0064
3.6441,19.0008
3.6387,19.0217
3.6537,19.0613
3.6129,19.0501
3.5999,19.0642
3.5848,19.1026
3.7248,19.2600
3.6151,19.1840
3.5510,19.1500
3.4490,19.0793
3.4287,19.0861
3.4133,19.1237
3.3715,19.1093
3.3548,19.1192
3.3310,19.1220
3.3143,19.1318
3.3222,19.1662
3.3131,19.2105
3.3242,19.2487
3.2653,19.2155
3.2240,19.1999
3.2037,19.2057
3.2006,19.2295
3.4303,19.4975
3.2354,19.3205
3.3140,19.4316
3.2829,19.4266
3.1379,19.2991
3.1140,19.3008
3.0969,19.3098
3.0831,19.3223
3.1314,19.4033
3.0723,19.3660
3.0567,19.3766
3.0394,19.3853
3.0155,19.3865
2.9949,19.3914
2.9579,19.3774
2.9039,19.3715
2.9062,19.4024
2.8922,19.4144
2.8814,19.4302
2.8834,19.4612
2.8467,19.4464
2.7961,19.4432
2.8010,19.4780
2.7931,19.4974
2.7914,19.5246
2.7817,19.5421
2.7704,19.5576
2.7559,19.5692
2.7336,19.5710
2.7129,19.5747
2.6922,19.5782
2.6654,19.5739
2.6387,19.5694
2.6394,19.6004
2.6581,19.6552
2.6482,19.7036
2.6527,19.7408
2.5764,19.6700
2.5586,19.6770
2.5438,19.6880
2.5082,19.6707
2.4771,19.6903
2.4681,19.7092
2.4445,19.7077
2.4353,19.7265
2.4621,19.7962
2.4110,19.7558
2.3666,19.7563
2.3742,19.7996
2.3365,19.7771
2.3269,19.7956
2.3062,19.7976
2.2882,19.8037
2.2674,19.8056
2.2342,19.8215
2.2135,19.8232
2.1982,19.8331
2.1937,19.8598
2.1810,19.8739
2.1870,19.9174
2.1373,19.9075
2.1218,19.9172
2.1456,19.9906
2.1259,19.9939
2.1062,19.9972
2.0801,19.9897
2.0421,19.9980
2.0212,19.9988
2.0143,20.0233
1.9782,19.9982
1.9762,20.0311
1.9353,19.9970
1.9145,19.9975
1.9544,20.1042
1.9001,20.0460
1.8646,20.0201
1.8853,20.0945
1.9225,20.1996
1.8309,20.1103
1.8081,20.1454
1.7754,20.1233
1.7639,20.1407
1.7500,20.1537
1.7384,20.1711
1.7244,20.1841
1.6825,20.1832
1.6684,20.1960
1.6273,20.1553
1.6222,20.1858
1.6436,20.2699
1.6292,20.2826
1.5937,20.2945
1.5553,20.2576
1.5280,20.2430
1.5307,20.2915
1.5279,20.3287
1.5121,20.3389
1.4964,20.3490
1.4785,20.3545
1.4595,20.3577
1.4385,20.3563
1.4237,20.3684
1.4068,20.3760
1.3899,20.3835
1.3719,20.3887
1.3419,20.4126
1.3278,20.4269
1.3146,20.4433
1.3014,20.4598
1.2881,20.4762
1.2833,20.5134
1.2382,20.5021
1.2171,20.4999
1.1943,20.4929
1.1752,20.4952
1.1597,20.5066
1.1387,20.5041
1.1219,20.5641
1.1257,20.6268
1.0834,20.5680
1.0938,20.6494
1.0415,20.5623
1.0051,20.5172
0.9861,20.5188
0.9430,20.5077
0.9224,20.5044
0.9478,20.6331
0.9366,20.6581
0.9423,20.7329
0.9323,20.7627
0.8945,20.7701
0.8491,20.6928
0.8189,20.6607
0.8194,20.7235
0.8227,20.7958
0.8060,20.8063
0.8332,20.9578
0.7681,20.8129
0.7192,20.7183
0.6926,20.6950
0.6918,20.7578
0.6695,20.7488
0.6957,20.9054
0.6625,20.8601
0.6292,20.8829
0.6148,20.9025
0.6056,20.9414
0.5889,20.9534
0.5611,20.9247
0.5644,21.0117
0.5249,21.0147
0.5128,21.0459
0.4828,21.0071
0.4567,20.9828
0.4320,20.9632
0.4003,20.9145
0.4198,21.0771
0.3747,20.9720
0.3606,20.9958
0.3396,20.9905
0.3163,20.9753
0.3152,21.0575
0.3098,21.1231
0.2917,21.1322
0.2729,21.1384
0.2434,21.0937
0.2284,21.1172
0.2092,21.1212
0.1901,21.1251
0.1709,21.1290
0.1507,21.1279
0.1124,21.1353
0.0932,21.1390
0.0685,21.1131
0.0592,21.1706
0.0486,21.2233
0.0515,21.3546
0.0048,21.3201
-0.0239,21.2692
-0.0528,21.2152
-0.0778,21.1838
-0.0963,21.1918
-0.1134,21.2096
-0.1138,21.3391
-0.1501,21.2303
-0.1668,21.2529
-0.1765,21.3249
-0.1945,21.3406
-0.2137,21.3483
-0.2335,21.3509
-0.2495,21.3833
-0.2922,21.3654
-0.3121,21.3678
-0.3268,21.4148
-0.3395,21.4816
-0.3583,21.4970
-0.3775,21.5092
-0.3978,21.5113
-0.4261,21.4357
-0.4408,21.4924
-0.4645,21.4577
-0.4864,21.4415
-0.5069,21.4384
-0.5258,21.4551
-0.5609,21.5232
-0.5733,21.6277
-0.6023,21.5164
-0.6209,21.5428
-0.6447,21.4944
-0.6621,21.5406
-0.6834,21.5269
-0.7236,21.5393
-0.7443,21.5354
-0.7634,21.5614
-0.7863,21.5126
-0.8059,21.5285
-0.8249,21.5643
-0.8629,21.6507
-0.8821,21.6963
-0.9036,21.6770
-0.9221,21.7659
-0.9439,21.7380
-0.9652,21.7234
-0.9860,21.7338
-1.0277,21.7544
-1.0486,21.7781
-1.0696,21.7983
-1.0909,21.7349
-1.1120,21.7698
-1.1087,15.1180
-1.1763,21.8730
-1.1971,21.8292
-1.2186,21.8438
-1.2413,21.9134
-1.2621,21.8830
-1.2836,21.8825
-1.1190,15.1178
-1.3481,21.8856
-1.3702,21.9048
-1.3927,21.9289
-1.4145,21.9330
-1.4352,21.9121
-1.4599,21.9759
-1.5017,21.9438
-1.5268,22.0024
-1.5513,22.0460
-1.5741,22.0584
-1.5971,22.0731
-1.6261,22.1712
-1.6628,22.0634
-1.6839,22.0517
-1.7112,22.1146
-1.7371,22.1576
-1.7645,22.2145
-1.7852,22.1925
-1.8075,22.1905
-1.8415,22.3085
-1.8602,22.2657
-1.8824,22.2593
-1.9070,22.2768
-1.9302,22.2793
-1.9506,22.2570
-1.9766,22.2842
-2.0255,22.3085
-2.0530,22.3447
-2.0734,22.3227
-2.0981,22.3346
-2.1287,22.3904
-2.1544,22.4071
-2.2046,22.4304
-2.2306,22.4469
-2.2560,22.4588
-2.2717,22.4060
-2.3031,22.4567
-2.3223,22.4284
-2.3882,22.6907
-2.3741,22.4555
-2.3989,22.4615
-2.4255,22.4773
-2.4512,22.4880
-2.4771,22.4987
-2.5030,22.5093
-2.5577,22.6768
-2.5514,22.5106
-2.5813,22.5406
-2.6000,22.5116
-2.6223,22.5022
-2.6815,22.6789
-2.7270,22.7818
-2.7462,22.7524
-2.7788,22.6692
-2.8067,22.6837
-2.8338,22.6932
-2.8565,22.6831
-2.8847,22.6973
-2.9218,22.7503
-2.9903,22.8269
-3.0352,22.9088
-3.0481,22.8543
-3.0748,22.8581
-3.1051,22.8764
-3.1488,22.9479
-3.2125,23.0972
-3.2091,22.9791
-3.2488,23.0307
-3.2801,23.0489
-3.2986,23.0181
-3.3221,23.0063
-3.3416,22.9803
-3.4511,23.2825
-3.5118,23.3020
-3.5347,23.2851
-3.5880,23.3739
-3.6080,23.3464
-3.6212,23.2957
-3.6412,23.2690
-3.6981,23.2727
-3.7164,23.2411
-3.7759,23.3429
-3.8077,23.3539
-3.8456,23.3838
-3.9175,23.5194
-3.9608,23.5633
-3.9295,23.3778
-3.9648,23.3978
-3.9797,23.3560
-4.0426,23.4573
-4.0784,23.4769
-4.1107,23.4857
-4.1729,23.5804
-4.2663,23.6763
-4.2993,23.6841
-4.3296,23.6839
-4.3564,23.6742
-4.4044,23.7222
-4.4186,23.6780
-4.4652,23.6392
-4.4936,23.6338
-4.5364,23.6655
-4.6433,23.8618
-4.6870,23.8931
-4.7346,23.9335
-4.7751,23.9551
-4.8863,23.9911
-4.5305,5.4716
-4.4735,5.5412
-4.4084,5.6345
-4.3050,5.8364
-4.2028,6.0388
-4.1435,6.1238
-3.8842,6.5472
-2.5664,8.7722
-2.5356,8.8212
-2.4935,8.9190
-2.4417,8.9837
-2.4133,9.0284
-2.3830,9.0830
-2.3541,9.1328
-2.3233,9.1925
-2.2755,9.2536
-2.2447,9.3186
-2.2153,9.3787
-2.1872,9.4342
-2.1635,9.4701
-2.1399,9.5062
-2.1038,9.5246
-2.0827,9.5510
-2.0612,9.5803
-2.0399,9.6092
-2.0127,9.6727
-1.9823,9.7561
-1.9374,9.8396
-1.9104,9.9110
-1.8911,9.9381
-1.8712,9.9703
-1.8553,9.9779
-1.8385,9.9921
-1.8057,10.0174
-1.7872,10.0449
-1.7622,10.1205
-1.7435,10.1532
-1.7304,10.1463
-1.7114,10.1841
-1.6814,10.2014
-1.6655,10.2185
-1.6543,10.1970
-1.5170,10.4784
-1.5043,10.4772
-1.4901,10.4913
-1.4770,10.4946
-1.4642,10.4936
-1.4495,10.5174

# FrameTime=1781596481.64, PointCount=481
4.6449,18.1744
4.6517,18.2020
4.6739,18.2390
4.6633,18.2563
4.6458,18.2693
4.6499,18.3196
4.7025,18.3766
4.7254,18.4154
4.6750,18.4078
4.5923,18.3794
4.5814,18.3964
4.5871,18.4243
4.6402,18.4833
4.5440,18.4447
4.4995,18.4396
4.4967,18.4619
4.4896,18.4815
4.5171,18.5244
4.5870,18.5964
4.5026,18.5637
4.5281,18.6059
4.4261,18.5603
4.4131,18.5758
4.3458,18.5533
4.3547,18.5840
4.4680,18.6890
4.2874,18.6097
4.2636,18.6171
4.1833,18.5832
4.1879,18.6109
4.2551,18.6848
4.1926,18.6634
4.1234,18.6608
4.0876,18.6584
4.0758,18.6740
4.1053,18.7211
4.1591,18.7873
4.1311,18.7909
4.0952,18.7881
4.0277,18.7852
3.9646,18.7601
3.9759,18.7940
3.9715,18.8155
4.0059,18.8685
3.9741,18.8680
4.1332,19.0237
4.2629,19.1569
3.9444,18.9199
3.8819,18.8934
3.8579,18.8987
3.9195,18.9762
3.9296,19.0106
3.8925,19.0310
3.8343,19.0067
3.7424,18.9527
3.7034,18.9442
3.7132,18.9784
3.7005,18.9928
3.6563,19.0049
3.6323,19.0091
3.6511,19.0520
3.6213,19.0509
3.6010,19.0583
3.6027,19.0860
3.7041,19.2336
3.6527,19.2123
3.5521,19.1441
3.4682,19.0907
3.4227,19.0733
3.4456,19.1215
3.7070,19.4015
3.4013,19.1313
3.3703,19.1273
3.3393,19.1231
3.3155,19.1259
3.3094,19.1462
3.3067,19.1700
3.3074,19.1975
3.2561,19.1988
3.2253,19.1940
3.2154,19.2105
3.1950,19.2163
3.2160,19.2653
3.2711,19.3507
3.2931,19.4299
3.1631,19.3187
3.1256,19.3058
3.1085,19.3148
3.0846,19.3163
3.0776,19.3363
3.0666,19.3799
3.0410,19.3793
3.0237,19.3880
2.9965,19.3853
2.9628,19.3751
2.9193,19.3534
3.0085,19.4844
2.9078,19.3964
2.8971,19.4122
2.8895,19.4318
2.8883,19.4590
2.8516,19.4442
2.8215,19.4369
2.8919,19.5505
2.7995,19.4680
2.7885,19.4836
2.7900,19.5146
2.7882,19.5418
2.7753,19.5554
2.7468,19.5494
2.7324,19.5610
2.7003,19.5800
2.6765,19.5796
2.6375,19.5593
2.6382,19.5903
2.6570,19.6451
2.6846,19.7120
2.6984,19.7613
2.6577,19.7386
2.6143,19.7119
2.5606,19.6709
2.5503,19.6879
2.5162,19.6726
2.5013,19.6834
2.5129,19.7307
2.4672,19.6990
2.4669,19.7300
2.4605,19.7529
2.4685,19.7962
2.4218,19.7619
2.4067,19.7725
2.3802,19.7665
2.3415,19.7750
2.3376,19.8018
2.3391,19.8370
2.3071,19.8224
2.2807,19.8160
2.2572,19.8136
2.2212,19.8253
2.2005,19.8269
2.1879,19.8410
2.1861,19.8719
2.1921,19.9154
2.1632,19.9042
2.1295,19.9195
2.1218,19.9419
2.1336,19.9962
2.1152,20.0016
2.0878,19.9920
2.0758,20.0080
2.0446,19.9917
2.0454,20.0291
2.0244,20.0300
1.9833,19.9962
1.9876,20.0400
1.9478,20.0081
1.9121,19.9826
1.9261,20.0437
1.8770,20.0313
1.8733,20.0620
1.9155,20.1758
1.8457,20.1259
1.8176,20.1128
1.8263,20.1677
1.7970,20.1522
1.7597,20.1212
1.7575,20.1563
1.7458,20.1737
1.7341,20.1911
1.7040,20.1730
1.8028,20.4060
1.6736,20.1942
1.6369,20.1624
1.6184,20.1661
1.6399,20.2502
1.6366,20.2853
1.6156,20.2845
1.7246,20.5512
1.5670,20.2693
1.5375,20.2502
1.5295,20.2762
1.5309,20.3224
1.5163,20.3348
1.4984,20.3404
1.4816,20.3482
1.4396,20.3454
1.4269,20.3621
1.4120,20.3743
1.3971,20.3863
1.3802,20.3938
1.3642,20.4035
1.3551,20.4293
1.3311,20.4205
1.3179,20.4370
1.3047,20.4535
1.2914,20.4699
1.2770,20.4840
1.2569,20.4841
1.2187,20.4889
1.1958,20.4820
1.1767,20.4842
1.1650,20.5050
1.1440,20.5024
1.1411,20.5464
1.1379,20.5904
1.0922,20.5757
1.0886,20.6197
1.0485,20.5654
1.0207,20.5437
0.9879,20.5078
0.9740,20.5234
0.9226,20.4887
0.9465,20.6126
0.9452,20.6659
0.9476,20.7313
0.9376,20.7611
0.9211,20.7719
0.8873,20.7305
0.8575,20.7008
0.8195,20.6449
0.8217,20.7124
0.8159,20.7562
0.8129,20.8096
0.7961,20.8201
0.7484,20.7303
0.6979,20.6935
0.6986,20.7611
0.6749,20.7473
0.7025,20.9087
0.6651,20.8490
0.6585,20.8954
0.6162,20.8866
0.6050,20.9179
0.5969,20.9616
0.5665,20.9233
0.5634,20.9861
0.5479,21.0035
0.5732,21.1778
0.5183,21.0444
0.4797,20.9718
0.4634,20.9862
0.4386,20.9667
0.4081,20.9228
0.4000,20.9710
0.3917,21.0192
0.3439,20.9842
0.3218,20.9740
0.3206,21.0561
0.3142,21.1169
0.2972,21.1309
0.2700,21.0980
0.2349,21.1208
0.2147,21.1199
0.1955,21.1238
0.1754,21.1228
0.1562,21.1266
0.1370,21.1303
0.0986,21.1377
0.0731,21.1069
0.0638,21.1644
0.0506,21.2023
0.0536,21.3336
0.0344,21.3401
0.0020,21.2696
0.0049,21.4078
-0.0441,21.2337
-0.0715,21.1875
-0.0924,21.1807
-0.1079,21.2084
-0.1251,21.2262
-0.1424,21.2439
-0.1752,21.2941
-0.1883,21.3444
-0.2081,21.3471
-0.2293,21.3399
-0.2439,21.3821
-0.2655,21.3717
-0.2777,21.4368
-0.3066,21.3667
-0.3236,21.3938
-0.3435,21.3961
-0.3538,21.4860
-0.3719,21.5081
-0.3967,21.4673
-0.4141,21.4974
-0.4361,21.4813
-0.4594,21.4517
-0.4803,21.4454
-0.5018,21.4323
-0.5197,21.4590
-0.5370,21.4955
-0.5508,21.5769
-0.5967,21.5153
-0.6131,21.5716
-0.6367,21.5282
-0.6584,21.5096
-0.6781,21.5209
-0.6982,21.5271
-0.7387,21.5344
-0.7588,21.5405
-0.7797,21.5315
-0.8001,21.5325
-0.8190,21.5683
-0.8370,21.6340
-0.8765,21.6953
-0.8979,21.6760
-0.9163,21.7700
-0.9378,21.7520
-0.9599,21.7025
-0.9805,21.7229
-1.0011,21.7482
-1.0430,21.7672
-1.0639,21.7924
-1.0853,21.7240
-1.1063,21.7640
-1.1053,15.1220
-1.1490,21.8573
-1.1076,15.1171
-1.1087,15.1171
-1.2129,21.8430
-1.2353,21.9026
-1.2565,21.8872
-1.1133,15.1170
-1.2986,21.8562
-1.3240,21.9891
-1.3423,21.8848
-1.3645,21.9040
-1.3868,21.9232
-1.4086,21.9273
-1.4295,21.9114
-1.4534,21.9602
-1.4743,21.9442
-1.5210,22.0017
-1.5449,22.0353
-1.5686,22.0627
-1.5913,22.0723
-1.6250,22.2393
-1.6364,22.0842
-1.6770,22.0361
-1.7050,22.1090
-1.7309,22.1519
-1.7587,22.2138
-1.7802,22.2019
-1.8008,22.1799
-1.8303,22.2524
-1.8770,22.2636
-1.9001,22.2662
-1.9249,22.2837
-1.9442,22.2514
-1.9701,22.2786
-1.9963,22.3057
-2.0447,22.3250
-2.0675,22.3222
-2.0909,22.3242
-2.1222,22.3849
-2.1485,22.4066
-2.1756,22.4331
-2.2254,22.4513
-2.2493,22.4534
-2.2643,22.3956
-2.2971,22.4562
-2.3180,22.4378
-2.3442,22.4539
-2.3956,22.6223
-2.3922,22.4561
-2.4178,22.4670
-2.4444,22.4827
-2.4711,22.4983
-2.5006,22.5286
-2.5222,22.5145
-2.5718,22.6524
-2.5707,22.5157
-2.5931,22.5064
-2.6173,22.5068
-2.6552,22.5757
-2.6905,22.6297
-2.7341,22.7228
-2.7561,22.7081
-2.8039,22.6980
-2.8267,22.6880
-2.8505,22.6828
-2.8798,22.7019
-2.9147,22.7452
-2.9588,22.8274
-3.0303,22.9135
-3.0420,22.8541
-3.0687,22.8579
-3.0978,22.8714
-3.1354,22.9187
-3.1758,22.9755
-3.2376,23.1149
-3.2402,23.0209
-3.2714,23.0391
-3.2938,23.0228
-3.3198,23.0207
-3.3342,22.9754
-3.3787,23.0409
-3.4758,23.2947
-3.5258,23.2755
-3.5803,23.3691
-3.6101,23.3751
-3.6122,23.2861
-3.6350,23.2690
-3.6677,23.2853
-3.7073,23.2315
-3.7667,23.3334
-3.8059,23.3683
-3.8363,23.3744
-3.9082,23.5100
-3.8927,23.3721
-3.9325,23.4064
-3.9735,23.3561
-4.0363,23.4575
-4.0673,23.4628
-4.1060,23.4905
-4.1649,23.5759
-4.2199,23.6482
-4.2851,23.6623
-4.3186,23.6715
-4.3483,23.6698
-4.3911,23.7037
-4.4175,23.6923
-4.4321,23.6496
-4.4855,23.6294
-4.5265,23.6565
-4.6423,23.8762
-4.6788,23.8888
-4.7227,23.9199
-4.7761,23.9740
-4.5844,5.4120
-4.5165,5.5094
-4.4562,5.5884
-4.3826,5.7053
-4.2479,5.9118
-4.1598,6.0769
-4.0992,6.1668
-2.5344,8.8208
-2.5050,8.8651
-2.4657,8.9533
-2.4370,8.9979
-2.4064,9.0523
-2.3592,9.1031
-2.3284,9.1627
-2.2979,9.2225
-2.2679,9.2825
-2.2381,9.3425
-2.2078,9.4076
-2.1981,9.3733
-2.1659,9.4500
-2.1414,9.4909
-2.1209,9.5124
-2.0995,9.5388
-2.0779,9.5680
-2.0574,9.5918
-2.0406,9.5965
-2.0164,9.6427
-1.9929,9.6867
-1.9582,9.7972
-1.9267,9.8931
-1.9064,9.9251
-1.8839,9.9720
-1.8772,9.9222
-1.8553,9.9674
-1.8377,9.9866
-1.8197,10.0090
-1.8013,10.0350
-1.7827,10.0640
-1.7570,10.1446
-1.7499,10.0945
-1.7274,10.1556
-1.7130,10.1587
-1.6947,10.1915
-1.6772,10.2205
-1.6650,10.2079
-1.5157,10.4731
-1.5029,10.4719
-1.4878,10.4955
-1.4760,10.4839
-1.4637,10.4779
-1.4485,10.5067
-1.4362,10.5007

# FrameTime=1781596481.74, PointCount=474
4.6392,18.1655
4.6546,18.1981
4.6725,18.2325
4.6620,18.2499
4.6487,18.2655
4.6613,18.3210
4.7098,18.3754
4.7200,18.4061
4.6695,18.3986
4.5953,18.3755
4.5844,18.3926
4.5791,18.4376
4.5387,18.4354
4.5025,18.4358
4.4956,18.4554
4.4927,18.4777
4.5078,18.5122
4.5304,18.5768
4.5271,18.5993
4.4292,18.5566
4.4080,18.5664
4.3489,18.5496
4.3619,18.5832
4.4590,18.6766
4.2906,18.6060
4.2627,18.6105
4.1905,18.5826
4.1910,18.6073
4.2759,18.6942
4.2866,18.7270
4.1840,18.6757
4.1425,18.6693
4.0948,18.6579
4.0870,18.6765
4.1086,18.7176
4.1584,18.7807
4.1343,18.7873
4.0863,18.8002
4.0231,18.7755
3.9600,18.7505
3.9792,18.7906
3.9826,18.8183
4.0092,18.8650
3.9611,18.8766
4.2626,19.1501
3.9477,18.9165
3.8852,18.8900
3.8689,18.9017
3.9115,18.9631
3.9278,19.0287
3.8959,19.0275
3.8226,18.9903
3.7495,18.9526
3.7105,18.9442
3.7166,18.9751
3.7696,19.0477
3.6873,19.0006
3.6522,18.9950
3.6357,19.0059
3.6545,19.0488
3.6210,19.0443
3.6007,19.0517
3.6024,19.0794
3.7222,19.2439
3.6526,19.2056
3.5556,19.1409
3.4680,19.0841
3.4261,19.0701
3.4418,19.1114
3.3797,19.1038
3.3630,19.1137
3.3357,19.1131
3.3261,19.1299
3.3270,19.1572
3.3278,19.1847
3.3150,19.2254
3.2666,19.2029
3.2254,19.1874
3.2154,19.2040
3.2089,19.2241
3.2334,19.2767
3.4659,19.5491
3.2712,19.3717
3.2694,19.3977
3.1599,19.3084
3.1224,19.2955
3.1087,19.3082
3.0949,19.3208
3.0913,19.3444
3.1427,19.4292
3.0718,19.3788
3.0512,19.3838
3.0273,19.3851
3.0067,19.3900
2.9697,19.3760
2.9229,19.3506
2.9082,19.3898
2.9007,19.4094
2.8964,19.4328
2.8984,19.4638
2.8585,19.4452
2.8283,19.4379
2.8032,19.4653
2.7890,19.4770
2.7937,19.5118
2.7888,19.5351
2.7791,19.5526
2.7505,19.5467
2.7247,19.5737
2.6978,19.5694
2.6772,19.5729
2.6443,19.5606
2.6450,19.5916
2.6638,19.6464
2.6688,19.6835
2.6555,19.7280
2.5912,19.6732
2.5674,19.6723
2.5511,19.6813
2.5215,19.6721
2.5037,19.6789
2.4711,19.6964
2.4532,19.7030
2.4412,19.7178
2.4709,19.7916
2.4170,19.7471
2.3877,19.7372
2.3802,19.7909
2.3425,19.7684
2.3386,19.7952
2.3374,19.8262
2.2998,19.8033
2.2818,19.8094
2.3094,19.8840
2.2431,19.8171
2.2224,19.8187
2.2044,19.8245
2.1945,19.8428
2.1900,19.8695
2.1987,19.9172
2.2085,19.9672
2.1489,19.9074
2.1387,19.9256
2.1363,19.9565
2.1350,19.9895
2.1153,19.9929
2.0865,19.9812
2.0669,19.9842
2.0302,19.9946
2.0221,20.0169
1.9873,19.9940
1.9878,20.0312
1.9443,19.9929
1.9161,19.9803
1.9117,20.0462
1.8785,20.0247
1.8871,20.0773
1.9269,20.1867
1.8425,20.1106
1.8538,20.1698
1.8197,20.1457
1.7893,20.1281
1.7708,20.1323
1.7616,20.1542
1.7476,20.1672
1.7359,20.1845
1.7081,20.1709
1.6822,20.2010
1.6342,20.1469
1.6292,20.1774
1.6507,20.2616
1.6386,20.2788
1.6175,20.2780
1.5625,20.2493
1.5438,20.2527
1.5336,20.2742
1.5330,20.3159
1.5205,20.3328
1.5047,20.3430
1.4689,20.3540
1.4459,20.3480
1.4290,20.3556
1.4142,20.3678
1.3993,20.3799
1.3844,20.3919
1.3684,20.4016
1.3524,20.4113
1.3373,20.4233
1.3241,20.4397
1.3090,20.4516
1.2995,20.4772
1.2918,20.5075
1.2812,20.5309
1.2458,20.4940
1.2248,20.4918
1.2019,20.4848
1.1828,20.4871
1.1692,20.5032
1.1483,20.5007
1.1472,20.5493
1.1336,20.6187
1.0913,20.5600
1.0947,20.6227
1.0528,20.5637
1.0147,20.5139
0.9905,20.5014
0.9458,20.4857
0.9402,20.5247
0.9624,20.6440
0.9397,20.6360
0.9463,20.7129
0.9421,20.7594
0.9240,20.7656
0.9334,20.8543
0.8572,20.6849
0.8285,20.6576
0.8292,20.7203
0.8219,20.7594
0.8128,20.7937
0.8006,20.8185
0.7304,20.7200
0.7023,20.6920
0.7031,20.7596
0.6807,20.7506
0.7084,20.9120
0.6710,20.8523
0.6405,20.8847
0.6220,20.8899
0.6135,20.9309
0.5988,20.9505
0.5724,20.9267
0.5706,20.9944
0.5337,21.0071
0.5216,21.0382
0.4842,20.9705
0.4667,20.9800
0.4420,20.9605
0.4102,20.9117
0.4034,20.9648
0.3729,21.0029
0.3473,20.9781
0.3263,20.9727
0.3252,21.0549
0.3188,21.1156
0.3008,21.1247
0.2535,21.0911
0.2385,21.1147
0.2193,21.1187
0.1992,21.1177
0.1800,21.1216
0.1609,21.1254
0.1604,21.2253
0.1225,21.1329
0.1033,21.1365
0.0786,21.1107
0.0684,21.1633
0.0580,21.2159
0.0610,21.3473
0.0366,21.3243
-0.0136,21.2669
-0.0410,21.2228
-0.0668,21.1865
-0.0862,21.1896
-0.1048,21.1975
-0.1204,21.2252
-0.1572,21.2458
-0.1683,21.3079
-0.1842,21.3385
-0.2033,21.3462
-0.2225,21.3538
-0.2391,21.3812
-0.2819,21.3633
-0.3018,21.3658
-0.3170,21.4078
-0.3410,21.3754
-0.3484,21.4901
-0.3670,21.5072
-0.3868,21.5143
-0.4300,21.4937
-0.4541,21.4558
-0.4755,21.4446
-0.4974,21.4266
-0.5158,21.4483
-0.5175,21.6674
-0.5508,21.5164
-0.5660,21.5827
-0.5922,21.5096
-0.6097,21.5510
-0.6350,21.4827
-0.6532,21.5139
-0.6736,21.5153
-0.7137,21.5277
-0.7341,21.5288
-0.7534,21.5498
-0.7755,21.5160
-0.7952,21.5319
-0.8141,21.5677
-0.8264,21.7766
-0.8520,21.6541
-0.8715,21.6948
-0.8928,21.6805
-0.9114,21.7644
-0.9330,21.7415
-0.9546,21.7170
-0.9754,21.7274
-1.0169,21.7630
-1.0378,21.7768
-1.0589,21.7869
-1.0802,21.7385
-1.1031,15.1167
-1.1224,21.7835
-1.1054,15.1167
-1.1065,15.1167
-1.1864,21.8330
-1.2077,21.8377
-1.1100,15.1166
-1.1111,15.1166
-1.2726,21.8764
-1.3147,21.8503
-1.3370,21.8795
-1.3592,21.8988
-1.3811,21.9079
-1.4034,21.9270
-1.4243,21.9111
-1.4485,21.9650
-1.4913,21.9528
-1.5158,22.0015
-1.5397,22.0351
-1.5631,22.0576
-1.5861,22.0722
-1.6150,22.1704
-1.6514,22.0576
-1.6726,22.0460
-1.7001,22.1139
-1.7268,22.1668
-1.7538,22.2188
-1.7740,22.1919
-1.7964,22.1898
-1.8298,22.3029
-1.8485,22.2602
-1.8722,22.2686
-1.8963,22.2812
-1.9190,22.2788
-1.9394,22.2565
-1.9675,22.3028
-1.9868,22.2711
-2.0148,22.3131
-2.0423,22.3493
-2.0621,22.3223
-2.0881,22.3442
-2.1174,22.3901
-2.1437,22.4118
-2.1940,22.4351
-2.2206,22.4565
-2.2446,22.4586
-2.2618,22.4156
-2.2909,22.4516
-2.3118,22.4332
-2.3619,22.4504
-2.3867,22.4565
-2.4132,22.4723
-2.4390,22.4831
-2.4648,22.4938
-2.4907,22.5044
-2.5443,22.6671
-2.5391,22.5058
-2.5689,22.5358
-2.5885,22.5117
-2.6128,22.5122
-2.6719,22.6888
-2.7153,22.7820
-2.7524,22.8408
-2.7616,22.7624
-2.7682,22.6743
-2.7983,22.6986
-2.8232,22.6984
-2.8449,22.6834
-2.8753,22.7074
-2.9113,22.7556
-2.9785,22.8273
-3.0245,22.9142
-3.0363,22.8548
-3.0630,22.8587
-3.0909,22.8673
-3.1357,22.9437
-3.1960,22.9749
-3.2356,23.0266
-3.2669,23.0448
-3.2892,23.0286
-3.3089,23.0023
-3.3298,22.9812
-3.4376,23.2786
-3.4928,23.2789
-3.5239,23.2909
-3.5826,23.3990
-3.5889,23.3234
-3.6118,23.3064
-3.6276,23.2653
-3.6845,23.2691
-3.7057,23.2470
-3.7666,23.3536
-3.7940,23.3504
-3.8363,23.3946
-3.9082,23.5303
-3.9173,23.3792
-3.9541,23.4039
-3.9722,23.3716
-4.0271,23.4493
-4.0672,23.4820
-4.0983,23.4872
-4.1691,23.6069
-4.1886,23.5775
-4.2355,23.6261
-4.2885,23.6905
-4.3175,23.6871
-4.3473,23.6854
-4.3901,23.7193
-4.4078,23.6845
-4.4527,23.6411
-4.4811,23.6357
-4.5257,23.6721
-4.6323,23.8685
-4.6761,23.8998
-4.7200,23.9309
-4.7919,23.9509
-4.8735,23.9934
-4.5909,5.4090
-4.5230,5.5064
-4.4642,5.5806
-4.3958,5.6833
-4.2489,5.9227
-4.1575,6.0971
-4.1134,6.1399
-2.5418,8.8019
-2.5112,8.8510
-2.4683,8.9537
-2.4407,8.9934
-2.4090,9.0527
-2.3629,9.0985
-2.3331,9.1533
-2.3025,9.2131
-2.2724,9.2730
-2.2416,9.3379
-2.2111,9.4029
-2.1702,9.4404
-2.1446,9.4862
-2.1231,9.5125
-2.1018,9.5389
-2.0801,9.5681
-2.0578,9.6018
-2.0195,9.6380
-1.9925,9.7015
-1.9586,9.8071
-1.9279,9.8981
-1.9059,9.9400
-1.8859,9.9721
-1.8573,9.9675
-1.8397,9.9866
-1.8209,10.0140
-1.8026,10.0399
-1.7840,10.0689
-1.7575,10.1544
-1.7279,10.1654
-1.7116,10.1834
-1.6953,10.2014
-1.6797,10.2155
-1.6663,10.2127
-1.5174,10.4729
-1.5051,10.4667
-1.4895,10.4953
-1.4777,10.4837
-1.4658,10.4727
-1.4506,10.5015
-1.4379,10.5005

# FrameTime=1781596481.84, PointCount=474
4.6346,18.1662
4.6542,18.2014
4.6679,18.2332
4.6702,18.2584
4.6526,18.2714
4.6335,18.2834
4.6737,18.3322
4.7136,18.3814
4.7238,18.4121
4.6607,18.3965
4.5949,18.3788
4.5730,18.4129
4.5787,18.4408
4.5231,18.4287
4.5021,18.4390
4.4910,18.4558
4.4149,18.4292
4.4919,18.5295
4.5616,18.6016
4.4813,18.5715
4.4616,18.5825
4.4075,18.5696
4.3443,18.5500
4.3540,18.6057
4.4344,18.6877
4.2779,18.6005
4.2582,18.6107
4.1820,18.5798
4.2067,18.6222
4.2537,18.6814
4.2234,18.6837
4.1875,18.6818
4.1460,18.6754
4.0983,18.6640
4.1104,18.6978
4.1001,18.7146
4.1420,18.7716
4.1216,18.8061
4.0363,18.7644
4.0107,18.7693
3.9634,18.7566
3.9825,18.7967
3.9820,18.8214
4.0040,18.8897
3.9528,18.8733
4.2696,19.1596
3.9163,18.8940
3.8808,18.8898
3.8798,18.9144
3.8981,18.9811
3.9309,19.0350
3.8839,19.0208
3.8068,18.9802
3.7413,18.9491
3.7024,18.9406
3.7556,19.0129
3.6995,18.9892
3.6867,19.0036
3.6516,18.9979
3.6425,19.0155
3.6613,19.0584
3.6167,19.0439
3.6038,19.0580
3.5887,19.0964
3.7288,19.2537
3.6118,19.1709
3.5622,19.1506
3.4637,19.0835
3.4327,19.0799
3.4244,19.1244
3.3791,19.1066
3.3624,19.1165
3.3386,19.1194
3.3254,19.1327
3.3298,19.1636
3.3172,19.2043
3.3318,19.2460
3.2729,19.2129
3.2316,19.1973
3.2182,19.2103
3.2255,19.2449
3.4312,19.4876
3.2362,19.3106
3.3081,19.4144
3.2974,19.4313
3.1524,19.3039
3.1216,19.2983
3.1079,19.3109
3.0874,19.3162
3.0733,19.3560
3.0677,19.3778
3.0438,19.3791
3.0232,19.3841
2.9994,19.3852
2.9624,19.3712
2.9050,19.3615
2.9074,19.3925
2.8967,19.4083
2.8924,19.4316
2.8912,19.4589
2.8545,19.4441
2.8070,19.4447
2.8024,19.4679
2.8009,19.4951
2.7992,19.5222
2.7927,19.5436
2.7751,19.5514
2.7669,19.5708
2.7322,19.5570
2.7177,19.5685
2.6970,19.5720
2.6671,19.5637
2.6434,19.5632
2.6442,19.5942
2.6660,19.6530
2.6561,19.7014
2.6607,19.7385
2.5813,19.6638
2.5665,19.6748
2.5458,19.6778
2.5161,19.6685
2.4909,19.6963
2.4702,19.6989
2.4495,19.7015
2.4461,19.7284
2.4671,19.7900
2.4161,19.7496
2.3746,19.7542
2.3822,19.7975
2.3416,19.7709
2.3349,19.7936
2.3141,19.7956
2.2962,19.8017
2.2782,19.8077
2.2422,19.8195
2.2242,19.8254
2.2035,19.8270
2.1963,19.8494
2.1917,19.8761
2.2004,19.9239
2.1507,19.9140
2.1325,19.9195
2.1537,19.9886
2.1340,19.9920
2.1117,19.9910
2.0908,19.9921
2.0502,19.9961
2.0292,19.9970
2.0224,20.0214
1.9863,19.9963
1.9843,20.0292
1.9408,19.9909
1.9093,20.0091
1.9082,20.0442
1.8727,20.0183
1.8958,20.0970
1.9356,20.2065
2.0278,20.4126
1.8811,20.1852
1.8254,20.1217
1.8187,20.1480
1.7836,20.1216
1.7721,20.1390
1.7582,20.1520
1.7443,20.1650
1.7280,20.1735
1.6930,20.1860
1.6744,20.1899
1.6310,20.1447
1.6416,20.2064
1.6541,20.2728
1.6353,20.2765
1.6020,20.2929
1.5614,20.2515
1.5384,20.2459
1.5390,20.2899
1.5362,20.3272
1.5204,20.3373
1.4868,20.3530
1.4699,20.3607
1.4469,20.3547
1.4279,20.3578
1.4111,20.3654
1.3962,20.3775
1.3813,20.3895
1.3503,20.4112
1.3362,20.4254
1.3230,20.4419
1.3117,20.4629
1.2984,20.4794
1.2917,20.5120
1.2485,20.5054
1.2255,20.4985
1.1952,20.4730
1.1854,20.4984
1.1699,20.5099
1.1471,20.5028
1.1304,20.5628
1.1359,20.6301
1.0901,20.5620
1.0970,20.6341
1.0516,20.5657
1.0135,20.5159
1.0516,20.6749
0.9755,20.5191
0.9497,20.5018
0.9308,20.5032
0.9612,20.6460
0.9451,20.6569
0.9500,20.7291
0.9392,20.7567
0.9015,20.7641
0.8545,20.6822
0.8289,20.6643
0.8295,20.7271
0.8328,20.7994
0.8146,20.8052
0.7796,20.8214
0.7263,20.7124
0.6996,20.6892
0.6975,20.7472
0.6781,20.7478
0.7057,20.9091
0.6942,20.9385
0.6541,20.8691
0.6392,20.8866
0.6234,20.9015
0.6143,20.9403
0.5962,20.9476
0.5724,20.9334
0.5738,21.0135
0.5568,21.0254
0.5336,21.0138
0.5228,21.0497
0.4915,21.0062
0.4642,20.9770
0.4407,20.9623
0.4089,20.9136
0.3834,20.9711
0.3693,20.9950
0.3482,20.9896
0.3261,20.9793
0.3239,21.0567
0.3175,21.1174
0.3005,21.1314
0.2817,21.1376
0.2521,21.0929
0.2371,21.1164
0.2180,21.1204
0.1988,21.1244
0.1787,21.1233
0.1736,21.1987
0.1403,21.1309
0.1211,21.1346
0.1010,21.1333
0.0764,21.1075
0.0689,21.1748
0.0566,21.2176
0.0596,21.3490
0.0137,21.3195
-0.0151,21.2685
-0.0432,21.2195
-0.0674,21.1931
-0.0868,21.1962
-0.1054,21.2041
-0.1413,21.2297
-0.1593,21.2425
-0.1676,21.3244
-0.1856,21.3401
-0.2048,21.3478
-0.2239,21.3554
-0.2399,21.3877
-0.2827,21.3699
-0.3032,21.3673
-0.3173,21.4193
-0.3299,21.4861
-0.3493,21.4966
-0.3680,21.5137
-0.4171,21.4353
-0.4329,21.4803
-0.4556,21.4574
-0.4774,21.4412
-0.4984,21.4331
-0.5159,21.4647
-0.5511,21.5328
-0.5672,21.5892
-0.5941,21.5061
-0.6133,21.5225
-0.6361,21.4891
-0.6544,21.5204
-0.6747,21.5217
-0.7149,21.5341
-0.7353,21.5352
-0.7547,21.5562
-0.7768,21.5223
-0.7965,21.5383
-0.8152,21.5791
-0.8532,21.6655
-0.8730,21.6961
-0.8944,21.6818
-0.9130,21.7658
-0.9346,21.7429
-0.9562,21.7184
-0.9733,21.9322
-0.9979,21.7291
-1.0183,21.7743
-1.0395,21.7731
-1.0604,21.7982
-1.0818,21.7398
-1.1024,15.1180
-1.1242,21.8533
-1.1451,21.7897
-1.1058,15.1180
-1.1880,21.8392
-1.2094,21.8389
-1.2317,21.8985
-1.1105,15.1228
-1.2740,21.8676
-1.1138,15.1178
-1.3388,21.8858
-1.3610,21.9050
-1.3835,21.9291
-1.4055,21.9382
-1.4266,21.9273
-1.4721,21.9701
-1.4930,21.9540
-1.5177,22.0076
-1.5428,22.0612
-1.5651,22.0637
-1.5878,22.0733
-1.6214,22.2404
-1.6386,22.1649
-1.6538,22.0687
-1.6746,22.0521
-1.7018,22.1150
-1.7281,22.1629
-1.7556,22.2198
-1.7758,22.1929
-1.8200,22.1838
-1.8498,22.2562
-1.8770,22.2995
-1.8986,22.2872
-1.9202,22.2748
-1.9411,22.2575
-1.9898,22.2820
-2.0160,22.3091
-2.0424,22.3361
-2.0645,22.3282
-2.0905,22.3501
-2.1192,22.3910
-2.1685,22.4095
-2.1951,22.4310
-2.2225,22.4574
-2.2472,22.4644
-2.2636,22.4165
-2.2935,22.4574
-2.3136,22.4341
-2.3646,22.4562
-2.3894,22.4623
-2.4150,22.4731
-2.4416,22.4888
-2.4675,22.4995
-2.4969,22.5298
-2.5418,22.5115
-2.5716,22.5415
-2.5903,22.5125
-2.6146,22.5129
-2.6738,22.6896
-2.7182,22.7876
-2.7625,22.7583
-2.7681,22.6653
-2.7991,22.6944
-2.8240,22.6942
-2.8479,22.6890
-2.8761,22.7032
-2.9165,22.7709
-2.9816,22.8328
-3.0254,22.9100
-3.0452,22.8846
-3.0649,22.8593
-3.0941,22.8728
-3.1377,22.9443
-3.2004,22.9852
-3.2401,23.0369
-3.2676,23.0405
-3.2913,23.0291
-3.3109,23.0028
-3.3331,22.9865
-3.4640,23.2672
-3.4976,23.2890
-3.5247,23.2866
-3.5806,23.3850
-3.5882,23.3143
-3.6111,23.2972
-3.6640,23.3815
-3.6581,23.2677
-3.6837,23.2600
-3.7107,23.2569
-3.7747,23.3731
-3.7931,23.3412
-3.8370,23.3902
-3.9104,23.5306
-3.9194,23.3795
-3.9547,23.3995
-3.9759,23.3767
-4.0308,23.4543
-4.0694,23.4822
-4.0989,23.4827
-4.1908,23.5777
-4.2444,23.6452
-4.2896,23.6875
-4.3209,23.6905
-4.3529,23.6949
-4.3941,23.7242
-4.4262,23.7283
-4.4317,23.6606
-4.4531,23.6366
-4.4834,23.6358
-4.5297,23.6769
-4.6256,23.8453
-4.6748,23.8906
-4.7242,23.9356
-4.7923,23.9462
-4.5728,5.4465
-4.5102,5.5299
-4.4208,5.6036
-4.3290,5.7724
-4.2266,5.9747
-4.1470,6.1162
-3.8890,6.5347
-2.5377,8.8075
-2.5002,8.8858
-2.4631,8.9642
-2.4173,9.0049
-2.3869,9.0594
-2.3568,9.1140
-2.3260,9.1737
-2.2955,9.2335
-2.2644,9.2983
-2.2176,9.3599
-2.1874,9.4250
-2.1646,9.4561
-2.1400,9.4970
-2.1195,9.5184
-2.0982,9.5448
-2.0831,9.5397
-2.0602,9.5760
-2.0384,9.6074
-2.0143,9.6537
-1.9812,9.7517
-1.9475,9.8573
-1.9228,9.9139
-1.9187,9.8494
-1.8866,9.9534
-1.8683,9.9757
-1.8532,9.9784
-1.8349,10.0024
-1.8162,10.0298
-1.7837,10.0552
-1.7654,10.0827
-1.7406,10.1585
-1.7274,10.1529
-1.7059,10.2092
-1.6902,10.2233
-1.6680,10.1803
-1.6533,10.1874
-1.5151,10.4741
-1.5023,10.4725
-1.4868,10.5014
-1.4741,10.4998
-1.4627,10.4838
-1.4467,10.5226
-1.4383,10.4668
-1.4316,10.3860

# FrameTime=1781596481.95, PointCount=477
4.6319,18.1913
4.6728,18.2396
4.6607,18.2560
4.6814,18.2925
4.6835,18.3177
4.7066,18.3562
4.7185,18.4123
4.7061,18.4288
4.6108,18.3924
4.5788,18.3960
4.5678,18.4130
4.5750,18.4419
4.5164,18.4277
4.4943,18.4373
4.4900,18.4586
4.4181,18.4347
4.5105,18.5210
4.4867,18.5294
4.5619,18.6053
4.4680,18.5657
4.4311,18.5895
4.3949,18.5888
4.3318,18.5690
4.3895,18.6344
4.4129,18.6759
4.2647,18.5944
4.2051,18.6001
4.1774,18.6042
4.2542,18.6852
4.1982,18.6685
4.1487,18.6563
4.0970,18.6420
4.0575,18.6610
4.1109,18.7263
4.1068,18.7481
4.1287,18.7900
4.0708,18.7700
4.0492,18.7781
3.9900,18.7564
4.1282,18.8910
3.9697,18.7900
3.9653,18.8114
3.9880,18.8549
4.0067,18.8954
4.0135,18.9266
4.0434,18.9769
4.1589,19.0987
3.8873,18.8988
3.8595,18.9009
4.0112,19.0544
3.9045,18.9901
3.9373,19.0441
3.8865,19.0266
3.7590,18.9680
3.7200,18.9595
3.7148,18.9805
3.7020,18.9950
3.6818,19.0027
3.6764,19.0237
3.6469,19.0490
3.6544,19.0819
3.6099,19.0672
3.6116,19.0949
3.6716,19.1771
3.7421,19.2698
3.5537,19.1462
3.4734,19.0962
3.4314,19.0823
3.4399,19.1167
3.4053,19.1094
3.3886,19.1194
3.3683,19.1259
3.3277,19.1386
3.3039,19.1413
3.3188,19.1828
3.3370,19.2280
3.3340,19.2520
3.2472,19.1902
3.2169,19.2127
3.2000,19.2220
3.2314,19.2819
3.2692,19.3492
3.3326,19.4443
3.2023,19.3335
3.1476,19.3025
3.1898,19.3757
3.1100,19.3169
3.0861,19.3184
3.0724,19.3310
3.0753,19.3620
3.0715,19.3857
3.0675,19.4094
3.0385,19.4050
3.0112,19.4024
2.9775,19.3922
2.9405,19.3781
2.9037,19.3637
2.9061,19.3947
2.9554,19.4807
2.8846,19.4262
2.8898,19.4611
2.8531,19.4463
2.8230,19.4389
2.8089,19.4507
2.8074,19.4778
2.8058,19.5050
2.7834,19.5361
2.7737,19.5535
2.7577,19.5632
2.7401,19.5709
2.7163,19.5706
2.7018,19.5820
2.6451,19.5693
2.6306,19.5805
2.6373,19.6194
2.6529,19.6703
2.6546,19.7035
2.6247,19.6948
2.5739,19.6579
2.5964,19.7190
2.5562,19.6959
2.5236,19.6827
2.5028,19.6855
2.4865,19.6943
2.4687,19.7010
2.4684,19.7320
2.4498,19.7697
2.4433,19.7926
2.4110,19.7786
2.3902,19.7809
2.3666,19.7790
2.3542,19.7935
2.3350,19.8307
2.3058,19.8203
2.2822,19.8180
2.2587,19.8156
2.2325,19.8090
2.2200,19.8232
2.1840,19.8346
2.1848,19.8697
2.1802,19.8964
2.1700,19.9146
2.1491,19.9160
2.1309,19.9215
2.1509,19.9884
2.1167,20.0036
2.0918,19.9983
2.0786,20.0121
2.0602,20.0174
2.0456,20.0289
2.0628,20.0943
1.9873,20.0025
1.9740,20.0161
1.9518,20.0144
1.9136,19.9845
1.9350,20.0587
1.8993,20.0330
1.8711,20.0202
1.9024,20.1516
1.8970,20.1802
1.8567,20.1454
1.8119,20.1016
1.8100,20.1367
1.7702,20.1014
1.8326,20.2578
1.7589,20.1583
1.7473,20.1757
1.7402,20.2019
1.7123,20.1882
1.6914,20.1878
1.6637,20.1739
1.7273,20.3405
1.6154,20.1591
1.6280,20.2254
1.6425,20.2962
1.6060,20.2641
1.5851,20.2632
1.5533,20.2397
1.5389,20.2522
1.5249,20.3086
1.5156,20.3323
1.4978,20.3378
1.4820,20.3479
1.4662,20.3579
1.4431,20.3519
1.4114,20.3716
1.3945,20.3792
1.3816,20.3958
1.3636,20.4009
1.3516,20.4197
1.3365,20.4317
1.3301,20.4643
1.3042,20.4508
1.2890,20.4626
1.2737,20.4743
1.2546,20.4768
1.2373,20.4839
1.2163,20.4816
1.1954,20.4793
1.1719,20.5208
1.1545,20.5276
1.1407,20.5437
1.1322,20.5737
1.1306,20.6224
1.0936,20.5777
1.0551,20.5814
1.0273,20.5597
0.9877,20.5050
0.9889,20.5629
0.9497,20.5080
0.9440,20.5471
0.9998,20.7633
0.9368,20.6395
0.9449,20.7212
0.9358,20.7535
0.9241,20.7786
0.8910,20.7394
0.8387,20.6410
0.8231,20.7143
0.8097,20.7343
0.8218,20.8353
0.8035,20.8410
0.7616,20.7704
0.7201,20.6995
0.7036,20.7097
0.6777,20.7540
0.6933,20.8743
0.6762,20.8845
0.6605,20.8994
0.6333,20.8736
0.6243,20.9125
0.6023,20.9779
0.5679,20.9251
0.5558,20.9542
0.5467,20.9957
0.5386,21.0414
0.5097,21.0076
0.5162,21.1121
0.4672,20.9978
0.4460,20.9928
0.4130,20.9392
0.3956,20.9485
0.3972,21.0384
0.3628,20.9769
0.3430,20.9764
0.3121,21.0141
0.3084,21.0866
0.2975,21.1278
0.2735,21.1096
0.2543,21.1137
0.2352,21.1177
0.1969,21.1256
0.1777,21.1295
0.1585,21.1333
0.1384,21.1322
0.1220,21.1506
0.0935,21.1051
0.0607,21.1417
0.0485,21.1845
0.0490,21.3010
0.0451,21.3961
0.0059,21.2862
-0.0179,21.2648
-0.0500,21.1911
-0.0903,21.1875
-0.1081,21.2003
-0.1260,21.2132
-0.1411,21.2457
-0.1570,21.2733
-0.1671,21.3434
-0.2061,21.3539
-0.2279,21.3416
-0.2413,21.3938
-0.2629,21.3834
-0.2859,21.3611
-0.3034,21.3833
-0.3405,21.4128
-0.3545,21.4696
-0.3711,21.5049
-0.3933,21.4889
-0.4156,21.4711
-0.4374,21.4564
-0.4574,21.4602
-0.4926,21.5219
-0.5171,21.4757
-0.5266,21.6051
-0.5503,21.5687
-0.5700,21.5802
-0.5917,21.5669
-0.6378,21.4951
-0.6561,21.5263
-0.6762,21.5326
-0.6966,21.5339
-0.7172,21.5301
-0.7376,21.5312
-0.7786,21.5283
-0.7992,21.5242
-0.8183,21.5550
-0.8373,21.5958
-0.8545,21.6914
-0.8757,21.6821
-0.8946,21.7461
-0.9360,21.7772
-0.9585,21.7093
-0.9790,21.7346
-0.9993,21.7799
-1.0205,21.7737
-1.0415,21.7839
-1.1000,15.1188
-1.0838,21.7992
-1.1050,21.7707
-1.1260,21.7556
-1.1474,21.8055
-1.1687,21.8153
-1.1902,21.8400
-1.1080,15.1237
-1.2331,21.8543
-1.2548,21.8689
-1.2762,21.8684
-1.2977,21.8728
-1.3191,21.8722
-1.3419,21.9115
-1.3653,21.9644
-1.3859,21.9348
-1.4085,21.9577
-1.4297,21.9480
-1.1206,15.1184
-1.4730,21.9459
-1.4963,21.9746
-1.5211,22.0283
-1.5680,22.0744
-1.5907,22.0840
-1.6176,22.1522
-1.6359,22.0958
-1.6538,22.0394
-1.6796,22.0875
-1.7089,22.1744
-1.7279,22.1337
-1.7540,22.1765
-1.7781,22.1935
-1.7990,22.1765
-1.8271,22.2341
-1.8551,22.2874
-1.8833,22.3391
-1.8999,22.2778
-1.9220,22.2704
-1.9429,22.2530
-1.9672,22.2654
-1.9938,22.2975
-2.0195,22.3195
-2.0435,22.3267
-2.0877,22.3110
-2.1196,22.3766
-2.1459,22.3983
-2.1730,22.4248
-2.1996,22.4463
-2.2213,22.4337
-2.2608,22.3824
-2.2929,22.4381
-2.3175,22.4444
-2.3422,22.4505
-2.3670,22.4566
-2.3926,22.4676
-2.4467,22.6456
-2.4415,22.4745
-2.4682,22.4901
-2.4949,22.5056
-2.5200,22.5112
-2.5470,22.5266
-2.5713,22.5271
-2.5918,22.5079
-2.6520,22.5674
-2.6912,22.6411
-2.7109,22.6167
-2.7711,22.7879
-2.8024,22.8170
-2.8079,22.7240
-2.8482,22.6795
-2.8753,22.6888
-2.9091,22.7273
-2.9509,22.7997
-2.9977,22.8914
-3.0244,22.8954
-3.0734,22.8837
-3.0966,22.8729
-3.1258,22.8863
-3.1685,22.9528
-3.2092,23.0095
-3.2491,23.0615
-3.2677,23.0309
-3.3302,23.0656
-3.3343,22.9817
-3.3683,23.0087
-3.4653,23.2624
-3.4963,23.2746
-3.5478,23.3587
-3.6076,23.3718
-3.6250,23.3355
-3.6381,23.2848
-3.6666,23.2867
-3.6806,23.2408
-3.7339,23.3237
-3.8102,23.4790
-3.8107,23.3888
-3.8337,23.3711
-3.8443,23.3153
-3.8793,23.3355
-3.9298,23.4031
-3.9496,23.3756
-4.0165,23.4902
-4.0597,23.4453
-4.1033,23.4872
-4.1344,23.4924
-4.1969,23.5869
-4.2655,23.6968
-4.2907,23.6825
-4.3489,23.6759
-4.3866,23.6957
-4.4342,23.7421
-4.4484,23.6977
-4.4559,23.6363
-4.4897,23.6448
-4.6065,23.8695
-4.5575,23.6616
-4.6685,23.8669
-4.7106,23.8934
-4.7621,23.9429
-4.8138,23.9922
-4.5868,5.3993
-4.5224,5.4874
-4.4637,5.5617
-4.3969,5.6597
-4.2868,5.8804
-4.1830,6.0875
-4.0964,6.1683
-2.5555,8.8025
-2.5118,8.8279
-2.4700,8.9257
-2.4390,8.9800
-2.4084,9.0344
-2.3792,9.0841
-2.3492,9.1388
-2.3018,9.1949
-2.2706,9.2596
-2.2398,9.3246
-2.2084,9.3945
-2.1794,9.4548
-2.1566,9.4859
-2.1490,9.4417
-2.1184,9.5140
-2.0971,9.5404
-2.0764,9.5647
-2.0541,9.5983
-2.0319,9.6324
-2.0065,9.6861
-1.9918,9.6809
-1.9566,9.7939
-1.9234,9.8997
-1.9015,9.9416
-1.8815,9.9737
-1.8664,9.9763
-1.8360,9.9833
-1.8168,10.0140
-1.7987,10.0381
-1.7762,10.0938
-1.7546,10.1462
-1.7367,10.1739
-1.7210,10.1869
-1.6911,10.2031
-1.6748,10.2222
-1.6620,10.2145
-1.5134,10.4744
-1.5006,10.4730
-1.4859,10.4922
-1.4737,10.4858
-1.4597,10.4995
-1.4449,10.5233

# FrameTime=1781596482.04, PointCount=474
4.6498,18.1797
4.6780,18.2202
4.6717,18.2401
4.6639,18.2590
4.6506,18.2746
4.6951,18.3261
4.6989,18.3767
4.7217,18.4154
4.6924,18.4213
4.6013,18.3874
4.5819,18.3991
4.5793,18.4216
4.5487,18.4501
4.4974,18.4405
4.4889,18.4590
4.4777,18.4758
4.5176,18.5270
4.4938,18.5354
4.5635,18.6076
4.5409,18.6171
4.5566,18.6529
4.4177,18.5813
4.3667,18.5702
4.3348,18.5722
4.4118,18.6763
4.3122,18.6297
4.2681,18.6225
4.1919,18.5916
4.1803,18.6075
4.2877,18.7111
4.1890,18.6629
4.1396,18.6506
4.0881,18.6609
4.0723,18.6734
4.1097,18.7266
4.1491,18.7819
4.1275,18.7903
4.0618,18.7642
4.0280,18.7876
3.9728,18.7687
3.9685,18.7902
3.9719,18.8179
4.0062,18.8709
3.9861,18.8799
4.2670,19.1626
3.9601,18.9351
3.8822,18.8958
3.8582,18.9011
3.9389,18.9946
3.9109,18.9968
4.0105,19.1080
3.9041,19.0431
3.8459,19.0189
3.7502,18.9616
3.7074,18.9498
3.7135,18.9807
3.7008,18.9951
3.6693,18.9929
3.6363,19.0147
3.6551,19.0577
3.6363,19.0667
3.6013,19.0606
3.5993,19.0848
3.7031,19.2078
3.6857,19.2454
3.5560,19.1497
3.4684,19.0929
3.4337,19.0858
3.4422,19.1202
3.3968,19.1025
3.3705,19.1294
3.3502,19.1358
3.3264,19.1386
3.3308,19.1695
3.3175,19.1828
3.3392,19.2315
3.5237,19.4465
3.2668,19.2116
3.2255,19.1961
3.2121,19.2090
3.1987,19.2219
3.2128,19.2637
3.2678,19.3492
3.3107,19.4225
3.1803,19.3391
3.1325,19.3152
3.1154,19.3242
3.0881,19.3220
3.0777,19.3383
3.0773,19.3657
3.0444,19.3850
3.0271,19.3937
3.0032,19.3948
2.9695,19.3846
2.9293,19.3666
2.9088,19.3712
2.8939,19.4103
2.8831,19.4261
2.8884,19.4609
2.8517,19.4461
2.8216,19.4388
2.8106,19.4544
2.8679,19.5528
2.7886,19.4855
2.7932,19.5204
2.7914,19.5475
2.7754,19.5573
2.7469,19.5513
2.7324,19.5628
2.7148,19.5704
2.6796,19.5853
2.6406,19.5651
2.6382,19.5921
2.6479,19.6350
2.6665,19.6900
2.6471,19.6953
2.6023,19.6977
2.5576,19.6686
2.5517,19.6917
2.5132,19.6703
2.5013,19.6852
2.4821,19.6900
2.4523,19.7114
2.4518,19.7424
2.4656,19.7938
2.4274,19.7718
2.4066,19.7742
2.3773,19.7641
2.3975,19.8260
2.3386,19.7726
2.3319,19.7953
2.3334,19.8304
2.2987,19.8116
2.2779,19.8135
2.2544,19.8111
2.2337,19.8128
2.2059,19.8369
2.1932,19.8510
2.1860,19.8735
2.1893,19.9128
2.1604,19.9016
2.1502,19.9198
2.1138,19.9307
2.1335,19.9978
2.1151,20.0032
2.0876,19.9936
2.0705,20.0010
2.0444,19.9933
2.0192,20.0229
1.9806,19.9935
1.9849,20.0372
1.9477,20.0096
1.9094,19.9797
1.9284,20.0495
1.8902,20.0194
1.9369,20.1395
1.8682,20.0548
1.9080,20.1642
1.9074,20.2016
1.8454,20.1274
1.8221,20.1230
1.8154,20.1494
1.7548,20.1139
1.7573,20.1577
1.7363,20.1574
1.7339,20.1925
1.7038,20.1744
1.6920,20.1917
1.6345,20.1593
1.6159,20.1630
1.6285,20.2293
1.6408,20.2956
1.6087,20.2724
1.5812,20.2581
1.5372,20.2516
1.5271,20.2730
1.5306,20.3238
1.5181,20.3407
1.4960,20.3372
1.4792,20.3450
1.4541,20.3345
1.4245,20.3589
1.4076,20.3664
1.3948,20.3831
1.3778,20.3905
1.3628,20.4025
1.3478,20.4145
1.3176,20.4383
1.3043,20.4547
1.2910,20.4711
1.2786,20.4898
1.2566,20.4854
1.2355,20.4832
1.2361,20.5342
1.1973,20.4878
1.1745,20.4808
1.1628,20.5015
1.1436,20.5036
1.1371,20.5383
1.1304,20.5729
1.1421,20.6568
1.0953,20.5862
1.0865,20.6162
1.0498,20.5712
1.0323,20.5776
1.0394,20.6522
1.0073,20.6185
1.0441,20.7780
0.9670,20.6170
0.9280,20.5618
0.9301,20.6245
0.9430,20.7204
0.9372,20.7622
0.9207,20.7730
0.8844,20.7243
0.8191,20.6459
0.8212,20.7134
0.8109,20.7430
0.8123,20.8106
0.7971,20.8258
0.7552,20.7552
0.6960,20.6897
0.6896,20.7334
0.6758,20.7531
0.7061,20.9240
0.6646,20.8500
0.6580,20.8963
0.6354,20.8871
0.6071,20.9285
0.5984,20.9701
0.5647,20.9194
0.5564,20.9629
0.5460,20.9996
0.5378,21.0453
0.4840,20.9921
0.4628,20.9871
0.4392,20.9724
0.4099,20.9333
0.3971,20.9621
0.3842,20.9909
0.3421,20.9802
0.3223,20.9796
0.3189,21.0521
0.3129,21.1148
0.2955,21.1268
0.2694,21.0988
0.2602,21.1497
0.2332,21.1167
0.2130,21.1158
0.1939,21.1197
0.1747,21.1235
0.1556,21.1273
0.1354,21.1262
0.1172,21.1348
0.0724,21.1076
0.0604,21.1504
0.0482,21.1932
0.0503,21.3196
0.0362,21.3556
0.0013,21.2703
-0.0432,21.2442
-0.0722,21.1882
-0.0923,21.1863
-0.1101,21.1992
-0.1258,21.2268
-0.1431,21.2445
-0.1494,21.3394
-0.1773,21.2848
-0.1890,21.3450
-0.2095,21.3427
-0.2293,21.3454
-0.2434,21.3926
-0.2657,21.3772
-0.2886,21.3549
-0.3237,21.3993
-0.3432,21.4066
-0.3557,21.4765
-0.3727,21.5086
-0.3960,21.4826
-0.4162,21.4847
-0.4597,21.4571
-0.4797,21.4608
-0.4934,21.5355
-0.5205,21.4594
-0.5366,21.5109
-0.5517,21.5773
-0.5681,21.6321
-0.5968,21.5257
-0.6140,21.5720
-0.6372,21.5336
-0.6589,21.5150
-0.6783,21.5313
-0.6987,21.5325
-0.7191,21.5337
-0.7599,21.5358
-0.7808,21.5269
-0.8014,21.5228
-0.8199,21.5686
-0.8385,21.6193
-0.8563,21.6999
-0.8987,21.6813
-0.9176,21.7552
-0.9387,21.7523
-0.9606,21.7128
-0.9814,21.7232
-1.0018,21.7584
-1.0439,21.7724
-1.0999,15.1173
-1.0861,21.7491
-1.1072,21.7741
-1.1283,21.7691
-1.1502,21.8925
-1.1719,21.9173
-1.1068,15.1173
-1.2138,21.8382
-1.2361,21.8927
-1.1102,15.1172
-1.2788,21.8818
-1.2996,21.8563
-1.3220,21.8906
-1.3657,21.9091
-1.3882,21.9332
-1.4102,21.9423
-1.4320,21.9463
-1.4544,21.9603
-1.4750,21.9392
-1.5220,22.0017
-1.5453,22.0253
-1.5700,22.0677
-1.5920,22.0673
-1.6255,22.2293
-1.6382,22.0941
-1.6700,22.2211
-1.6788,22.0460
-1.7052,22.0990
-1.7315,22.1469
-1.7577,22.1897
-1.7809,22.1968
-1.8023,22.1847
-1.8319,22.2572
-1.8792,22.2734
-1.9039,22.2909
-1.9260,22.2835
-1.9453,22.2512
-1.9713,22.2784
-1.9968,22.3006
-2.0465,22.3298
-2.0693,22.3269
-2.0914,22.3190
-2.1240,22.3896
-2.1497,22.4063
-2.1761,22.4279
-2.2027,22.4494
-2.2339,22.5009
-2.2498,22.4481
-2.2655,22.3953
-2.2968,22.4460
-2.3184,22.4325
-2.3455,22.4535
-2.3993,22.6367
-2.3934,22.4558
-2.4191,22.4666
-2.4448,22.4774
-2.4706,22.4881
-2.4974,22.5036
-2.5225,22.5092
-2.5486,22.5196
-2.5953,22.5108
-2.6167,22.4965
-2.6594,22.5899
-2.6918,22.6292
-2.7315,22.7027
-2.7594,22.7173
-2.8060,22.8198
-2.8042,22.6926
-2.8270,22.6825
-2.8508,22.6773
-2.8790,22.6915
-2.9150,22.7397
-2.9557,22.8073
-3.0049,22.9088
-3.0374,22.9369
-3.0446,22.8582
-3.0677,22.8475
-3.1004,22.8755
-3.1369,22.9180
-3.1760,22.9699
-3.2155,23.0217
-3.2742,23.0431
-3.2952,23.0221
-3.3200,23.0151
-3.3357,22.9746
-3.4478,23.2864
-3.4881,23.3324
-3.5058,23.2963
-3.5585,23.3843
-3.5737,23.3394
-3.6006,23.3359
-3.6109,23.2756
-3.6337,23.2585
-3.6679,23.2795
-3.7460,23.4448
-3.7088,23.2306
-3.7698,23.3372
-3.8046,23.3577
-3.8380,23.3734
-3.9053,23.4946
-3.8913,23.3616
-3.9342,23.4054
-3.9798,23.3693
-4.0412,23.4658
-4.0673,23.4570
-4.1061,23.4847
-4.1667,23.5747
-4.2118,23.6187
-4.2964,23.6878
-4.3267,23.6876
-4.3501,23.6685
-4.3998,23.7212
-4.4227,23.7004
-4.4339,23.6483
-4.4908,23.6375
-4.5229,23.6412
-4.5622,23.6635
-4.6806,23.8874
-4.7246,23.9185
-4.7743,23.9633
-4.5782,5.4106
-4.5155,5.4940
-4.4620,5.5543
-4.3936,5.6570
-4.2734,5.9060
-4.1815,6.0802
-4.1032,6.1374
-2.5437,8.7622
-2.5107,8.8210
-2.4701,8.9140
-2.4346,8.9878
-2.4051,9.0373
-2.3759,9.0870
-2.3460,9.1417
-2.3315,9.1272
-2.2997,9.1929
-2.2675,9.2626
-2.2367,9.3275
-2.2053,9.3975
-2.1793,9.4432
-2.1398,9.4760
-2.1183,9.5023
-2.0961,9.5336
-2.0735,9.5677
-2.0507,9.6040
-2.0273,9.6453
-1.9890,9.6840
-1.9530,9.8019
-1.9216,9.8979
-1.9013,9.9299
-1.8804,9.9669
-1.8653,9.9696
-1.8334,9.9865
-1.8155,10.0089
-1.7942,10.0546
-1.7730,10.1020
-1.7528,10.1445
-1.7363,10.1623
-1.7055,10.1833
-1.6900,10.1964
-1.6731,10.2205
-1.6603,10.2128
-1.5112,10.4777
-1.4843,10.4906
-1.4720,10.4841
-1.4576,10.5028
-1.4433,10.5217

# FrameTime=1781596482.14, PointCount=477
4.6440,18.1814
4.6422,18.2038
4.6729,18.2460
4.6624,18.2633
4.6490,18.2789
4.6638,18.3119
4.6973,18.3810
4.7243,18.4224
4.6865,18.4229
4.5955,18.3890
4.5761,18.4006
4.5693,18.4204
4.5429,18.4516
4.4999,18.4475
4.4914,18.4660
4.4760,18.4800
4.5160,18.5313
4.4963,18.5425
4.5310,18.6156
4.5508,18.6543
4.4119,18.5826
4.3569,18.5687
4.3372,18.5793
4.4789,18.7045
4.4101,18.6805
4.2943,18.6222
4.2664,18.6267
4.1862,18.5928
4.1866,18.6175
4.2658,18.7004
4.1873,18.6670
4.1459,18.6607
4.1876,18.7167
4.0864,18.6650
4.0825,18.6866
4.1040,18.7277
4.1592,18.7951
4.1337,18.8005
4.0521,18.7621
4.0263,18.7917
3.9632,18.7666
3.9706,18.7974
3.9701,18.8220
4.0006,18.8718
3.9804,18.8808
4.2574,19.1604
3.9506,18.9327
3.8766,18.8966
3.8526,18.9019
3.9371,18.9987
3.9167,19.0073
3.8985,19.0439
3.8478,19.0262
3.7446,18.9622
3.7094,18.9570
3.7154,18.9879
3.6989,18.9991
3.6861,19.0135
3.6604,19.0421
3.6511,19.0597
3.6308,19.0672
3.5994,19.0645
3.6011,19.0922
3.7122,19.2220
3.6510,19.2185
3.5541,19.1536
3.4594,19.0898
3.4247,19.0828
3.4439,19.1275
3.4128,19.1238
3.3722,19.1368
3.3448,19.1361
3.3139,19.1318
3.3183,19.1627
3.3121,19.1831
3.3162,19.2140
3.5217,19.4504
3.2579,19.2083
3.2202,19.1963
3.2102,19.2128
3.1933,19.2221
3.2040,19.2603
3.2590,19.3457
3.3018,19.4190
3.1579,19.3209
3.1272,19.3153
3.1135,19.3279
3.0862,19.3258
3.0724,19.3383
3.0753,19.3694
3.0764,19.3986
3.0491,19.3962
3.0285,19.4011
3.0013,19.3985
2.9675,19.3883
2.9273,19.3703
2.9036,19.3711
2.8952,19.4178
2.8812,19.4298
2.8896,19.4684
2.8497,19.4498
2.8164,19.4386
2.8086,19.4580
2.7897,19.4930
2.7881,19.5201
2.7878,19.5492
2.7734,19.5609
2.7480,19.5588
2.7304,19.5665
2.7097,19.5701
2.6714,19.5811
2.6416,19.5726
2.6393,19.5997
2.6550,19.6505
2.6765,19.7095
2.6646,19.7248
2.6092,19.7133
2.5586,19.6762
2.5511,19.6973
2.5141,19.6779
2.5008,19.6908
2.4771,19.6895
2.4473,19.7109
2.4468,19.7418
2.4606,19.7933
2.4225,19.7712
2.4017,19.7736
2.3752,19.7676
2.3954,19.8295
2.3365,19.7760
2.3326,19.8029
2.3341,19.8380
2.3021,19.8234
2.2758,19.8169
2.2523,19.8146
2.2877,19.9018
2.2136,19.8221
2.2037,19.8404
2.1911,19.8545
2.1838,19.8769
2.1871,19.9163
2.1609,19.9092
2.2051,20.0142
2.1325,19.9329
2.1143,19.9384
2.1339,20.0054
2.1155,20.0109
2.0854,19.9970
2.0735,20.0129
2.0423,19.9967
2.0170,20.0263
1.9810,20.0011
1.9802,20.0363
1.9455,20.0130
1.9123,19.9917
1.9262,20.0529
1.8795,20.0448
1.8685,20.0625
1.9058,20.1675
1.9027,20.2006
1.8384,20.1219
1.8128,20.1132
1.8132,20.1527
1.7526,20.1171
1.7574,20.1654
1.7434,20.1784
1.7339,20.2002
1.7084,20.1910
1.6897,20.1949
1.6345,20.1670
1.6182,20.1752
1.6263,20.2325
1.6341,20.2899
1.6042,20.2712
1.5767,20.2568
1.5328,20.2503
1.5248,20.2762
1.5284,20.3270
1.5179,20.3484
1.4916,20.3359
1.4769,20.3482
1.4694,20.3763
1.4350,20.3453
1.4243,20.3666
1.4074,20.3741
1.3925,20.3862
1.3775,20.3982
1.3605,20.4057
1.3455,20.4176
1.3153,20.4414
1.3020,20.4578
1.2906,20.4788
1.2743,20.4883
1.2561,20.4931
1.2351,20.4909
1.1950,20.4909
1.1740,20.4885
1.1622,20.5092
1.1449,20.5160
1.1365,20.5460
1.1334,20.5900
1.0894,20.5799
1.0876,20.6286
1.0474,20.5742
1.0316,20.5854
1.0404,20.6646
1.0049,20.6216
1.0433,20.7858
0.9679,20.6294
0.9240,20.5601
0.9293,20.6323
0.9431,20.7306
0.9331,20.7604
0.9198,20.7807
0.8788,20.7178
0.8182,20.6536
0.8173,20.7116
0.8130,20.7602
0.8084,20.8088
0.7946,20.8288
0.7455,20.7343
0.6950,20.6974
0.6871,20.7363
0.6734,20.7560
0.7023,20.9222
0.6622,20.8529
0.6541,20.8944
0.6131,20.8904
0.6046,20.9314
0.5952,20.9702
0.5609,20.9174
0.5565,20.9755
0.5435,21.0025
0.5353,21.0481
0.4790,20.9852
0.4591,20.9851
0.4379,20.9801
0.4050,20.9264
0.3969,20.9746
0.3886,21.0228
0.3396,20.9830
0.3198,20.9824
0.3164,21.0549
0.3099,21.1156
0.2929,21.1295
0.2668,21.1016
0.2317,21.1243
0.2115,21.1234
0.1933,21.1322
0.1771,21.1507
0.1540,21.1350
0.1338,21.1338
0.1338,21.2386
0.0963,21.1460
0.0699,21.1103
0.0605,21.1678
0.0465,21.2008
0.0494,21.3321
0.0318,21.3484
-0.0013,21.2729
-0.0458,21.2469
-0.0740,21.1958
-0.0949,21.1889
-0.1127,21.2018
-0.1299,21.2196
-0.1464,21.2422
-0.1527,21.3371
-0.1792,21.2923
-0.1930,21.3377
-0.2115,21.3503
-0.2320,21.3480
-0.2467,21.3902
-0.2689,21.3748
-0.2818,21.4349
-0.3105,21.3648
-0.3275,21.3919
-0.3475,21.3942
-0.3578,21.4841
-0.3749,21.5161
-0.3957,21.5133
-0.4176,21.5004
-0.4391,21.4893
-0.4624,21.4596
-0.4833,21.4534
-0.5057,21.4303
-0.5236,21.4570
-0.5409,21.4935
-0.5548,21.5748
-0.5708,21.6345
-0.6006,21.5132
-0.6163,21.5794
-0.6403,21.5310
-0.6619,21.5125
-0.6813,21.5287
-0.7017,21.5299
-0.7152,21.6542
-0.7425,21.5322
-0.7629,21.5333
-0.7839,21.5193
-0.8039,21.5302
-0.8230,21.5610
-0.8408,21.6317
-0.8563,21.7807
-0.8800,21.7030
-0.9017,21.6737
-0.9203,21.7626
-0.9417,21.7446
-0.9635,21.7101
-0.9841,21.7255
-1.0046,21.7608
-1.0466,21.7747
-1.0677,21.7949
-1.0889,21.7464
-1.1100,21.7664
-1.1311,21.7714
-1.1050,15.1245
-1.1950,21.8208
-1.1084,15.1195
-1.2390,21.8950
-1.2602,21.8845
-1.1120,15.1244
-1.3022,21.8535
-1.3245,21.8828
-1.3681,21.9013
-1.3902,21.9154
-1.4126,21.9345
-1.4347,21.9435
-1.4575,21.9674
-1.4781,21.9464
-1.5246,21.9988
-1.5488,22.0374
-1.5725,22.0648
-1.5953,22.0744
-1.6277,22.2215
-1.6407,22.0913
-1.6813,22.0431
-1.7085,22.1060
-1.7349,22.1539
-1.7624,22.2117
-1.7843,22.2038
-1.8057,22.1918
-1.8349,22.2593
-1.8816,22.2705
-1.9047,22.2731
-1.9290,22.2855
-1.9488,22.2582
-1.9748,22.2854
-2.0004,22.3075
-2.0495,22.3317
-2.0723,22.3288
-2.0951,22.3259
-2.1263,22.3866
-2.1527,22.4083
-2.1792,22.4298
-2.2289,22.4480
-2.2536,22.4550
-2.2677,22.3922
-2.3006,22.4528
-2.3214,22.4344
-2.3485,22.4554
-2.4000,22.6238
-2.3964,22.4576
-2.4229,22.4734
-2.4487,22.4841
-2.4745,22.4948
-2.5013,22.5103
-2.5265,22.5159
-2.5763,22.6537
-2.5759,22.5219
-2.6002,22.5224
-2.6206,22.5032
-2.6634,22.5965
-2.6978,22.6456
-2.7356,22.7093
-2.7605,22.7093
-2.8083,22.6992
-2.8322,22.6940
-2.8528,22.6742
-2.8821,22.6932
-2.9192,22.7463
-2.9600,22.8138
-3.0337,22.9096
-3.0489,22.8647
-3.0721,22.8540
-3.1024,22.8723
-3.1400,22.9196
-3.1817,22.9812
-3.2485,23.1399
-3.2436,23.0169
-3.2774,23.0447
-3.2972,23.0188
-3.3245,23.0214
-3.3415,22.9858
-3.4564,23.3072
-3.4888,23.3242
-3.5320,23.2809
-3.5811,23.3552
-3.6081,23.3517
-3.6185,23.2914
-3.6341,23.2503
-3.6683,23.2714
-3.7136,23.2368
-3.7702,23.3290
-3.8094,23.3639
-3.8398,23.3700
-3.9148,23.5150
-3.8977,23.3724
-3.9375,23.4067
-3.9816,23.3658
-4.0397,23.4529
-4.0707,23.4582
-4.1095,23.4859
-4.1701,23.5759
-4.2136,23.6152
-4.2982,23.6843
-4.3284,23.6841
-4.3535,23.6697
-4.4033,23.7224
-4.4244,23.6968
-4.4355,23.6447
-4.4925,23.6339
-4.5317,23.6563
-4.6494,23.8805
-4.6859,23.8931
-4.7281,23.9195
-4.7797,23.9690
-4.5771,5.4071
-4.5092,5.5045
-4.4472,5.5883
-4.3840,5.6770
-4.2589,5.9401
-4.1479,6.0864
-4.0841,6.1858
-2.5349,8.7931
-2.5067,8.8325
-2.4662,8.9256
-2.4341,8.9847
-2.4024,9.0440
-2.3721,9.0986
-2.3255,9.1496
-2.2950,9.2094
-2.2639,9.2743
-2.2342,9.3343
-2.2028,9.4043
-2.1759,9.4549
-2.1692,9.4059
-2.1364,9.4877
-2.1131,9.5238
-2.0937,9.5405
-2.0720,9.5697
-2.0502,9.6011
-2.0281,9.6349
-2.0115,9.6396
-1.9846,9.7032
-1.9508,9.8089
-1.9194,9.9048
-1.8975,9.9467
-1.8783,9.9739
-1.8490,9.9743
-1.8322,9.9885
-1.8134,10.0159
-1.7944,10.0468
-1.7766,10.0709
-1.7516,10.1465
-1.7351,10.1644
-1.7272,10.1193
-1.7056,10.1755
-1.6888,10.1985
-1.6719,10.2226
-1.6585,10.2198
-1.5233,10.4765
-1.4982,10.4687
-1.4832,10.4927
-1.4709,10.4861
-1.4565,10.5050
-1.4522,10.3993
-1.4307,10.5079

# FrameTime=1781596482.24, PointCount=472
4.6291,18.1755
4.6573,18.2159
4.6709,18.2477
4.6689,18.2703
4.6470,18.2807
4.6321,18.2953
4.6638,18.3389
4.7079,18.3907
4.7181,18.4215
4.6550,18.4058
4.5850,18.3853
4.5673,18.4221
4.5687,18.4473
4.5325,18.4478
4.4922,18.4454
4.4894,18.4677
4.4134,18.4410
4.4736,18.5302
4.5515,18.6080
4.4878,18.5891
4.4598,18.5945
4.4017,18.5786
4.3385,18.5589
4.3521,18.6176
4.4324,18.6997
4.2599,18.6006
4.2523,18.6196
4.1801,18.5916
4.2088,18.6369
4.2276,18.6754
4.2254,18.6985
4.1775,18.6876
4.1121,18.6631
4.0883,18.6697
4.0725,18.6823
4.0980,18.7264
4.1478,18.7896
4.2121,18.8647
4.1194,18.8179
4.0380,18.7793
4.0125,18.7841
3.9612,18.7683
3.9764,18.8053
3.9759,18.8300
3.9939,18.8951
3.9505,18.8850
4.2670,19.1716
3.9063,18.8993
3.8746,18.8983
3.8812,18.9293
3.8842,18.9832
3.9360,19.0533
3.8814,19.0326
3.7968,18.9854
3.7313,18.9541
3.6961,18.9489
3.7493,19.0213
3.6932,18.9975
3.6804,19.0119
3.6453,19.0062
3.6398,19.0271
3.6512,19.0633
3.6177,19.0589
3.5974,19.0662
3.5860,19.1080
3.7295,19.2688
3.5944,19.1688
3.5557,19.1588
3.4537,19.0881
3.4299,19.0914
3.4144,19.1290
3.3727,19.1146
3.3559,19.1245
3.3321,19.1273
3.3119,19.1336
3.3198,19.1680
3.3142,19.2158
3.2938,19.2219
3.2559,19.2100
3.2216,19.2016
3.2082,19.2145
3.2051,19.2383
3.4244,19.4956
3.2364,19.3257
3.3013,19.4224
3.2907,19.4392
3.1525,19.3189
3.1218,19.3133
3.1013,19.3186
3.0808,19.3238
3.0666,19.3637
3.0610,19.3855
3.0371,19.3867
3.0165,19.3917
2.9959,19.3965
2.9589,19.3825
2.9016,19.3728
2.8975,19.3962
2.8900,19.4157
2.8791,19.4315
2.8876,19.4701
2.8477,19.4515
2.8003,19.4520
2.8020,19.4830
2.7940,19.5024
2.7923,19.5296
2.7858,19.5510
2.7714,19.5626
2.7600,19.5781
2.7253,19.5643
2.7108,19.5758
2.6901,19.5793
2.6633,19.5749
2.6335,19.5665
2.6403,19.6054
2.6621,19.6642
2.6521,19.7126
2.6536,19.7458
2.5773,19.6750
2.5655,19.6900
2.5417,19.6889
2.5121,19.6797
2.4810,19.6993
2.4661,19.7100
2.4453,19.7126
2.4391,19.7354
2.4658,19.8052
2.4090,19.7566
2.3647,19.7571
2.3722,19.8004
2.3317,19.7737
2.3250,19.7963
2.3070,19.8025
2.2890,19.8085
2.3166,19.8831
2.2558,19.8246
2.2350,19.8263
2.2170,19.8322
2.1990,19.8379
2.1891,19.8562
2.1818,19.8787
2.1905,19.9264
2.1381,19.9123
2.1226,19.9220
2.1411,19.9868
2.1267,19.9987
2.1044,19.9977
2.0782,19.9902
2.0402,19.9984
2.0193,19.9992
2.0150,20.0280
1.9815,20.0072
1.9744,20.0315
1.9385,20.0060
1.9019,20.0155
1.9008,20.0506
1.8677,20.0291
1.8933,20.1122
1.8614,20.0928
1.8664,20.1785
1.8155,20.1237
1.8135,20.1588
1.7714,20.1191
1.7669,20.1497
1.7507,20.1583
1.7390,20.1757
1.8183,20.3683
1.7087,20.1971
1.6809,20.1833
1.6646,20.1916
1.6280,20.1598
1.6251,20.1948
1.6443,20.2745
1.6343,20.2961
1.5943,20.2990
1.5538,20.2576
1.5286,20.2475
1.5313,20.2960
1.5285,20.3332
1.5127,20.3434
1.4801,20.3612
1.4622,20.3667
1.4391,20.3607
1.4223,20.3683
1.4074,20.3804
1.3925,20.3925
1.3745,20.3977
1.3425,20.4171
1.3284,20.4313
1.3152,20.4477
1.3039,20.4688
1.2924,20.4898
1.2847,20.5200
1.2387,20.5065
1.2177,20.5042
1.1967,20.5019
1.1794,20.5088
1.1620,20.5156
1.1393,20.5084
1.1189,20.5591
1.1244,20.6264
1.0839,20.5723
1.0977,20.6631
1.0454,20.5760
1.0194,20.5589
1.0435,20.6805
0.9692,20.5293
1.0296,20.7545
0.9361,20.5463
0.9236,20.5666
0.9387,20.6670
0.9411,20.7324
0.9327,20.7669
0.8949,20.7743
0.8480,20.6923
0.8239,20.6791
0.8214,20.7324
0.8246,20.8048
0.8019,20.7962
0.7670,20.8123
0.7167,20.7128
0.6901,20.6896
0.6894,20.7524
0.6728,20.7625
0.7002,20.9239
0.6858,20.9437
0.6445,20.8695
0.6282,20.8822
0.6125,20.8970
0.6060,20.9455
0.5866,20.9479
0.5628,20.9336
0.5654,21.0186
0.5471,21.0256
0.5277,21.0285
0.5131,21.0499
0.4831,21.0112
0.4558,20.9820
0.4311,20.9624
0.4018,20.9233
0.3762,20.9808
0.3609,20.9998
0.3410,20.9993
0.3244,21.0134
0.3154,21.0615
0.3101,21.1271
0.2909,21.1313
0.2721,21.1375
0.2436,21.0976
0.2286,21.1212
0.2085,21.1202
0.1903,21.1290
0.1711,21.1329
0.1670,21.2131
0.1318,21.1355
0.1126,21.1392
0.0916,21.1330
0.0679,21.1120
0.0594,21.1745
0.0497,21.2320
0.0526,21.3633
0.0050,21.3240
-0.0229,21.2779
-0.0526,21.2190
-0.0768,21.1926
-0.0977,21.1857
-0.1140,21.2085
-0.1499,21.2341
-0.1680,21.2468
-0.1757,21.3336
-0.1950,21.3394
-0.2142,21.3471
-0.2320,21.3646
-0.2494,21.3870
-0.2915,21.3740
-0.3120,21.3715
-0.3267,21.4185
-0.3501,21.3910
-0.3576,21.5057
-0.3783,21.5046
-0.4244,21.4542
-0.4403,21.4992
-0.4644,21.4614
-0.4849,21.4601
-0.5073,21.4370
-0.5256,21.4587
-0.5608,21.5267
-0.5762,21.5931
-0.6023,21.5199
-0.6219,21.5314
-0.6446,21.4979
-0.6633,21.5242
-0.6837,21.5255
-0.7238,21.5378
-0.7442,21.5389
-0.7641,21.5500
-0.7857,21.5260
-0.8056,21.5369
-0.8242,21.5827
-0.8627,21.6591
-0.8820,21.7047
-0.9035,21.6854
-0.9221,21.7693
-0.9438,21.7464
-0.9652,21.7268
-1.0070,21.7325
-1.0276,21.7678
-1.0486,21.7815
-1.0697,21.7966
-1.1035,15.1213
-1.1047,15.1213
-1.1334,21.8566
-1.1070,15.1262
-1.1758,21.8277
-1.1975,21.8574
-1.2188,21.8521
-1.2413,21.9117
-1.2620,21.8763
-1.2837,21.8858
-1.3256,21.8546
-1.3481,21.8888
-1.3703,21.9080
-1.3924,21.9222
-1.4148,21.9412
-1.4369,21.9502
-1.4817,21.9780
-1.5021,21.9519
-1.5272,22.0105
-1.5514,22.0491
-1.5749,22.0716
-1.5969,22.0712
-1.6301,22.2282
-1.6489,22.1777
-1.6633,22.0714
-1.6841,22.0548
-1.7118,22.1227
-1.7382,22.1706
-1.7648,22.2175
-1.7854,22.1956
-1.8306,22.1963
-1.8604,22.2687
-1.8831,22.2672
-1.9083,22.2897
-1.9299,22.2773
-1.9508,22.2599
-2.0001,22.2894
-2.0269,22.3214
-2.0540,22.3533
-2.0743,22.3306
-2.1003,22.3524
-2.1290,22.3933
-2.1784,22.4118
-2.2057,22.4382
-2.2324,22.4596
-2.2571,22.4666
-2.2735,22.4187
-2.3034,22.4595
-2.3234,22.4362
-2.3745,22.4583
-2.3993,22.4643
-2.4258,22.4800
-2.4516,22.4908
-2.4774,22.5015
-2.5034,22.5121
-2.5527,22.5183
-2.5807,22.5384
-2.6012,22.5192
-2.6246,22.5147
-2.6858,22.7011
-2.7285,22.7893
-2.7717,22.7550
-2.7802,22.6767
-2.8082,22.6911
-2.8363,22.7055
-2.8580,22.6905
-2.8863,22.7047
-2.9234,22.7578
-2.9908,22.8294
-3.0357,22.9113
-3.0590,22.9005
-3.0788,22.8751
-3.1056,22.8789
-3.1505,22.9552
-3.2109,22.9863
-3.2506,23.0380
-3.2781,23.0416
-3.3018,23.0302
-3.3187,22.9942
-3.3435,22.9875
-3.4734,23.2633
-3.5098,23.2947
-3.5381,23.2970
-3.5914,23.3858
-3.6032,23.3294
-3.6205,23.2932
-3.6404,23.2664
-3.6944,23.2606
-3.7185,23.2480
-3.7811,23.3594
-3.8054,23.3465
-3.8493,23.3955
-3.9229,23.5358
-3.9302,23.3799
-3.9640,23.3951
-3.9884,23.3818
-4.0418,23.4546
-4.0804,23.4825
-4.1082,23.4782
-4.2019,23.5779
-4.2572,23.6499
-4.3002,23.6861
-4.3321,23.6905
-4.3624,23.6902
-4.4104,23.7382
-4.4461,23.7516
-4.4428,23.6605
-4.4660,23.6411
-4.4945,23.6357
-4.5373,23.6674
-4.6388,23.8497
-4.6898,23.8995
-4.7374,23.9399
-4.8056,23.9504
-4.5634,5.4510
-4.5009,5.5344
-4.4115,5.6082
-4.3132,5.7960
-4.2027,6.0219
-4.1350,6.1305
-3.8824,6.5352
-2.5381,8.7900
-2.5053,8.8488
-2.4648,8.9419
-2.4144,9.0020
-2.3829,9.0614
-2.3518,9.1209
-2.3211,9.1806
-2.2907,9.2405
-2.2607,9.3004
-2.2139,9.3620
-2.1848,9.4223
-2.1601,9.4632
-2.1355,9.5041
-2.1141,9.5305
-2.0938,9.5520
-2.0572,9.5756
-2.0333,9.6196
-2.0091,9.6659
-1.9788,9.7492
-1.9461,9.8500
-1.9197,9.9164
-1.8844,9.9510
-1.8653,9.9783
-1.8502,9.9809
-1.8334,9.9952
-1.8150,10.0210
-1.7928,10.0732
-1.7571,10.1235
-1.7384,10.1562
-1.7254,10.1494
-1.7070,10.1822
-1.6913,10.1964
-1.6746,10.2183
-1.6487,10.2050
-1.5130,10.4720
-1.4980,10.4951
-1.4843,10.5044
-1.4721,10.4978
-1.4602,10.4868
-1.4442,10.5256
-1.4346,10.4847
-1.4278,10.4040

# FrameTime=1781596482.34, PointCount=473
4.6192,18.1749
4.6729,18.2308
4.6589,18.2697
4.6498,18.2879
4.6391,18.3052
4.6835,18.3568
4.7233,18.4060
4.7123,18.4235
4.6256,18.4169
4.5684,18.4043
4.5657,18.4267
4.5672,18.4519
4.5033,18.4342
4.4907,18.4500
4.4325,18.4594
4.4710,18.5096
4.4721,18.5347
4.5554,18.6163
4.5588,18.6437
4.4650,18.6037
4.3926,18.6025
4.3173,18.5739
4.3546,18.6249
4.4023,18.6838
4.2461,18.5963
4.2345,18.6123
4.4272,18.7774
4.1629,18.6088
4.2195,18.6751
4.2157,18.6970
4.1702,18.6878
4.0825,18.6465
4.0668,18.6590
4.1067,18.7139
4.0883,18.7494
4.1339,18.8097
4.0878,18.7989
4.0481,18.7929
3.9912,18.7729
3.9673,18.7788
3.9547,18.8186
3.9735,18.8589
4.0037,18.9089
3.9603,18.8988
4.2150,19.1347
3.8968,18.8972
3.8690,18.8994
4.2135,19.2146
3.9279,19.0002
4.0269,19.1104
3.9379,19.0608
3.8720,19.0303
3.7761,18.9732
3.8220,19.0390
3.7168,18.9728
3.6854,18.9707
3.6951,19.0050
3.6786,19.0160
3.6731,19.0370
3.6565,19.0480
3.6494,19.0675
3.6029,19.0771
3.5972,19.0980
3.6170,19.1427
3.7298,19.2751
3.6107,19.1901
3.4939,19.1060
3.4244,19.0920
3.4329,19.1264
3.4018,19.1225
3.3815,19.1291
3.3576,19.1320
3.3267,19.1278
3.3038,19.1578
3.3081,19.1888
3.3193,19.2269
3.2849,19.2187
3.2331,19.1925
3.2232,19.2091
3.1894,19.2278
3.1966,19.2623
3.2447,19.3405
3.3149,19.4429
3.2155,19.3648
3.1404,19.3118
3.1198,19.3172
3.0822,19.3314
3.0684,19.3439
3.0713,19.3750
3.0641,19.3949
3.0318,19.3869
3.0178,19.3992
2.9734,19.4051
2.9463,19.4022
2.8996,19.3766
2.9020,19.4075
2.8944,19.4271
2.8900,19.4505
2.8713,19.4859
2.8315,19.4671
2.7919,19.4481
2.7968,19.4829
2.7920,19.5062
2.7934,19.5372
2.7869,19.5586
2.7865,19.5878
2.7501,19.5721
2.7325,19.5797
2.7056,19.5755
2.6880,19.5830
2.6489,19.5628
2.6375,19.5780
2.6236,19.6202
2.6421,19.6751
2.6664,19.7381
2.6484,19.7454
2.6080,19.7227
2.5663,19.6976
2.5217,19.6994
2.4922,19.6900
2.4817,19.7069
2.4639,19.7136
2.4606,19.7405
2.4542,19.7634
2.4412,19.8092
2.4060,19.7911
2.3852,19.7934
2.3644,19.7956
2.3464,19.8019
2.3312,19.8122
2.3368,19.8536
2.2979,19.8286
2.2743,19.8263
2.2508,19.8239
2.2246,19.8173
2.2121,19.8314
2.1968,19.8413
2.1896,19.8638
2.1668,19.8961
2.1646,19.9270
2.1517,19.9410
2.1519,19.9762
2.1428,19.9966
2.1244,20.0020
2.0889,20.0149
2.0692,20.0180
2.0508,20.0232
2.0336,20.0306
2.0026,20.0141
1.9766,20.0062
1.9587,20.0483
1.9104,20.0011
1.9218,20.0579
1.8960,20.0495
1.8630,20.0280
1.8873,20.1090
1.9619,20.2819
1.8574,20.1312
1.8365,20.1313
1.8013,20.1050
1.7875,20.1181
1.7620,20.1091
1.7646,20.1530
1.7506,20.1660
1.7203,20.1874
1.7017,20.1914
1.6808,20.1909
1.6599,20.1904
1.6233,20.1585
1.6383,20.2292
1.6318,20.2993
1.6020,20.2806
1.5766,20.2707
1.5449,20.2472
1.5262,20.2506
1.5310,20.3036
1.5092,20.3442
1.4893,20.3452
1.4756,20.3598
1.4577,20.3652
1.4346,20.3592
1.4198,20.3714
1.3860,20.3864
1.3710,20.3984
1.3530,20.4035
1.3410,20.4224
1.3259,20.4343
1.3127,20.4507
1.2994,20.4671
1.2707,20.4953
1.2572,20.5117
1.2324,20.5002
1.2133,20.5026
1.1886,20.4909
1.1786,20.5164
1.1458,20.5346
1.1355,20.5600
1.1199,20.5713
1.1218,20.6293
1.0831,20.5799
1.0656,20.5864
1.0219,20.5759
0.9857,20.5306
0.9835,20.5791
0.9693,20.5948
0.9286,20.5350
0.9358,20.6118
0.9727,20.7763
0.9311,20.7138
0.9236,20.7508
0.9135,20.7805
0.8860,20.7581
0.8329,20.6571
0.8290,20.7056
0.8187,20.7352
0.8157,20.8514
0.7929,20.8428
0.7643,20.8151
0.7126,20.7108
0.6904,20.7019
0.6882,20.7598
0.6632,20.8088
0.6754,20.9197
0.6459,20.8866
0.6241,20.8800
0.6124,20.9092
0.6117,20.9791
0.5859,20.9580
0.5600,20.9362
0.5453,20.9557
0.5387,21.0068
0.5305,21.0525
0.5078,21.0428
0.4742,20.9895
0.4646,21.0309
0.4391,21.0086
0.4073,20.9598
0.3805,20.9303
0.3902,21.0542
0.3536,20.9829
0.3348,20.9872
0.3172,20.9964
0.2958,21.0780
0.2891,21.1387
0.2661,21.1253
0.2439,21.1147
0.2258,21.1236
0.2066,21.1276
0.1683,21.1353
0.1491,21.1391
0.1289,21.1379
0.1125,21.1563
0.0860,21.1207
0.0686,21.1341
0.0748,21.2781
0.0372,21.1803
0.0350,21.2821
0.0373,21.4134
0.0070,21.3559
-0.0283,21.2655
-0.0579,21.2066
-0.0796,21.1949
-0.1191,21.1960
-0.1341,21.2285
-0.1506,21.2512
-0.1673,21.2738
-0.1768,21.3488
-0.1959,21.3565
-0.2370,21.3520
-0.2511,21.3992
-0.2735,21.3818
-0.2956,21.3663
-0.3149,21.3737
-0.3297,21.4207
-0.3480,21.4378
-0.3794,21.5250
-0.4003,21.5221
-0.4264,21.4663
-0.4458,21.4765
-0.4674,21.4635
-0.4835,21.5102
-0.5270,21.4807
-0.5374,21.6002
-0.5611,21.5637
-0.5789,21.6001
-0.6027,21.5568
-0.6271,21.5035
-0.6673,21.5113
-0.6864,21.5325
-0.7071,21.5287
-0.7272,21.5348
-0.7475,21.5359
-0.7682,21.5320
-0.7885,21.5330
-0.8285,21.5547
-0.8472,21.6004
-0.8647,21.6910
-0.8856,21.6917
-0.9054,21.7272
-0.9250,21.7812
-0.9684,21.7237
-0.9891,21.7391
-1.0103,21.7294
-1.0307,21.7831
-1.0517,21.7933
-1.0728,21.8034
-1.1151,21.7600
-1.1363,21.7799
-1.1577,21.8197
-1.1790,21.8295
-1.1092,15.1231
-1.1103,15.1231
-1.2454,21.9621
-1.1126,15.1230
-1.2867,21.8825
-1.3082,21.8819
-1.3294,21.8763
-1.3517,21.9005
-1.3741,21.9247
-1.3973,21.9638
-1.4399,21.9469
-1.4615,21.9459
-1.4837,21.9547
-1.5061,21.9685
-1.5316,22.0321
-1.5568,22.0845
-1.6012,22.0867
-1.6251,22.1111
-1.6453,22.0846
-1.6647,22.0481
-1.6898,22.0862
-1.7155,22.1292
-1.7444,22.2060
-1.7643,22.1751
-1.7892,22.2020
-1.8106,22.1900
-1.8398,22.2575
-1.8674,22.3058
-1.8891,22.2935
-1.9197,22.3649
-1.9333,22.2787
-1.9548,22.2663
-1.9768,22.2587
-2.0046,22.3000
-2.0298,22.3178
-2.0556,22.3398
-2.0815,22.3616
-2.1305,22.3797
-2.1562,22.3971
-2.1833,22.4230
-2.2099,22.4444
-2.2366,22.4658
-2.2495,22.3938
-2.3038,22.4410
-2.3285,22.4472
-2.3532,22.4534
-2.3780,22.4595
-2.4036,22.4704
-2.4293,22.4812
-2.4842,22.6590
-2.4792,22.4928
-2.5060,22.5083
-2.5320,22.5188
-2.5581,22.5292
-2.5814,22.5248
-2.6038,22.5154
-2.6348,22.5501
-2.7064,22.6631
-2.7141,22.5800
-2.7906,22.8293
-2.7797,22.6581
-2.8202,22.7312
-2.8367,22.6918
-2.8866,22.6910
-2.9182,22.7197
-2.9578,22.7824
-2.9978,22.8448
-3.0348,22.8926
-3.0558,22.8722
-3.1322,23.0802
-3.1069,22.8700
-3.1349,22.8785
-3.1813,22.9595
-3.2184,23.0016
-3.2620,23.0682
-3.2781,23.0278
-3.3145,23.0647
-3.3433,22.9738
-3.3773,23.0007
-3.4650,23.2200
-3.5110,23.2857
-3.5544,23.3409
-3.6007,23.4047
-3.6343,23.3273
-3.6515,23.2909
-3.6756,23.2785
-3.6940,23.2468
-3.7445,23.3202
-3.7969,23.3980
-3.8801,23.5721
-3.8397,23.3531
-3.8579,23.3211
-3.8867,23.3223
-3.9420,23.4041
-3.9726,23.4098
-4.0129,23.4437
-4.0441,23.4503
-4.0763,23.4592
-4.1122,23.4786
-4.1417,23.4790
-4.2010,23.5640
-4.2796,23.7021
-4.3060,23.6910
-4.3362,23.6908
-4.4146,23.7384
-4.4433,23.7331
-4.4609,23.6981
-4.4666,23.6319
-4.5003,23.6405
-4.5450,23.6768
-4.6466,23.8591
-4.7251,23.8981
-4.7711,23.9336
-4.8192,23.9736
-4.8821,23.9696
-4.5516,5.4698
-4.4685,5.5244
-4.4000,5.6272
-4.2951,5.8339
-4.1914,6.0411
-4.1372,6.1120
-3.8909,6.4977
-2.5587,8.7711
-2.5338,8.7959
-2.5021,8.8500
-2.4594,8.9527
-2.4135,8.9934
-2.3799,9.0626
-2.3488,9.1222
-2.3181,9.1819
-2.2867,9.2466
-2.2394,9.3080
-2.2090,9.3731
-2.1770,9.4481
-2.1553,9.4743
-2.1327,9.5055
-2.1123,9.5269
-2.0745,9.5553
-2.0531,9.5846
-2.0305,9.6210
-2.0055,9.6721
-1.9736,9.7654
-1.9426,9.8563
-1.9026,9.9154
-1.8826,9.9475
-1.8627,9.9797
-1.8489,9.9742
-1.8308,9.9966
-1.8129,10.0191
-1.7798,10.0479
-1.7620,10.0721
-1.7366,10.1528
-1.7208,10.1658
-1.7039,10.1887
-1.6881,10.2028
-1.6598,10.2082
-1.6462,10.2066
-1.5102,10.4786
-1.4979,10.4724
-1.4824,10.5010
-1.4697,10.4995
-1.4574,10.4934
-1.4423,10.5223

# FrameTime=1781596482.45, PointCount=477
4.6264,18.1809
4.6759,18.2343
4.6618,18.2732
4.6725,18.3036
4.6335,18.3034
4.6779,18.3550
4.7177,18.4042
4.7152,18.4270
4.6285,18.4205
4.5712,18.4078
4.5686,18.4303
4.5616,18.4500
4.5103,18.4405
4.4893,18.4508
4.4589,18.4548
4.4531,18.4993
4.4831,18.5440
4.5568,18.6190
4.4355,18.5605
4.4718,18.6102
4.4028,18.5869
4.3159,18.5748
4.3491,18.6229
4.4050,18.6876
4.2488,18.6001
4.2412,18.6191
4.4218,18.7754
4.2141,18.6730
4.2264,18.7068
4.1689,18.6886
4.0971,18.6593
4.0694,18.6629
4.0934,18.7056
4.0909,18.7533
4.1365,18.8136
4.0903,18.8028
4.0350,18.7844
3.9977,18.7800
3.9621,18.7766
3.9656,18.8043
4.2505,19.0589
3.9722,18.8598
4.0063,18.9129
3.9512,18.8934
4.2252,19.1451
3.8955,18.8981
3.8676,18.9002
3.9227,18.9978
4.0331,19.1178
3.9441,19.0682
3.8782,19.0377
3.7747,18.9741
3.7282,18.9592
3.6878,18.9749
3.6975,19.0091
3.6809,19.0202
3.6718,19.0379
3.6700,19.0622
3.6480,19.0683
3.6052,19.0814
3.5958,19.0989
3.6010,19.1300
3.7321,19.2794
3.6203,19.2012
3.4961,19.1103
3.5356,19.1743
3.4302,19.0998
3.4315,19.1272
3.4040,19.1269
3.3837,19.1334
3.3598,19.1364
3.3360,19.1392
3.4840,19.3131
3.3025,19.1587
3.3138,19.1967
3.3215,19.2313
3.3359,19.2731
3.2701,19.2327
3.2218,19.2100
3.2084,19.2229
3.1952,19.2632
3.2468,19.3450
3.3307,19.4620
3.2209,19.3730
3.1560,19.3310
3.1185,19.3181
3.0775,19.3285
3.0704,19.3485
3.0767,19.3833
3.0510,19.3827
3.0371,19.3952
3.0165,19.4001
3.0471,19.4631
2.9753,19.4097
2.9515,19.4106
2.9081,19.3888
2.9039,19.4121
2.8898,19.4242
2.8758,19.4361
2.8584,19.4442
2.8238,19.4602
2.7937,19.4528
2.7986,19.4876
2.7970,19.5147
2.7952,19.5419
2.7792,19.5517
2.7487,19.5729
2.7280,19.5766
2.7042,19.5764
2.6897,19.5878
2.6506,19.5676
2.6331,19.5749
2.6222,19.6211
2.6408,19.6760
2.6576,19.7291
2.6530,19.7543
2.5708,19.6754
2.5649,19.6985
2.5323,19.6853
2.5248,19.7063
2.4908,19.6909
2.4745,19.6997
2.4625,19.7144
2.4592,19.7414
2.4528,19.7643
2.4593,19.8056
2.4427,19.8142
2.4047,19.7920
2.3810,19.7902
2.3573,19.7883
2.3394,19.7945
2.3242,19.8048
2.3062,19.8109
2.2702,19.8230
2.2522,19.8289
2.2315,19.8306
2.2107,19.8323
2.1927,19.8380
2.1882,19.8647
2.1574,19.8843
2.1659,19.9321
2.1583,19.9546
2.1506,19.9771
2.1440,20.0017
2.1230,20.0029
2.0888,20.0179
2.0678,20.0189
2.0533,20.0306
2.0310,20.0292
2.0012,20.0150
1.9778,20.0114
1.9623,20.0578
1.9091,20.0019
1.9155,20.0501
1.8922,20.0461
1.8616,20.0289
1.8956,20.1273
1.8771,20.1319
1.8375,20.1365
1.8023,20.1102
1.7885,20.1233
1.7606,20.1100
1.7632,20.1538
1.7516,20.1712
1.7167,20.1838
1.6981,20.1879
1.6772,20.1873
1.6540,20.1823
1.6242,20.1638
1.6347,20.2256
1.7282,20.4554
1.6260,20.2912
1.6006,20.2814
1.5775,20.2760
1.5457,20.2526
1.5248,20.2515
1.5340,20.3135
1.5268,20.3417
1.4879,20.3461
1.4721,20.3561
1.4501,20.3524
1.4435,20.3828
1.4205,20.3768
1.4015,20.3798
1.3697,20.3993
1.3537,20.4090
1.3396,20.4232
1.3245,20.4351
1.3113,20.4516
1.3000,20.4726
1.2694,20.4962
1.2615,20.5264
1.2329,20.5057
1.2138,20.5080
1.1928,20.5057
1.1773,20.5172
1.1809,20.5776
1.1498,20.5494
1.1198,20.5235
1.1132,20.5582
1.1249,20.6420
1.0800,20.5761
1.0729,20.6107
1.0717,20.6618
1.0240,20.5861
0.9810,20.5220
0.9788,20.5706
0.9513,20.5486
0.9206,20.5170
0.9377,20.6221
0.9493,20.7132
0.9239,20.7564
0.9106,20.7766
0.8846,20.7589
0.8331,20.6627
0.8307,20.7160
0.8204,20.7455
0.8158,20.8570
0.7900,20.8389
0.7570,20.7968
0.7083,20.7021
0.6890,20.7027
0.6825,20.7463
0.6800,20.8044
0.6823,20.9493
0.6445,20.8874
0.6214,20.8760
0.6097,20.9053
0.6090,20.9751
0.5785,20.9369
0.5439,20.9565
0.5386,21.0125
0.5304,21.0582
0.5052,21.0389
0.4717,20.9856
0.4565,21.0048
0.4071,20.9655
0.3792,20.9312
0.3900,21.0599
0.3533,20.9886
0.3346,20.9930
0.3147,20.9924
0.3305,21.1506
0.2934,21.0739
0.2899,21.1493
0.2658,21.1310
0.2425,21.1156
0.2244,21.1245
0.2053,21.1284
0.1946,21.1744
0.1669,21.1362
0.1477,21.1400
0.1276,21.1388
0.1103,21.1523
0.0855,21.1265
0.0673,21.1349
0.0552,21.1777
0.0320,21.2731
0.0351,21.4094
0.0024,21.3370
-0.0296,21.2663
-0.0601,21.2025
-0.0826,21.1859
-0.0769,21.3499
-0.1205,21.1968
-0.1369,21.2195
-0.1535,21.2421
-0.1701,21.2647
-0.1789,21.3447
-0.1987,21.3475
-0.2192,21.3452
-0.2257,21.4488
-0.2543,21.3851
-0.2743,21.3877
-0.2970,21.3672
-0.3151,21.3845
-0.3305,21.4265
-0.3527,21.4089
-0.3813,21.5208
-0.4021,21.5180
-0.4278,21.4672
-0.4477,21.4724
-0.4688,21.4643
-0.4849,21.5110
-0.5287,21.4766
-0.5392,21.5961
-0.5624,21.5645
-0.5810,21.5910
-0.6041,21.5577
-0.6281,21.5094
-0.6394,21.6437
-0.6687,21.5121
-0.6881,21.5283
-0.7084,21.5296
-0.7285,21.5357
-0.7489,21.5368
-0.7695,21.5329
-0.7894,21.5438
-0.8299,21.5556
-0.8488,21.5963
-0.8659,21.6968
-0.8868,21.6975
-0.9068,21.7281
-0.9264,21.7821
-0.9696,21.7346
-0.9906,21.7349
-1.0117,21.7253
-1.0320,21.7840
-1.0531,21.7892
-1.1037,15.1240
-1.1048,15.1240
-1.1165,21.7608
-1.1375,21.7608
-1.1591,21.8206
-1.1803,21.8204
-1.2018,21.8401
-1.1118,15.1289
-1.2451,21.8743
-1.2880,21.8784
-1.3097,21.8878
-1.3314,21.8971
-1.3534,21.9114
-1.3755,21.9255
-1.3974,21.9347
-1.4410,21.9428
-1.4629,21.9467
-1.4853,21.9606
-1.5075,21.9694
-1.5333,22.0379
-1.5579,22.0804
-1.5805,22.0890
-1.6046,22.1185
-1.6261,22.1070
-1.6467,22.0855
-1.6660,22.0489
-1.6907,22.0821
-1.7173,22.1350
-1.7433,22.1779
-1.7901,22.1979
-1.8125,22.1958
-1.8382,22.2285
-1.8683,22.3017
-1.8900,22.2894
-1.9121,22.2820
-1.9556,22.2622
-1.9787,22.2646
-2.0059,22.3008
-2.0311,22.3187
-2.0576,22.3456
-2.0835,22.3674
-2.1089,22.3836
-2.1339,22.3961
-2.1582,22.4022
-2.1839,22.4189
-2.2105,22.4403
-2.2379,22.4667
-2.2605,22.4588
-2.2941,22.5240
-2.3037,22.4320
-2.3306,22.4530
-2.3554,22.4592
-2.3801,22.4652
-2.4058,22.4762
-2.4315,22.4870
-2.4573,22.4977
-2.5074,22.5091
-2.5343,22.5245
-2.5604,22.5349
-2.5828,22.5256
-2.6042,22.5114
-2.6343,22.5411
-2.7097,22.6737
-2.7134,22.5711
-2.7920,22.8302
-2.7811,22.6590
-2.8174,22.7125
-2.8392,22.6976
-2.8943,22.8338
-2.8880,22.6919
-2.9207,22.7255
-2.9625,22.7978
-2.9981,22.8408
-3.0431,22.9228
-3.0594,22.8827
-3.0827,22.8720
-3.1375,22.8842
-3.1839,22.9652
-3.2197,23.0025
-3.2633,23.0686
-3.2807,23.0335
-3.3120,23.0511
-3.3460,22.9795
-3.3786,23.0016
-3.4637,23.2112
-3.5096,23.2769
-3.5489,23.3177
-3.6051,23.4161
-3.6591,23.5045
-3.6356,23.3281
-3.6528,23.2918
-3.6785,23.2841
-3.6953,23.2477
-3.7473,23.3258
-3.8012,23.4084
-3.8167,23.3669
-3.8592,23.3220
-3.8896,23.3279
-3.9418,23.4002
-3.9787,23.4248
-4.0206,23.4635
-4.0455,23.4511
-4.1152,23.4842
-4.1414,23.4751
-4.1990,23.5555
-4.2810,23.7029
-4.3079,23.6933
-4.3364,23.6884
-4.3701,23.6975
-4.4464,23.7386
-4.4605,23.6943
-4.4679,23.6328
-4.5017,23.6413
-4.5409,23.6637
-4.6443,23.8506
-4.7210,23.8850
-4.7706,23.9298
-4.8168,23.9652
-4.8853,23.9751
-4.9760,23.9592
-4.5582,5.4566
-4.4940,5.5448
-4.4031,5.6234
-4.2981,5.8300
-4.2045,6.0089
-4.1286,6.1412
-3.8890,6.5081
-2.5340,8.8016
-2.5023,8.8557
-2.4619,8.9487
-2.4138,8.9991
-2.3823,9.0586
-2.3512,9.1181
-2.3194,9.1827
-2.2880,9.2474
-2.2408,9.3089
-2.2104,9.3740
-2.1804,9.4392
-2.1557,9.4800
-2.1341,9.5063
-2.1127,9.5327
-2.0759,9.5562
-2.0544,9.5854
-2.0318,9.6218
-2.0078,9.6681
-1.9758,9.7613
-1.9439,9.8571
-1.9040,9.9162
-1.8847,9.9434
-1.8656,9.9707
-1.8490,9.9832
-1.8337,9.9876
-1.8150,10.0150
-1.7816,10.0454
-1.7648,10.0631
-1.7387,10.1487
-1.7229,10.1617
-1.7098,10.1549
-1.6909,10.1927
-1.6598,10.2201
-1.6464,10.2174
-1.5125,10.4695
-1.4988,10.4779
-1.4838,10.5019
-1.4711,10.5003
-1.4592,10.4893
-1.4440,10.5181
-1.4352,10.4673

# FrameTime=1781596482.55, PointCount=470
4.6197,18.1840
4.6762,18.2416
4.6586,18.2547
4.6551,18.2762
4.6757,18.3128
4.6777,18.3380
4.6796,18.3633
4.7110,18.4073
4.7127,18.4327
4.6175,18.4208
4.5687,18.4135
4.5619,18.4332
4.5633,18.4584
4.5036,18.4434
4.4868,18.4565
4.4369,18.4715
4.4671,18.5161
4.4764,18.5468
4.5501,18.6219
4.5508,18.6474
4.4610,18.6102
4.3928,18.6119
4.3093,18.5775
4.3506,18.6314
4.4024,18.6932
4.2381,18.5998
4.2306,18.6187
4.1630,18.6182
4.2156,18.6815
4.2117,18.7034
4.1663,18.6942
4.0985,18.6679
4.0827,18.6804
4.0908,18.7111
4.0843,18.7557
4.1299,18.8161
4.0838,18.8053
4.0441,18.7992
3.9950,18.7854
3.9634,18.7851
3.9507,18.8249
3.9734,18.8684
4.0075,18.9216
3.9524,18.9020
4.2148,19.1443
3.8966,18.9067
3.8573,18.8992
4.2055,19.2178
3.9353,19.0162
4.0228,19.1168
3.9376,19.0704
3.8641,19.0333
3.7645,18.9729
3.8142,19.0420
3.7128,18.9790
3.6888,18.9835
3.6948,19.0145
3.6782,19.0256
3.6691,19.0432
3.6747,19.0743
3.6490,19.0771
3.6061,19.0901
3.5931,19.1042
3.6129,19.1489
3.7183,19.2745
3.6066,19.1963
3.4862,19.1087
3.4239,19.1016
3.4288,19.1325
3.3941,19.1252
3.3738,19.1317
3.3535,19.1381
3.3226,19.1339
3.2997,19.1639
3.2899,19.1807
3.3257,19.2436
3.2708,19.2415
3.2260,19.2223
3.1991,19.2483
3.2199,19.2973
3.2474,19.3539
3.3175,19.4563
3.2079,19.3672
3.1498,19.3325
3.1224,19.3306
3.0814,19.3411
3.0642,19.3499
3.0671,19.3810
3.0632,19.4047
3.0409,19.4078
3.0103,19.4015
2.9659,19.4073
2.9322,19.3969
2.8954,19.3825
2.8978,19.4134
2.8870,19.4292
2.8858,19.4564
2.8479,19.4688
2.8209,19.4653
2.7908,19.4578
2.7957,19.4926
2.7909,19.5159
2.7892,19.5431
2.7795,19.5606
2.7791,19.5898
2.7396,19.5702
2.7251,19.5817
2.7013,19.5814
2.6868,19.5928
2.6477,19.5726
2.6332,19.5839
2.6193,19.6261
2.6378,19.6810
2.6576,19.7381
2.6441,19.7513
2.5679,19.6804
2.5679,19.7115
2.5145,19.7012
2.4908,19.6999
2.4774,19.7127
2.4625,19.7234
2.4591,19.7504
2.4470,19.7651
2.4397,19.8191
2.4045,19.8010
2.3808,19.7992
2.3544,19.7932
2.3364,19.7994
2.3212,19.8097
2.3297,19.8552
2.2908,19.8302
2.2700,19.8320
2.2492,19.8338
2.2285,19.8355
2.2105,19.8413
2.1924,19.8470
2.1825,19.8653
2.1624,19.9018
2.1603,19.9327
2.1341,19.9256
2.1475,19.9819
2.1436,20.0108
2.1226,20.0120
2.0819,20.0163
2.0673,20.0280
2.0502,20.0354
2.0292,20.0362
1.9956,20.0155
1.9722,20.0118
1.9568,20.0583
1.9035,20.0024
1.9199,20.0679
1.8941,20.0595
1.8561,20.0292
1.9010,20.1473
1.9622,20.2963
1.8650,20.1587
1.8344,20.1413
1.7992,20.1149
1.8020,20.1588
1.7552,20.1102
1.7624,20.1629
1.7508,20.1804
1.7250,20.2107
1.6995,20.2014
1.6763,20.1965
1.6532,20.1914
1.6189,20.1640
1.6316,20.2302
1.6251,20.3003
1.5975,20.2861
1.5787,20.2896
1.5425,20.2572
1.5239,20.2606
1.5329,20.3226
1.5068,20.3542
1.4847,20.3507
1.4710,20.3652
1.4448,20.3525
1.4403,20.3874
1.4173,20.3814
1.3834,20.3964
1.3685,20.4084
1.3525,20.4181
1.3374,20.4301
1.3213,20.4397
1.3081,20.4561
1.2948,20.4725
1.2661,20.5007
1.2564,20.5263
1.2297,20.5102
1.2124,20.5172
1.1914,20.5148
1.1759,20.5264
1.1430,20.5446
1.1327,20.5700
1.1153,20.5767
1.1154,20.6300
1.0767,20.5805
1.0644,20.6011
1.0156,20.5765
0.9778,20.5265
0.9789,20.5844
0.9497,20.5577
0.9224,20.5356
0.9344,20.6265
0.9509,20.7318
0.9213,20.7629
0.9088,20.7858
0.8813,20.7633
0.8283,20.6623
0.8274,20.7203
0.8156,20.7451
0.8124,20.8614
0.7867,20.8433
0.7479,20.7821
0.7065,20.7112
0.6843,20.7023
0.6806,20.7555
0.7804,21.1614
0.6711,20.8572
0.6748,20.9393
0.6466,20.9110
0.6194,20.8852
0.6077,20.9144
0.6043,20.9746
0.5811,20.9632
0.5553,20.9414
0.5431,20.9705
0.5352,21.0168
0.5270,21.0624
0.5006,21.0383
0.4695,20.9947
0.4519,21.0042
0.4026,20.9649
0.3758,20.9354
0.3854,21.0593
0.3511,20.9977
0.3301,20.9923
0.3136,21.0063
0.2910,21.0830
0.2822,21.1339
0.2624,21.1352
0.2370,21.1100
0.2210,21.1287
0.2018,21.1326
0.1635,21.1403
0.1443,21.1441
0.1241,21.1429
0.1068,21.1564
0.0803,21.1208
0.0638,21.1390
0.0699,21.2831
0.0333,21.1902
0.0293,21.2821
0.0349,21.4332
-0.0003,21.3461
-0.0323,21.2754
-0.0619,21.2164
-0.0845,21.1998
-0.1232,21.2058
-0.1396,21.2285
-0.1555,21.2561
-0.1722,21.2787
-0.1817,21.3537
-0.2015,21.3565
-0.2418,21.3568
-0.2560,21.4040
-0.2784,21.3867
-0.2993,21.3811
-0.3192,21.3835
-0.3340,21.4305
-0.3524,21.4476
-0.3849,21.5248
-0.4057,21.5220
-0.4309,21.4761
-0.4507,21.4813
-0.4719,21.4732
-0.4880,21.5199
-0.5310,21.4954
-0.5420,21.6099
-0.5656,21.5734
-0.5834,21.6098
-0.6070,21.5715
-0.6309,21.5232
-0.6716,21.5259
-0.6910,21.5422
-0.7117,21.5384
-0.7318,21.5445
-0.7525,21.5406
-0.7731,21.5367
-0.7933,21.5426
-0.8332,21.5644
-0.8522,21.6051
-0.8697,21.6956
-0.8903,21.7063
-0.9100,21.7468
-0.9301,21.7859
-0.9733,21.7333
-0.9941,21.7437
-1.0152,21.7390
-1.0356,21.7927
-1.1039,15.1277
-1.0779,21.8030
-1.0990,21.8331
-1.1073,15.1277
-1.1413,21.7795
-1.1629,21.8392
-1.1108,15.1277
-1.2056,21.8538
-1.1131,15.1277
-1.2506,21.9716
-1.2702,21.8775
-1.2918,21.8870
-1.3134,21.8914
-1.3351,21.9007
-1.3573,21.9200
-1.3794,21.9342
-1.4018,21.9533
-1.4452,21.9563
-1.4669,21.9553
-1.4895,21.9741
-1.5112,21.9729
-1.5370,22.0415
-1.5619,22.0889
-1.5843,22.0925
-1.6078,22.1120
-1.6306,22.1205
-1.6505,22.0890
-1.6694,22.0475
-1.6949,22.0906
-1.7215,22.1435
-1.7496,22.2104
-1.7699,22.1844
-1.7944,22.2064
-1.8163,22.1993
-1.8426,22.2369
-1.8716,22.3001
-1.8938,22.2928
-1.9154,22.2805
-1.9594,22.2656
-1.9820,22.2630
-2.0099,22.3050
-2.0350,22.3221
-2.0614,22.3490
-2.0874,22.3708
-2.1357,22.3840
-2.1620,22.4056
-2.1878,22.4222
-2.2144,22.4437
-2.2418,22.4700
-2.2547,22.3979
-2.3091,22.4452
-2.3337,22.4514
-2.3585,22.4575
-2.3832,22.4636
-2.4089,22.4745
-2.4346,22.4853
-2.4904,22.6680
-2.4845,22.4969
-2.5113,22.5124
-2.5382,22.5278
-2.5634,22.5332
-2.5867,22.5288
-2.6091,22.5195
-2.6382,22.5443
-2.7137,22.6769
-2.7184,22.5791
-2.7960,22.8333
-2.7871,22.6719
-2.8245,22.7303
-2.8431,22.7007
-2.8930,22.6999
-2.9235,22.7237
-2.9643,22.7912
-3.0067,22.8633
-3.0460,22.9210
-3.0682,22.9052
-3.1376,23.0840
-3.1159,22.8884
-3.1415,22.8872
-3.1868,22.9634
-3.2250,23.0103
-3.2661,23.0667
-3.2836,23.0316
-3.3187,23.0637
-3.3501,22.9824
-3.3827,23.0045
-3.4692,23.2189
-3.5124,23.2750
-3.5613,23.3495
-3.6035,23.3988
-3.6398,23.3310
-3.6556,23.2898
-3.6841,23.2917
-3.6995,23.2505
-3.7515,23.3286
-3.8025,23.4017
-3.8858,23.5757
-3.8468,23.3615
-3.8772,23.3675
-3.8938,23.3307
-3.9429,23.3935
-3.9845,23.4323
-4.0280,23.4757
-4.0529,23.4633
-4.1195,23.4868
-4.1506,23.4919
-4.2033,23.5581
-4.2853,23.7055
-4.3134,23.6992
-4.3436,23.6989
-4.4064,23.7043
-4.4559,23.7552
-4.4683,23.7062
-4.4722,23.6354
-4.5096,23.6532
-4.5488,23.6756
-4.6523,23.8624
-4.7272,23.8921
-4.7769,23.9369
-4.8268,23.9815
-4.5475,5.4826
-4.4508,5.5748
-4.3944,5.6448
-4.2845,5.8656
-4.1844,6.0634
-4.1252,6.1486
-3.8730,6.5534
-2.5628,8.7606
-2.5343,8.8000
-2.4992,8.8686
-2.4437,8.9480
-2.4119,9.0073
-2.3794,9.0716
-2.3473,9.1360
-2.3156,9.2006
-2.2678,9.2619
-2.2371,9.3268
-2.2057,9.3968
-2.1778,9.4523
-2.1541,9.4883
-2.1316,9.5195
-2.0956,9.5379
-2.0757,9.5574
-2.0530,9.5937
-2.0304,9.6301
-2.0064,9.6764
-1.9744,9.7696
-1.9272,9.8679
-1.9044,9.9147
-1.8819,9.9617
-1.8636,9.9840
-1.8478,9.9916
-1.8318,10.0009
-1.7990,10.0262
-1.7801,10.0572
-1.7549,10.1343
-1.7390,10.1472
-1.7225,10.1652
-1.7060,10.1843
-1.6768,10.1956
-1.6601,10.2186
-1.6467,10.2159
-1.5114,10.4826
-1.4981,10.4864
-1.4840,10.5005
-1.4726,10.4840
-1.4581,10.5028
-1.4434,10.5267

# FrameTime=1781596482.64, PointCount=477
4.6454,18.1992
4.6393,18.2191
4.6657,18.2587
4.6594,18.2786
4.6460,18.2942
4.6608,18.3273
4.6857,18.3911
4.7169,18.4351
4.6792,18.4356
4.5881,18.4016
4.5729,18.4160
4.5703,18.4384
4.5397,18.4669
4.4925,18.4600
4.4798,18.4758
4.4728,18.4953
4.5168,18.5494
4.4764,18.5466
4.5543,18.6245
4.5357,18.6367
4.4092,18.5739
4.4085,18.5980
4.3534,18.5840
4.3338,18.5946
4.3943,18.6872
4.3151,18.6550
4.2589,18.6390
4.1827,18.6080
4.1711,18.6239
4.2663,18.7187
4.1877,18.6853
4.1263,18.6640
4.0748,18.6742
4.0550,18.6836
4.0964,18.7399
4.1318,18.7921
4.1181,18.8066
4.0524,18.7804
4.0225,18.8069
3.9595,18.7818
3.9591,18.8063
3.9585,18.8309
3.9928,18.8839
3.9765,18.8960
4.2417,19.1663
3.9390,18.9416
3.8688,18.9086
3.8487,18.9171
3.9406,19.0204
3.9012,19.0129
4.0007,19.1242
3.8906,19.0559
3.8286,19.0283
3.7368,18.9742
3.7053,18.9722
3.7038,18.9965
3.6985,19.0176
3.6596,19.0087
3.6303,19.0338
3.6453,19.0735
3.6229,19.0791
3.5878,19.0729
3.6005,19.1107
3.6896,19.2202
3.6720,19.2578
3.5534,19.1723
3.4586,19.1084
3.4167,19.0944
3.4360,19.1392
3.3870,19.1180
3.3642,19.1484
3.3368,19.1477
3.3165,19.1540
3.2927,19.1566
3.3005,19.1911
3.3362,19.2541
3.4066,19.3530
3.2538,19.2508
3.2299,19.2531
3.2440,19.2949
3.2578,19.3369
3.2680,19.3754
3.3039,19.4415
3.1600,19.3433
3.1191,19.3267
3.1020,19.3356
3.0781,19.3372
3.0710,19.3571
3.0705,19.3845
3.0376,19.4038
3.0203,19.4125
2.9964,19.4136
2.9593,19.3995
2.9192,19.3816
2.9020,19.3898
2.8838,19.4252
2.8762,19.4448
2.8781,19.4758
2.8415,19.4609
2.8146,19.4574
2.8036,19.4730
2.8576,19.5677
2.7783,19.5002
2.7829,19.5351
2.7826,19.5643
2.7588,19.5642
2.7334,19.5621
2.7252,19.5814
2.7014,19.5812
2.6692,19.6000
2.6302,19.5797
2.6279,19.6067
2.6375,19.6496
2.6620,19.7126
2.6366,19.7099
2.5948,19.7162
2.5531,19.6912
2.5471,19.7142
2.5057,19.6888
2.4879,19.6956
2.4745,19.7084
2.5047,19.7821
2.4418,19.7258
2.4413,19.7568
2.4578,19.8123
2.4140,19.7820
2.3960,19.7885
2.3667,19.7784
2.3431,19.7765
2.3213,19.8095
2.3228,19.8446
2.2908,19.8300
2.2673,19.8276
2.2438,19.8252
2.2230,19.8269
2.1925,19.8468
2.1826,19.8651
2.1752,19.8875
2.1785,19.9269
2.1523,19.9198
2.1394,19.9338
2.1004,19.9404
2.1226,20.0118
2.1042,20.0171
2.0793,20.0118
2.0648,20.0235
2.0336,20.0072
2.0356,20.0467
2.0108,20.0411
1.9748,20.0159
1.9740,20.0510
1.9393,20.0277
1.9011,19.9978
1.9175,20.0633
1.8867,20.0462
1.9283,20.1576
1.8524,20.0597
1.8970,20.1779
1.8963,20.2153
1.8297,20.1323
1.8111,20.1367
1.8067,20.1674
1.7484,20.1362
1.7485,20.1757
1.7345,20.1887
1.7228,20.2060
1.6995,20.2012
1.6809,20.2051
1.7289,20.3405
1.6279,20.1816
1.6071,20.1808
1.6196,20.2471
1.6295,20.3090
1.5975,20.2858
1.5700,20.2714
1.6324,20.4438
1.5260,20.2649
1.5137,20.2818
1.5215,20.3416
1.5090,20.3585
1.4848,20.3504
1.4679,20.3582
1.4408,20.3432
1.4132,20.3720
1.3984,20.3841
1.3835,20.3962
1.3685,20.4082
1.3535,20.4202
1.3384,20.4321
1.3062,20.4513
1.2929,20.4677
1.2796,20.4841
1.2633,20.4936
1.2432,20.4937
1.2241,20.4961
1.2246,20.5471
1.1859,20.5007
1.1631,20.4936
1.1513,20.5143
1.1394,20.5351
1.1292,20.5604
1.1224,20.5951
1.1305,20.6696
1.0820,20.5943
1.0714,20.6196
1.0348,20.5745
1.0088,20.5575
0.9761,20.5215
0.9722,20.5654
0.9314,20.5057
0.9279,20.6074
0.9331,20.6796
0.9329,20.7377
0.9254,20.7747
0.9105,20.7903
0.8711,20.7321
0.8648,20.7738
0.8105,20.6679
0.8080,20.7211
0.8037,20.7697
0.8005,20.8230
0.7852,20.8383
0.7362,20.7437
0.7684,20.9143
0.6872,20.7116
0.6721,20.7265
0.6641,20.7654
0.6998,20.9556
0.6541,20.8670
0.6447,20.9038
0.6195,20.8849
0.5972,20.9482
0.5864,20.9822
0.5527,20.9315
0.5457,20.9799
0.5340,21.0117
0.5245,21.0525
0.4720,21.0041
0.4568,21.0233
0.4296,20.9941
0.3979,20.9453
0.3851,20.9740
0.3912,21.0833
0.3733,21.0927
0.3290,20.9872
0.3103,20.9915
0.3003,21.0347
0.3003,21.1246
0.2833,21.1386
0.2582,21.1155
0.2470,21.1566
0.2210,21.1284
0.2019,21.1324
0.1827,21.1363
0.1635,21.1401
0.1443,21.1439
0.1251,21.1476
0.1068,21.1562
0.0612,21.1241
0.0500,21.1718
0.0351,21.1998
0.0371,21.3262
0.0254,21.3770
-0.0110,21.2817
-0.0527,21.2734
-0.0836,21.2045
-0.1038,21.2026
-0.1224,21.2105
-0.1367,21.2480
-0.1554,21.2558
-0.1700,21.2932
-0.2015,21.3562
-0.2220,21.3540
-0.2424,21.3516
-0.2559,21.4038
-0.2784,21.3865
-0.3005,21.3709
-0.3380,21.3955
-0.3568,21.4077
-0.3677,21.4925
-0.3859,21.5146
-0.4106,21.4738
-0.4293,21.4907
-0.4728,21.4631
-0.4928,21.4667
-0.5065,21.5414
-0.5340,21.4603
-0.5496,21.5168
-0.5648,21.5831
-0.5880,21.5499
-0.6264,21.5877
-0.6492,21.5543
-0.6706,21.5406
-0.6910,21.5419
-0.7114,21.5431
-0.7321,21.5393
-0.7728,21.5414
-0.7934,21.5374
-0.8134,21.5483
-0.8326,21.5791
-0.8509,21.6398
-0.8694,21.7054
-0.8887,21.7545
-0.9115,21.6917
-0.9303,21.7756
-0.9520,21.7476
-0.9736,21.7181
-0.9941,21.7435
-1.0144,21.7987
-1.0356,21.7875
-1.1050,15.1324
-1.0990,21.8028
-1.1201,21.7793
-1.1084,15.1275
-1.1627,21.8240
-1.1107,15.1275
-1.2269,21.8532
-1.2489,21.8877
-1.2700,21.8723
-1.2915,21.8768
-1.3125,21.8612
-1.3349,21.8955
-1.3602,22.0034
-1.3788,21.9189
-1.4017,21.9530
-1.4242,21.9721
-1.4454,21.9611
-1.4678,21.9750
-1.4885,21.9539
-1.5181,22.0963
-1.5340,21.9914
-1.5586,22.0349
-1.5833,22.0773
-1.6057,22.0819
-1.6351,22.1850
-1.6523,22.1136
-1.6694,22.0472
-1.7198,22.1234
-1.7449,22.1563
-1.7716,22.2041
-1.7948,22.2111
-1.8158,22.1941
-1.8450,22.2616
-1.8741,22.3240
-1.8927,22.2827
-1.9164,22.2902
-1.9385,22.2828
-1.9594,22.2654
-1.9831,22.2727
-2.0104,22.3097
-2.0391,22.3558
-2.0595,22.3339
-2.0823,22.3310
-2.1057,22.3330
-2.1364,22.3887
-2.1627,22.4103
-2.1892,22.4319
-2.2158,22.4533
-2.2636,22.4569
-2.2784,22.3991
-2.3106,22.4548
-2.3337,22.4511
-2.3592,22.4622
-2.3848,22.4732
-2.4337,22.4802
-2.4595,22.4909
-2.4853,22.5016
-2.5112,22.5121
-2.5372,22.5226
-2.5633,22.5330
-2.6240,22.7247
-2.6110,22.5290
-2.6305,22.5049
-2.6713,22.5884
-2.7038,22.6277
-2.7334,22.6522
-2.7796,22.7549
-2.7974,22.7205
-2.8431,22.7004
-2.8626,22.6757
-2.8941,22.7045
-2.9279,22.7429
-2.9721,22.8250
-3.0214,22.9263
-3.0588,22.8661
-3.0867,22.8748
-3.1158,22.8882
-3.1487,22.9160
-3.1916,22.9825
-3.2287,23.0246
-3.2624,23.0524
-3.3012,23.0986
-3.3097,23.0297
-3.3370,23.0323
-3.3500,22.9822
-3.3920,23.0380
-3.4935,23.3060
-3.5165,23.2892
-3.5912,23.3562
-3.6266,23.3814
-3.6299,23.2972
-3.6527,23.2800
-3.6840,23.2915
-3.6995,23.2503
-3.7772,23.3204
-3.8224,23.3742
-3.8543,23.3851
-3.8542,23.2960
-3.9061,23.3684
-3.9475,23.4074
-4.0210,23.5423
-3.9899,23.3618
-4.0461,23.4430
-4.0807,23.4589
-4.1210,23.4913
-4.1604,23.5200
-4.2314,23.6379
-4.2669,23.6535
-4.3356,23.6767
-4.3653,23.6749
-4.4099,23.7134
-4.4397,23.7113
-4.4490,23.6545
-4.4775,23.6491
-4.5380,23.6474
-4.5738,23.6603
-4.6906,23.8794
-4.7327,23.9058
-4.7861,23.9599
-4.5718,5.4167
-4.5059,5.5096
-4.4456,5.5887
-4.3773,5.6915
-4.2525,5.9548
-4.1417,6.1011
-3.9250,6.4811
-2.5448,8.7561
-2.5118,8.8149
-2.4702,8.9129
-2.4325,8.9964
-2.4030,9.0460
-2.3548,9.1017
-2.3240,9.1614
-2.2936,9.2212
-2.2626,9.2861
-2.2309,9.3559
-2.1997,9.4260
-2.1599,9.4587
-2.1364,9.4947
-2.1140,9.5260
-2.0927,9.5524
-2.0720,9.5767
-2.0493,9.6131
-2.0107,9.6516
-1.9847,9.7104
-1.9502,9.8210
-1.9205,9.9071
-1.9011,9.9342
-1.8795,9.9762
-1.8493,9.9815
-1.8332,9.9908
-1.8153,10.0133
-1.7968,10.0408
-1.7758,10.0866
-1.7534,10.1440
-1.7232,10.1600
-1.7099,10.1544
-1.6905,10.1960
-1.6724,10.2300
-1.6496,10.1909
-1.5241,10.4840
-1.4994,10.4717
-1.4844,10.4953
-1.4721,10.4887
-1.4573,10.5126
-1.4529,10.4069
-1.4311,10.5205

# FrameTime=1781596482.75, PointCount=476
4.6317,18.1944
4.6427,18.2246
4.6606,18.2590
4.6515,18.2773
4.6409,18.2945
4.6407,18.3422
4.6932,18.3993
4.7159,18.4381
4.6571,18.4251
4.5830,18.4018
4.5720,18.4188
4.5665,18.4638
4.5235,18.4598
4.4900,18.4618
4.4871,18.4841
4.4800,18.5037
4.4951,18.5382
4.5175,18.6028
4.5059,18.6197
4.4204,18.5852
4.3992,18.5950
4.3360,18.5752
4.3490,18.6088
4.4419,18.7249
4.2775,18.6314
4.2578,18.6417
4.1775,18.6077
4.1901,18.6412
4.2289,18.6946
4.2331,18.7225
4.1668,18.6977
4.0974,18.6702
4.0697,18.6737
4.0579,18.6892
4.0952,18.7424
4.1409,18.8027
4.1287,18.8184
4.1651,18.8722
4.0727,18.8249
4.0056,18.7970
3.9505,18.7780
3.9656,18.8150
3.9651,18.8397
3.9993,18.8927
3.9434,18.8978
4.2518,19.1785
3.9107,18.9217
3.8714,18.9142
3.8588,18.9291
3.8936,18.9841
3.9173,19.0563
3.8779,19.0485
3.8084,19.0143
3.7279,18.9699
3.6927,18.9646
3.7025,18.9988
3.6769,19.0276
3.6418,19.0218
3.6289,19.0361
3.6439,19.0757
3.6141,19.0745
3.5901,19.0785
3.6340,19.1455
3.5749,19.1168
3.7059,19.2663
3.6342,19.2257
3.5245,19.1484
3.4500,19.1036
3.4261,19.1069
3.4309,19.1378
3.3795,19.1405
3.3557,19.1434
3.3247,19.1392
3.3115,19.1524
3.2877,19.1551
3.3166,19.2108
3.3386,19.2872
3.3598,19.3363
3.2384,19.2384
3.2249,19.2514
3.2493,19.3041
3.2700,19.3534
3.2764,19.4159
3.2608,19.4274
3.1482,19.3342
3.1175,19.3285
3.0936,19.3301
3.0765,19.3390
3.0761,19.3663
3.1172,19.4401
3.0532,19.3969
3.0293,19.3981
3.0087,19.4030
2.9881,19.4079
2.9544,19.3975
2.9077,19.3720
2.8961,19.4149
2.8886,19.4345
2.8810,19.4541
2.8797,19.4813
2.8430,19.4664
2.8065,19.4514
2.7940,19.4940
2.7766,19.5019
2.7812,19.5367
2.7778,19.5620
2.7602,19.5697
2.7348,19.5676
2.7058,19.5906
2.6820,19.5902
2.6552,19.5857
2.6285,19.5812
2.6322,19.6161
2.6508,19.6710
2.6526,19.7042
2.6633,19.7493
2.6452,19.7566
2.5631,19.6776
2.5542,19.6966
2.5350,19.7016
2.5038,19.6902
2.4890,19.7011
2.4578,19.7206
2.4399,19.7272
2.4278,19.7418
2.4545,19.8117
2.4035,19.7711
2.3713,19.7570
2.3638,19.8108
2.3261,19.7881
2.3193,19.8108
2.3013,19.8169
2.2806,19.8188
2.2598,19.8206
2.2266,19.8365
2.2058,19.8381
2.1878,19.8438
2.1806,19.8663
2.1733,19.8888
2.1819,19.9365
2.1321,19.9265
2.1166,19.9362
2.1246,19.9841
2.1206,20.0129
2.0983,20.0119
2.0721,20.0044
2.0524,20.0074
2.0132,20.0134
2.0075,20.0400
1.9702,20.0127
1.9706,20.0499
1.9298,20.0158
1.9015,20.0031
1.8945,20.0646
1.8590,20.0387
1.8722,20.1000
1.8526,20.1024
1.8204,20.1201
1.8116,20.1815
1.7672,20.1374
1.7580,20.1592
1.7440,20.1722
1.7277,20.1807
1.7206,20.2069
1.7967,20.3955
1.6787,20.2060
1.6600,20.2099
1.6257,20.1824
1.6116,20.1951
1.6373,20.2882
1.6229,20.3009
1.6040,20.3046
1.5468,20.2712
1.5260,20.2701
1.5200,20.3006
1.5192,20.3423
1.5035,20.3524
1.4856,20.3580
1.4529,20.3757
1.4319,20.3742
1.4150,20.3818
1.3961,20.3848
1.3791,20.3923
1.3642,20.4043
1.3341,20.4282
1.3190,20.4400
1.3058,20.4565
1.2925,20.4729
1.2791,20.4893
1.2743,20.5265
1.2626,20.5475
1.2311,20.5198
1.2082,20.5129
1.1853,20.5059
1.1680,20.5127
1.1507,20.5195
1.1316,20.5216
1.1509,20.6240
1.1093,20.5676
1.1129,20.6302
1.0726,20.5761
1.0828,20.6575
1.0410,20.5984
1.0081,20.5626
0.9754,20.5266
0.9706,20.6237
0.9266,20.5545
0.9238,20.6031
0.9289,20.6752
0.9288,20.7333
0.9212,20.7704
0.8850,20.7824
0.8366,20.6956
0.8142,20.6871
0.8131,20.7452
0.8131,20.8080
0.7934,20.8090
0.7738,20.8099
0.7055,20.7159
0.6832,20.7070
0.6724,20.7363
0.6629,20.7703
0.6873,20.9221
0.6529,20.8720
0.6222,20.9043
0.6037,20.9095
0.5937,20.9456
0.5790,20.9652
0.5526,20.9412
0.5506,21.0089
0.5137,21.0215
0.5028,21.0575
0.4656,20.9896
0.4444,20.9846
0.4221,20.9747
0.3917,20.9307
0.3847,20.9837
0.3518,21.0120
0.3285,20.9969
0.3086,20.9963
0.3051,21.0687
0.2975,21.1245
0.2804,21.1385
0.2332,21.1047
0.2182,21.1283
0.1990,21.1322
0.1799,21.1361
0.1607,21.1399
0.1415,21.1437
0.1021,21.1461
0.0838,21.1547
0.0592,21.1287
0.0489,21.1813
0.0382,21.2339
0.0409,21.3653
0.0149,21.3323
-0.0344,21.2797
-0.0608,21.2405
-0.0865,21.2041
-0.1074,21.1973
-0.1246,21.2151
-0.1403,21.2427
-0.1779,21.2582
-0.1878,21.3302
-0.2058,21.3459
-0.2243,21.3585
-0.2441,21.3611
-0.2596,21.3983
-0.3029,21.3754
-0.3228,21.3778
-0.3381,21.4198
-0.3498,21.4965
-0.3692,21.5069
-0.3884,21.5190
-0.4359,21.4554
-0.4514,21.5053
-0.4754,21.4674
-0.4958,21.4661
-0.5173,21.4530
-0.5366,21.4647
-0.5378,21.6987
-0.5722,21.5277
-0.5881,21.5890
-0.6140,21.5158
-0.6333,21.5322
-0.6560,21.4987
-0.6747,21.5249
-0.6947,21.5312
-0.7349,21.5435
-0.7553,21.5446
-0.7755,21.5506
-0.7963,21.5416
-0.8163,21.5524
-0.8355,21.5832
-0.8741,21.6596
-0.8935,21.7051
-0.9148,21.6908
-0.9334,21.7797
-0.9553,21.7467
-0.9765,21.7371
-0.9974,21.7375
-1.0390,21.7779
-1.0601,21.7866
-1.0811,21.8067
-1.1023,21.7433
-1.1060,15.1264
-1.1446,21.7881
-1.1083,15.1264
-1.1873,21.8277
-1.2088,21.8474
-1.2301,21.8471
-1.2529,21.9165
-1.2736,21.8811
-1.2953,21.8906
-1.3373,21.8643
-1.3597,21.8936
-1.3820,21.9127
-1.4041,21.9268
-1.4265,21.9458
-1.4486,21.9548
-1.4772,22.0923
-1.4935,21.9825
-1.5138,21.9564
-1.5387,22.0100
-1.5639,22.0635
-1.5868,22.0759
-1.6092,22.0805
-1.6383,22.1786
-1.6744,22.0657
-1.6960,22.0590
-1.7237,22.1269
-1.7502,22.1747
-1.7769,22.2216
-1.7979,22.2046
-1.8193,22.1925
-1.8546,22.3205
-1.8716,22.2627
-1.8963,22.2811
-1.9211,22.2985
-1.9421,22.2811
-1.9636,22.2687
-1.9907,22.3050
-2.0111,22.2832
-2.0386,22.3201
-2.0662,22.3562
-2.0866,22.3342
-2.1126,22.3560
-2.1414,22.3968
-2.1678,22.4184
-2.2070,22.5295
-2.2174,22.4367
-2.2441,22.4580
-2.2681,22.4600
-2.2851,22.4170
-2.3159,22.4628
-2.3367,22.4443
-2.3869,22.4614
-2.4117,22.4674
-2.4374,22.4782
-2.4641,22.4938
-2.4900,22.5045
-2.5195,22.5347
-2.5644,22.5162
-2.5942,22.5461
-2.6119,22.5122
-2.6352,22.5077
-2.6997,22.7087
-2.7415,22.7919
-2.7777,22.8457
-2.7825,22.7478
-2.7930,22.6792
-2.8221,22.6985
-2.8470,22.6982
-2.8709,22.6929
-2.8991,22.7071
-2.9363,22.7601
-3.0038,22.8316
-3.0477,22.9086
-3.0616,22.8589
-3.0872,22.8578
-3.1187,22.8809
-3.1613,22.9475
-3.2229,22.9834
-3.2627,23.0350
-3.2928,23.0482
-3.3151,23.0319
-3.3320,22.9959
-3.3581,22.9940
-3.4898,23.2744
-3.5208,23.2865
-3.5505,23.2936
-3.6067,23.3919
-3.6198,23.3403
-3.6371,23.3040
-3.6527,23.2629
-3.7081,23.2617
-3.7322,23.2491
-3.7949,23.3604
-3.8223,23.3570
-3.8663,23.4059
-3.9340,23.5271
-3.9426,23.3760
-3.9779,23.3958
-3.9943,23.3588
-4.0557,23.4552
-4.0928,23.4783
-4.1239,23.4835
-4.1966,23.6077
-4.2161,23.5782
-4.2832,23.6832
-4.3066,23.6642
-4.3402,23.6734
-4.3750,23.6856
-4.4231,23.7335
-4.4658,23.7657
-4.4624,23.6745
-4.4767,23.6317
-4.5087,23.6356
-4.5498,23.6626
-4.6516,23.8447
-4.7026,23.8945
-4.7485,23.9301
-4.8204,23.9498
-4.9002,23.9875
-4.5673,5.4039
-4.5031,5.4921
-4.4428,5.5712
-4.3780,5.6647
-4.2650,5.8950
-4.1617,6.1024
-4.0820,6.1645
-4.0286,6.2360
-3.9097,6.5018
-2.5391,8.7540
-2.5062,8.8129
-2.4668,8.9011
-2.4280,8.9895
-2.3986,9.0392
-2.3673,9.0986
-2.3364,9.1583
-2.3241,9.1341
-2.2893,9.2145
-2.2583,9.2793
-2.2276,9.3443
-2.1974,9.4095
-2.1696,9.4650
-2.1312,9.4930
-2.1097,9.5193
-2.0894,9.5409
-2.0669,9.5750
-2.0451,9.6065
-2.0204,9.6551
-1.9745,9.7382
-1.9444,9.8242
-1.9156,9.9055
-1.8954,9.9375
-1.8738,9.9796
-1.8587,9.9822
-1.8284,9.9893
-1.8104,10.0118
-1.7919,10.0393
-1.7695,10.0950
-1.7480,10.1474
-1.7328,10.1554
-1.7038,10.1628
-1.6858,10.1945
-1.6671,10.2335
-1.6448,10.1895
-1.5210,10.4678
-1.5063,10.4860
-1.4944,10.4753
-1.4794,10.4990
-1.4672,10.4924
-1.4528,10.5113
-1.4472,10.4205
-1.4258,10.5292

# FrameTime=1781596482.84, PointCount=480
4.6201,18.1939
4.6808,18.2542
4.6548,18.2621
4.6554,18.2862
4.6633,18.3149
4.6271,18.3164
4.6714,18.3681
4.7112,18.4174
4.7114,18.4419
4.6933,18.4549
4.6092,18.4254
4.5646,18.4208
4.5536,18.4378
4.5482,18.4584
4.4953,18.4479
4.4868,18.4664
4.4204,18.4702
4.4712,18.5288
4.4722,18.5540
4.5389,18.6244
4.5547,18.6603
4.4526,18.6144
4.3884,18.6189
4.3131,18.5902
4.3463,18.6384
4.3940,18.6974
4.2379,18.6096
4.2182,18.6197
4.1546,18.6220
4.2192,18.6943
4.1993,18.7042
4.1499,18.6920
4.0901,18.6715
4.0624,18.6750
4.0784,18.7118
4.0998,18.7529
4.0799,18.7624
4.1253,18.8228
4.0675,18.8027
4.0498,18.8139
3.9827,18.7858
3.9588,18.7917
4.0807,18.9145
3.9500,18.8346
3.9688,18.8750
4.0028,18.9282
3.9593,18.9181
4.1868,19.1320
3.8843,18.9068
4.1259,19.1348
3.8440,18.9237
3.9457,19.0356
4.0141,19.1201
3.9517,19.0932
3.8669,19.0463
3.7673,18.9858
3.7043,18.9820
3.6878,18.9931
3.6863,19.0174
3.6586,19.0184
3.6680,19.0528
3.6550,19.0671
3.6348,19.1008
3.5976,19.0928
3.5902,19.1122
3.6225,19.1687
3.7060,19.2739
3.6052,19.2058
3.5448,19.1751
3.4717,19.1319
3.4154,19.1040
3.4310,19.1454
3.3892,19.1311
3.3689,19.1375
3.3486,19.1439
3.3248,19.1467
3.3018,19.1768
3.3025,19.2042
3.3171,19.2459
3.2862,19.2413
3.2274,19.2079
3.2140,19.2208
3.1871,19.2467
3.2011,19.2885
3.2491,19.3668
3.3191,19.4694
3.1925,19.3619
3.1480,19.3418
3.1035,19.3488
3.0695,19.3392
3.0557,19.3517
3.0653,19.3902
3.0580,19.4102
3.0290,19.4058
3.0464,19.4538
2.9911,19.4192
2.9606,19.4127
2.9205,19.3947
2.8967,19.3954
2.8925,19.4187
2.8817,19.4345
2.9628,19.5590
2.8599,19.4660
2.8362,19.4664
2.8188,19.4744
2.7887,19.4668
2.7935,19.5017
2.7918,19.5288
2.7901,19.5560
2.7564,19.5735
2.7373,19.5792
2.7228,19.5907
2.6990,19.5904
2.6813,19.5978
2.6423,19.5776
2.6163,19.6040
2.6198,19.6390
2.6323,19.6859
2.6340,19.7191
2.6071,19.7143
2.5564,19.6773
2.5474,19.7274
2.5059,19.7020
2.4823,19.7006
2.4689,19.7135
2.4540,19.7242
2.4477,19.7470
2.4774,19.8209
2.4262,19.7805
2.4254,19.8116
2.3903,19.7934
2.3695,19.7957
2.3458,19.7937
2.3335,19.8082
2.3211,19.8226
2.2878,19.8389
2.2670,19.8408
2.2435,19.8383
2.2200,19.8358
2.2047,19.8458
2.1921,19.8599
2.1694,19.8922
2.1646,19.9189
2.1517,19.9329
2.1282,19.9300
2.1100,19.9354
2.1324,20.0067
2.0982,20.0217
2.0759,20.0207
2.0550,20.0216
2.0417,20.0354
2.0258,20.0448
1.9871,20.0154
1.9530,20.0295
1.9333,20.0321
1.8976,20.0065
1.9089,20.0633
1.8807,20.0505
1.8526,20.0377
1.8974,20.1558
1.8589,20.1628
1.8283,20.1453
1.7978,20.1277
1.7935,20.1584
1.7561,20.1274
1.7540,20.1625
1.7214,20.1795
1.7051,20.1880
1.6865,20.1920
1.6724,20.2048
1.6470,20.1952
1.6195,20.1812
1.6111,20.2467
1.6210,20.3086
1.5890,20.2853
1.5659,20.2799
1.5363,20.2609
1.5176,20.2643
1.5255,20.3240
1.5056,20.3251
1.5004,20.3578
1.4805,20.3588
1.4605,20.3597
1.4467,20.3743
1.4258,20.3728
1.4089,20.3804
1.3750,20.3953
1.3600,20.4073
1.3440,20.4170
1.3300,20.4312
1.3149,20.4431
1.3016,20.4595
1.2711,20.4831
1.2596,20.5041
1.2404,20.5065
1.2194,20.5043
1.2021,20.5112
1.1775,20.4996
1.1520,20.5364
1.1346,20.5432
1.1225,20.5638
1.1069,20.5752
1.1034,20.6192
1.0718,20.5884
1.0316,20.5872
1.0022,20.5608
0.9645,20.5107
0.9572,20.5451
0.9199,20.4948
0.9454,20.6234
0.9359,20.6531
0.9229,20.7314
0.9169,20.7732
0.9036,20.7935
0.8674,20.7447
0.8200,20.6604
0.8222,20.7279
0.7893,20.7489
0.8040,20.8594
0.7827,20.8556
0.7410,20.7848
0.6983,20.7091
0.6804,20.7145
0.6558,20.7635
0.6766,20.9030
0.6609,20.9179
0.6396,20.9136
0.6138,20.8926
0.6033,20.9266
0.6019,20.9944
0.5837,21.0016
0.5456,20.9343
0.5360,20.9730
0.5256,21.0096
0.5185,21.0601
0.4922,21.0359
0.4648,21.0068
0.4260,21.0112
0.3932,20.9576
0.3722,20.9523
0.3771,21.0567
0.3406,20.9854
0.3219,20.9897
0.3290,21.1088
0.2909,21.0274
0.2859,21.0950
0.2759,21.1410
0.2520,21.1227
0.2329,21.1268
0.2137,21.1308
0.2021,21.1719
0.1754,21.1386
0.1562,21.1424
0.1370,21.1462
0.1169,21.1450
0.1023,21.1731
0.0730,21.1227
0.0785,21.2619
0.0382,21.1493
0.0259,21.1921
0.0261,21.3086
0.0245,21.4185
-0.0161,21.2986
-0.0397,21.2772
-0.0701,21.2133
-0.1119,21.1996
-0.1306,21.2075
-0.1470,21.2302
-0.1636,21.2528
-0.1789,21.2853
-0.1885,21.3603
-0.2084,21.3631
-0.2253,21.3874
-0.2500,21.3534
-0.2642,21.4006
-0.2866,21.3833
-0.3087,21.3677
-0.3262,21.3899
-0.3628,21.4243
-0.3780,21.4712
-0.3936,21.5163
-0.4178,21.4804
-0.4395,21.4675
-0.4594,21.4727
-0.4791,21.4795
-0.5152,21.5330
-0.5404,21.4767
-0.5498,21.6112
-0.5730,21.5796
-0.5932,21.5861
-0.6144,21.5777
-0.6603,21.5058
-0.6790,21.5320
-0.6988,21.5432
-0.7192,21.5444
-0.7396,21.5455
-0.7602,21.5416
-0.8012,21.5386
-0.8212,21.5495
-0.8408,21.5702
-0.8597,21.6159
-0.8773,21.7064
-0.8985,21.6971
-0.9177,21.7611
-0.9586,21.8185
-0.9816,21.7191
-1.0021,21.7444
-1.0224,21.8046
-1.0438,21.7834
-1.0648,21.7985
-1.1071,21.8086
-1.1282,21.7701
-1.1492,21.7600
-1.1708,21.8198
-1.1921,21.8245
-1.2137,21.8492
-1.2369,21.9574
-1.2567,21.8684
-1.2784,21.8829
-1.3000,21.8873
-1.3214,21.8867
-1.3431,21.8960
-1.3655,21.9202
-1.3891,21.9731
-1.4092,21.9335
-1.4322,21.9663
-1.4535,21.9565
-1.4756,21.9654
-1.4970,21.9593
-1.5195,21.9730
-1.5448,22.0316
-1.5917,22.0776
-1.6148,22.0921
-1.6419,22.1603
-1.6600,22.1038
-1.6774,22.0424
-1.7041,22.1004
-1.7521,22.1414
-1.7788,22.1892
-1.8029,22.2061
-1.8239,22.1891
-1.8531,22.2565
-1.8793,22.2899
-1.9086,22.3514
-1.9251,22.2901
-1.9471,22.2826
-1.9680,22.2652
-1.9918,22.2725
-2.0185,22.3045
-2.0449,22.3314
-2.0695,22.3434
-2.1131,22.3227
-2.1445,22.3833
-2.1708,22.4049
-2.1973,22.4264
-2.2239,22.4479
-2.2478,22.4500
-2.2857,22.3887
-2.3187,22.4492
-2.3426,22.4505
-2.3673,22.4566
-2.3921,22.4626
-2.4177,22.4735
-2.4666,22.4803
-2.4934,22.4958
-2.5193,22.5064
-2.5453,22.5168
-2.5714,22.5272
-2.5956,22.5277
-2.6180,22.5183
-2.6784,22.5776
-2.7128,22.6266
-2.7385,22.6316
-2.7960,22.7879
-2.7972,22.6753
-2.8305,22.7142
-2.8729,22.6793
-2.9022,22.6983
-2.9349,22.7318
-2.9769,22.8041
-3.0240,22.8957
-3.0507,22.8996
-3.0996,22.8878
-3.1240,22.8818
-3.1533,22.8951
-3.1950,22.9566
-3.2383,23.0229
-3.2745,23.0603
-3.2918,23.0248
-3.3539,23.1577
-3.3518,23.0497
-3.3582,22.9755
-3.3975,23.0217
-3.4953,23.2751
-3.5250,23.2823
-3.5795,23.3760
-3.6366,23.3793
-3.6539,23.3429
-3.6654,23.2874
-3.6924,23.2845
-3.7093,23.2480
-3.7613,23.3260
-3.8353,23.3814
-3.8612,23.3731
-3.8687,23.3078
-3.9114,23.3517
-3.9591,23.4096
-3.9772,23.3774
-4.0432,23.4882
-4.0706,23.4829
-4.0891,23.4515
-4.1311,23.4886
-4.1672,23.5077
-4.2284,23.5974
-4.2889,23.6835
-4.3208,23.6880
-4.3539,23.6957
-4.3773,23.6765
-4.4150,23.6963
-4.4535,23.7175
-4.4611,23.6561
-4.4842,23.6366
-4.5198,23.6498
-4.5841,23.6570
-4.6956,23.8620
-4.7414,23.8977
-4.7930,23.9471
-4.8468,24.0009
-4.5589,5.4182
-4.4879,5.5252
-4.4277,5.6043
-4.3074,5.7682
-4.1972,5.9944
-4.1197,6.1314
-4.0759,6.1744
-3.9934,6.3310
-3.8845,6.5685
-2.5294,8.7892
-2.4989,8.8384
-2.4552,8.9461
-2.4232,9.0054
-2.3746,9.0609
-2.3436,9.1205
-2.3119,9.1852
-2.2806,9.2499
-2.2498,9.3148
-2.2022,9.3814
-2.1723,9.4467
-2.1505,9.4729
-2.1261,9.5139
-2.1048,9.5403
-2.0818,9.5766
-2.0626,9.5933
-2.0457,9.5981
-2.0215,9.6443
-1.9988,9.6833
-1.9666,9.7790
-1.9324,9.8897
-1.9121,9.9217
-1.8744,9.9712
-1.8578,9.9837
-1.8427,9.9864
-1.8252,10.0056
-1.8066,10.0330
-1.7888,10.0556
-1.7559,10.0861
-1.7306,10.1669
-1.7169,10.1650
-1.6986,10.1979
-1.6829,10.2120
-1.6682,10.2192
-1.6422,10.2060
-1.5065,10.4782
-1.4937,10.4770
-1.4778,10.5106
-1.4656,10.5040
-1.4541,10.4880
-1.4378,10.5319
-1.4285,10.4860
-1.4215,10.4053

# FrameTime=1781596482.95, PointCount=479
4.6254,18.1961
4.6364,18.2262
4.6627,18.2659
4.6494,18.2815
4.6303,18.2935
4.6469,18.3517
4.6952,18.4063
4.7137,18.4424
4.6633,18.4347
4.5849,18.4087
4.5739,18.4257
4.5601,18.4652
4.5239,18.4656
4.4919,18.4686
4.4848,18.4882
4.4736,18.5050
4.4968,18.5451
4.5151,18.6070
4.5117,18.6295
4.5232,18.6625
4.3968,18.5990
4.3377,18.5820
4.3425,18.6099
4.4432,18.7065
4.2670,18.6295
4.2513,18.6426
4.1671,18.6056
4.1796,18.6391
4.2385,18.7074
4.1801,18.6887
4.1109,18.6860
4.0752,18.6834
4.0633,18.6990
4.0927,18.7462
4.1422,18.8095
4.1221,18.8191
4.0701,18.8287
4.0070,18.8038
3.9440,18.7785
3.9630,18.8187
3.9624,18.8433
3.9966,18.8964
3.9408,18.9015
4.2566,19.1888
3.9196,18.9349
3.8649,18.9146
3.8523,18.9294
3.8946,18.9909
4.0551,19.1540
3.9032,19.0502
3.8827,19.0586
3.8057,19.0178
3.7290,18.9766
3.6900,18.9680
3.6997,19.0022
3.7525,19.0750
3.6741,19.0310
3.6390,19.0252
3.6187,19.0327
3.6411,19.0791
3.6076,19.0745
3.5836,19.0784
3.5852,19.1061
3.6956,19.2628
3.6458,19.2428
3.5325,19.1620
3.4508,19.1103
3.4197,19.1066
3.4245,19.1375
3.3624,19.1296
3.3492,19.1430
3.3289,19.1493
3.3086,19.1555
3.3059,19.1794
3.2996,19.1997
3.2903,19.2439
3.2455,19.2248
3.2077,19.2127
3.1978,19.2292
3.1912,19.2493
3.2085,19.2948
3.4160,19.5425
3.2631,19.4081
3.2646,19.4378
3.1452,19.3371
3.1179,19.3351
3.0940,19.3367
3.0734,19.3419
3.0730,19.3692
3.0552,19.4054
3.0295,19.4047
3.0089,19.4096
2.9883,19.4144
2.9514,19.4003
2.9112,19.3823
2.8963,19.4215
2.8855,19.4373
2.8714,19.4492
2.8733,19.4802
2.8367,19.4653
2.8066,19.4579
2.7845,19.4890
2.7703,19.5006
2.7749,19.5355
2.7745,19.5647
2.7569,19.5724
2.7316,19.5702
2.7279,19.5954
2.7025,19.5932
2.6849,19.6006
2.6611,19.6001
2.6283,19.5877
2.6259,19.6147
2.6415,19.6656
2.6493,19.7067
2.6389,19.7551
2.5598,19.6801
2.5479,19.6951
2.5301,19.7020
2.5005,19.6927
2.4872,19.7056
2.4515,19.7189
2.4395,19.7336
2.4418,19.7687
2.4482,19.8100
2.4030,19.7776
2.3850,19.7840
2.3968,19.8335
2.3463,19.7925
2.3227,19.7904
2.3131,19.8089
2.2951,19.8150
2.2799,19.8252
2.2591,19.8270
2.2809,19.8934
2.2231,19.8387
2.2024,19.8403
2.1871,19.8502
2.1771,19.8684
2.1725,19.8951
2.1810,19.9429
2.1853,19.9845
2.1286,19.9286
2.1130,19.9383
2.1184,19.9820
2.1170,20.0150
2.0947,20.0140
2.0685,20.0065
2.0463,20.0052
2.0121,20.0197
1.9988,20.0333
1.9666,20.0146
1.9670,20.0519
1.9262,20.0177
1.8979,20.0051
1.8908,20.0666
1.8602,20.0493
1.8686,20.1019
1.8959,20.1896
1.8214,20.1307
1.8325,20.1900
1.7961,20.1614
1.7728,20.1568
1.7496,20.1522
1.7426,20.1784
1.7286,20.1914
1.7168,20.2087
1.6891,20.1949
1.6563,20.2116
1.6197,20.1797
1.6079,20.1968
1.6269,20.2765
1.6212,20.3071
1.5958,20.2973
1.5430,20.2728
1.5179,20.2627
1.5141,20.2977
1.5175,20.3485
1.5028,20.3608
1.4807,20.3573
1.4649,20.3673
1.4511,20.3818
1.4239,20.3667
1.4091,20.3788
1.3922,20.3863
1.3772,20.3983
1.3623,20.4103
1.3472,20.4223
1.3151,20.4415
1.3018,20.4579
1.2905,20.4789
1.2771,20.4953
1.2703,20.5279
1.2425,20.5095
1.2023,20.5096
1.1740,20.4886
1.1622,20.5094
1.1467,20.5208
1.1258,20.5182
1.1245,20.5668
1.1071,20.6268
1.0703,20.5820
1.0717,20.6400
1.0318,20.5855
0.9904,20.5262
0.9680,20.5184
1.0319,20.7529
0.9217,20.4977
0.9225,20.5556
0.9409,20.6655
0.9167,20.6527
0.9262,20.7392
0.9186,20.7762
0.9021,20.7870
0.9018,20.8473
0.8340,20.7014
0.8085,20.6834
0.8073,20.7414
0.8059,20.7995
0.7877,20.8052
0.7739,20.8252
0.7013,20.7169
0.6762,20.6983
0.6697,20.7419
0.6601,20.7760
0.6844,20.9278
0.6472,20.8681
0.6165,20.9004
0.5994,20.9103
0.5894,20.9465
0.5772,20.9756
0.5470,20.9372
0.5462,21.0097
0.5105,21.0271
0.4983,21.0582
0.4600,20.9855
0.4412,20.9902
0.4201,20.9851
0.3862,20.9265
0.3792,20.9795
0.3485,21.0175
0.3241,20.9975
0.3042,20.9969
0.3006,21.0693
0.2919,21.1202
0.2749,21.1342
0.2287,21.1053
0.2147,21.1337
0.1945,21.1327
0.1753,21.1366
0.1552,21.1355
0.1360,21.1392
0.1352,21.2391
0.0985,21.1515
0.0793,21.1551
0.0529,21.1193
0.0443,21.1817
0.0319,21.2245
0.0362,21.3656
0.0118,21.3426
-0.0390,21.2801
-0.0670,21.2309
-0.0911,21.2044
-0.1120,21.1975
-0.1284,21.2202
-0.1456,21.2380
-0.1825,21.2584
-0.1925,21.3304
-0.2105,21.3461
-0.2290,21.3586
-0.2495,21.3563
-0.2637,21.4034
-0.2843,21.4010
-0.3076,21.3755
-0.3281,21.3729
-0.3423,21.4248
-0.3558,21.4866
-0.3751,21.4970
-0.3928,21.5240
-0.4136,21.5212
-0.4397,21.4653
-0.4562,21.5053
-0.4802,21.4674
-0.5011,21.4611
-0.5234,21.4380
-0.5418,21.4596
-0.5563,21.5309
-0.5922,21.5988
-0.6185,21.5206
-0.6361,21.5619
-0.6605,21.5035
-0.6792,21.5297
-0.6996,21.5309
-0.7400,21.5382
-0.7604,21.5393
-0.7806,21.5453
-0.8016,21.5313
-0.8212,21.5521
-0.8404,21.5829
-0.8536,21.7918
-0.8789,21.6642
-0.8983,21.7097
-0.9200,21.6804
-0.9386,21.7743
-0.9601,21.7562
-0.9816,21.7317
-1.0025,21.7370
-1.0440,21.7824
-1.0651,21.7861
-1.0862,21.8012
-1.1074,21.7427
-1.1284,21.7676
-1.1496,21.7875
-1.1923,21.8171
-1.2139,21.8417
-1.2355,21.8613
-1.2580,21.9108
-1.2787,21.8804
-1.3004,21.8898
-1.3424,21.8636
-1.3649,21.8928
-1.3873,21.9169
-1.4099,21.9410
-1.4319,21.9500
-1.4526,21.9290
-1.4772,21.9878
-1.5190,21.9555
-1.5448,22.0240
-1.1284,15.1251
-1.5917,22.0700
-1.6145,22.0795
-1.6441,22.1825
-1.6797,22.0647
-1.7012,22.0579
-1.7287,22.1208
-1.7547,22.1636
-1.7819,22.2155
-1.8038,22.2084
-1.8247,22.1914
-1.8591,22.3093
-1.8771,22.2615
-1.9002,22.2649
-1.9250,22.2824
-1.9476,22.2799
-1.9685,22.2624
-1.9968,22.3086
-2.0172,22.2868
-2.0441,22.3188
-2.0712,22.3506
-2.0934,22.3427
-2.1175,22.3496
-2.1470,22.3954
-2.1734,22.4170
-2.2230,22.4351
-2.2497,22.4565
-2.2744,22.4634
-2.2915,22.4204
-2.3207,22.4562
-2.3415,22.4378
-2.3917,22.4548
-2.4174,22.4657
-2.4431,22.4765
-2.4697,22.4921
-2.4956,22.5027
-2.5252,22.5329
-2.5767,22.6806
-2.5700,22.5144
-2.5990,22.5394
-2.6195,22.5202
-2.6418,22.5107
-2.6996,22.6774
-2.7464,22.7851
-2.7816,22.8339
-2.7936,22.7702
-2.7978,22.6723
-2.8279,22.6965
-2.8507,22.6864
-2.8756,22.6860
-2.9049,22.7050
-2.9422,22.7580
-3.0120,22.8391
-3.0561,22.9161
-3.0676,22.8567
-3.0967,22.8701
-3.1247,22.8787
-3.1686,22.9500
-3.2277,22.9762
-3.2688,23.0326
-3.2989,23.0458
-3.3225,23.0343
-3.3407,23.0031
-3.3615,22.9819
-3.4691,23.2742
-3.5421,23.3368
-3.5555,23.2862
-3.6048,23.3604
-3.6219,23.3232
-3.6448,23.3061
-3.6604,23.2649
-3.7174,23.2685
-3.7385,23.2464
-3.8013,23.3575
-3.8256,23.3447
-3.8696,23.3935
-3.9420,23.5289
-3.9505,23.3778
-3.9874,23.4023
-4.0070,23.3747
-4.0622,23.4522
-4.1025,23.4847
-4.1336,23.4898
-4.2048,23.6093
-4.2226,23.5750
-4.2798,23.6517
-4.3166,23.6704
-4.3531,23.6874
-4.3851,23.6917
-4.4298,23.7302
-4.4422,23.6812
-4.4851,23.6330
-4.5171,23.6368
-4.5600,23.6684
-4.6674,23.8644
-4.7113,23.8956
-4.7590,23.9358
-4.8235,23.9369
-4.9052,23.9791
-4.9606,23.9561
-4.5639,5.3864
-4.4894,5.5028
-4.4292,5.5820
-4.3459,5.7273
-4.2300,5.9672
-4.1179,6.1185
-4.0740,6.1615
-4.0013,6.2897
-3.8859,6.5462
-2.5286,8.7717
-2.5004,8.8112
-2.4578,8.9140
-2.4236,8.9830
-2.3920,9.0424
-2.3438,9.0981
-2.3121,9.1628
-2.2818,9.2227
-2.2498,9.2924
-2.2193,9.3575
-2.1882,9.4276
-2.1634,9.4684
-2.1547,9.4291
-2.1222,9.5111
-2.1008,9.5375
-2.0806,9.5591
-2.0587,9.5906
-2.0347,9.6345
-1.9954,9.6781
-1.9619,9.7812
-1.9286,9.8870
-1.9058,9.9338
-1.8849,9.9708
-1.8659,9.9981
-1.8386,9.9854
-1.8206,10.0078
-1.8015,10.0386
-1.7836,10.0628
-1.7585,10.1384
-1.7413,10.1611
-1.7138,10.1574
-1.6923,10.2150
-1.6779,10.2193
-1.6668,10.1978
-1.6527,10.2000
-1.5157,10.4768
-1.4905,10.4694
-1.4751,10.4981
-1.4628,10.4915
-1.4480,10.5154
-1.4431,10.4147
-1.4219,10.5234

# FrameTime=1781596483.04, PointCount=475
4.6131,18.1895
4.6710,18.2481
4.6632,18.2671
4.7222,18.3271
4.6547,18.3095
4.6370,18.3224
4.6770,18.3715
4.7083,18.4154
4.7057,18.4382
4.6385,18.4197
4.6457,18.4487
4.5702,18.4242
4.5591,18.4412
4.5647,18.4691
4.5009,18.4513
4.4840,18.4643
4.4744,18.4821
4.4312,18.5015
4.4735,18.5547
4.5430,18.6270
4.4218,18.5682
4.4704,18.6265
4.3932,18.5973
4.3104,18.5880
4.3395,18.6332
4.3953,18.6980
4.2473,18.6160
4.2316,18.6291
4.1676,18.6068
4.4118,18.8112
4.1964,18.6770
4.2246,18.7227
4.1648,18.7027
4.0954,18.6751
4.0677,18.6786
4.0638,18.7001
4.0892,18.7443
4.1305,18.8264
4.0986,18.8267
4.0252,18.7940
3.9996,18.7987
3.9562,18.7891
3.9596,18.8168
3.9584,18.8660
4.0040,18.9287
3.9374,18.8995
4.2417,19.1772
3.8855,18.9072
3.8615,18.9125
3.8860,18.9843
3.8862,19.0103
3.9339,19.0774
3.8680,19.0467
3.7760,18.9928
3.7257,18.9745
3.7676,19.0371
3.6778,18.9835
3.6874,19.0178
3.6746,19.0322
3.6617,19.0465
3.6562,19.0675
3.6416,19.0802
3.6433,19.1080
3.5951,19.0898
3.5841,19.1058
3.5835,19.1316
3.7143,19.2812
3.5918,19.1925
3.4969,19.1288
3.4368,19.0976
3.4178,19.1318
3.4011,19.1418
3.3772,19.1448
3.3497,19.1442
3.3188,19.1400
3.3091,19.1567
3.3036,19.2044
3.3147,19.2426
3.3257,19.2808
3.2633,19.2439
3.2151,19.2211
3.2017,19.2340
3.2089,19.2686
3.2364,19.3525
3.3235,19.4733
3.2276,19.3987
3.1457,19.3383
3.1150,19.3327
3.0911,19.3342
3.0601,19.3556
3.0630,19.3867
3.0557,19.4066
3.0234,19.3985
3.0028,19.4033
2.9790,19.4044
2.9346,19.4099
2.8945,19.3917
2.9000,19.4265
2.8860,19.4384
2.8751,19.4542
2.8770,19.4852
2.9573,19.6104
2.8262,19.4821
2.7961,19.4746
2.7945,19.5018
2.7897,19.5251
2.7848,19.5484
2.7750,19.5658
2.7543,19.5696
2.7414,19.5832
2.7207,19.5868
2.7000,19.5904
2.6793,19.5939
2.6494,19.5855
2.6288,19.5889
2.6324,19.6238
2.6362,19.6900
2.6469,19.7351
2.6394,19.7563
2.5603,19.6813
2.5544,19.7043
2.5277,19.6992
2.4832,19.7006
2.4698,19.7134
2.4578,19.7282
2.4371,19.7307
2.4307,19.7536
2.4487,19.8112
2.4335,19.8218
2.3798,19.7770
2.3562,19.7750
2.3580,19.8101
2.3204,19.7874
2.3136,19.8101
2.2984,19.8203
2.2776,19.8222
2.2444,19.8382
2.2236,19.8399
2.2029,19.8415
2.1876,19.8514
2.1749,19.8654
2.1622,19.8795
2.1606,19.9455
2.1318,19.9341
2.1057,19.9268
2.1385,20.0151
2.1149,20.0120
2.0952,20.0152
2.0584,20.0257
2.0361,20.0244
2.0215,20.0360
1.9930,20.0238
1.9671,20.0158
1.9700,20.0574
1.9242,20.0146
1.8999,20.0457
1.8889,20.0634
1.8534,20.0374
1.8860,20.1337
1.8735,20.1492
1.8477,20.1406
1.7963,20.1231
1.7825,20.1362
1.7546,20.1227
1.7478,20.1490
1.7362,20.1663
1.7245,20.1837
1.6964,20.2094
1.6754,20.2089
1.6545,20.2083
1.6135,20.1675
1.6239,20.2292
1.6362,20.2956
1.7306,20.5305
1.5985,20.3030
1.5796,20.3065
1.5392,20.2650
1.5162,20.2594
1.5210,20.3124
1.5201,20.3542
1.5033,20.3620
1.4791,20.3539
1.4633,20.3639
1.4433,20.3648
1.4326,20.3861
1.4116,20.3845
1.3947,20.3920
1.3797,20.4041
1.3457,20.4189
1.3307,20.4308
1.3156,20.4427
1.3023,20.4591
1.2909,20.4801
1.2775,20.4965
1.2524,20.5338
1.2238,20.5131
1.2047,20.5154
1.1837,20.5130
1.1663,20.5199
1.1617,20.5592
1.1089,20.5261
1.1022,20.5607
1.1155,20.6492
1.0725,20.5878
1.0636,20.6178
1.0305,20.5820
0.9841,20.5086
0.9545,20.5351
0.9222,20.4989
0.9345,20.5898
0.9333,20.6431
0.9269,20.6823
0.9283,20.7451
0.9041,20.7929
0.8797,20.7799
0.8237,20.6693
0.8166,20.7083
0.8109,20.7521
0.8199,20.8436
0.7744,20.8264
0.7489,20.8081
0.7003,20.7133
0.6767,20.6995
0.6730,20.7527
0.6662,20.7964
0.6876,20.9386
0.6307,20.8793
0.6143,20.8919
0.6012,20.9163
0.5919,20.9552
0.5712,20.9527
0.5513,20.9529
0.5298,21.0234
0.5172,21.0525
0.4988,21.0594
0.4689,21.0206
0.4441,21.0010
0.4182,20.9766
0.4201,21.0664
0.3669,20.9273
0.3609,20.9851
0.3445,20.9992
0.3235,20.9938
0.3036,20.9932
0.3011,21.0705
0.2945,21.1312
0.2572,21.1444
0.2302,21.1113
0.2152,21.1349
0.1950,21.1339
0.1758,21.1378
0.1566,21.1416
0.1173,21.1441
0.0999,21.1576
0.0762,21.1366
0.0552,21.1303
0.0439,21.1780
0.0367,21.2503
0.0593,21.4980
0.0185,21.3801
-0.0116,21.3224
-0.0393,21.2763
-0.0673,21.2272
-0.0914,21.2007
-0.1108,21.2037
-0.1036,21.3825
-0.1481,21.2194
-0.1646,21.2420
-0.1813,21.2646
-0.1888,21.3544
-0.2093,21.3522
-0.2285,21.3598
-0.2464,21.3773
-0.2850,21.3922
-0.3071,21.3767
-0.3264,21.3840
-0.3418,21.4260
-0.3663,21.3885
-0.3725,21.5181
-0.4150,21.5042
-0.4411,21.4466
-0.4571,21.4915
-0.4797,21.4685
-0.5010,21.4573
-0.5216,21.4541
-0.5302,21.5935
-0.5611,21.4674
-0.5743,21.5586
-0.5914,21.6050
-0.6166,21.5417
-0.6370,21.5432
-0.6603,21.4997
-0.6784,21.5359
-0.7194,21.5333
-0.7393,21.5444
-0.7597,21.5455
-0.7798,21.5515
-0.8007,21.5424
-0.8207,21.5533
-0.8603,21.5898
-0.8779,21.6803
-0.8981,21.7009
-0.9190,21.7015
-0.9380,21.7804
-0.9596,21.7574
-1.0020,21.7332
-1.0230,21.7335
-1.0434,21.8021
-1.0646,21.7873
-1.0857,21.8074
-1.1069,21.7489
-1.1050,15.1270
-1.1704,21.8035
-1.1919,21.8282
-1.2136,21.8579
-1.2349,21.8526
-1.2575,21.9120
-1.2786,21.8966
-1.3215,21.8954
-1.3423,21.8747
-1.3646,21.8989
-1.3868,21.9181
-1.4094,21.9421
-1.4312,21.9462
-1.4571,22.0338
-1.4739,21.9341
-1.4979,21.9778
-1.5185,21.9567
-1.5437,22.0152
-1.5687,22.0637
-1.5919,22.0811
-1.6140,22.0807
-1.6651,22.1721
-1.6788,22.0609
-1.7020,22.0740
-1.7282,22.1220
-1.7551,22.1748
-1.7809,22.2117
-1.8247,22.1975
-1.8476,22.2003
-1.8786,22.2826
-1.9040,22.3058
-1.9261,22.2984
-1.9476,22.2860
-1.9685,22.2686
-2.0161,22.2831
-2.0436,22.3199
-2.0701,22.3468
-2.0948,22.3587
-2.1215,22.3848
-2.1472,22.4015
-2.1966,22.4199
-2.2239,22.4462
-2.2507,22.4676
-2.2732,22.4597
-2.2918,22.4265
-2.3202,22.4574
-2.3649,22.4401
-2.3921,22.4610
-2.4169,22.4669
-2.4434,22.4826
-2.4693,22.4933
-2.4951,22.5039
-2.5497,22.6714
-2.5453,22.5151
-2.5714,22.5254
-2.5985,22.5406
-2.6180,22.5165
-2.6433,22.5217
-2.7040,22.7031
-2.7479,22.7960
-2.7859,22.7372
-2.7973,22.6735
-2.8285,22.7026
-2.8524,22.6973
-2.8773,22.6969
-2.9044,22.7062
-2.9657,22.7536
-3.0092,22.8306
-3.0544,22.9125
-3.0753,22.8918
-3.0950,22.8665
-3.1242,22.8798
-3.2047,23.0969
-3.1951,22.9547
-3.2297,22.9870
-3.2721,23.0483
-3.2958,23.0373
-3.3233,23.0403
-3.3363,22.9898
-3.3884,22.9859
-3.4942,23.2682
-3.5252,23.2802
-3.5619,23.3114
-3.6140,23.3952
-3.6144,23.3005
-3.6443,23.3073
-3.6869,23.2632
-3.7125,23.2554
-3.7410,23.2571
-3.8023,23.3635
-3.8236,23.3411
-3.9304,23.5862
-3.9710,23.5310
-3.9547,23.3932
-3.9854,23.3988
-4.0097,23.3854
-4.0601,23.4486
-4.1004,23.4811
-4.1761,23.6150
-4.1561,23.4724
-4.2271,23.5904
-4.2843,23.6670
-4.3212,23.6857
-4.3560,23.6980
-4.3846,23.6929
-4.4328,23.7407
-4.4668,23.6677
-4.4846,23.6342
-4.5149,23.6333
-4.5595,23.6696
-4.6578,23.8423
-4.7089,23.8921
-4.7585,23.9370
-4.8305,23.9566
-4.9639,23.9666
-4.5582,5.4016
-4.5009,5.4711
-4.4305,5.5785
-4.3607,5.6861
-4.2496,5.9119
-4.1499,6.1099
-4.0654,6.1863
-4.0024,6.2862
-3.8870,6.5427
-2.5507,8.7578
-2.4988,8.8172
-2.4652,8.8812
-2.4253,8.9744
-2.3926,9.0387
-2.3613,9.0982
-2.3305,9.1579
-2.2834,9.2141
-2.2524,9.2790
-2.2208,9.3489
-2.1897,9.4190
-2.1619,9.4745
-2.1383,9.5105
-2.1003,9.5387
-2.0792,9.5652
-2.0586,9.5895
-2.0351,9.6308
-2.0092,9.6869
-1.9763,9.7850
-1.9281,9.8881
-1.9045,9.9399
-1.8836,9.9769
-1.8685,9.9795
-1.8488,10.0118
-1.8343,10.0112
-1.8015,10.0364
-1.7831,10.0639
-1.7642,10.0964
-1.7401,10.1673
-1.7257,10.1703
-1.7054,10.2180
-1.6762,10.2304
-1.6669,10.1941
-1.6522,10.2012
-1.5028,10.4718
-1.4883,10.4900
-1.4759,10.4838
-1.4627,10.4879
-1.4483,10.5066
-1.4341,10.5255

# FrameTime=1781596483.15, PointCount=472
4.6209,18.1964
4.6746,18.2524
4.6625,18.2688
4.7257,18.3315
4.6455,18.3059
4.6321,18.3215
4.6763,18.3732
4.7076,18.4172
4.7008,18.4372
4.6294,18.4160
4.5653,18.4232
4.5626,18.4456
4.5613,18.4691
4.5043,18.4558
4.4792,18.4632
4.4778,18.4866
4.4264,18.5004
4.4769,18.5592
4.5464,18.6315
4.4375,18.5812
4.4778,18.6339
4.3925,18.5990
4.3056,18.5868
4.3428,18.6378
4.3905,18.6968
4.2466,18.6178
4.2269,18.6279
4.1669,18.6085
4.2035,18.6598
4.2023,18.7083
4.1641,18.7044
4.0867,18.6708
4.0670,18.6803
4.0631,18.7019
4.0885,18.7460
4.1219,18.8220
4.1034,18.8327
4.0323,18.8019
3.9950,18.7973
3.9477,18.7845
3.9589,18.8185
3.9538,18.8646
3.9994,18.9272
3.9444,18.9075
4.2333,19.1726
3.8848,18.9089
3.8608,18.9142
3.9056,18.9775
4.2445,19.2913
3.8817,19.0088
3.9294,19.0758
3.8673,19.0485
3.7716,18.9912
3.7212,18.9729
3.6898,18.9709
3.6905,19.0228
3.6627,19.0239
3.6388,19.0281
3.6481,19.0625
3.6482,19.0887
3.6111,19.0808
3.5850,19.1090
3.5828,19.1333
3.7173,19.2863
3.5911,19.1942
3.4962,19.1305
3.4361,19.0994
3.4207,19.1370
3.4004,19.1435
3.3729,19.1430
3.3455,19.1424
3.3146,19.1381
3.3014,19.1514
3.3029,19.2061
3.3175,19.2478
3.3389,19.2968
3.2696,19.2528
3.2179,19.2264
3.2079,19.2429
3.2220,19.2848
3.2494,19.3688
3.3331,19.4860
3.2235,19.3968
3.1484,19.3437
3.1177,19.3380
3.0904,19.3359
3.0561,19.3536
3.0623,19.3884
3.0516,19.4046
3.0260,19.4039
3.0054,19.4088
2.9815,19.4098
2.9306,19.4078
2.8906,19.3896
2.8961,19.4244
2.8853,19.4402
2.8776,19.4597
2.8731,19.4831
2.9598,19.6159
2.8255,19.4839
2.7954,19.4764
2.7907,19.4996
2.7890,19.5268
2.7841,19.5501
2.7743,19.5676
2.7599,19.5792
2.7407,19.5849
2.7200,19.5885
2.6962,19.5882
2.6786,19.5957
2.6487,19.5873
2.6250,19.5866
2.6317,19.6255
2.6355,19.6917
2.6432,19.7329
2.6446,19.7660
2.5566,19.6790
2.5537,19.7060
2.5240,19.6968
2.4796,19.6983
2.4720,19.7192
2.4542,19.7258
2.4335,19.7284
2.4271,19.7512
2.4508,19.8170
2.4327,19.8235
2.3791,19.7787
2.3584,19.7809
2.3545,19.8077
2.3225,19.7933
2.3129,19.8118
2.2977,19.8221
2.2769,19.8239
2.2437,19.8400
2.2229,19.8416
2.2049,19.8474
2.1869,19.8531
2.1742,19.8671
2.1615,19.8812
2.1625,19.9514
2.1337,19.9400
2.1076,19.9327
2.1378,20.0168
2.1141,20.0137
2.0919,20.0126
2.0576,20.0274
2.0379,20.0304
2.0234,20.0420
1.9974,20.0342
1.9664,20.0175
1.9718,20.0634
1.9235,20.0163
1.9041,20.0561
1.8882,20.0651
1.8551,20.0435
1.8853,20.1354
1.8728,20.1509
1.8470,20.1423
1.7932,20.1204
1.7818,20.1379
1.7539,20.1245
1.7471,20.1507
1.7355,20.1680
1.7261,20.1898
1.6957,20.2112
1.6725,20.2062
1.6516,20.2056
1.6128,20.1692
1.6277,20.2399
1.6355,20.2973
1.7321,20.5367
1.6000,20.3092
1.5768,20.3038
1.5385,20.2667
1.5155,20.2611
1.5202,20.3141
1.5152,20.3468
1.5047,20.3683
1.4784,20.3557
1.4626,20.3656
1.4426,20.3665
1.4299,20.3832
1.4109,20.3862
1.3919,20.3892
1.3790,20.4058
1.3450,20.4206
1.3319,20.4371
1.3168,20.4490
1.3036,20.4654
1.2922,20.4864
1.2768,20.4982
1.2555,20.5448
1.2269,20.5241
1.2058,20.5217
1.1848,20.5194
1.1675,20.5262
1.1483,20.5283
1.1607,20.6120
1.1171,20.5511
1.1121,20.5904
1.1121,20.6438
1.0718,20.5896
1.0663,20.6289
1.0247,20.5697
0.9868,20.5197
0.9555,20.5416
0.9232,20.5053
0.9207,20.5538
0.9375,20.6590
0.9278,20.6887
0.9260,20.7421
0.9003,20.7851
0.8759,20.7721
0.8245,20.6758
0.8144,20.7053
0.8102,20.7538
0.8177,20.8405
0.7737,20.8281
0.7511,20.8194
0.6982,20.7102
0.6774,20.7060
0.6694,20.7448
0.6655,20.7981
0.6869,20.9404
0.6313,20.8858
0.6136,20.8936
0.5978,20.9084
0.5899,20.9521
0.5705,20.9544
0.5519,20.9594
0.5259,21.0127
0.5140,21.0446
0.4981,21.0611
0.4670,21.0175
0.4422,20.9979
0.4163,20.9734
0.3871,20.9343
0.3614,20.9917
0.3438,21.0009
0.3239,21.0004
0.3029,20.9949
0.3004,21.0722
0.2938,21.1329
0.2575,21.1510
0.2295,21.1131
0.2145,21.1366
0.1943,21.1356
0.1751,21.1395
0.1559,21.1433
0.1175,21.1507
0.1002,21.1642
0.0755,21.1383
0.0545,21.1320
0.0441,21.1846
0.0377,21.2618
0.0586,21.4997
0.0194,21.3916
-0.0115,21.3290
-0.0392,21.2830
-0.0672,21.2338
-0.0921,21.2024
-0.1107,21.2103
-0.1301,21.2133
-0.1661,21.2388
-0.1820,21.2663
-0.1895,21.3562
-0.2100,21.3539
-0.2292,21.3615
-0.2471,21.3790
-0.2857,21.3939
-0.3084,21.3734
-0.3271,21.3857
-0.3414,21.4376
-0.3664,21.3952
-0.3737,21.5148
-0.3935,21.5220
-0.4152,21.5109
-0.4419,21.4483
-0.4583,21.4883
-0.4799,21.4752
-0.5004,21.4739
-0.5223,21.4558
-0.5309,21.5952
-0.5614,21.4741
-0.5758,21.5504
-0.5921,21.6067
-0.6180,21.5335
-0.6387,21.5299
-0.6607,21.5064
-0.6791,21.5376
-0.7201,21.5350
-0.7400,21.5461
-0.7604,21.5472
-0.7803,21.5582
-0.8016,21.5392
-0.8212,21.5600
-0.8342,21.7539
-0.8610,21.5915
-0.8786,21.6820
-0.8987,21.7076
-0.9197,21.7032
-0.9387,21.7822
-0.9604,21.7541
-1.0027,21.7399
-1.0237,21.7352
-1.0442,21.7853
-1.0654,21.7840
-1.0864,21.8091
-1.1076,21.7556
-1.1286,21.7656
-1.1711,21.8052
-1.1926,21.8300
-1.2141,21.8446
-1.1115,15.1336
-1.2583,21.9187
-1.2793,21.8983
-1.3221,21.8921
-1.3427,21.8665
-1.3651,21.8957
-1.3873,21.9148
-1.4099,21.9389
-1.4317,21.9429
-1.4531,21.9369
-1.4984,21.9746
-1.5195,21.9634
-1.5444,22.0169
-1.5694,22.0654
-1.5926,22.0828
-1.6147,22.0824
-1.6662,22.1788
-1.6795,22.0626
-1.7023,22.0708
-1.7301,22.1386
-1.7562,22.1815
-1.7821,22.2184
-1.8254,22.1992
-1.8483,22.2020
-1.8783,22.2743
-1.9041,22.3026
-1.9257,22.2902
-1.9472,22.2778
-1.9687,22.2653
-2.0174,22.2897
-2.0437,22.3167
-2.0695,22.3386
-2.0923,22.3357
-2.1190,22.3624
-2.1479,22.4032
-2.1973,22.4216
-2.2239,22.4430
-2.2514,22.4693
-2.2754,22.4712
-2.2932,22.4332
-2.3225,22.4690
-2.3654,22.5882
-2.3656,22.4419
-2.3936,22.4676
-2.4184,22.4735
-2.4442,22.4843
-2.4700,22.4950
-2.4967,22.5105
-2.5227,22.5211
-2.5712,22.5222
-2.5982,22.5374
-2.6178,22.5133
-2.6450,22.5283
-2.7018,22.6901
-2.7486,22.7978
-2.7897,22.7536
-2.7970,22.6703
-2.8281,22.6994
-2.8531,22.6991
-2.8780,22.6986
-2.9074,22.7176
-2.9748,22.9022
-2.9676,22.7602
-3.0077,22.8226
-3.0563,22.9190
-3.0772,22.8984
-3.0969,22.8730
-3.1249,22.8816
-3.2066,23.1035
-3.1958,22.9564
-3.2304,22.9887
-3.2716,23.0451
-3.2978,23.0438
-3.3240,23.0420
-3.3383,22.9964
-3.3631,22.9896
-3.4936,23.2651
-3.5246,23.2771
-3.5584,23.2987
-3.6147,23.3969
-3.6207,23.3214
-3.6450,23.3090
-3.6925,23.3740
-3.6876,23.2649
-3.7117,23.2523
-3.7431,23.2636
-3.8030,23.3652
-3.8243,23.3428
-3.9296,23.5831
-3.9438,23.5365
-3.9538,23.3902
-3.9829,23.3910
-4.0152,23.4013
-4.0592,23.4456
-4.1027,23.4876
-4.1719,23.6025
-4.1551,23.4694
-4.2278,23.5921
-4.2833,23.6640
-4.3231,23.6906
-4.3533,23.6903
-4.3853,23.6946
-4.4318,23.7378
-4.4657,23.6647
-4.4871,23.6406
-4.5174,23.6397
-4.5602,23.6713
-4.6658,23.8627
-4.7097,23.8938
-4.7574,23.9341
-4.8256,23.9444
-4.5016,5.4728
-4.4243,5.5990
-4.3445,5.7349
-4.2520,5.9089
-4.1573,6.0928
-4.0967,6.1828
-4.0063,6.2785
-3.8845,6.5538
-2.5515,8.7595
-2.5173,8.8231
-2.4846,8.8821
-2.4249,8.9810
-2.3977,9.0209
-2.3653,9.0853
-2.3355,9.1401
-2.3038,9.2047
-2.2541,9.2758
-2.2215,9.3506
-2.1904,9.4207
-2.1636,9.4713
-2.1381,9.5171
-2.1157,9.5483
-2.0789,9.5718
-2.0580,9.5984
-2.0349,9.6374
-2.0090,9.6935
-1.9761,9.7916
-1.9408,9.9071
-1.9036,9.9514
-1.8827,9.9885
-1.8669,9.9960
-1.8511,10.0036
-1.8343,10.0178
-1.8156,10.0452
-1.7790,10.0988
-1.7560,10.1610
-1.7401,10.1739
-1.7257,10.1770
-1.7074,10.2098
-1.6892,10.2437
-1.6623,10.2392
-1.6535,10.1979
-1.5027,10.4831
-1.4894,10.4869
-1.4762,10.4911
-1.4639,10.4845
-1.4495,10.5033
-1.4348,10.5272

# FrameTime=1781596483.24, PointCount=477
4.6295,18.2024
4.6362,18.2299
4.6625,18.2696
4.6562,18.2895
4.6386,18.3025
4.7197,18.3769
4.6510,18.3581
4.6908,18.4074
4.7093,18.4435
4.6631,18.4385
4.5848,18.4124
4.5738,18.4295
4.5836,18.4602
4.5321,18.4749
4.4917,18.4724
4.4805,18.4892
4.4651,18.5031
4.5132,18.5601
4.5059,18.5798
4.5115,18.6332
4.5436,18.6805
4.4048,18.6085
4.3417,18.5887
4.3342,18.6079
4.4553,18.7189
4.2750,18.6391
4.2552,18.6493
4.1710,18.6123
4.1754,18.6399
4.2504,18.7201
4.1760,18.6895
4.1225,18.6741
4.1761,18.7392
4.0710,18.6842
4.0513,18.6936
4.0965,18.7530
4.1500,18.8194
4.1102,18.8136
4.0406,18.7842
4.0186,18.8169
3.9556,18.7916
3.9551,18.8162
3.9584,18.8439
3.9926,18.8970
3.9647,18.8996
4.2372,19.1766
3.9348,18.9514
3.8647,18.9183
3.8484,18.9300
3.9135,19.0109
3.9083,19.0324
3.8863,19.0657
3.8168,19.0314
3.7363,18.9870
3.6899,18.9718
3.6996,19.0060
3.6868,19.0204
3.7765,19.1267
3.6388,19.0290
3.6223,19.0398
3.6409,19.0828
3.6148,19.0850
3.5835,19.0822
3.5851,19.1098
3.6996,19.2433
3.6638,19.2638
3.5468,19.1796
3.4542,19.1175
3.4195,19.1104
3.4315,19.1482
3.3825,19.1270
3.3526,19.1503
3.3288,19.1531
3.3191,19.1699
3.3164,19.1938
3.3030,19.2070
3.3211,19.2523
3.2523,19.2357
3.2180,19.2272
3.2011,19.2366
3.2082,19.2712
3.2256,19.3167
3.2632,19.3842
3.2712,19.4489
3.1485,19.3446
3.1177,19.3389
3.0938,19.3405
3.0733,19.3457
3.0662,19.3656
3.0657,19.3930
3.0666,19.4222
3.0327,19.4122
3.0121,19.4171
2.9882,19.4182
2.9545,19.4079
2.9111,19.3860
2.9037,19.4056
2.8853,19.4410
2.8712,19.4530
2.8764,19.4878
2.8397,19.4729
2.8096,19.4655
2.7986,19.4811
2.7733,19.5083
2.7778,19.5432
2.7760,19.5704
2.7568,19.5761
2.7345,19.5779
2.7200,19.5894
2.7564,19.6657
2.6848,19.6044
2.6610,19.6039
2.6281,19.5914
2.6257,19.6185
2.6413,19.6694
2.6642,19.7304
2.6537,19.7476
2.5597,19.6839
2.5448,19.6948
2.5329,19.7098
2.4945,19.6884
2.4855,19.7072
2.4692,19.7160
2.4422,19.7414
2.4416,19.7724
2.4538,19.8219
2.4057,19.7854
2.3877,19.7918
2.3613,19.7858
2.3197,19.7900
2.3130,19.8127
2.3005,19.8271
2.2825,19.8331
2.2617,19.8349
2.2382,19.8325
2.2735,19.9198
2.1995,19.8399
2.1869,19.8540
2.1770,19.8722
2.1696,19.8947
2.1782,19.9425
2.1440,19.9227
2.1906,20.0320
2.1155,19.9463
2.1025,19.9602
2.1168,20.0188
2.0971,20.0220
2.0735,20.0188
2.0590,20.0304
2.0303,20.0184
1.9936,20.0285
1.9640,20.0141
1.9731,20.0665
1.9285,20.0258
1.8928,20.0002
1.9091,20.0657
1.8576,20.0487
1.8563,20.0838
1.8933,20.1890
1.8878,20.2177
1.8284,20.1476
1.8004,20.1344
1.7983,20.1695
1.7401,20.1383
1.7425,20.1822
1.7285,20.1951
1.7167,20.2125
1.6866,20.1942
1.6748,20.2115
1.6129,20.1700
1.6055,20.1960
1.6201,20.2668
1.6211,20.3109
1.5913,20.2921
1.5638,20.2776
1.5177,20.2665
1.5139,20.3014
1.5152,20.3477
1.5026,20.3646
1.4805,20.3611
1.4626,20.3665
1.4540,20.3924
1.4197,20.3613
1.4089,20.3825
1.3920,20.3901
1.3771,20.4021
1.3621,20.4141
1.3461,20.4238
1.3349,20.4449
1.3149,20.4452
1.3017,20.4617
1.2884,20.4781
1.2750,20.4945
1.2587,20.5039
1.2405,20.5086
1.2176,20.5018
1.1775,20.5017
1.1566,20.4992
1.1447,20.5199
1.1256,20.5220
1.1208,20.5613
1.1175,20.6053
1.0718,20.5904
1.0647,20.6250
1.0282,20.5799
0.9971,20.5487
0.9678,20.5221
0.9455,20.5142
1.0286,20.8055
0.9092,20.5217
0.9375,20.6598
0.9262,20.6848
0.9244,20.7382
0.9184,20.7800
0.9051,20.8002
0.8580,20.7183
0.8053,20.6777
0.8042,20.7357
0.7937,20.7652
0.7875,20.8090
0.7767,20.8385
0.7249,20.7343
0.6789,20.7117
0.6667,20.7361
0.6571,20.7702
0.6870,20.9412
0.6484,20.8766
0.6362,20.9037
0.5966,20.9044
0.5866,20.9406
0.5784,20.9842
0.5455,20.9361
0.5409,20.9942
0.5279,21.0212
0.5171,21.0571
0.4634,21.0038
0.4423,20.9988
0.4188,20.9840
0.3872,20.9351
0.3802,20.9881
0.3717,21.0363
0.3239,21.0013
0.3041,21.0006
0.3005,21.0731
0.2907,21.1191
0.2747,21.1379
0.2497,21.1148
0.2145,21.1375
0.1954,21.1414
0.1762,21.1452
0.1599,21.1638
0.1368,21.1479
0.1167,21.1467
0.1174,21.2564
0.0792,21.1588
0.0528,21.1230
0.0433,21.1806
0.0283,21.2086
0.0318,21.3448
0.0142,21.3611
-0.0188,21.2855
-0.0616,21.2692
-0.0920,21.2032
-0.1114,21.2062
-0.1300,21.2141
-0.1465,21.2368
-0.1631,21.2594
-0.1697,21.3542
-0.1967,21.3045
-0.2100,21.3548
-0.2292,21.3624
-0.2496,21.3600
-0.2638,21.4072
-0.2860,21.3917
-0.2996,21.4469
-0.3277,21.3816
-0.3436,21.4186
-0.3642,21.4159
-0.3747,21.5057
-0.3934,21.5228
-0.4171,21.4919
-0.4369,21.4989
-0.4808,21.4661
-0.5012,21.4648
-0.5231,21.4467
-0.5407,21.4783
-0.5569,21.5297
-0.5722,21.5960
-0.6187,21.5244
-0.6345,21.5906
-0.6580,21.5471
-0.6787,21.5434
-0.6991,21.5447
-0.7198,21.5409
-0.7336,21.6651
-0.7606,21.5431
-0.7809,21.5441
-0.8018,21.5350
-0.8217,21.5459
-0.8408,21.5816
-0.8592,21.6423
-0.8750,21.7912
-0.8985,21.7135
-0.9202,21.6841
-0.9388,21.7780
-0.9600,21.7700
-0.9819,21.7254
-1.0026,21.7408
-1.0233,21.7660
-1.0653,21.7799
-1.0864,21.7949
-1.1075,21.7465
-1.1286,21.7814
-1.1497,21.7713
-1.1713,21.8311
-1.1935,21.9094
-1.1102,15.1296
-1.2355,21.8551
-1.2579,21.9046
-1.2789,21.8842
-1.3004,21.8886
-1.3214,21.8730
-1.3436,21.8973
-1.3873,21.9157
-1.4098,21.9397
-1.4321,21.9537
-1.4540,21.9577
-1.4769,21.9816
-1.4969,21.9505
-1.5441,22.0128
-1.5678,22.0414
-1.5919,22.0737
-1.6146,22.0833
-1.6457,22.2062
-1.6605,22.1050
-1.7002,22.0468
-1.7275,22.1096
-1.7549,22.1674
-1.7812,22.2102
-1.8035,22.2072
-1.8249,22.1951
-1.8547,22.2675
-1.9014,22.2786
-1.9267,22.3010
-1.9488,22.2936
-1.9680,22.2612
-1.9947,22.2933
-2.0209,22.3204
-2.0695,22.3395
-2.0916,22.3316
-2.1150,22.3336
-2.1464,22.3942
-2.1728,22.4158
-2.1994,22.4373
-2.2267,22.4636
-2.2588,22.5200
-2.2738,22.4622
-2.2893,22.4093
-2.3201,22.4551
-2.3408,22.4366
-2.3687,22.4624
-2.4206,22.6307
-2.4167,22.4645
-2.4432,22.4803
-2.4699,22.4959
-2.4967,22.5114
-2.5253,22.5367
-2.5478,22.5275
-2.5720,22.5280
-2.6196,22.5240
-2.6410,22.5096
-2.6840,22.6028
-2.7165,22.6421
-2.7605,22.7350
-2.7814,22.7153
-2.8303,22.8275
-2.8291,22.7051
-2.8519,22.6950
-2.8736,22.6800
-2.9040,22.7039
-2.9401,22.7520
-2.9822,22.8243
-3.0305,22.9208
-3.0678,22.8604
-3.0933,22.8593
-3.1248,22.8824
-3.1614,22.9247
-3.2032,22.9863
-3.2692,23.1400
-3.2690,23.0363
-3.2978,23.0447
-3.3188,23.0236
-3.3448,23.0213
-3.3617,22.9857
-3.4773,23.3068
-3.5111,23.3286
-3.5529,23.2803
-3.6035,23.3594
-3.6361,23.3749
-3.6535,23.3386
-3.6606,23.2687
-3.6948,23.2897
-3.7734,23.4547
-3.7342,23.2358
-3.7880,23.3184
-3.8333,23.3722
-3.8637,23.3783
-3.8819,23.3462
-3.9185,23.3710
-3.9600,23.4100
-4.0024,23.3643
-4.0588,23.4454
-4.0933,23.4612
-4.1321,23.4888
-4.1930,23.5787
-4.2449,23.6414
-4.3247,23.6962
-4.3533,23.6912
-4.3784,23.6767
-4.4230,23.7152
-4.4511,23.7084
-4.4621,23.6562
-4.5173,23.6406
-4.5530,23.6536
-4.6730,23.8822
-4.7096,23.8947
-4.7536,23.9256
-4.8016,23.9657
-4.5571,5.4089
-4.4844,5.5206
-4.4089,5.6421
-4.3072,5.8392
-4.2016,6.0510
-4.1081,6.1506
-4.0546,6.2219
-3.9463,6.4543
-2.5253,8.7900
-2.4949,8.8392
-2.4568,8.9226
-2.4204,9.0014
-2.3910,9.0510
-2.3418,9.1117
-2.3122,9.1665
-2.2788,9.2411
-2.2469,9.3109
-2.2134,9.3906
-2.1853,9.4460
-2.1596,9.4917
-2.1500,9.4573
-2.1194,9.5296
-2.0982,9.5560
-2.0752,9.5923
-2.0556,9.6117
-2.0295,9.6677
-1.9795,9.7728
-1.9467,9.8735
-1.9187,9.9498
-1.8986,9.9818
-1.8827,9.9893
-1.8652,10.0067
-1.8345,10.0171
-1.8163,10.0411
-1.7936,10.0967
-1.7718,10.1491
-1.7531,10.1817
-1.7394,10.1797
-1.7067,10.2156
-1.6923,10.2199
-1.6763,10.2369
-1.6659,10.2104
-1.5173,10.4657
-1.4907,10.4732
-1.4752,10.5018
-1.4630,10.4953
-1.4490,10.5092
-1.4448,10.3985
-1.4220,10.5271

# FrameTime=1781596483.34, PointCount=481
4.6257,18.1942
4.6580,18.2372
4.6630,18.2639
4.6433,18.2994
4.6411,18.3219
4.6642,18.3603
4.7040,18.4096
4.7057,18.4350
4.6469,18.4219
4.5854,18.4066
4.5675,18.4434
4.5731,18.4714
4.5285,18.4663
4.4924,18.4666
4.4910,18.4900
4.4176,18.4649
4.4818,18.5570
4.5472,18.6265
4.4630,18.5933
4.4555,18.6128
4.3974,18.5969
4.3343,18.5770
4.3437,18.6328
4.4239,18.7151
4.2636,18.6244
4.2399,18.6317
4.1718,18.6064
4.2004,18.6518
4.2312,18.6993
4.2169,18.7134
4.1770,18.7084
4.1076,18.6808
4.0879,18.6904
4.0681,18.6998
4.0974,18.7471
4.1431,18.8073
4.2230,18.8948
4.1068,18.8294
4.0294,18.7937
4.0000,18.7953
3.9488,18.7794
3.9639,18.8165
3.9711,18.8474
4.1696,19.0340
3.9967,18.9189
3.9456,18.9024
4.2577,19.1864
3.8975,18.9134
3.8697,18.9155
3.8915,18.9594
3.8905,19.0101
3.9307,19.0706
3.8762,19.0498
3.7841,18.9959
3.7300,18.9743
3.7023,18.9756
3.7403,19.0349
3.6881,19.0143
3.6752,19.0287
3.6401,19.0229
3.6458,19.0539
3.6459,19.0801
3.6125,19.0755
3.5995,19.0896
3.5806,19.1246
3.7275,19.2892
3.6071,19.2026
3.5049,19.1321
3.4448,19.1010
3.4353,19.1181
3.4126,19.1487
3.3851,19.1482
3.3541,19.1441
3.3267,19.1434
3.3171,19.1602
3.3214,19.1911
3.3122,19.2354
3.3091,19.2593
3.2608,19.2367
3.2196,19.2210
3.2027,19.2304
3.2133,19.2686
3.4320,19.5264
3.2272,19.3380
3.3124,19.4566
3.2423,19.4097
3.1502,19.3383
3.1194,19.3327
3.0922,19.3306
3.0784,19.3431
3.1466,19.4464
3.0641,19.3830
3.0551,19.4010
3.0345,19.4060
3.0139,19.4109
2.9900,19.4119
3.0237,19.4788
2.9391,19.4100
2.8925,19.3842
2.9013,19.4227
2.8872,19.4347
2.8764,19.4505
2.8783,19.4815
2.8449,19.4704
2.7942,19.4671
2.7990,19.5019
2.7911,19.5213
2.7893,19.5485
2.7796,19.5660
2.7635,19.5756
2.7221,19.5831
2.7045,19.5906
2.6869,19.5980
2.6601,19.5936
2.6303,19.5851
2.6370,19.6240
2.6556,19.6789
2.6545,19.7393
2.6470,19.7605
2.5649,19.6815
2.5590,19.7045
2.5322,19.6994
2.5042,19.6921
2.4744,19.7137
2.4595,19.7244
2.4388,19.7269
2.4325,19.7497
2.4562,19.8155
2.3995,19.7667
2.3608,19.7753
2.3655,19.8145
2.3278,19.7919
2.3238,19.8187
2.3169,19.8414
2.2850,19.8267
2.3042,19.8888
2.2517,19.8427
2.2255,19.8360
2.2075,19.8418
2.1895,19.8475
2.1877,19.8784
2.1776,19.8966
2.1982,19.9634
2.1652,19.9458
2.1338,19.9302
2.1129,19.9314
2.1406,20.0111
2.1195,20.0123
2.0999,20.0156
2.0956,20.0444
2.0553,20.0133
2.0382,20.0205
2.0148,20.0170
2.0028,20.0328
1.9743,20.0206
1.9672,20.0448
1.9289,20.0150
1.8972,20.0331
1.8936,20.0638
1.8557,20.0335
1.8811,20.1167
1.8782,20.1497
1.8548,20.1455
1.8493,20.1740
1.8058,20.1323
1.7967,20.1542
1.7804,20.1629
1.7618,20.1671
1.7456,20.1757
1.7293,20.1842
1.8035,20.3680
1.6943,20.1966
1.6757,20.2005
1.6570,20.2044
1.6183,20.1680
1.6154,20.2029
1.6366,20.2872
1.6221,20.2998
1.5866,20.3116
1.5462,20.2701
1.5231,20.2645
1.5257,20.3130
1.5207,20.3457
1.5028,20.3513
1.4702,20.3691
1.4502,20.3699
1.4333,20.3776
1.4164,20.3851
1.3975,20.3881
1.3826,20.4001
1.3666,20.4098
1.3506,20.4195
1.3355,20.4314
1.3204,20.4433
1.3072,20.4598
1.2958,20.4808
1.2843,20.5018
1.2775,20.5344
1.2287,20.5137
1.2095,20.5161
1.1793,20.4905
1.1730,20.5252
1.1648,20.5552
1.1329,20.5248
1.1035,20.5521
1.1204,20.6499
1.0756,20.5839
1.0668,20.6138
1.0354,20.5828
0.9873,20.5047
1.0367,20.6967
0.9460,20.4983
0.9254,20.4950
0.9690,20.6754
0.9464,20.6675
0.9286,20.6736
0.9332,20.7458
0.9256,20.7829
0.9366,20.8764
0.8862,20.7855
0.8317,20.6796
0.8200,20.7044
0.8128,20.7434
0.8203,20.8301
0.7946,20.8120
0.7568,20.8185
0.7067,20.7189
0.6831,20.7052
0.6751,20.7440
0.6683,20.7876
0.6913,20.9347
0.6370,20.8850
0.6220,20.9024
0.6035,20.9076
0.5969,20.9561
0.5776,20.9584
0.5538,20.9441
0.5550,21.0243
0.5316,21.0119
0.5185,21.0389
0.5039,21.0603
0.4752,21.0264
0.4479,20.9971
0.4221,20.9726
0.3905,20.9238
0.3660,20.9861
0.3518,21.0099
0.3296,20.9997
0.3087,20.9942
0.3062,21.0715
0.2985,21.1273
0.2623,21.1454
0.2384,21.1270
0.2202,21.1359
0.2001,21.1349
0.1809,21.1388
0.1617,21.1426
0.1574,21.2228
0.1233,21.1501
0.1041,21.1537
0.0831,21.1475
0.0603,21.1314
0.0499,21.1840
0.0410,21.2464
0.0427,21.3728
-0.0056,21.3284
-0.0334,21.2823
-0.0622,21.2283
-0.0863,21.2018
-0.1064,21.1999
-0.1228,21.2226
-0.1588,21.2481
-0.1769,21.2608
-0.1844,21.3506
-0.2049,21.3484
-0.2227,21.3659
-0.2419,21.3735
-0.2599,21.3909
-0.2747,21.4349
-0.3014,21.3828
-0.3219,21.3802
-0.3367,21.4272
-0.3600,21.3997
-0.3678,21.5143
-0.3890,21.5083
-0.4330,21.4777
-0.4510,21.5027
-0.4745,21.4698
-0.4954,21.4635
-0.5169,21.4504
-0.5361,21.4620
-0.5698,21.5499
-0.5865,21.6013
-0.6124,21.5281
-0.6321,21.5395
-0.6548,21.5060
-0.6732,21.5372
-0.6865,21.6565
-0.7142,21.5347
-0.7340,21.5458
-0.7544,21.5468
-0.7746,21.5528
-0.7957,21.5388
-0.8155,21.5547
-0.8345,21.5904
-0.8728,21.6767
-0.8927,21.7073
-0.9140,21.6929
-0.9328,21.7769
-0.9544,21.7538
-0.9758,21.7343
-1.0177,21.7399
-1.0382,21.7900
-1.0594,21.7837
-1.0804,21.8038
-1.1008,15.1285
-1.1226,21.7653
-1.1032,15.1334
-1.1043,15.1285
-1.1055,15.1334
-1.2081,21.8494
-1.2296,21.8591
-1.2522,21.9185
-1.2730,21.8881
-1.2975,22.0012
-1.3162,21.8969
-1.3368,21.8713
-1.3592,21.9005
-1.3815,21.9196
-1.4034,21.9287
-1.4259,21.9478
-1.4467,21.9318
-1.4926,21.9794
-1.5137,21.9683
-1.5383,22.0168
-1.5627,22.0554
-1.5865,22.0828
-1.6086,22.0823
-1.6417,22.2343
-1.6597,22.1738
-1.6742,22.0725
-1.6958,22.0658
-1.7232,22.1286
-1.7501,22.1814
-1.7755,22.2134
-1.7974,22.2063
-1.8232,22.2399
-1.8421,22.2020
-1.8721,22.2744
-1.8985,22.3076
-1.9211,22.3052
-1.9422,22.2878
-1.9631,22.2703
-2.0100,22.2799
-2.0381,22.3217
-2.0651,22.3529
-2.0874,22.3457
-2.1128,22.3625
-2.1416,22.4033
-2.1911,22.4217
-2.2177,22.4431
-2.2452,22.4694
-2.2684,22.4665
-2.2862,22.4284
-2.3147,22.4593
-2.3591,22.5884
-2.3585,22.4371
-2.3865,22.4629
-2.4113,22.4688
-2.4379,22.4845
-2.4637,22.4952
-2.4896,22.5059
-2.5155,22.5164
-2.5649,22.5225
-2.5939,22.5475
-2.6115,22.5136
-2.6377,22.5237
-2.6954,22.6904
-2.7412,22.7932
-2.7854,22.7637
-2.7907,22.6707
-2.8239,22.7095
-2.8467,22.6994
-2.8717,22.6990
-2.8988,22.7083
-2.9695,22.9074
-2.9612,22.7606
-3.0036,22.8327
-3.0487,22.9146
-3.0614,22.8600
-3.0905,22.8735
-3.1173,22.8772
-3.1648,22.9631
-3.2215,22.9796
-3.2651,23.0456
-3.2914,23.0443
-3.3163,23.0377
-3.3319,22.9969
-3.3566,22.9902
-3.4871,23.2657
-3.5221,23.2922
-3.5519,23.2993
-3.6082,23.3975
-3.6156,23.3268
-3.6399,23.3144
-3.6888,23.3842
-3.6811,23.2656
-3.7067,23.2578
-3.7366,23.2642
-3.7949,23.3611
-3.8163,23.3387
-3.9229,23.5838
-3.9371,23.5373
-3.9457,23.3861
-3.9795,23.4013
-4.0023,23.3831
-4.0542,23.4511
-4.0929,23.4789
-4.1223,23.4793
-4.2162,23.5788
-4.2733,23.6555
-4.3147,23.6868
-4.3467,23.6912
-4.3769,23.6908
-4.4268,23.7434
-4.4678,23.7708
-4.4608,23.6703
-4.4822,23.6462
-4.5107,23.6406
-4.5518,23.6676
-4.6500,23.8404
-4.7011,23.8902
-4.7506,23.9351
-4.8226,23.9547
-4.5325,5.4746
-4.4634,5.5770
-4.3592,5.6934
-4.2330,5.9615
-4.1500,6.1124
-4.0894,6.2024
-4.0262,6.3021
-3.8918,6.5309
-2.5169,8.8185
-2.4842,8.8775
-2.4462,8.9609
-2.3928,9.0357
-2.3637,9.0855
-2.3327,9.1451
-2.3022,9.2049
-2.2699,9.2746
-2.2218,9.3410
-2.1896,9.4159
-2.1628,9.4665
-2.1373,9.5123
-2.1139,9.5485
-2.0908,9.5847
-2.0547,9.6060
-2.0304,9.6522
-2.0059,9.7009
-1.9682,9.8261
-1.9355,9.9268
-1.9110,9.9834
-1.8808,9.9885
-1.8633,10.0059
-1.8460,10.0234
-1.8303,10.0310
-1.8072,10.0881
-1.7844,10.1453
-1.7525,10.1709
-1.7367,10.1838
-1.7210,10.1968
-1.7041,10.2197
-1.6865,10.2486
-1.6744,10.2359
-1.5010,10.4784
-1.4873,10.4866
-1.4732,10.5009
-1.4596,10.5092
-1.4477,10.4982
-1.4326,10.5271
-1.4241,10.4713

# FrameTime=1781596483.44, PointCount=480
4.6480,18.2090
4.6376,18.2262
4.6698,18.2695
4.6534,18.2832
4.6697,18.3172
4.6759,18.3450
4.6947,18.3809
4.7107,18.4397
4.6898,18.4508
4.5988,18.4167
4.5752,18.4256
4.5725,18.4481
4.5614,18.4651
4.4906,18.4668
4.4903,18.4908
4.4102,18.4611
4.5188,18.5590
4.4826,18.5589
4.5534,18.6322
4.4521,18.6118
4.4145,18.6102
4.3758,18.6076
4.3586,18.6201
4.4094,18.6811
4.3489,18.6626
4.2486,18.6393
4.1846,18.6170
4.1649,18.6269
4.3523,18.7904
4.1855,18.6912
4.1441,18.6849
4.0844,18.6644
4.0648,18.6984
4.1020,18.7518
4.1176,18.7888
4.1196,18.8155
4.0618,18.7953
4.0441,18.8064
3.9650,18.7935
3.9645,18.8181
3.9639,18.8427
3.9788,18.8799
3.9895,18.9141
4.0194,18.9644
3.9787,18.9822
3.8740,18.9202
3.8462,18.9222
3.9799,19.0613
3.9024,19.0214
3.9236,19.0657
3.9280,19.0958
3.8374,19.0432
3.7493,18.9922
3.7066,18.9803
3.7051,19.0047
3.6923,19.0190
3.6757,19.0301
3.7502,19.1233
3.6536,19.0620
3.6406,19.0762
3.6444,19.1058
3.5999,19.0910
3.6015,19.1187
3.6795,19.2181
3.6973,19.2618
3.5543,19.1801
3.4597,19.1161
3.4214,19.1055
3.4370,19.1468
3.3916,19.1290
3.3784,19.1425
3.3378,19.1552
3.3245,19.1685
3.3218,19.1923
3.3155,19.2127
3.3265,19.2508
3.2886,19.2391
3.2234,19.2258
3.2099,19.2387
3.1964,19.2516
3.2275,19.3116
3.2652,19.3791
3.3214,19.4672
3.1778,19.3413
3.2402,19.4365
3.1231,19.3374
3.1060,19.3464
3.0787,19.3442
3.0682,19.3604
3.0711,19.3915
3.0637,19.4114
3.0241,19.4231
3.0001,19.4242
2.9631,19.4101
2.9197,19.3883
2.9058,19.4003
2.8983,19.4199
2.8734,19.4476
2.8753,19.4786
2.8419,19.4675
2.8150,19.4639
2.8008,19.4757
2.7929,19.4951
2.7832,19.5416
2.7719,19.5571
2.7590,19.5706
2.7399,19.5763
2.7223,19.5839
2.6985,19.5836
2.6809,19.5910
2.6274,19.5819
2.6250,19.6089
2.6346,19.6519
2.6559,19.7109
2.6426,19.7241
2.6127,19.7153
2.5531,19.6972
2.5441,19.7162
2.5086,19.6988
2.4923,19.7077
2.4774,19.7184
2.4654,19.7332
2.4981,19.8111
2.4440,19.7667
2.4490,19.8059
2.4195,19.7961
2.3958,19.7943
2.3694,19.7883
2.3514,19.7945
2.3685,19.8524
2.3238,19.8193
2.3086,19.8295
2.2878,19.8314
2.2670,19.8332
2.2463,19.8349
2.2228,19.8324
2.2523,19.9114
2.1949,19.8564
2.1822,19.8705
2.1776,19.8972
2.1808,19.9365
2.1519,19.9252
2.1364,19.9349
2.1155,19.9361
2.1220,20.0171
2.1036,20.0224
2.0788,20.0170
2.0616,20.0244
2.0356,20.0166
2.0147,20.0174
1.9742,20.0209
1.9709,20.0518
1.9387,20.0327
1.8981,19.9984
1.9168,20.0682
1.8837,20.0467
1.8421,20.0470
1.8877,20.1675
1.8929,20.2159
1.8455,20.1678
1.8056,20.1326
1.7965,20.1545
1.7591,20.1235
1.7453,20.1759
1.7337,20.1933
1.7242,20.2151
1.6986,20.2057
1.6777,20.2052
1.6478,20.1867
1.6040,20.1808
1.6142,20.2426
1.6241,20.3045
1.5943,20.2857
1.5668,20.2713
1.5416,20.2612
1.5561,20.3345
1.5106,20.2815
1.5161,20.3368
1.5057,20.3582
1.4857,20.3592
1.4668,20.3623
1.4396,20.3473
1.4607,20.4392
1.4120,20.3761
1.3971,20.3881
1.3842,20.4047
1.3672,20.4122
1.3512,20.4218
1.3371,20.4360
1.3220,20.4479
1.2896,20.4669
1.2763,20.4833
1.2647,20.5042
1.2437,20.5021
1.2245,20.5044
1.2054,20.5067
1.1635,20.5019
1.1516,20.5226
1.1361,20.5340
1.1259,20.5593
1.1190,20.5939
1.0980,20.5912
1.1179,20.6986
1.0628,20.6043
1.0333,20.5779
1.0039,20.5514
0.9679,20.5060
0.9439,20.4933
0.9383,20.5324
1.0204,20.8240
0.9491,20.6767
0.9345,20.6922
0.9311,20.7409
0.9219,20.7732
0.9101,20.7982
0.8693,20.7352
0.8250,20.6603
0.8077,20.7289
0.7972,20.7584
0.8030,20.8403
0.7862,20.8507
0.7387,20.7608
0.7033,20.7090
0.6689,20.7245
0.6594,20.7585
0.7086,20.9968
0.6575,20.8889
0.6439,20.9113
0.6173,20.8876
0.6109,20.9361
0.5867,20.9945
0.5505,20.9340
0.5421,20.9776
0.5317,21.0142
0.5221,21.0550
0.4909,21.0114
0.4580,21.0402
0.4273,20.9964
0.3957,20.9475
0.3794,20.9617
0.3819,21.0564
0.3466,20.9899
0.3080,20.9936
0.2968,21.0319
0.2939,21.1092
0.2786,21.1309
0.2557,21.1174
0.2376,21.1264
0.2271,21.1724
0.1993,21.1343
0.1801,21.1381
0.1609,21.1419
0.1417,21.1457
0.1225,21.1494
0.1042,21.1579
0.0787,21.1271
0.0447,21.1586
0.0332,21.2063
0.0333,21.3228
0.0241,21.3884
-0.0122,21.2931
-0.0351,21.2766
-0.0863,21.2059
-0.1072,21.1990
-0.1251,21.2118
-0.1416,21.2345
-0.1589,21.2521
-0.1729,21.2945
-0.1846,21.3547
-0.2243,21.3601
-0.2454,21.3527
-0.2590,21.4049
-0.2808,21.3925
-0.3029,21.3769
-0.3210,21.3941
-0.3588,21.4185
-0.3704,21.4984
-0.3896,21.5105
-0.4099,21.5126
-0.4325,21.4915
-0.4548,21.4718
-0.4948,21.4805
-0.5102,21.5371
-0.5359,21.4759
-0.5438,21.6302
-0.5682,21.5836
-0.5909,21.5553
-0.6054,21.6399
-0.6297,21.5881
-0.6558,21.5048
-0.6748,21.5260
-0.6949,21.5323
-0.7147,21.5434
-0.7353,21.5395
-0.7557,21.5406
-0.7969,21.5326
-0.8169,21.5434
-0.8363,21.5692
-0.8549,21.6248
-0.8729,21.7054
-0.8942,21.6910
-0.9342,21.7655
-0.9552,21.7675
-0.9772,21.7179
-0.9978,21.7382
-1.0179,21.8134
-1.0394,21.7822
-1.0604,21.7973
-1.0815,21.8538
-1.1028,21.8124
-1.1238,21.7689
-1.1448,21.7588
-1.1664,21.8185
-1.1027,15.1319
-1.2104,21.9165
-1.2307,21.8525
-1.2523,21.8621
-1.2739,21.8716
-1.2957,21.8860
-1.3172,21.8904
-1.3392,21.9046
-1.3616,21.9288
-1.4055,21.9471
-1.4284,21.9748
-1.4495,21.9601
-1.4714,21.9640
-1.4925,21.9528
-1.5161,21.9865
-1.5441,22.0888
-1.5627,22.0337
-1.5875,22.0760
-1.6103,22.0856
-1.6392,22.1786
-1.6558,22.1023
-1.6736,22.0458
-1.6999,22.0988
-1.7489,22.1498
-1.7751,22.1925
-1.7993,22.2095
-1.8202,22.1924
-1.8490,22.2549
-1.8747,22.2832
-1.9210,22.2883
-1.9425,22.2759
-1.9634,22.2585
-1.9877,22.2707
-2.0157,22.3126
-2.0402,22.3247
-2.0679,22.3608
-2.0876,22.3338
-2.1104,22.3307
-2.1418,22.3914
-2.1682,22.4130
-2.1940,22.4295
-2.2214,22.4559
-2.2439,22.4481
-2.2832,22.3966
-2.3124,22.4325
-2.3386,22.4485
-2.3633,22.4546
-2.3889,22.4656
-2.4146,22.4764
-2.4636,22.4831
-2.4894,22.4938
-2.5162,22.5092
-2.5414,22.5147
-2.5684,22.5300
-2.5917,22.5255
-2.6514,22.7071
-2.6355,22.5017
-2.6745,22.5754
-2.7090,22.6245
-2.7377,22.6440
-2.7892,22.7710
-2.8028,22.7171
-2.8256,22.7070
-2.8690,22.6770
-2.8983,22.6960
-2.9311,22.7295
-2.9720,22.7969
-3.0249,22.9129
-3.0435,22.8827
-3.0864,22.8466
-3.1203,22.8794
-3.1496,22.8926
-3.1913,22.9542
-3.2334,23.0155
-3.2709,23.0578
-3.2907,23.0319
-3.3504,23.1551
-3.3468,23.0423
-3.3559,22.9777
-3.3966,23.0287
-3.4945,23.2821
-3.5228,23.2845
-3.5664,23.3396
-3.6240,23.4416
-3.6332,23.3765
-3.6491,23.3354
-3.6648,23.2942
-3.6904,23.2865
-3.7043,23.2405
-3.7594,23.3280
-3.8334,23.3833
-3.8609,23.3798
-3.8591,23.2859
-3.9080,23.3488
-3.9541,23.4020
-3.9706,23.3649
-4.0660,23.4763
-4.0841,23.4437
-4.1278,23.4855
-4.1655,23.5094
-4.2284,23.6037
-4.2941,23.7039
-4.3243,23.7037
-4.3473,23.6831
-4.3723,23.6686
-4.4101,23.6884
-4.4579,23.7346
-4.4525,23.6388
-4.4827,23.6380
-4.5166,23.6465
-4.5826,23.6584
-4.6943,23.8633
-4.7365,23.8896
-4.7881,23.9390
-4.8419,23.9928
-4.5430,5.4195
-4.4703,5.5313
-4.4052,5.6246
-4.2798,5.8876
-4.1727,6.1042
-4.0978,6.1520
-4.0360,6.2470
-3.9506,6.4132
-3.8534,6.6177
-2.5138,8.8017
-2.4868,8.8363
-2.4465,8.9295
-2.4135,8.9936
-2.3830,9.0481
-2.3518,9.1077
-2.3064,9.1539
-2.2729,9.2285
-2.2390,9.3080
-2.2044,9.3926
-2.1754,9.4530
-2.1487,9.5036
-2.1106,9.5317
-2.0884,9.5630
-2.0655,9.5993
-2.0432,9.6334
-2.0176,9.6869
-1.9813,9.8022
-1.9765,9.7428
-1.9321,9.9101
-1.9093,9.9569
-1.8884,9.9939
-1.8741,9.9915
-1.8588,9.9958
-1.8394,10.0264
-1.8265,10.0159
-1.8051,10.0615
-1.7844,10.1039
-1.7619,10.1612
-1.7461,10.1740
-1.7317,10.1770
-1.7112,10.2246
-1.6814,10.2419
-1.6674,10.2441
-1.6582,10.2077
-1.5115,10.4432
-1.4950,10.4813
-1.4830,10.4706
-1.4680,10.4942
-1.4553,10.4926
-1.4405,10.5165
-1.4356,10.4158
-1.4144,10.5245

# FrameTime=1781596483.54, PointCount=479
4.6245,18.1918
4.6525,18.2322
4.6703,18.2667
4.6555,18.2814
4.7851,18.3855
4.6315,18.3142
4.6630,18.3579
4.7113,18.4125
4.7129,18.4379
4.6541,18.4248
4.5884,18.4068
4.5774,18.4239
4.6264,18.4801
4.5761,18.4716
4.5357,18.4693
4.4995,18.4695
4.4883,18.4863
4.4124,18.4594
4.4931,18.5628
4.5584,18.6324
4.4906,18.6105
4.4544,18.6101
4.4004,18.5970
4.3372,18.5772
4.3771,18.6299
4.3426,18.6300
4.4349,18.7211
4.2787,18.6333
4.2509,18.6377
4.1788,18.6094
4.2033,18.6519
4.2156,18.6856
4.1719,18.7025
4.1066,18.6779
4.0828,18.6844
4.0710,18.6999
4.0964,18.7441
4.1420,18.8043
4.1176,18.8357
4.0778,18.8296
4.0107,18.8016
3.9556,18.7826
3.9746,18.8228
3.9740,18.8474
4.0082,18.9005
4.0784,18.9835
3.9523,18.9056
4.2489,19.1770
3.9081,18.9198
3.8687,18.9123
3.8791,18.9465
3.9024,18.9919
3.9336,19.0706
3.8828,19.0530
3.7983,19.0057
3.7367,18.9776
3.6977,18.9690
3.7037,18.9999
3.6781,19.0286
3.6467,19.0262
3.6412,19.0471
3.6525,19.0834
3.6117,19.0721
3.5950,19.0828
3.6389,19.1498
3.5871,19.1279
3.7179,19.2775
3.6317,19.2232
3.5258,19.1492
3.4549,19.1078
3.4310,19.1111
3.5956,19.2970
3.4154,19.1486
3.3915,19.1516
3.3605,19.1475
3.3260,19.1398
3.3199,19.1601
3.3278,19.1945
3.4146,19.3092
3.3150,19.2353
3.3294,19.2770
3.2706,19.2437
3.2224,19.2209
3.2124,19.2374
3.2299,19.2829
3.2575,19.3393
3.2913,19.4309
3.2519,19.4169
3.1563,19.3418
3.1155,19.3251
3.0983,19.3340
3.0812,19.3429
3.0736,19.3902
3.0645,19.4082
3.0340,19.4020
3.0134,19.4069
2.9928,19.4117
2.9558,19.3976
2.9018,19.3916
2.9008,19.4187
2.8900,19.4345
2.8856,19.4579
2.8843,19.4851
2.8444,19.4663
2.9244,19.5916
2.7970,19.4668
2.7923,19.4900
2.7875,19.5133
2.7889,19.5443
2.7854,19.5696
2.7678,19.5773
2.7393,19.5713
2.7103,19.5942
2.6865,19.5938
2.6597,19.5894
2.6299,19.5808
2.6336,19.6158
2.6553,19.6746
2.6571,19.7078
2.6677,19.7529
2.6437,19.7522
2.5855,19.7053
2.5617,19.7042
2.5408,19.7071
2.5098,19.6958
2.4993,19.7126
2.4800,19.7174
2.4593,19.7200
2.4415,19.7265
2.4294,19.7412
2.4560,19.8110
2.4051,19.7705
2.4170,19.8199
2.3635,19.7749
2.3681,19.8141
2.3305,19.7915
2.3237,19.8142
2.3029,19.8161
2.2849,19.8221
2.2669,19.8281
2.2309,19.8398
2.2129,19.8456
2.1949,19.8513
2.1849,19.8696
2.1776,19.8920
2.1861,19.9398
2.1364,19.9297
2.1182,19.9352
2.1340,19.9958
2.1222,20.0119
2.1025,20.0151
2.0738,20.0033
2.0515,20.0020
2.0575,20.0480
2.0199,20.0208
2.0054,20.0324
1.9719,20.0115
1.9723,20.0487
1.9315,20.0145
1.9107,20.0149
1.9503,20.1217
1.8986,20.0677
1.8607,20.0374
1.8812,20.1118
1.8615,20.1142
1.8221,20.1187
1.8157,20.1845
1.7666,20.1315
1.7621,20.1622
1.7458,20.1707
1.7341,20.1881
1.7201,20.2010
1.8051,20.4073
1.6782,20.2000
1.6641,20.2127
1.6253,20.1764
1.6157,20.1979
1.6391,20.2866
1.6269,20.3038
1.7250,20.5479
1.5913,20.3155
1.5509,20.2740
1.5278,20.2684
1.5240,20.3033
1.5232,20.3451
1.5075,20.3552
1.4917,20.3653
1.4548,20.3739
1.4359,20.3769
1.4169,20.3800
1.4000,20.3875
1.3851,20.3995
1.3691,20.4092
1.3370,20.4285
1.3229,20.4427
1.3097,20.4591
1.2964,20.4755
1.2849,20.4965
1.2790,20.5313
1.2330,20.5177
1.2120,20.5154
1.1818,20.4898
1.1737,20.5199
1.1564,20.5266
1.1354,20.5241
1.1565,20.6311
1.1184,20.5840
1.1202,20.6421
1.0798,20.5879
1.0831,20.6506
1.0430,20.5961
1.0068,20.5509
0.9809,20.5337
0.9611,20.5884
0.9189,20.5239
0.9292,20.6101
0.9326,20.6776
0.9349,20.7429
0.9265,20.7774
0.8871,20.7800
0.8373,20.6884
0.8179,20.6894
0.8167,20.7474
0.8197,20.8198
0.7971,20.8112
0.8313,20.9866
0.7592,20.8177
0.7091,20.7181
0.6855,20.7044
0.6775,20.7432
0.6693,20.7820
0.6936,20.9339
0.6551,20.8693
0.6231,20.8968
0.6059,20.9067
0.5972,20.9477
0.5825,20.9672
0.5561,20.9433
0.5566,21.0206
0.5184,21.0284
0.5074,21.0643
0.4678,20.9868
0.4503,20.9963
0.4256,20.9766
0.3940,20.9278
0.4120,21.0856
0.3683,20.9852
0.3553,21.0139
0.3331,21.0036
0.3110,20.9933
0.3085,21.0706
0.2998,21.1215
0.2828,21.1355
0.2661,21.1514
0.2366,21.1066
0.2216,21.1301
0.2014,21.1291
0.1832,21.1379
0.1641,21.1417
0.1449,21.1454
0.1064,21.1528
0.0854,21.1465
0.0617,21.1255
0.0514,21.1781
0.0415,21.2356
0.0433,21.3620
-0.0017,21.3373
-0.0311,21.2814
-0.0575,21.2421
-0.0847,21.1959
-0.1041,21.1989
-0.1212,21.2166
-0.1205,21.3560
-0.1572,21.2421
-0.1753,21.2548
-0.1839,21.3367
-0.2026,21.3474
-0.2211,21.3599
-0.2409,21.3625
-0.2576,21.3899
-0.2991,21.3818
-0.3196,21.3792
-0.3350,21.4212
-0.3583,21.3937
-0.3656,21.5133
-0.3859,21.5154
-0.4303,21.4815
-0.4483,21.5066
-0.4727,21.4637
-0.4914,21.4823
-0.5146,21.4493
-0.5339,21.4609
-0.5357,21.6900
-0.5688,21.5339
-0.5843,21.6002
-0.6106,21.5220
-0.6299,21.5384
-0.6529,21.4999
-0.6706,21.5410
-0.6916,21.5323
-0.7318,21.5446
-0.7522,21.5457
-0.7719,21.5616
-0.7935,21.5376
-0.8134,21.5485
-0.8325,21.5842
-0.8708,21.6705
-0.8905,21.7061
-0.9118,21.6917
-0.9305,21.7807
-0.9521,21.7576
-0.9736,21.7331
-0.9944,21.7434
-1.0361,21.7838
-1.0572,21.7875
-1.0782,21.8026
-1.0970,15.1273
-1.0981,15.1272
-1.1417,21.7939
-1.1016,15.1272
-1.2059,21.8432
-1.2277,21.8678
-1.2500,21.9123
-1.1063,15.1320
-1.2926,21.8962
-1.3353,21.8899
-1.3575,21.9092
-1.3793,21.9183
-1.4013,21.9274
-1.4237,21.9464
-1.4444,21.9255
-1.4746,22.0929
-1.4907,21.9831
-1.5110,21.9569
-1.5371,22.0304
-1.5606,22.0540
-1.5844,22.0814
-1.6061,22.0760
-1.6400,22.2379
-1.6729,22.0811
-1.6933,22.0594
-1.7202,22.1173
-1.7472,22.1701
-1.7734,22.2120
-1.7953,22.2049
-1.8396,22.1956
-1.8701,22.2729
-1.8928,22.2714
-1.9180,22.2938
-1.9396,22.2814
-1.9605,22.2639
-1.9888,22.3101
-2.0098,22.2933
-2.0361,22.3203
-2.0619,22.3422
-2.0847,22.3392
-2.1088,22.3461
-2.1396,22.4018
-2.1653,22.4185
-2.2039,22.5246
-2.2157,22.4416
-2.2424,22.4629
-2.2664,22.4649
-2.2835,22.4219
-2.3119,22.4528
-2.3335,22.4393
-2.3837,22.4564
-2.4093,22.4672
-2.4359,22.4829
-2.4626,22.4986
-2.4894,22.5141
-2.5180,22.5393
-2.5629,22.5209
-2.5909,22.5410
-2.6095,22.5119
-2.6357,22.5221
-2.6925,22.6838
-2.7393,22.7915
-2.7746,22.8404
-2.7845,22.7669
-2.7908,22.6788
-2.8209,22.7029
-2.8448,22.6977
-2.8686,22.6924
-2.8969,22.7066
-2.9330,22.7547
-2.9959,22.8067
-3.0468,22.9129
-3.0595,22.8582
-3.0886,22.8717
-3.1178,22.8851
-3.1605,22.9516
-3.2184,22.9729
-3.2607,23.0342
-3.2895,23.0425
-3.3144,23.0359
-3.3313,22.9999
-3.3534,22.9835
-3.4637,23.2854
-3.5190,23.2855
-3.5460,23.2830
-3.6022,23.3812
-3.6152,23.3297
-3.6367,23.3077
-3.6552,23.2761
-3.7063,23.2606
-3.7319,23.2528
-3.7902,23.3497
-3.8190,23.3511
-3.8555,23.3762
-3.9323,23.5258
-3.9440,23.3842
-3.9777,23.3993
-3.9989,23.3764
-4.0525,23.4491
-4.0944,23.4864
-4.1222,23.4820
-4.1967,23.6110
-4.2145,23.5767
-4.2716,23.6534
-4.3097,23.6753
-4.3450,23.6891
-4.3735,23.6840
-4.4269,23.7460
-4.4341,23.6829
-4.4788,23.6394
-4.5090,23.6385
-4.5519,23.6702
-4.6502,23.8429
-4.6994,23.8880
-4.7490,23.9329
-4.8172,23.9433
-4.5280,5.4678
-4.4571,5.5749
-4.3767,5.7106
-4.2319,5.9453
-4.1406,6.1198
-4.0932,6.1721
-4.0381,6.2482
-3.9493,6.4238
-2.5161,8.7975
-2.4822,8.8613
-2.4420,8.9545
-2.4112,9.0089
-2.3626,9.0644
-2.3317,9.1241
-2.3021,9.1789
-2.2667,9.2632
-2.2348,9.3331
-2.2013,9.4128
-2.1556,9.4748
-2.1330,9.5059
-2.1096,9.5420
-2.0855,9.5832
-2.0645,9.6097
-2.0422,9.6437
-1.9962,9.7240
-1.9621,9.8295
-1.9304,9.9254
-1.9075,9.9721
-1.8899,9.9894
-1.8748,9.9920
-1.8445,9.9989
-1.8257,10.0262
-1.8035,10.0768
-1.7793,10.1438
-1.7612,10.1715
-1.7460,10.1794
-1.7139,10.2102
-1.6983,10.2232
-1.6835,10.2313
-1.6699,10.2296
-1.4955,10.4820
-1.4827,10.4804
-1.4677,10.5045
-1.4550,10.5029
-1.4431,10.4919
-1.4280,10.5208
-1.4165,10.5049

# FrameTime=1781596483.64, PointCount=479
4.6224,18.1961
4.6632,18.2443
4.6640,18.2685
4.6555,18.3109
4.6378,18.3238
4.6778,18.3728
4.7133,18.4195
4.7065,18.4396
4.6435,18.4237
4.5710,18.4254
4.5683,18.4479
4.5613,18.4676
4.5183,18.4635
4.4931,18.4710
4.4835,18.4888
4.4196,18.4942
4.4826,18.5614
4.5520,18.6338
4.4514,18.5892
4.4834,18.6362
4.3940,18.5984
4.3865,18.6177
4.3153,18.5918
4.3444,18.6371
4.4164,18.7136
4.2522,18.6199
4.2486,18.6418
4.1765,18.6135
4.2091,18.6620
4.2375,18.7326
4.1776,18.7126
4.0923,18.6729
4.0765,18.6854
4.0607,18.6979
4.0980,18.7512
4.1274,18.8241
4.1073,18.8336
4.0300,18.7978
4.0005,18.7994
3.9532,18.7866
3.9683,18.8236
3.9632,18.8697
4.0049,18.9293
3.9460,18.9064
4.2387,19.1747
3.8941,18.9141
3.8663,18.9162
3.9110,18.9795
4.2536,19.2966
3.8871,19.0108
3.9386,19.0811
3.8690,19.0472
3.7845,18.9997
3.7267,18.9749
3.6953,18.9728
3.6884,19.0181
3.6719,19.0291
3.6405,19.0267
3.6498,19.0610
3.6500,19.0872
3.6165,19.0827
3.5888,19.1094
3.5846,19.1317
3.7262,19.2917
3.5965,19.1961
3.5578,19.1860
3.4451,19.1046
3.4225,19.1353
3.4057,19.1454
3.3712,19.1378
3.3544,19.1477
3.3235,19.1434
3.3103,19.1567
3.4574,19.3313
3.3083,19.2079
3.3194,19.2461
3.3268,19.2807
3.2680,19.2474
3.2198,19.2245
3.2098,19.2411
3.2170,19.2757
3.2410,19.3560
3.3452,19.4951
3.2356,19.4059
3.1469,19.3381
3.1196,19.3361
3.0923,19.3339
3.0647,19.3590
3.0675,19.3901
3.0519,19.4006
3.0313,19.4056
3.0140,19.4142
2.9868,19.4115
2.9424,19.4170
2.8958,19.3913
2.9014,19.4260
2.8873,19.4380
2.8829,19.4613
2.8783,19.4847
2.9618,19.6137
2.8307,19.4854
2.7943,19.4702
2.7959,19.5012
2.7911,19.5245
2.7861,19.5478
2.7795,19.5691
2.7651,19.5807
2.7490,19.5903
2.7190,19.5823
2.7014,19.5898
2.6838,19.5972
2.6508,19.5848
2.6302,19.5881
2.6369,19.6271
2.6407,19.6932
2.6514,19.7384
2.6438,19.7595
2.5648,19.6845
2.5677,19.7196
2.5292,19.6983
2.4877,19.7038
2.4772,19.7206
2.4594,19.7273
2.4357,19.7257
2.4352,19.7567
2.4559,19.8184
2.4379,19.8249
2.3814,19.7760
2.3663,19.7864
2.3653,19.8174
2.3276,19.7947
2.3180,19.8132
2.2973,19.8151
2.2793,19.8211
2.2460,19.8371
2.2280,19.8430
2.2100,19.8487
2.1893,19.8502
2.1793,19.8685
2.1693,19.8867
2.1649,19.9485
2.1388,19.9413
2.1494,19.9935
2.1402,20.0138
2.1218,20.0192
2.0969,20.0139
2.0601,20.0244
2.0468,20.0382
2.0259,20.0390
1.9973,20.0268
1.9689,20.0145
1.9743,20.0603
1.9235,20.0088
1.9116,20.0617
1.8907,20.0620
1.8553,20.0360
1.8855,20.1279
1.8778,20.1522
1.8591,20.1567
1.8171,20.1567
1.7962,20.1566
1.7589,20.1256
1.7520,20.1518
1.7404,20.1692
1.7288,20.1865
1.6938,20.1990
1.6774,20.2073
1.6588,20.2112
1.6223,20.1792
1.6326,20.2410
1.6382,20.2940
1.7391,20.5424
1.6005,20.3013
1.5838,20.3093
1.5456,20.2723
1.5204,20.2622
1.5273,20.3197
1.5201,20.3479
1.5117,20.3739
1.4896,20.3703
1.4696,20.3712
1.4475,20.3675
1.4347,20.3843
1.4158,20.3873
1.3968,20.3902
1.4351,20.5236
1.3649,20.4097
1.3469,20.4147
1.3339,20.4312
1.3197,20.4454
1.3065,20.4618
1.2951,20.4828
1.2817,20.4992
1.2584,20.5411
1.2298,20.5204
1.2106,20.5227
1.1878,20.5157
1.1723,20.5271
1.1531,20.5293
1.1166,20.5380
1.1169,20.5913
1.1196,20.6518
1.0749,20.5858
1.0798,20.6532
1.0398,20.5987
1.0018,20.5487
0.9670,20.5612
0.9595,20.5957
0.9156,20.5264
0.9260,20.6126
0.9358,20.6990
0.9307,20.7429
0.9066,20.7907
0.8806,20.7729
0.8278,20.6718
0.8238,20.7204
0.8149,20.7546
0.8254,20.8508
0.7770,20.8241
0.7529,20.8106
0.7015,20.7062
0.6836,20.7115
0.6756,20.7504
0.6744,20.8132
0.6916,20.9411
0.6942,21.0205
0.6360,20.8865
0.6156,20.8847
0.6038,20.9139
0.5959,20.9576
0.5765,20.9599
0.5540,20.9504
0.5350,21.0307
0.5187,21.0452
0.5015,21.0569
0.4717,21.0181
0.4469,20.9986
0.4186,20.9643
0.4228,21.0639
0.3721,20.9345
0.3660,20.9923
0.3473,20.9967
0.3285,21.0010
0.3141,21.0247
0.3050,21.0728
0.2984,21.1335
0.2828,21.1543
0.2611,21.1466
0.2341,21.1136
0.2181,21.1322
0.1979,21.1313
0.1787,21.1351
0.1727,21.2055
0.1404,21.1427
0.1212,21.1464
0.1038,21.1598
0.0792,21.1339
0.0591,21.1325
0.0487,21.1851
0.0431,21.2672
0.0231,21.3872
-0.0094,21.3147
-0.0355,21.2785
-0.0634,21.2293
-0.0875,21.2028
-0.1077,21.2009
-0.1013,21.3748
-0.1442,21.2215
-0.1601,21.2491
-0.1782,21.2617
-0.1857,21.3516
-0.2062,21.3493
-0.2254,21.3569
-0.2420,21.3843
-0.2806,21.3993
-0.3027,21.3837
-0.3226,21.3861
-0.3375,21.4330
-0.3609,21.4055
-0.3682,21.5251
-0.4102,21.5161
-0.4354,21.4685
-0.4534,21.4935
-0.4759,21.4705
-0.4959,21.4742
-0.5174,21.4610
-0.5565,21.4793
-0.5709,21.5556
-0.5877,21.6069
-0.6129,21.5437
-0.6339,21.5351
-0.6559,21.5116
-0.6747,21.5378
-0.7157,21.5352
-0.7358,21.5413
-0.7562,21.5424
-0.7768,21.5384
-0.7970,21.5443
-0.8167,21.5601
-0.8564,21.5966
-0.8739,21.6921
-0.8944,21.7028
-0.9151,21.7133
-0.9343,21.7873
-0.9562,21.7492
-0.9983,21.7400
-1.0193,21.7402
-1.0398,21.7989
-1.0610,21.7890
-1.0821,21.8091
-1.1032,21.7556
-1.1246,21.8491
-1.1453,21.7655
-1.1010,15.1288
-1.1882,21.8250
-1.2099,21.8496
-1.2315,21.8692
-1.2539,21.9137
-1.2750,21.8982
-1.3178,21.8920
-1.3385,21.8714
-1.3608,21.8956
-1.3831,21.9147
-1.4052,21.9288
-1.4274,21.9428
-1.4536,22.0354
-1.4703,21.9357
-1.4935,21.9645
-1.5155,21.9682
-1.5414,22.0367
-1.5661,22.0802
-1.5887,22.0877
-1.6226,22.2557
-1.6332,22.0906
-1.6661,22.2325
-1.6761,22.0723
-1.6985,22.0755
-1.7255,22.1334
-1.7516,22.1763
-1.7774,22.2132
-1.8213,22.1990
-1.8446,22.2067
-1.8757,22.2890
-1.9000,22.3023
-1.9221,22.2949
-1.9431,22.2775
-1.9871,22.2624
-2.0132,22.2894
-2.0408,22.3263
-2.0661,22.3432
-2.0926,22.3693
-2.1181,22.3861
-2.1438,22.4028
-2.1710,22.4300
-2.1932,22.4212
-2.2206,22.4475
-2.2481,22.4738
-2.2706,22.4659
-2.2899,22.4377
-2.3340,22.5668
-2.3400,22.4550
-2.3615,22.4414
-2.3887,22.4622
-2.4135,22.4681
-2.4401,22.4838
-2.4659,22.4945
-2.4918,22.5051
-2.5420,22.5162
-2.5662,22.5168
-2.5914,22.5221
-2.6137,22.5127
-2.6429,22.5375
-2.6790,22.5965
-2.7332,22.6211
-2.7857,22.7529
-2.7930,22.6697
-2.8263,22.7085
-2.8502,22.7033
-2.8740,22.6980
-2.9288,22.8290
-2.9273,22.7115
-2.9670,22.7741
-3.0072,22.8364
-3.0524,22.9183
-3.0721,22.8928
-3.0930,22.8723
-3.1210,22.8808
-3.1932,22.9604
-3.2278,22.9928
-3.2690,23.0491
-3.2914,23.0333
-3.3214,23.0460
-3.3345,22.9955
-3.3852,22.9868
-3.4885,23.2594
-3.5208,23.2762
-3.5575,23.3073
-3.6152,23.4103
-3.6085,23.2916
-3.6413,23.3080
-3.6868,23.2735
-3.7080,23.2513
-3.7409,23.2673
-3.7843,23.3165
-3.8221,23.3465
-3.8494,23.3430
-3.8901,23.2932
-3.9517,23.3938
-3.9855,23.4089
-4.0227,23.4333
-4.0587,23.4540
-4.0991,23.4864
-4.1547,23.4777
-4.2242,23.5909
-4.2831,23.6722
-4.3178,23.6847
-4.3515,23.6938
-4.3903,23.7168
-4.4317,23.7459
-4.4639,23.6681
-4.4835,23.6393
-4.5137,23.6384
-4.5567,23.6700
-4.6550,23.8427
-4.7061,23.8924
-4.7814,23.9216
-4.8296,23.9615
-4.8780,24.0012
-4.9058,23.9898
-4.9612,23.9668
-4.5100,5.5052
-4.4393,5.6124
-4.3034,5.8183
-4.2012,6.0207
-4.1351,6.1246
-4.0862,6.1816
-4.0360,6.2435
-3.9191,6.4202
-2.5349,8.7880
-2.5078,8.8226
-2.4752,8.8816
-2.4362,8.9699
-2.3883,9.0204
-2.3549,9.0897
-2.3229,9.1542
-2.2903,9.2238
-2.2581,9.2935
-2.2254,9.3682
-2.2186,9.3194
-2.1772,9.4398
-2.1514,9.4856
-2.1269,9.5265
-2.1056,9.5529
-2.0844,9.5793
-2.0456,9.6154
-2.0213,9.6616
-1.9898,9.7497
-1.9558,9.8552
-1.9267,9.9363
-1.9056,9.9733
-1.8753,9.9783
-1.8600,9.9827
-1.8382,10.0280
-1.8215,10.0422
-1.8029,10.0696
-1.7845,10.0970
-1.7435,10.1855
-1.7312,10.1737
-1.7094,10.2312
-1.6951,10.2354
-1.6810,10.2375
-1.6713,10.2061
-1.4943,10.4784
-1.4811,10.4816
-1.4661,10.5058
-1.4534,10.5043
-1.4410,10.4982
-1.4256,10.5321
-1.4174,10.4713

# FrameTime=1781596483.74, PointCount=476
4.6334,18.2063
4.6637,18.2719
4.6600,18.2934
4.6679,18.3222
4.6698,18.3474
4.6844,18.3806
4.7199,18.4273
4.7019,18.4648
4.6137,18.4325
4.5691,18.4278
4.5706,18.4530
4.5678,18.4755
4.5039,18.4576
4.4871,18.4706
4.5354,18.5273
4.4206,18.4743
4.4961,18.5498
4.4765,18.5610
4.5541,18.6390
4.4001,18.5574
4.4486,18.6157
4.4916,18.6706
4.3886,18.6229
4.3093,18.5912
4.3586,18.6510
4.3940,18.7013
4.2461,18.6192
4.3460,18.7165
4.2107,18.6423
4.1669,18.6345
4.2233,18.7009
4.1954,18.7049
4.1500,18.6955
4.0783,18.6660
4.0626,18.6785
4.0904,18.7491
4.0878,18.7720
4.1253,18.8263
4.0754,18.8123
4.0459,18.8141
3.9828,18.7891
3.9585,18.8195
3.9540,18.8409
3.9804,18.8876
4.0066,18.9346
3.9825,18.9403
4.1750,19.1259
3.8795,18.9312
3.8440,18.9267
3.9799,19.0679
3.8963,19.0226
3.9402,19.0865
3.8668,19.0492
3.7598,18.9821
3.7118,18.9913
3.6953,19.0024
3.6937,19.0267
3.6808,19.0411
3.6679,19.0554
3.6587,19.0731
3.6384,19.1068
3.6012,19.0987
3.5991,19.1230
3.6443,19.1917
3.7057,19.2765
3.5688,19.1739
3.5447,19.1775
3.4681,19.1307
3.4226,19.1132
3.4274,19.1441
3.3928,19.1367
3.3760,19.1467
3.3522,19.1495
3.4683,19.2917
3.3186,19.1691
3.3053,19.1823
3.3095,19.2133
3.3241,19.2550
3.2896,19.2468
3.2309,19.2133
3.3615,19.3757
3.2040,19.2392
3.1871,19.2485
3.2113,19.3012
3.2558,19.3759
3.3257,19.4786
3.1924,19.3637
3.1412,19.3361
3.1068,19.3541
3.0762,19.3482
3.0624,19.3607
3.0652,19.3917
3.0612,19.4154
3.0422,19.4222
3.0009,19.4319
2.9704,19.4253
2.9237,19.3997
2.8967,19.3966
2.8957,19.4238
2.8849,19.4395
2.8695,19.4787
2.8361,19.4675
2.8156,19.4716
2.7887,19.4679
2.7903,19.4989
2.7918,19.5299
2.7915,19.5590
2.7693,19.5609
2.7626,19.5822
2.7388,19.5821
2.7196,19.5877
2.6989,19.5912
2.6874,19.6065
2.6423,19.5784
2.6162,19.6047
2.6168,19.6357
2.6352,19.6907
2.6563,19.7498
2.6412,19.7610
2.6024,19.7401
2.5503,19.7320
2.5088,19.7065
2.4881,19.7092
2.4718,19.7180
2.4568,19.7287
2.4534,19.7556
2.4801,19.8254
2.4319,19.7891
2.4339,19.8242
2.3987,19.8061
2.3779,19.8083
2.3514,19.8022
2.3334,19.8084
2.3531,19.8704
2.3030,19.8289
2.2878,19.8391
2.2642,19.8367
2.2462,19.8426
2.2227,19.8400
2.2047,19.8458
2.1948,19.8641
2.1720,19.8964
2.1646,19.9188
2.1543,19.9370
2.1308,19.9341
2.1100,19.9352
2.1375,20.0150
2.1033,20.0301
2.0758,20.0204
2.0600,20.0299
2.0416,20.0351
2.0282,20.0487
1.9871,20.0150
1.9579,20.0377
1.9358,20.0360
1.8976,20.0059
1.9188,20.0802
1.8832,20.0543
1.8550,20.0414
1.8767,20.1181
1.8516,20.1490
1.8306,20.1490
1.7955,20.1226
1.7817,20.1357
1.7538,20.1222
1.7563,20.1661
1.7283,20.1920
1.7142,20.2049
1.6956,20.2088
1.6747,20.2083
1.6470,20.1943
1.6195,20.1802
1.6111,20.2456
1.6231,20.3121
1.5890,20.2843
1.5637,20.2743
1.5363,20.2597
1.5177,20.2631
1.5319,20.3364
1.5077,20.3285
1.5004,20.3566
1.4805,20.3576
1.4646,20.3676
1.4488,20.3775
1.4299,20.3806
1.4129,20.3881
1.3790,20.4031
1.3641,20.4151
1.3441,20.4155
1.3320,20.4343
1.3188,20.4508
1.3036,20.4626
1.2712,20.4815
1.2615,20.5071
1.2405,20.5049
1.2194,20.5026
1.2003,20.5049
1.1775,20.4978
1.1502,20.5300
1.1382,20.5507
1.1244,20.5667
1.1122,20.5874
1.1069,20.6267
1.0719,20.5865
1.0846,20.6751
1.0317,20.5853
1.0108,20.5823
0.9647,20.5087
0.9524,20.5289
0.9218,20.4974
0.9521,20.6402
0.9393,20.6604
0.9245,20.7341
0.9185,20.7758
0.9051,20.7961
0.8714,20.7545
0.8217,20.6629
0.8223,20.7257
0.7908,20.7514
0.8055,20.8619
0.7827,20.8533
0.7411,20.7825
0.6999,20.7115
0.6806,20.7120
0.6560,20.7609
0.6863,20.9341
0.6609,20.9154
0.6397,20.9110
0.6139,20.8900
0.6060,20.9337
0.6025,20.9939
0.5496,20.9461
0.5373,20.9751
0.5281,21.0166
0.5197,21.0622
0.4947,21.0428
0.4661,21.0088
0.4261,21.0084
0.3922,20.9498
0.3724,20.9494
0.3783,21.0587
0.3419,20.9873
0.3243,20.9965
0.3193,21.0619
0.2921,21.0292
0.2871,21.0968
0.2750,21.1331
0.2562,21.1392
0.2330,21.1237
0.2158,21.1374
0.2042,21.1785
0.1775,21.1452
0.1573,21.1441
0.1381,21.1478
0.1180,21.1466
0.1015,21.1649
0.0741,21.1243
0.0603,21.1573
0.0261,21.1887
0.0262,21.3052
0.0277,21.4348
-0.0159,21.2951
-0.0388,21.2786
-0.0698,21.2097
-0.0695,21.3392
-0.1109,21.2010
-0.1295,21.2089
-0.1468,21.2266
-0.1626,21.2541
-0.1787,21.2816
-0.1884,21.3566
-0.2075,21.3643
-0.2245,21.3886
-0.2492,21.3546
-0.2622,21.4117
-0.2852,21.3894
-0.3067,21.3788
-0.3260,21.3861
-0.3414,21.4280
-0.3789,21.4573
-0.3925,21.5222
-0.4133,21.5194
-0.4378,21.4784
-0.4587,21.4736
-0.4779,21.4854
-0.5154,21.5239
-0.5397,21.4776
-0.5497,21.6070
-0.5724,21.5804
-0.5919,21.5968
-0.6138,21.5784
-0.6300,21.6430
-0.6590,21.5164
-0.6787,21.5277
-0.6988,21.5339
-0.7191,21.5350
-0.7395,21.5361
-0.7599,21.5372
-0.7805,21.5332
-0.8206,21.5499
-0.8400,21.5757
-0.8593,21.6113
-0.8772,21.6969
-0.8981,21.6975
-0.9175,21.7530
-0.9588,21.7924
-0.9811,21.7243
-1.0018,21.7396
-1.0227,21.7449
-1.0434,21.7836
-1.0645,21.7887
-1.1068,21.8102
-1.1278,21.7702
-1.1488,21.7551
-1.1708,21.8448
-1.1918,21.8295
-1.2134,21.8492
-1.2351,21.8688
-1.2781,21.8778
-1.2998,21.8872
-1.3214,21.8916
-1.3431,21.9008
-1.3653,21.9200
-1.3875,21.9342
-1.4319,21.9610
-1.4534,21.9562
-1.4755,21.9651
-1.4969,21.9589
-1.5197,21.9776
-1.5451,22.0361
-1.5694,22.0735
-1.5942,22.1130
-1.6145,22.0866
-1.6405,22.1398
-1.6597,22.0983
-1.6778,22.0468
-1.7042,22.0998
-1.7305,22.1477
-1.7790,22.1885
-1.8031,22.2054
-1.8240,22.1883
-1.8524,22.2458
-1.8801,22.2940
-1.9022,22.2867
-1.9469,22.2767
-1.9677,22.2593
-1.9909,22.2616
-2.0194,22.3084
-2.0446,22.3254
-2.0704,22.3466
-2.0971,22.3734
-2.1194,22.3661
-2.1449,22.3822
-2.1713,22.4037
-2.1978,22.4252
-2.2251,22.4516
-2.2506,22.4635
-2.2796,22.4990
-2.3200,22.4528
-2.3423,22.4442
-2.3662,22.4453
-2.3950,22.4760
-2.4191,22.4770
-2.4448,22.4877
-2.4939,22.4942
-2.5198,22.5047
-2.5459,22.5152
-2.5719,22.5255
-2.5962,22.5259
-2.6176,22.5116
-2.6828,22.7175
-2.6770,22.5660
-2.7125,22.6199
-2.7331,22.6004
-2.7990,22.7957
-2.7970,22.6685
-2.8281,22.6975
-2.8811,22.8240
-2.8747,22.6821
-2.9041,22.7011
-2.9358,22.7297
-2.9824,22.8214
-3.0285,22.9082
-3.0529,22.9022
-3.0774,22.8963
-3.1250,22.8794
-3.1519,22.8830
-3.1985,22.9639
-3.2370,23.0107
-3.2783,23.0675
-3.2943,23.0271
-3.3582,23.0663
-3.3593,22.9729
-3.3934,22.9997
-3.5063,23.3060
-3.5237,23.2699
-3.5700,23.3346
-3.6265,23.4327
-3.6410,23.3858
-3.6555,23.3399
-3.6698,23.2939
-3.6954,23.2862
-3.7078,23.2354
-3.7629,23.3229
-3.8171,23.4054
-3.8583,23.3556
-3.8733,23.3140
-3.9099,23.3389
-3.9592,23.4015
-3.9994,23.4355
-4.0430,23.4788
-4.0892,23.4432
-4.1280,23.4708
-4.1624,23.4852
-4.2186,23.5607
-4.2977,23.6985
-4.3240,23.6874
-4.3582,23.6980
-4.3845,23.6867
-4.4170,23.6923
-4.4649,23.7385
-4.4771,23.6894
-4.4879,23.6372
-4.5200,23.6410
-4.5593,23.6633
-4.6942,23.8484
-4.7400,23.8840
-4.7898,23.9287
-4.8398,23.9732
-4.5490,5.4713
-4.4607,5.5399
-4.3871,5.6568
-4.2755,5.8823
-4.1752,6.0801
-4.1227,6.1463
-4.0706,6.2128
-3.9934,6.2708
-3.8911,6.4895
-2.5415,8.7481
-2.5039,8.8264
-2.4469,8.9105
-2.4083,8.9990
-2.3779,9.0535
-2.3457,9.1180
-2.3139,9.1825
-2.2814,9.2521
-2.2704,9.2229
-2.2321,9.3233
-2.1986,9.4031
-2.1697,9.4634
-2.1470,9.4945
-2.1226,9.5355
-2.0857,9.5588
-2.0655,9.5804
-2.0414,9.6244
-2.0176,9.6681
-1.9822,9.7784
-1.9466,9.8938
-1.9067,9.9528
-1.8850,9.9947
-1.8731,9.9776
-1.8556,9.9950
-1.8365,10.0239
-1.8170,10.0562
-1.7838,10.0865
-1.7551,10.1868
-1.7414,10.1848
-1.7222,10.2225
-1.7073,10.2305
-1.6912,10.2485
-1.4919,10.4824
-1.4782,10.4912
-1.4654,10.4899
-1.4522,10.4939
-1.4387,10.5027
-1.4240,10.5266

# FrameTime=1781596483.84, PointCount=470
4.6413,18.2129
4.6351,18.2327
4.6699,18.2777
4.6593,18.2950
4.6417,18.3079
4.6606,18.3436
4.6895,18.4101
4.7122,18.4490
4.6702,18.4466
4.5877,18.4178
4.5725,18.4321
4.5739,18.4573
4.5474,18.4885
4.4878,18.4731
4.4792,18.4916
4.4679,18.5083
4.5036,18.5569
4.4921,18.5737
4.5491,18.6377
4.5306,18.6499
4.5544,18.6915
4.4075,18.6136
4.3566,18.6023
4.3328,18.6100
4.4013,18.7086
4.2897,18.6528
4.2538,18.6513
4.1777,18.6201
4.1700,18.6388
4.2770,18.7429
4.1746,18.6913
4.1292,18.6818
4.1787,18.7440
4.0657,18.6828
4.0539,18.6983
4.1013,18.7595
4.1382,18.8131
4.1205,18.8245
4.0509,18.7951
4.0210,18.8215
3.9541,18.7931
3.9653,18.8270
3.9608,18.8485
3.9950,18.9016
3.9747,18.9105
4.2392,19.1815
3.9486,18.9656
3.8670,18.9228
3.8507,18.9344
3.9347,19.0316
3.9029,19.0304
3.8846,19.0669
3.8228,19.0391
3.7461,18.9978
3.6996,18.9826
3.7018,19.0102
3.6890,19.0246
3.6724,19.0356
3.6466,19.0642
3.6336,19.0784
3.6243,19.0959
3.5856,19.0863
3.5871,19.1140
3.6942,19.2407
3.6693,19.2714
3.5545,19.1890
3.4527,19.1180
3.4180,19.1108
3.4335,19.1522
3.3846,19.1308
3.3618,19.1611
3.3308,19.1569
3.3176,19.1701
3.3148,19.1940
3.3050,19.2108
3.3230,19.2560
3.5136,19.4789
3.2542,19.2394
3.2199,19.2309
3.2030,19.2402
3.2032,19.2676
3.2274,19.3204
3.2615,19.3843
3.2972,19.4504
3.1502,19.3481
3.1195,19.3424
3.0922,19.3403
3.0717,19.3454
3.0646,19.3653
3.0674,19.3964
3.0443,19.4269
3.0171,19.4243
2.9833,19.4141
2.9562,19.4112
2.9128,19.3893
2.9054,19.4089
2.8838,19.4405
2.8729,19.4562
2.8748,19.4872
2.8382,19.4723
2.8081,19.4648
2.7971,19.4804
2.7749,19.5114
2.7763,19.5424
2.7712,19.5657
2.7583,19.5792
2.7391,19.5849
2.7215,19.5925
2.6946,19.5882
2.6625,19.6069
2.6266,19.5904
2.6211,19.6135
2.6337,19.6604
2.6580,19.7234
2.6550,19.7506
2.6027,19.7430
2.5492,19.7017
2.5431,19.7247
2.5017,19.6992
2.4884,19.7121
2.4705,19.7187
2.4377,19.7360
2.4400,19.7711
2.4535,19.8226
2.4126,19.7963
2.3918,19.7986
2.3653,19.7926
2.3853,19.8545
2.3238,19.7967
2.3170,19.8194
2.3045,19.8337
2.2865,19.8398
2.2629,19.8374
2.2394,19.8349
2.2187,19.8365
2.1908,19.8605
2.1728,19.8662
2.1708,19.8970
2.1739,19.9364
2.1504,19.9335
2.1348,19.9432
2.1010,19.9582
2.1178,20.0211
2.1007,20.0286
2.0719,20.0168
2.0548,20.0241
2.0288,20.0163
2.0034,20.0458
1.9674,20.0205
1.9741,20.0686
1.9344,20.0366
1.8938,20.0022
1.9100,20.0677
1.8794,20.0505
1.9230,20.1664
1.8547,20.0814
1.8941,20.1910
1.8933,20.2284
1.8245,20.1408
1.8036,20.1407
1.7968,20.1670
1.7433,20.1445
1.7432,20.1840
1.7292,20.1969
1.7174,20.2143
1.6896,20.2005
1.6733,20.2088
1.6248,20.1940
1.6018,20.1888
1.6230,20.2730
1.6217,20.3125
1.5919,20.2937
1.5623,20.2748
1.5184,20.2681
1.5103,20.2939
1.5158,20.3493
1.5011,20.3616
1.4811,20.3626
1.4642,20.3703
1.4371,20.3552
1.4074,20.3794
1.3925,20.3915
1.3776,20.4035
1.3626,20.4155
1.3465,20.4251
1.3324,20.4393
1.3021,20.4630
1.2888,20.4794
1.2754,20.4957
1.2572,20.5006
1.2390,20.5052
1.2179,20.5030
1.1779,20.5028
1.1588,20.5050
1.1469,20.5257
1.1331,20.5417
1.1228,20.5670
1.1160,20.6017
1.0738,20.5961
1.0597,20.6120
1.0267,20.5762
0.9906,20.5309
0.9665,20.5183
0.9375,20.4915
1.0253,20.7971
0.9260,20.5697
0.9442,20.6796
0.9296,20.6951
0.9261,20.7438
0.9201,20.7855
0.9051,20.8010
0.8581,20.7190
0.8024,20.6688
0.8042,20.7364
0.7937,20.7659
0.7920,20.8240
0.7767,20.8391
0.7235,20.7301
0.6790,20.7122
0.6654,20.7319
0.6558,20.7659
0.6882,20.9466
0.6456,20.8675
0.6347,20.8994
0.6136,20.8949
0.5851,20.9362
0.5795,20.9894
0.5466,20.9413
0.5394,20.9897
0.5264,21.0167
0.5168,21.0575
0.4632,21.0041
0.4420,20.9990
0.4197,20.9890
0.3870,20.9353
0.3799,20.9883
0.3703,21.0316
0.3237,21.0013
0.3028,20.9958
0.3001,21.0731
0.2892,21.1143
0.2743,21.1380
0.2483,21.1099
0.2141,21.1374
0.1939,21.1364
0.1748,21.1403
0.1594,21.1636
0.1364,21.1478
0.1162,21.1465
0.0970,21.1502
0.0524,21.1228
0.0420,21.1754
0.0287,21.2132
0.0295,21.3347
0.0143,21.3657
-0.0193,21.2852
-0.0630,21.2639
-0.0933,21.1979
-0.1126,21.2009
-0.1305,21.2137
-0.1463,21.2412
-0.1630,21.2638
-0.1703,21.3537
-0.1974,21.3039
-0.2107,21.3542
-0.2305,21.3568
-0.2510,21.3545
-0.2646,21.4066
-0.2864,21.3941
-0.3085,21.3786
-0.3455,21.4080
-0.3638,21.4251
-0.3761,21.5000
-0.3948,21.5171
-0.4165,21.5060
-0.4377,21.4980
-0.4816,21.4652
-0.5012,21.4738
-0.5235,21.4507
-0.5428,21.4624
-0.5586,21.5188
-0.5743,21.5801
-0.5906,21.6398
-0.6192,21.5283
-0.6358,21.5845
-0.6589,21.5460
-0.6799,21.5373
-0.7003,21.5385
-0.7207,21.5397
-0.7346,21.6639
-0.7615,21.5418
-0.7819,21.5428
-0.8027,21.5337
-0.8226,21.5446
-0.8419,21.5753
-0.8604,21.6359
-0.8787,21.7115
-0.9212,21.6827
-0.9401,21.7716
-0.9611,21.7735
-0.9830,21.7239
-1.0038,21.7392
-1.0245,21.7644
-1.0665,21.7882
-1.0876,21.7983
-1.1087,21.7398
-1.0987,15.1279
-1.1509,21.7746
-1.1731,21.8779
-1.1949,21.9076
-1.2153,21.8437
-1.2369,21.8583
-1.2590,21.8928
-1.2805,21.8923
-1.3018,21.8867
-1.3225,21.8661
-1.3449,21.8953
-1.3886,21.9137
-1.4112,21.9377
-1.4335,21.9517
-1.4554,21.9556
-1.4783,21.9794
-1.4989,21.9583
-1.5455,22.0106
-1.5696,22.0441
-1.5934,22.0715
-1.6162,22.0810
-1.6478,22.2089
-1.6625,22.1076
-1.7017,22.0444
-1.7296,22.1122
-1.7557,22.1550
-1.7824,22.2027
-1.8057,22.2097
-1.8266,22.1926
-1.8570,22.2699
-1.9027,22.2710
-1.9286,22.2983
-1.9501,22.2859
-1.9698,22.2585
-1.9959,22.2856
-2.0216,22.3076
-2.0707,22.3317
-2.0935,22.3287
-2.1169,22.3306
-2.1477,22.3863
-2.1741,22.4078
-2.2014,22.4343
-2.2280,22.4557
-2.2586,22.5021
-2.2759,22.4591
-2.2905,22.4013
-2.3221,22.4519
-2.3436,22.4384
-2.3708,22.4592
-2.4262,22.6471
-2.4196,22.4662
-2.4453,22.4769
-2.4711,22.4876
-2.4979,22.5031
-2.5238,22.5136
-2.5499,22.5240
-2.5751,22.5294
-2.6237,22.5302
-2.6441,22.5109
-2.6832,22.5845
-2.7188,22.6384
-2.7608,22.7215
-2.7847,22.7165
-2.8328,22.8237
-2.8304,22.6965
-2.8532,22.6864
-2.8759,22.6762
-2.9052,22.6951
-2.9414,22.7432
-2.9836,22.8154
-3.0331,22.9168
-3.0715,22.8612
-3.0970,22.8601
-3.1262,22.8734
-3.1628,22.9157
-3.2059,22.9820
-3.2431,23.0240
-3.3031,23.0500
-3.3228,23.0240
-3.3501,23.0266
-3.3630,22.9764
-3.4091,23.0466
-3.5033,23.2854
-3.5303,23.2830
-3.5847,23.3756
-3.6081,23.3594
-3.6322,23.3462
-3.6466,23.3003
-3.6665,23.2735
-3.6979,23.2848
-3.7723,23.4355
-3.7372,23.2309
-3.7911,23.3135
-3.8349,23.3624
-3.8684,23.3780
-3.8666,23.2841
-3.9201,23.3612
-3.9632,23.4048
-4.0056,23.3591
-4.0620,23.4401
-4.0966,23.4559
-4.1338,23.4787
-4.1947,23.5685
-4.2400,23.6123
-4.3300,23.6953
-4.3568,23.6855
-4.3819,23.6710
-4.4283,23.7141
-4.4529,23.6979
-4.4638,23.6458
-4.5660,23.8332
-4.5208,23.6347
-4.5565,23.6477
-4.6786,23.8808
-4.7097,23.8793
-4.7538,23.9102
-4.8074,23.9641
-4.4985,5.5109
-4.4382,5.5900
-4.3529,5.7398
-4.2433,5.9607
-4.1718,6.0785
-4.0885,6.1500
-4.0464,6.1883
-3.9852,6.2836
-3.8862,6.4928
-2.5117,8.7818
-2.4779,8.8456
-2.4321,8.9631
-2.4025,9.0127
-2.3689,9.0819
-2.3189,9.1475
-2.2864,9.2171
-2.2542,9.2868
-2.2225,9.3567
-2.1903,9.4316
-2.1654,9.4724
-2.1418,9.5084
-2.1332,9.4691
-2.1046,9.5316
-2.0825,9.5629
-2.0614,9.5895
-2.0400,9.6187
-2.0140,9.6747
-1.9625,9.7898
-1.9274,9.9053
-1.8987,9.9865
-1.8812,10.0038
-1.8694,9.9867
-1.8509,10.0107
-1.8152,10.0540
-1.7972,10.0780
-1.7667,10.1881
-1.7516,10.1960
-1.7331,10.2287
-1.7188,10.2317
-1.6788,10.2214
-1.5022,10.4883
-1.4776,10.4756
-1.4630,10.4948
-1.4507,10.4882
-1.4359,10.5121
-1.4313,10.4064
-1.4101,10.5151

# FrameTime=1781596483.94, PointCount=472
4.6298,18.2066
4.6492,18.2419
4.6670,18.2764
4.6521,18.2911
4.6345,18.3040
4.6596,18.3676
4.7035,18.4195
4.7135,18.4503
4.6716,18.4480
4.5891,18.4191
4.5780,18.4362
4.5767,18.4839
4.5336,18.4798
4.4959,18.4790
4.4847,18.4958
4.4859,18.5209
4.4967,18.5527
4.5190,18.6174
4.5114,18.6370
4.4301,18.6052
4.4048,18.6121
4.3376,18.5893
4.3464,18.6201
4.4470,18.7168
4.2749,18.6425
4.2632,18.6586
4.1750,18.6185
4.1874,18.6521
4.2342,18.7115
4.2303,18.7334
4.1720,18.7145
4.1067,18.6898
4.0790,18.6933
4.0592,18.7027
4.0964,18.7561
4.1419,18.8164
4.1179,18.8228
4.0737,18.8385
4.0067,18.8104
3.9555,18.7945
3.9667,18.8284
3.9699,18.8562
4.0002,18.9061
3.9520,18.9175
4.2483,19.1893
3.9231,18.9445
3.8684,18.9242
3.8596,18.9423
3.9019,19.0038
3.9103,19.0631
3.8822,19.0650
3.8053,19.0241
3.7362,18.9893
3.6972,18.9807
3.7031,19.0116
3.7595,19.0878
3.6775,19.0403
3.6424,19.0345
3.6295,19.0487
3.6444,19.0884
3.6146,19.0872
3.5869,19.0877
3.5885,19.1153
3.7074,19.2804
3.6416,19.2453
3.5213,19.1574
3.4540,19.1194
3.4230,19.1156
3.4313,19.1501
3.3870,19.1596
3.3560,19.1555
3.3251,19.1512
3.3189,19.1715
3.3232,19.2025
3.3203,19.2264
3.3178,19.2778
3.2625,19.2480
3.2178,19.2287
3.2043,19.2416
3.2149,19.2798
3.2459,19.3399
3.4154,19.5479
3.2694,19.4206
3.2674,19.4467
3.1482,19.3458
3.1175,19.3401
3.0970,19.3454
3.0731,19.3468
3.0726,19.3742
3.0548,19.4103
3.0358,19.4171
3.0118,19.4182
2.9912,19.4230
2.9543,19.4088
2.9109,19.3869
2.8959,19.4261
2.8851,19.4418
2.8807,19.4652
2.8793,19.4924
2.8395,19.4736
2.8062,19.4623
2.7873,19.4973
2.7762,19.5128
2.7807,19.5477
2.7804,19.5768
2.7596,19.5806
2.7343,19.5784
2.7052,19.6013
2.6845,19.6048
2.6546,19.5964
2.6310,19.5958
2.6255,19.6188
2.6441,19.6737
2.6519,19.7148
2.6413,19.7632
2.5832,19.7162
2.5535,19.7071
2.5356,19.7140
2.5001,19.6966
2.4868,19.7094
2.4540,19.7267
2.4391,19.7374
2.4270,19.7520
2.4506,19.8178
2.3997,19.7772
2.3733,19.7712
2.4020,19.8454
2.3684,19.8291
2.3279,19.8022
2.3211,19.8249
2.3170,19.8517
2.2823,19.8328
2.2615,19.8346
2.2914,19.9135
2.2228,19.8421
2.1993,19.8395
2.1894,19.8577
2.1795,19.8760
2.1748,19.9026
2.1806,19.9462
2.1848,19.9878
2.1335,19.9403
2.1153,19.9458
2.1206,19.9894
2.1165,20.0182
2.0981,20.0235
2.0656,20.0053
2.0510,20.0169
2.0117,20.0227
2.0009,20.0407
1.9688,20.0219
1.9691,20.0591
1.9258,20.0206
1.9026,20.0166
1.8929,20.0737
1.8599,20.0521
1.8706,20.1091
1.9002,20.2012
1.8235,20.1378
1.8368,20.2015
1.7981,20.1684
1.7725,20.1594
1.7516,20.1592
1.7423,20.1810
1.7283,20.1939
1.7165,20.2112
1.6887,20.1974
1.6582,20.2185
1.6195,20.1820
1.6098,20.2036
1.6331,20.2923
1.6209,20.3094
1.5976,20.3041
1.5449,20.2796
1.5197,20.2694
1.5180,20.3089
1.5171,20.3506
1.5024,20.3630
1.4824,20.3640
1.4707,20.3830
1.4528,20.3884
1.4277,20.3778
1.4128,20.3899
1.3959,20.3974
1.3809,20.4094
1.3639,20.4168
1.3499,20.4311
1.3318,20.4361
1.3167,20.4479
1.3034,20.4644
1.2901,20.4808
1.2786,20.5017
1.2689,20.5273
1.2422,20.5113
1.2020,20.5113
1.1792,20.5042
1.1601,20.5063
1.1482,20.5271
1.1255,20.5198
1.1242,20.5684
1.1085,20.6331
1.0717,20.5881
1.0714,20.6415
1.0315,20.5870
0.9919,20.5323
0.9729,20.5338
1.0314,20.7544
0.9299,20.5225
0.9109,20.5239
0.9358,20.6526
0.9213,20.6682
0.9299,20.7524
0.9198,20.7822
0.9017,20.7882
0.9122,20.8817
0.8353,20.7072
0.8083,20.6845
0.8101,20.7520
0.8071,20.8054
0.7918,20.8206
0.7707,20.8167
0.7026,20.7226
0.6789,20.7088
0.6695,20.7428
0.6613,20.7817
0.6854,20.9335
0.6483,20.8737
0.6149,20.8963
0.6004,20.9159
0.5917,20.9568
0.5777,20.9791
0.5480,20.9427
0.5446,21.0056
0.5303,21.0278
0.5219,21.0734
0.4992,21.0637
0.4670,21.0151
0.4410,20.9907
0.4187,20.9807
0.3872,20.9318
0.3801,20.9848
0.3483,21.0179
0.3251,21.0027
0.3041,20.9972
0.3026,21.0794
0.2927,21.1255
0.2756,21.1394
0.2295,21.1104
0.2155,21.1388
0.1953,21.1378
0.1761,21.1417
0.1569,21.1454
0.1368,21.1443
0.1358,21.2441
0.0975,21.1466
0.0792,21.1551
0.0537,21.1242
0.0451,21.1866
0.0326,21.2294
0.0342,21.3558
0.0107,21.3376
-0.0384,21.2848
-0.0640,21.2505
-0.0912,21.2042
-0.1113,21.2023
-0.1292,21.2151
-0.1457,21.2377
-0.1812,21.2680
-0.1933,21.3251
-0.2100,21.3506
-0.2285,21.3632
-0.2490,21.3608
-0.2645,21.3980
-0.2832,21.4104
-0.3065,21.3849
-0.3276,21.3773
-0.3425,21.4243
-0.3668,21.3868
-0.3748,21.5014
-0.3935,21.5184
-0.4128,21.5305
-0.4364,21.4994
-0.4563,21.5046
-0.4798,21.4716
-0.5016,21.4553
-0.5226,21.4471
-0.5414,21.4638
-0.5564,21.5301
-0.5928,21.5930
-0.6182,21.5247
-0.6379,21.5361
-0.6605,21.5025
-0.6792,21.5287
-0.6996,21.5299
-0.7125,21.6641
-0.7397,21.5422
-0.7601,21.5432
-0.7800,21.5542
-0.8011,21.5401
-0.8211,21.5509
-0.8402,21.5867
-0.8536,21.7955
-0.8787,21.6679
-0.8982,21.7135
-0.9198,21.6891
-0.9385,21.7830
-0.9600,21.7649
-0.9815,21.7353
-1.0024,21.7406
-1.0441,21.7810
-1.0652,21.7846
-1.0862,21.8047
-1.1073,21.7512
-1.1285,21.7761
-1.1497,21.7909
-1.0997,15.1342
-1.1924,21.8254
-1.1019,15.1293
-1.2354,21.8547
-1.1043,15.1341
-1.2789,21.8837
-1.3006,21.8931
-1.3426,21.8668
-1.3650,21.8959
-1.3873,21.9150
-1.4099,21.9391
-1.4317,21.9431
-1.4525,21.9271
-1.4767,21.9758
-1.5192,21.9585
-1.5451,22.0269
-1.5695,22.0654
-1.5924,22.0778
-1.6152,22.0873
-1.6489,22.2442
-1.6816,22.0874
-1.7024,22.0706
-1.7291,22.1235
-1.7556,22.1713
-1.7829,22.2231
-1.8034,22.2011
-1.8253,22.1940
-1.8597,22.3119
-1.8782,22.2690
-1.9008,22.2674
-1.9261,22.2898
-1.9482,22.2823
-1.9696,22.2698
-1.9952,22.2919
-2.0448,22.3211
-2.0719,22.3529
-2.0921,22.3301
-2.1175,22.3469
-2.1477,22.3976
-2.1742,22.4191
-2.2238,22.4373
-2.2506,22.4586
-2.2745,22.4605
-2.2915,22.4175
-2.3224,22.4632
-2.3423,22.4397
-2.3934,22.4617
-2.4182,22.4676
-2.4448,22.4833
-2.4706,22.4939
-2.4965,22.5045
-2.5234,22.5199
-2.5769,22.6774
-2.5737,22.5308
-2.5999,22.5411
-2.6204,22.5218
-2.6437,22.5172
-2.6977,22.6642
-2.7466,22.7816
-2.7850,22.8452
-2.7979,22.6688
-2.8291,22.6979
-2.8551,22.7024
-2.8767,22.6873
-2.9061,22.7063
-2.9423,22.7543
-3.0064,22.8111
-3.0563,22.9124
-3.0701,22.8626
-3.0980,22.8712
-3.1260,22.8797
-3.1688,22.9461
-3.2305,22.9819
-3.2716,23.0382
-3.3017,23.0514
-3.3227,23.0302
-3.3448,23.0135
-3.3630,22.9826
-3.4737,23.2844
-3.5248,23.2699
-3.5615,23.3010
-3.6151,23.3896
-3.6224,23.3188
-3.6467,23.3064
-3.6623,23.2653
-3.7192,23.2688
-3.7403,23.2466
-3.8017,23.3530
-3.8245,23.3353
-3.8701,23.3889
-3.9426,23.5241
-3.9525,23.3778
-3.9879,23.3976
-4.0138,23.3888
-4.0659,23.4568
-4.1034,23.4809
-4.1324,23.4801
-4.2000,23.5888
-4.2753,23.6325
-4.3235,23.6826
-4.3555,23.6869
-4.3857,23.6865
-4.4357,23.7389
-4.4446,23.6806
-4.4892,23.6370
-4.5176,23.6314
-4.5605,23.6630
-4.6718,23.8682
-4.7157,23.8993
-4.7635,23.9394
-4.8318,23.9497
-4.9117,23.9872
-4.4919,5.5264
-4.4334,5.6008
-4.3566,5.7271
-4.2386,5.9715
-4.1704,6.0799
-4.0954,6.1277
-3.9903,6.2660
-3.8928,6.4705
-2.5069,8.7977
-2.4731,8.8616
-2.4296,8.9694
-2.3990,9.0238
-2.3654,9.0930
-2.3165,9.1538
-2.2850,9.2185
-2.2529,9.2882
-2.2212,9.3581
-2.1899,9.4281
-2.1621,9.4835
-2.1266,9.4968
-2.1042,9.5281
-2.0820,9.5594
-2.0591,9.5958
-2.0387,9.6201
-2.0135,9.6712
-1.9612,9.7911
-1.9269,9.9018
-1.8991,9.9781
-1.8807,10.0003
-1.8624,10.0226
-1.8480,10.0219
-1.8136,10.0569
-1.7943,10.0892
-1.7632,10.2043
-1.7467,10.2221
-1.7303,10.2399
-1.7132,10.2638
-1.6876,10.2503
-1.4899,10.4687
-1.4757,10.4824
-1.4612,10.5011
-1.4489,10.4946
-1.4362,10.4935
-1.4219,10.5125
-1.4088,10.5165

# FrameTime=1781596484.04, PointCount=472
4.6299,18.2098
4.6451,18.2426
4.6671,18.2797
4.6580,18.2979
4.6388,18.3099
4.6596,18.3708
4.7035,18.4228
4.7135,18.4536
4.6716,18.4512
4.5849,18.4196
4.5780,18.4394
4.5683,18.4816
4.5336,18.4830
4.5001,18.4850
4.4888,18.5017
4.4817,18.5213
4.5131,18.5671
4.5147,18.6177
4.5113,18.6402
4.4219,18.6026
4.4006,18.6124
4.3334,18.5895
4.3463,18.6232
4.4468,18.7199
4.2708,18.6426
4.2510,18.6528
4.1749,18.6215
4.1873,18.6551
4.2341,18.7145
4.2342,18.7395
4.1719,18.7175
4.1066,18.6928
4.0709,18.6902
4.0590,18.7057
4.1002,18.7621
4.1457,18.8224
4.1138,18.8227
4.0775,18.8446
4.0104,18.8165
3.9553,18.7974
3.9626,18.8282
3.9620,18.8528
3.9961,18.9059
3.9518,18.9204
4.2325,19.1796
3.9190,18.9442
3.8681,18.9270
3.8594,18.9451
3.9092,19.0132
3.9100,19.0659
3.8857,19.0711
3.8050,19.0269
3.7359,18.9921
3.6969,18.9835
3.7029,19.0144
3.7592,19.0906
3.6735,19.0398
3.6458,19.0406
3.6255,19.0481
3.6441,19.0911
3.6143,19.0899
3.5903,19.0938
3.5918,19.1215
3.7034,19.2798
3.6412,19.2480
3.5282,19.1670
3.4537,19.1220
3.4226,19.1183
3.4274,19.1492
3.3867,19.1623
3.3557,19.1581
3.3247,19.1538
3.3150,19.1706
3.3193,19.2015
3.3129,19.2219
3.3174,19.2804
3.2586,19.2470
3.2174,19.2312
3.2039,19.2441
3.2111,19.2787
3.2352,19.3316
3.4217,19.5578
3.2621,19.4159
3.2601,19.4419
3.1511,19.3520
3.1170,19.3426
3.0898,19.3405
3.0793,19.3567
3.0789,19.3841
3.0592,19.4183
3.0320,19.4158
3.0114,19.4206
2.9875,19.4216
2.9538,19.4112
2.9104,19.3893
2.8955,19.4285
2.8846,19.4442
2.8802,19.4676
2.8788,19.4948
2.8390,19.4760
2.8057,19.4647
2.7868,19.4996
2.7757,19.5151
2.7802,19.5500
2.7736,19.5713
2.7622,19.5868
2.7337,19.5808
2.7046,19.6036
2.6839,19.6071
2.6571,19.6026
2.6304,19.5980
2.6279,19.6250
2.6465,19.6799
2.6512,19.7171
2.6407,19.7655
2.5677,19.6984
2.5499,19.7053
2.5350,19.7162
2.4995,19.6987
2.4861,19.7116
2.4534,19.7289
2.4384,19.7395
2.4235,19.7501
2.4528,19.8241
2.3991,19.7793
2.3755,19.7774
2.3956,19.8393
2.3649,19.8271
2.3217,19.7961
2.3149,19.8187
2.2941,19.8206
2.2789,19.8308
2.2581,19.8325
2.2880,19.9114
2.2248,19.8483
2.2041,19.8499
2.1860,19.8556
2.1761,19.8738
2.1714,19.9005
2.1772,19.9440
2.1841,19.9898
2.1328,19.9424
2.1172,19.9520
2.1224,19.9957
2.1157,20.0202
2.0960,20.0234
2.0725,20.0201
2.0554,20.0274
2.0110,20.0247
2.0027,20.0469
1.9680,20.0238
1.9708,20.0654
1.9275,20.0268
1.8969,20.0098
1.8921,20.0756
1.8567,20.0496
1.8674,20.1066
1.9090,20.2206
1.8226,20.1397
1.8383,20.2078
1.7949,20.1659
1.7716,20.1613
1.7484,20.1566
1.7414,20.1828
1.7274,20.1957
1.7133,20.2086
1.6879,20.1992
1.6596,20.2247
1.6164,20.1793
1.6045,20.1964
1.6300,20.2896
1.6199,20.3112
1.5967,20.3058
1.5418,20.2768
1.5188,20.2711
1.5128,20.3016
1.5141,20.3478
1.5004,20.3624
1.4815,20.3656
1.4677,20.3802
1.4477,20.3810
1.4247,20.3749
1.4078,20.3825
1.3929,20.3945
1.3800,20.4111
1.3649,20.4231
1.3499,20.4350
1.3177,20.4542
1.3025,20.4660
1.2910,20.4870
1.2757,20.4987
1.2689,20.5313
1.2430,20.5175
1.2028,20.5175
1.1800,20.5104
1.1609,20.5125
1.1472,20.5286
1.1299,20.5353
1.1267,20.5793
1.1074,20.6346
1.0707,20.5896
1.0789,20.6664
1.0305,20.5884
1.0045,20.5713
0.9719,20.5352
1.0303,20.7558
0.9503,20.5852
0.9099,20.5253
0.9201,20.6116
0.9250,20.6838
0.9272,20.7491
0.9187,20.7836
0.9005,20.7896
0.9110,20.8832
0.8327,20.7039
0.8087,20.6906
0.8060,20.7439
0.8059,20.8067
0.7877,20.8124
0.7739,20.8323
0.7029,20.7287
0.6793,20.7149
0.6684,20.7441
0.6574,20.7734
0.6828,20.9300
0.6471,20.8750
0.6150,20.9024
0.5992,20.9172
0.5878,20.9485
0.5757,20.9776
0.5468,20.9440
0.5446,21.0117
0.5278,21.0241
0.5230,21.0843
0.4979,21.0649
0.4585,20.9873
0.4397,20.9919
0.4175,20.9819
0.3883,20.9427
0.3789,20.9860
0.3459,21.0142
0.3238,21.0039
0.3028,20.9983
0.3002,21.0756
0.2903,21.1217
0.2733,21.1356
0.2292,21.1164
0.2141,21.1399
0.1940,21.1389
0.1748,21.1427
0.1546,21.1416
0.1355,21.1453
0.1335,21.2402
0.0971,21.1526
0.0769,21.1512
0.0524,21.1252
0.0437,21.1876
0.0312,21.2303
0.0327,21.3567
0.0118,21.3533
-0.0390,21.2907
-0.0677,21.2366
-0.0933,21.2002
-0.1127,21.2032
-0.1298,21.2209
-0.1464,21.2435
-0.1833,21.2639
-0.1947,21.3260
-0.2114,21.3515
-0.2299,21.3640
-0.2504,21.3616
-0.2647,21.4088
-0.2853,21.4063
-0.3086,21.3808
-0.3290,21.3781
-0.3445,21.4201
-0.3569,21.4918
-0.3757,21.5071
-0.3945,21.5242
-0.4201,21.4733
-0.4574,21.5103
-0.4817,21.4674
-0.5017,21.4710
-0.5240,21.4478
-0.5429,21.4645
-0.5595,21.5109
-0.5939,21.5986
-0.6204,21.5154
-0.6367,21.5766
-0.6620,21.5032
-0.6807,21.5294
-0.7008,21.5356
-0.7141,21.6647
-0.7413,21.5428
-0.7614,21.5488
-0.7816,21.5547
-0.8026,21.5407
-0.8224,21.5565
-0.8417,21.5872
-0.8554,21.7911
-0.8805,21.6635
-0.8998,21.7140
-0.9214,21.6896
-0.9403,21.7785
-0.9617,21.7604
-0.9832,21.7308
-1.0040,21.7411
-1.0457,21.7864
-1.0668,21.7901
-1.0879,21.8101
-1.1090,21.7516
-1.1301,21.7765
-1.1513,21.7864
-1.1950,21.8894
-1.2155,21.8405
-1.2372,21.8600
-1.1027,15.1346
-1.2809,21.8990
-1.3022,21.8934
-1.3277,22.0163
-1.3441,21.8621
-1.3665,21.8912
-1.3890,21.9153
-1.4114,21.9344
-1.4334,21.9434
-1.4542,21.9273
-1.4787,21.9811
-1.5206,21.9537
-1.5472,22.0321
-1.5703,22.0507
-1.5939,22.0730
-1.6163,22.0776
-1.6512,22.2494
-1.6838,22.0925
-1.7034,22.0608
-1.7309,22.1236
-1.7575,22.1714
-1.7842,22.2182
-1.8062,22.2111
-1.8271,22.1940
-1.8611,22.3070
-1.8796,22.2641
-1.9033,22.2724
-1.9280,22.2898
-1.9506,22.2873
-1.9709,22.2649
-1.9971,22.2919
-2.0467,22.3211
-2.0738,22.3528
-2.0947,22.3350
-2.1195,22.3468
-2.1497,22.3975
-2.1761,22.4190
-2.2258,22.4371
-2.2533,22.4634
-2.2773,22.4653
-2.2942,22.4223
-2.3235,22.4581
-2.3451,22.4445
-2.4105,22.6966
-2.3954,22.4615
-2.4202,22.4674
-2.4468,22.4830
-2.4717,22.4888
-2.4976,22.4993
-2.5236,22.5098
-2.5799,22.6820
-2.5720,22.5109
-2.6038,22.5506
-2.6224,22.5215
-2.6447,22.5120
-2.7008,22.6688
-2.7487,22.7813
-2.7851,22.8350
-2.8010,22.6733
-2.8311,22.6974
-2.8582,22.7068
-2.8788,22.6869
-2.9071,22.7010
-2.9444,22.7539
-3.0074,22.8058
-3.0585,22.9118
-3.0699,22.8523
-3.1002,22.8706
-3.1282,22.8791
-3.1698,22.9407
-3.2354,23.0945
-3.2302,22.9716
-3.2726,23.0328
-3.3027,23.0459
-3.3263,23.0344
-3.3445,23.0032
-3.3652,22.9820
-3.4760,23.2836
-3.5313,23.2836
-3.5639,23.3003
-3.6161,23.3840
-3.6276,23.3276
-3.6476,23.3008
-3.6646,23.2645
-3.7216,23.2680
-3.7412,23.2410
-3.8056,23.3568
-3.8330,23.3534
-3.8725,23.3879
-3.9482,23.5327
-3.9901,23.5716
-3.9549,23.3768
-3.9903,23.3966
-4.0146,23.3831
-4.0651,23.4463
-4.1042,23.4751
-4.1349,23.4791
-4.2025,23.5877
-4.2779,23.6313
-4.3261,23.6814
-4.3580,23.6857
-4.3848,23.6759
-4.4400,23.7424
-4.4489,23.6841
-4.4899,23.6311
-4.5220,23.6349
-4.5631,23.6618
-4.6635,23.8390
-4.7147,23.8886
-4.7625,23.9288
-4.8307,23.9390
-4.4822,5.5345
-4.4254,5.6043
-4.3555,5.7119
-4.2392,5.9516
-4.1627,6.0836
-4.0828,6.1456
-4.0440,6.1745
-3.9989,6.2225
-3.8886,6.4648
-2.5045,8.7877
-2.4673,8.8662
-2.4227,8.9789
-2.3922,9.0333
-2.3608,9.0928
-2.3120,9.1536
-2.2805,9.2183
-2.2484,9.2881
-2.2178,9.3531
-2.1855,9.4280
-2.1597,9.4737
-2.1203,9.5066
-2.0971,9.5427
-2.0777,9.5594
-2.0557,9.5908
-2.0344,9.6200
-2.0075,9.6810
-1.9578,9.7862
-1.9227,9.9018
-1.8941,9.9830
-1.8766,10.0004
-1.8615,10.0030
-1.8355,10.0747
-1.8088,10.0619
-1.7735,10.2015
-1.7570,10.2192
-1.7370,10.2618
-1.7242,10.2549
-1.7106,10.2540
-1.4979,10.4800
-1.4719,10.4826
-1.4574,10.5014
-1.4451,10.4948
-1.4331,10.4838
-1.4180,10.5127
-1.4049,10.5168

# FrameTime=1781596484.14, PointCount=474
4.6249,18.2069
4.6486,18.2449
4.6749,18.2846
4.6573,18.2976
4.7725,18.3931
4.6232,18.3241
4.6504,18.3652
4.6986,18.4198
4.7128,18.4533
4.6624,18.4455
4.5883,18.4221
4.5773,18.4391
4.5717,18.4841
4.5355,18.4845
4.4952,18.4819
4.4881,18.5014
4.4039,18.4688
4.4876,18.5499
4.5469,18.6401
4.5024,18.6342
4.4293,18.6081
4.3999,18.6121
4.3327,18.5892
4.3496,18.6258
4.4261,18.7304
4.2781,18.6482
4.2462,18.6496
4.1742,18.6212
4.1946,18.6608
4.2214,18.7053
4.1712,18.7172
4.1059,18.6925
4.0781,18.6960
4.0583,18.7054
4.0955,18.7587
4.1371,18.8160
4.1130,18.8224
4.1690,18.8918
4.0728,18.8412
4.0097,18.8162
3.9507,18.7939
3.9619,18.8279
3.9690,18.8588
4.0031,18.9119
3.9511,18.9201
4.2510,19.1952
3.9106,18.9375
3.8674,18.9267
3.8587,18.9448
3.9047,19.0096
3.9130,19.0689
3.8812,19.0675
3.7968,19.0200
3.7314,18.9885
3.6962,18.9832
3.6984,19.0108
3.6765,19.0428
3.6413,19.0370
3.6285,19.0512
3.6433,19.0908
3.6099,19.0862
3.5932,19.0969
3.6370,19.1640
3.5743,19.1318
3.7049,19.2816
3.6333,19.2408
3.5202,19.1598
3.4530,19.1217
3.4255,19.1215
3.4267,19.1489
3.3859,19.1620
3.3549,19.1578
3.3169,19.1465
3.3143,19.1703
3.3151,19.1977
3.3157,19.2251
3.3097,19.2730
3.2579,19.2467
3.2167,19.2309
3.2032,19.2438
3.2035,19.2712
3.2413,19.3385
3.2716,19.4265
3.2526,19.4343
3.1504,19.3517
3.1163,19.3423
3.0924,19.3439
3.0753,19.3527
3.0781,19.3838
3.1191,19.4576
3.0569,19.4162
3.0312,19.4155
3.0106,19.4203
2.9867,19.4213
2.9498,19.4072
2.9064,19.3852
2.8947,19.4282
2.8839,19.4439
2.8794,19.4673
2.8781,19.4945
2.8415,19.4795
2.8082,19.4682
2.7893,19.5032
2.7718,19.5109
2.7763,19.5458
2.7760,19.5749
2.7615,19.5865
2.7361,19.5844
2.7039,19.6033
2.6832,19.6068
2.6564,19.6023
2.6266,19.5938
2.6302,19.6287
2.6488,19.6836
2.6565,19.7248
2.6550,19.7540
2.6087,19.7231
2.5581,19.6860
2.5521,19.7090
2.5343,19.7159
2.5017,19.7025
2.4825,19.7072
2.4556,19.7327
2.4348,19.7352
2.4256,19.7539
2.4549,19.8279
2.4012,19.7831
2.3719,19.7730
2.3642,19.8268
2.3209,19.7958
2.3169,19.8226
2.2961,19.8245
2.2781,19.8305
2.2574,19.8322
2.2982,19.9279
2.2241,19.8481
2.2033,19.8496
2.1880,19.8595
2.1780,19.8777
2.1707,19.9002
2.1791,19.9480
2.1860,19.9937
2.1294,19.9378
2.1138,19.9475
2.1243,19.9996
2.1176,20.0242
2.0979,20.0274
2.0692,20.0156
2.0495,20.0185
2.0128,20.0287
2.0045,20.0509
1.9673,20.0235
1.9651,20.0564
1.9268,20.0265
1.9036,20.0225
1.8914,20.0753
1.8560,20.0493
1.8691,20.1106
1.8518,20.1174
1.8195,20.1350
1.8036,20.1832
1.7639,20.1477
1.7547,20.1695
1.7407,20.1825
1.7267,20.1954
1.7149,20.2127
1.6871,20.1989
1.6544,20.2155
1.6179,20.1835
1.6060,20.2006
1.6249,20.2803
1.6236,20.3199
1.5960,20.3055
1.5411,20.2765
1.5202,20.2754
1.5164,20.3103
1.5155,20.3521
1.5007,20.3644
1.4808,20.3654
1.4691,20.3844
1.4470,20.3807
1.4281,20.3837
1.4071,20.3822
1.3821,20.3714
1.3712,20.3925
1.3602,20.4136
1.3501,20.4370
1.3301,20.4374
1.3150,20.4493
1.3017,20.4657
1.2884,20.4821
1.2750,20.4984
1.2691,20.5332
1.2423,20.5172
1.2021,20.5172
1.1738,20.4962
1.1602,20.5122
1.1465,20.5283
1.1256,20.5257
1.1260,20.5790
1.1102,20.6436
1.0699,20.5893
1.0782,20.6661
1.0297,20.5881
1.0004,20.5616
0.9728,20.5397
0.9413,20.5614
0.9059,20.5156
0.9243,20.6254
0.9227,20.6787
0.9265,20.7488
0.9195,20.7880
0.8998,20.7893
0.9088,20.8781
0.8320,20.7036
0.8080,20.6903
0.8053,20.7436
0.8067,20.8112
0.7900,20.8216
0.7703,20.8225
0.7022,20.7284
0.6757,20.7050
0.6691,20.7486
0.6580,20.7779
0.6848,20.9394
0.6491,20.8843
0.6157,20.9069
0.5972,20.9120
0.5884,20.9530
0.5763,20.9821
0.5486,20.9533
0.5439,21.0114
0.5082,21.0287
0.4972,21.0646
0.4686,21.0306
0.4426,21.0061
0.4167,20.9816
0.3853,20.9327
0.3793,20.9906
0.3474,21.0236
0.3231,21.0036
0.3021,20.9980
0.2995,21.0754
0.2917,21.1312
0.2746,21.1451
0.2275,21.1112
0.2124,21.1347
0.1932,21.1386
0.1741,21.1424
0.1549,21.1462
0.1357,21.1499
0.1328,21.2399
0.0972,21.1572
0.0771,21.1558
0.0517,21.1249
0.0439,21.1922
0.0313,21.2350
0.0337,21.3663
0.0086,21.3382
-0.0405,21.2855
-0.0676,21.2413
-0.0933,21.2048
-0.1141,21.1979
-0.1305,21.2206
-0.1464,21.2482
-0.1840,21.2636
-0.1954,21.3257
-0.2115,21.3562
-0.2306,21.3637
-0.2511,21.3614
-0.2660,21.4035
-0.2854,21.4110
-0.3093,21.3805
-0.3292,21.3828
-0.3452,21.4198
-0.3663,21.4121
-0.3765,21.5069
-0.3966,21.5107
-0.4150,21.5309
-0.4362,21.5247
-0.4581,21.5100
-0.4820,21.4721
-0.5033,21.4607
-0.5252,21.4426
-0.5436,21.4642
-0.5575,21.5454
-0.5947,21.5983
-0.6211,21.5151
-0.6378,21.5713
-0.6627,21.5029
-0.6814,21.5291
-0.7018,21.5303
-0.7159,21.6445
-0.7420,21.5425
-0.7621,21.5485
-0.7821,21.5594
-0.8034,21.5404
-0.8233,21.5512
-0.8425,21.5869
-0.8561,21.7908
-0.8812,21.6632
-0.9006,21.7137
-0.9221,21.6893
-0.9410,21.7782
-0.9624,21.7601
-0.9838,21.7355
-1.0048,21.7358
-1.0464,21.7811
-1.0675,21.7848
-1.0886,21.8098
-1.1096,21.7413
-1.1308,21.7762
-1.1520,21.7911
-1.0987,15.1295
-1.1956,21.8841
-1.2163,21.8402
-1.2378,21.8548
-1.2606,21.9142
-1.2815,21.8937
-1.3030,21.8931
-1.3282,22.0110
-1.3450,21.8668
-1.3675,21.8959
-1.3897,21.9150
-1.4117,21.9241
-1.4341,21.9431
-1.4550,21.9271
-1.4800,21.9908
-1.5216,21.9584
-1.5473,22.0219
-1.5707,22.0454
-1.5949,22.0777
-1.6177,22.0872
-1.6515,22.2441
-1.6833,22.0773
-1.7041,22.0605
-1.7316,22.1233
-1.7582,22.1711
-1.7850,22.2179
-1.8069,22.2108
-1.8283,22.1987
-1.8623,22.3116
-1.8813,22.2737
-1.9045,22.2771
-1.9282,22.2846
-1.9508,22.2820
-1.9722,22.2695
-1.9978,22.2916
-2.0474,22.3208
-2.0746,22.3525
-2.0948,22.3298
-2.1188,22.3366
-2.1504,22.3972
-2.1768,22.4188
-2.2265,22.4368
-2.2540,22.4631
-2.2772,22.4601
-2.2942,22.4170
-2.3243,22.4578
-2.3442,22.4343
-2.3953,22.4562
-2.4209,22.4671
-2.4467,22.4778
-2.4725,22.4885
-2.4992,22.5040
-2.5252,22.5144
-2.5806,22.6817
-2.5737,22.5155
-2.6026,22.5405
-2.6231,22.5212
-2.6455,22.5117
-2.7025,22.6734
-2.7504,22.7859
-2.7705,22.7613
-2.8017,22.6730
-2.8319,22.6971
-2.8568,22.6968
-2.8795,22.6866
-2.9078,22.7007
-2.9462,22.7584
-3.0093,22.8103
-3.0592,22.9115
-3.0694,22.8472
-3.1021,22.8752
-3.1289,22.8788
-3.1729,22.9501
-3.2374,23.0991
-3.2334,22.9810
-3.2733,23.0325
-3.3021,23.0408
-3.3257,23.0293
-3.3465,23.0077
-3.3673,22.9865
-3.4768,23.2833
-3.5307,23.2785
-3.5660,23.3048
-3.6197,23.3933
-3.6269,23.3225
-3.6484,23.3006
-3.6653,23.2642
-3.7223,23.2677
-3.7419,23.2407
-3.8049,23.3518
-3.8307,23.3436
-3.8733,23.3876
-3.9458,23.5229
-3.9893,23.5665
-3.9556,23.3765
-3.9926,23.4010
-4.0137,23.3781
-4.0674,23.4507
-4.1033,23.4701
-4.1340,23.4741
-4.2016,23.5827
-4.2752,23.6216
-4.3251,23.6764
-4.3588,23.6855
-4.3856,23.6756
-4.4390,23.7375
-4.4496,23.6838
-4.4925,23.6355
-4.5209,23.6299
-4.5638,23.6615
-4.6770,23.8712
-4.7210,23.9023
-4.7669,23.9378
-4.8113,23.9685
-4.4846,5.5295
-4.4159,5.6321
-4.3410,5.7539
-4.2018,5.9749
-4.1325,6.0883
-4.0769,6.1642
-3.8749,6.5072
-2.5347,8.7432
-2.5018,8.8020
-2.4589,8.9048
-2.4235,8.9786
-2.3907,9.0428
-2.3413,9.1034
-2.3095,9.1680
-2.2771,9.2376
-2.2450,9.3073
-2.2124,9.3821
-2.1853,9.4326
-2.1766,9.3934
-2.1426,9.4800
-2.1191,9.5161
-2.0978,9.5424
-2.0756,9.5738
-2.0537,9.6052
-2.0329,9.6319
-2.0171,9.6316
-1.9913,9.6878
-1.9551,9.8056
-1.9192,9.9261
-1.8915,10.0024
-1.8740,10.0198
-1.8567,10.0372
-1.8493,9.9922
-1.8274,10.0392
-1.7894,10.1934
-1.7728,10.2111
-1.7519,10.2585
-1.7377,10.2615
-1.7093,10.2685
-1.6965,10.2618
-1.4854,10.4835
-1.4726,10.4820
-1.4572,10.5110
-1.4450,10.5045
-1.4330,10.4935
-1.4176,10.5274
-1.4071,10.4965

# FrameTime=1781596484.24, PointCount=475
4.6257,18.2074
4.6750,18.2609
4.6538,18.2954
4.6431,18.3127
4.6324,18.3299
4.6766,18.3816
4.7162,18.4310
4.7094,18.4511
4.6185,18.4415
4.5655,18.4314
4.5586,18.4511
4.5725,18.4845
4.5003,18.4610
4.4876,18.4768
4.4847,18.4991
4.4377,18.4916
4.4513,18.5251
4.4811,18.5699
4.5545,18.6452
4.4170,18.5748
4.4614,18.6304
4.3965,18.6096
4.4557,18.6762
4.3097,18.5972
4.3509,18.6513
4.4025,18.7133
4.2345,18.6164
4.2349,18.6412
4.4149,18.7981
4.2037,18.6920
4.2158,18.7258
4.1703,18.7165
4.0867,18.6778
4.0709,18.6903
4.0710,18.7150
4.0842,18.7747
4.1296,18.8352
4.0913,18.8304
4.0399,18.8150
3.9909,18.8010
3.9553,18.7975
3.9504,18.8435
3.9690,18.8839
4.0029,18.9372
3.9518,18.9206
4.2172,19.1669
3.8884,18.9187
3.8644,18.9239
3.9191,19.0217
4.0253,19.1388
3.9365,19.0889
3.8706,19.0582
3.7712,18.9975
3.7209,18.9791
3.6843,18.9980
3.6901,19.0289
3.6624,19.0299
3.6680,19.0609
3.6661,19.0853
3.6515,19.0980
3.6013,19.1041
3.5902,19.1201
3.6042,19.1596
3.7093,19.2854
3.6159,19.2241
3.4885,19.1292
3.5169,19.1829
3.4298,19.1254
3.4310,19.1529
3.3999,19.1489
3.3796,19.1554
3.3593,19.1618
3.3283,19.1575
3.4757,19.3319
3.3053,19.1875
3.3095,19.2184
3.3275,19.2637
3.3070,19.2698
3.2309,19.2184
3.2174,19.2314
3.3094,19.3545
3.1836,19.2499
3.2009,19.2954
3.2454,19.3701
3.3083,19.4655
3.2092,19.3871
3.1512,19.3522
3.1205,19.3465
3.0760,19.3531
3.0622,19.3656
3.0650,19.3967
3.0577,19.4166
3.0287,19.4122
3.0147,19.4245
2.9669,19.4265
2.9398,19.4235
2.8965,19.4015
2.8955,19.4286
2.8814,19.4406
2.8738,19.4601
2.9703,19.6042
2.8391,19.4761
2.8185,19.4802
2.7916,19.4765
2.7900,19.5036
2.7883,19.5307
2.7896,19.5618
2.7767,19.5754
2.7794,19.6084
2.7400,19.5887
2.7223,19.5963
2.6985,19.5959
2.6809,19.6033
2.6450,19.5870
2.6304,19.5982
2.6164,19.6403
2.6347,19.6953
2.6363,19.7285
2.6094,19.7236
2.5618,19.6905
2.5588,19.7175
2.5232,19.7002
2.5216,19.7293
2.4818,19.7056
2.4713,19.7225
2.4564,19.7331
2.4471,19.7519
2.4465,19.7829
2.4557,19.8283
2.4390,19.8369
2.4010,19.8146
2.3773,19.8127
2.3509,19.8066
2.3329,19.8127
2.3177,19.8230
2.3316,19.8768
2.2844,19.8392
2.2636,19.8410
2.2456,19.8469
2.2248,19.8485
2.2095,19.8584
2.1861,19.8557
2.1761,19.8739
2.1560,19.9104
2.1563,19.9455
2.1513,19.9722
2.1434,19.9947
2.1394,20.0235
2.1184,20.0246
2.0815,20.0352
2.0605,20.0362
2.0459,20.0478
2.0224,20.0443
1.9965,20.0363
1.9680,20.0240
1.9499,20.0660
1.8994,20.0143
1.9131,20.0755
1.8873,20.0670
1.8543,20.0454
1.8916,20.1505
1.8766,20.1616
1.8393,20.1705
1.8159,20.1661
1.7926,20.1616
1.7577,20.1349
1.7531,20.1656
1.7392,20.1785
1.7088,20.1999
1.6902,20.2038
1.6715,20.2077
1.6507,20.2070
1.6164,20.1795
1.6289,20.2458
1.7216,20.4759
1.6222,20.3158
1.5924,20.2970
1.5714,20.2960
1.5397,20.2724
1.5167,20.2668
1.5256,20.3288
1.5184,20.3570
1.4795,20.3613
1.4657,20.3758
1.4375,20.3584
1.4329,20.3933
1.4099,20.3872
1.3930,20.3946
1.3630,20.4186
1.3460,20.4260
1.3309,20.4379
1.3177,20.4543
1.3025,20.4661
1.2892,20.4825
1.2623,20.5152
1.2412,20.5130
1.2202,20.5107
1.2029,20.5176
1.1837,20.5198
1.1682,20.5313
1.1335,20.5447
1.1125,20.5421
1.1057,20.5767
1.1171,20.6606
1.0707,20.5898
1.0618,20.6197
1.0655,20.6849
1.0147,20.5996
0.9669,20.5213
0.9645,20.5698
0.9273,20.5194
0.9181,20.5490
0.9315,20.6448
0.9363,20.7170
0.9131,20.7670
0.9022,20.7945
0.8731,20.7672
0.8220,20.6708
0.8225,20.7335
0.8090,20.7535
0.8070,20.8745
0.7798,20.8516
0.7412,20.7903
0.7001,20.7192
0.6779,20.7102
0.6727,20.7586
0.7725,21.1697
0.6628,20.8603
0.6744,20.9712
0.6382,20.9140
0.6124,20.8929
0.6006,20.9221
0.5925,20.9658
0.5667,20.9440
0.5345,20.9732
0.5266,21.0195
0.5181,21.0651
0.4955,21.0553
0.4633,21.0068
0.4445,21.0114
0.3942,20.9671
0.3698,20.9473
0.3767,21.0614
0.3404,20.9900
0.3227,20.9991
0.3062,21.0131
0.3116,21.1274
0.2844,21.0946
0.2754,21.1455
0.2556,21.1467
0.2323,21.1312
0.2142,21.1400
0.1950,21.1439
0.1842,21.1898
0.1556,21.1466
0.1364,21.1503
0.1163,21.1491
0.0989,21.1625
0.0725,21.1268
0.0551,21.1401
0.0446,21.1927
0.0219,21.2929
0.0228,21.4193
-0.0088,21.3518
-0.0414,21.2761
-0.0700,21.2220
-0.0933,21.2003
-0.1312,21.2112
-0.1470,21.2387
-0.1644,21.2564
-0.1812,21.2789
-0.1902,21.3589
-0.2100,21.3616
-0.2305,21.3592
-0.2394,21.4479
-0.2671,21.3891
-0.2864,21.3965
-0.3091,21.3760
-0.3279,21.3882
-0.3422,21.4401
-0.3645,21.4225
-0.3939,21.5293
-0.4153,21.5214
-0.4402,21.4755
-0.4592,21.4905
-0.4808,21.4775
-0.4975,21.5191
-0.5408,21.4895
-0.5517,21.6089
-0.5756,21.5674
-0.5935,21.6037
-0.6169,21.5654
-0.6397,21.5319
-0.6522,21.6562
-0.6810,21.5245
-0.7007,21.5357
-0.7211,21.5369
-0.7415,21.5379
-0.7618,21.5390
-0.7824,21.5349
-0.8024,21.5458
-0.8428,21.5574
-0.8617,21.6031
-0.8794,21.6986
-0.9001,21.7042
-0.9202,21.7347
-0.9399,21.7936
-0.9830,21.7409
-1.0040,21.7412
-1.0250,21.7365
-1.0456,21.7901
-1.0667,21.7952
-1.0878,21.8053
-1.1091,21.8303
-1.1300,21.7617
-1.1511,21.7715
-1.1728,21.8312
-1.1941,21.8310
-1.2157,21.8506
-1.2373,21.8652
-1.1025,15.1298
-1.3021,21.8886
-1.3238,21.8979
-1.3454,21.9022
-1.3676,21.9213
-1.3896,21.9304
-1.4120,21.9495
-1.4554,21.9524
-1.4771,21.9513
-1.4992,21.9601
-1.5215,21.9688
-1.5475,22.0373
-1.5728,22.0896
-1.5952,22.0931
-1.6198,22.1275
-1.6408,22.1110
-1.6617,22.0944
-1.6810,22.0578
-1.7058,22.0908
-1.7321,22.1387
-1.7583,22.1815
-1.8057,22.2063
-1.8270,22.1942
-1.8534,22.2317
-1.8843,22.3098
-1.9053,22.2925
-1.9274,22.2850
-1.9715,22.2700
-1.9934,22.2623
-2.0208,22.2993
-2.0466,22.3212
-2.0725,22.3431
-2.0991,22.3691
-2.1247,22.3859
-2.1497,22.3983
-2.1740,22.4043
-2.2005,22.4258
-2.2272,22.4472
-2.2547,22.4734
-2.2659,22.3914
-2.3103,22.5256
-2.3203,22.4385
-2.3450,22.4446
-2.3697,22.4507
-2.3953,22.4616
-2.4201,22.4675
-2.4459,22.4783
-2.4726,22.4938
-2.5226,22.5051
-2.5487,22.5155
-2.5748,22.5258
-2.5981,22.5213
-2.6204,22.5119
-2.6515,22.5464
-2.7206,22.7667
-2.7215,22.6494
-2.7319,22.5809
-2.8103,22.8349
-2.7978,22.6588
-2.8375,22.7269
-2.8560,22.6972
-2.9083,22.8186
-2.9048,22.6914
-2.9376,22.7248
-2.9809,22.8019
-3.0235,22.8739
-3.0596,22.9168
-3.0805,22.8962
-3.1025,22.8805
-3.1538,22.8779
-3.2017,22.9636
-3.2377,23.0008
-3.2815,23.0667
-3.3001,23.0364
-3.3327,23.0587
-3.3639,22.9773
-3.3952,22.9945
-3.4961,23.2574
-3.5258,23.2645
-3.5749,23.3389
-3.6228,23.4072
-3.6788,23.5012
-3.6732,23.2933
-3.6974,23.2807
-3.7142,23.2443
-3.7530,23.2793
-3.8191,23.3998
-3.8314,23.3488
-3.8876,23.3465
-3.9040,23.3096
-3.9627,23.4006
-3.9950,23.4109
-4.0354,23.4448
-4.0650,23.4464
-4.1349,23.4792
-4.1644,23.4795
-4.2206,23.5549
-4.2930,23.6738
-4.3278,23.6863
-4.3614,23.6953
-4.3922,23.6963
-4.4687,23.7372
-4.4827,23.6928
-4.4881,23.6266
-4.5219,23.6350
-4.5631,23.6619
-4.6653,23.8438
-4.7421,23.8779
-4.7937,23.9272
-4.8401,23.9623
-4.9106,23.9766
-4.5515,5.4324
-4.4769,5.5487
-4.4168,5.6279
-4.3031,5.7729
-4.1927,5.9989
-4.1218,6.1170
-4.0745,6.1694
-3.8383,6.5325
-2.5305,8.7582
-2.4975,8.8170
-2.4604,8.8955
-2.4193,8.9936
-2.3728,9.0394
-2.3384,9.1136
-2.3066,9.1782
-2.2742,9.2478
-2.2422,9.3175
-2.1915,9.3988
-2.1636,9.4542
-2.1389,9.4951
-2.1165,9.5263
-2.0961,9.5478
-2.0749,9.5742
-2.0370,9.6055
-2.0136,9.6468
-1.9805,9.7448
-1.9363,9.9094
-1.9092,9.9807
-1.8858,10.0324
-1.8575,10.0278
-1.8292,10.1143
-1.8015,10.2009
-1.7856,10.2136
-1.7698,10.2263
-1.7526,10.2490
-1.7282,10.2264
-1.7100,10.2581
-1.4851,10.4786
-1.4705,10.4972
-1.4573,10.5015
-1.4442,10.5049
-1.4319,10.4989
-1.4168,10.5278
-1.4078,10.4770

# FrameTime=1781596484.34, PointCount=476
4.6300,18.2043
4.6622,18.2474
4.6672,18.2741
4.6474,18.3096
4.6282,18.3215
4.6766,18.3759
4.7121,18.4225
4.7137,18.4480
4.6423,18.4267
4.5892,18.4167
4.6299,18.4674
4.5754,18.4562
4.5726,18.4787
4.5130,18.4635
4.4919,18.4737
4.4823,18.4915
4.5481,18.5604
4.4225,18.4995
4.4854,18.5669
4.5506,18.6365
4.4542,18.5945
4.4903,18.6445
4.4008,18.6066
4.3892,18.6230
4.3262,18.6028
4.3471,18.6424
4.4190,18.7190
4.2590,18.6280
4.2433,18.6410
4.1712,18.6127
4.2118,18.6670
4.2145,18.7185
4.1802,18.7176
4.0990,18.6808
4.0673,18.6812
4.0713,18.7088
4.0966,18.7531
4.1299,18.8290
4.1113,18.8397
4.0364,18.8057
4.0070,18.8073
3.9635,18.7975
3.9669,18.8252
3.9617,18.8713
4.0034,18.9309
3.9484,18.9111
4.2522,19.1894
3.8927,18.9156
3.8648,18.9176
3.9095,18.9810
4.2517,19.2985
3.8931,19.0187
3.9408,19.0858
3.8712,19.0518
3.7830,19.0010
3.7290,18.9793
3.6975,18.9772
3.6944,19.0258
3.6704,19.0301
3.6501,19.0377
3.6520,19.0654
3.6521,19.0916
3.6186,19.0870
3.5925,19.1151
3.5903,19.1394
3.7281,19.2961
3.5840,19.1865
3.5598,19.1902
3.4509,19.1122
3.4281,19.1428
3.4078,19.1494
3.3732,19.1418
3.3529,19.1481
3.3220,19.1438
3.3229,19.1712
3.4627,19.3389
3.3138,19.2154
3.3213,19.2500
3.3252,19.2811
3.2699,19.2512
3.2252,19.2319
3.2083,19.2412
3.2188,19.2794
3.2394,19.3561
3.3297,19.4807
3.2305,19.4023
3.1521,19.3454
3.1248,19.3434
3.0941,19.3375
3.0665,19.3625
3.0660,19.3899
3.0586,19.4098
3.0429,19.4203
3.0157,19.4177
2.9918,19.4187
2.9507,19.4280
2.9008,19.3984
2.9031,19.4293
2.8922,19.4451
2.8845,19.4647
2.8800,19.4880
2.9632,19.6172
2.8323,19.4887
2.7959,19.4734
2.7975,19.5044
2.7926,19.5277
2.7908,19.5548
2.7779,19.5684
2.7603,19.5761
2.7474,19.5896
2.7236,19.5893
2.7028,19.5928
2.6852,19.6002
2.6523,19.5878
2.6317,19.5911
2.6383,19.6300
2.6420,19.6962
2.6407,19.7254
2.6108,19.7165
2.5602,19.6793
2.5601,19.7104
2.5275,19.6971
2.4890,19.7066
2.4727,19.7153
2.4636,19.7341
2.4399,19.7325
2.4364,19.7594
2.4571,19.8212
2.3826,19.7786
2.3675,19.7890
2.3608,19.8117
2.3260,19.7931
2.3192,19.8158
2.3040,19.8260
2.2832,19.8278
2.2472,19.8396
2.2264,19.8412
2.2057,19.8428
2.1904,19.8526
2.1804,19.8709
2.1731,19.8933
2.1633,19.9467
2.1556,19.9691
2.1478,19.9916
2.1411,20.0162
2.1201,20.0173
2.1017,20.0226
2.0674,20.0374
2.0477,20.0404
2.0293,20.0455
2.0008,20.0333
1.9724,20.0209
1.9727,20.0581
1.9062,20.0156
1.9125,20.0637
1.8965,20.0727
1.8562,20.0379
1.8886,20.1343
1.8833,20.1629
1.9950,20.4067
1.8436,20.1675
1.8226,20.1674
1.8040,20.1717
1.7853,20.1760
1.7644,20.1757
1.7504,20.1887
1.7318,20.1928
1.6945,20.2007
1.6736,20.2001
1.6572,20.2084
1.6163,20.1675
1.6310,20.2382
1.6410,20.3001
1.6011,20.3029
1.5822,20.3064
1.5419,20.2649
1.5210,20.2637
1.5278,20.3212
1.5205,20.3494
1.4858,20.3627
1.4679,20.3681
1.4459,20.3644
1.4372,20.3902
1.4162,20.3886
1.4013,20.4007
1.4193,20.4883
1.3673,20.4155
1.3493,20.4206
1.3342,20.4325
1.3201,20.4466
1.3068,20.4630
1.2935,20.4794
1.2820,20.5004
1.2568,20.5377
1.2282,20.5169
1.2109,20.5238
1.1917,20.5260
1.1725,20.5282
1.1606,20.5489
1.1133,20.5297
1.1083,20.5689
1.1197,20.6528
1.0750,20.5867
1.0695,20.6260
1.0365,20.5902
1.0385,20.6507
0.9729,20.5229
0.9655,20.5573
0.9283,20.5069
0.9257,20.5554
0.9374,20.6464
0.9358,20.6997
0.9347,20.7556
0.9143,20.7544
0.9049,20.7867
0.8790,20.7689
0.8263,20.6677
0.8207,20.7114
0.8133,20.7505
0.8252,20.8514
0.7783,20.8294
0.7571,20.8254
0.7058,20.7209
0.6808,20.7024
0.6770,20.7556
0.6715,20.8040
0.6741,20.9516
0.6385,20.8965
0.6154,20.8850
0.6036,20.9142
0.5955,20.9579
0.5723,20.9457
0.5646,20.9920
0.5388,20.9701
0.5334,21.0261
0.5219,21.0600
0.4998,21.0523
0.4652,20.9940
0.4489,21.0083
0.4183,20.9644
0.3718,20.9345
0.3822,21.0632
0.3469,20.9967
0.3281,21.0009
0.3105,21.0100
0.3067,21.0825
0.2787,21.1375
0.2609,21.1485
0.2326,21.1085
0.2175,21.1320
0.1983,21.1359
0.1782,21.1349
0.1398,21.1424
0.1197,21.1411
0.1032,21.1594
0.0786,21.1335
0.0594,21.1370
0.0489,21.1896
0.0762,21.4618
0.0237,21.2751
0.0247,21.4015
-0.0037,21.3537
-0.0363,21.2779
-0.0665,21.2140
-0.0882,21.2022
-0.1083,21.2002
-0.1427,21.2356
-0.1601,21.2533
-0.1775,21.2709
-0.1859,21.3558
-0.2057,21.3585
-0.2262,21.3561
-0.2628,21.3860
-0.2821,21.3934
-0.3036,21.3828
-0.3235,21.3851
-0.3385,21.4321
-0.3629,21.3946
-0.3693,21.5241
-0.4128,21.5002
-0.4388,21.4426
-0.4558,21.4775
-0.4765,21.4744
-0.4983,21.4581
-0.5176,21.4698
-0.5571,21.4831
-0.5713,21.5643
-0.5892,21.6007
-0.6133,21.5523
-0.6347,21.5388
-0.6570,21.5102
-0.6686,21.6544
-0.6964,21.5326
-0.7168,21.5338
-0.7369,21.5398
-0.7573,21.5409
-0.7777,21.5418
-0.7981,21.5427
-0.8108,21.7367
-0.8383,21.5593
-0.8576,21.5950
-0.8750,21.6955
-0.8956,21.7061
-0.9164,21.7116
-0.9358,21.7805
-0.9577,21.7375
-0.9996,21.7431
-1.0208,21.7284
-1.0413,21.7820
-1.0624,21.7921
-1.0891,15.1268
-1.1046,21.7587
-1.0925,15.1268
-1.1684,21.8132
-1.1898,21.8279
-1.2113,21.8425
-1.2328,21.8521
-1.2555,21.9116
-1.2797,22.0147
-1.2982,21.9005
-1.3195,21.8948
-1.3401,21.8691
-1.3626,21.8983
-1.3849,21.9174
-1.4075,21.9414
-1.4314,21.9891
-1.4509,21.9444
-1.4725,21.9432
-1.4955,21.9670
-1.5174,21.9707
-1.5435,22.0392
-1.5682,22.0815
-1.5909,22.0901
-1.6354,22.0929
-1.6674,22.2198
-1.6775,22.0647
-1.7011,22.0828
-1.7274,22.1306
-1.7544,22.1834
-1.8018,22.2082
-1.8232,22.1961
-1.8486,22.2237
-1.8783,22.2910
-1.9016,22.2943
-1.9237,22.2869
-1.9558,22.3680
-1.9672,22.2669
-1.9891,22.2593
-2.0159,22.2912
-2.0423,22.3181
-2.0682,22.3400
-2.0949,22.3667
-2.1210,22.3878
-2.1690,22.3969
-2.1955,22.4178
-2.2215,22.4348
-2.2504,22.4703
-2.2623,22.3933
-2.2930,22.4391
-2.3407,22.4416
-2.3662,22.4525
-2.3910,22.4585
-2.4167,22.4694
-2.4424,22.4801
-2.4683,22.4907
-2.5244,22.6681
-2.5174,22.4971
-2.5444,22.5124
-2.5704,22.5227
-2.5947,22.5231
-2.6181,22.5186
-2.6463,22.5384
-2.6974,22.6707
-2.7235,22.5583
-2.8050,22.8269
-2.7945,22.6606
-2.8332,22.7238
-2.8517,22.6941
-2.8777,22.6986
-2.9311,22.7120
-2.9709,22.7745
-3.0123,22.8417
-3.0553,22.9136
-3.0750,22.8882
-3.0982,22.8774
-3.1482,22.8700
-3.1962,22.9557
-3.2321,22.9928
-3.2759,23.0588
-3.2958,23.0333
-3.3258,23.0460
-3.4046,23.2370
-3.3596,22.9742
-3.3896,22.9866
-3.4918,23.2543
-3.5283,23.2855
-3.5595,23.2973
-3.6160,23.3955
-3.6105,23.2816
-3.6675,23.2854
-3.6916,23.2729
-3.7113,23.2460
-3.7576,23.3048
-3.8103,23.3825
-3.8241,23.3362
-3.8864,23.3529
-3.8997,23.3065
-3.9584,23.3976
-3.9875,23.3984
-4.0295,23.4369
-4.0607,23.4434
-4.1178,23.5242
-4.1289,23.4714
-4.1567,23.4670
-4.2263,23.5801
-4.2887,23.6708
-4.3218,23.6785
-4.3537,23.6828
-4.4035,23.7354
-4.4591,23.7201
-4.4784,23.6897
-4.4820,23.6189
-4.5194,23.6366
-4.5588,23.6588
-4.6592,23.8360
-4.7378,23.8748
-4.7876,23.9194
-4.8339,23.9546
-4.8986,23.9551
-4.9911,23.9434
-4.4813,5.5222
-4.4228,5.5966
-4.3563,5.6948
-4.2450,5.9204
-4.1390,6.0526
-4.0817,6.1332
-4.0298,6.1999
-3.9494,6.3520
-3.8443,6.5803
-2.4978,8.7945
-2.4629,8.8633
-2.4218,8.9613
-2.3900,9.0207
-2.3565,9.0899
-2.3076,9.1507
-2.2741,9.2252
-2.2420,9.2949
-2.2084,9.3746
-2.1792,9.4348
-2.1534,9.4805
-2.1457,9.4364
-2.1150,9.5085
-2.0936,9.5349
-2.0724,9.5613
-2.0496,9.5977
-2.0260,9.6390
-1.9823,9.7935
-1.9871,9.6802
-1.9286,9.9260
-1.9007,10.0022
-1.8782,10.0490
-1.8641,10.0467
-1.8356,10.1331
-1.8169,10.0710
-1.7813,10.2105
-1.7655,10.2233
-1.7476,10.2509
-1.7382,10.2204
-1.7184,10.2628
-1.4821,10.4610
-1.4675,10.4797
-1.4530,10.4984
-1.4403,10.4969
-1.4287,10.4809
-1.4129,10.5198
-1.4013,10.5039

# FrameTime=1781596484.44, PointCount=475
4.6465,18.2162
4.6446,18.2386
4.6751,18.2809
4.6645,18.2982
4.6469,18.3111
4.6658,18.3469
4.7973,18.4537
4.6947,18.4134
4.7131,18.4496
4.6922,18.4607
4.5970,18.4237
4.5734,18.4326
4.5749,18.4577
4.5595,18.4720
4.5706,18.5037
4.4929,18.4763
4.4843,18.4948
4.4084,18.4677
4.5128,18.5629
4.4889,18.5712
4.5473,18.6362
4.4502,18.6184
4.4166,18.6196
4.3698,18.6112
4.3770,18.6410
4.4155,18.6934
4.3591,18.6777
4.2588,18.6544
4.1867,18.6261
4.1751,18.6419
4.2619,18.7310
4.1836,18.6973
4.1381,18.6879
4.0786,18.6919
4.0509,18.6952
4.1040,18.7607
4.1313,18.8069
4.1136,18.8183
4.0558,18.7980
4.0381,18.8091
4.0666,18.8568
3.9669,18.8022
3.9625,18.8237
3.9696,18.8546
3.9960,18.9014
3.9912,18.9229
4.2419,19.1558
3.9611,18.9749
3.8719,18.9256
3.8479,18.9308
3.9624,19.0539
3.9001,19.0268
3.9137,19.0646
3.8351,19.0485
3.7472,18.9974
3.7082,18.9887
3.7104,19.0163
3.6975,19.0307
3.6661,19.0284
3.6293,19.0467
3.6478,19.0898
3.6327,19.1021
3.6014,19.0992
3.5992,19.1235
3.6916,19.2367
3.6839,19.2565
3.5484,19.1814
3.4611,19.1241
3.4228,19.1134
3.4347,19.1513
3.3894,19.1335
3.3594,19.1567
3.3356,19.1595
3.3223,19.1727
3.3196,19.1966
3.3097,19.2134
3.3277,19.2587
3.2724,19.2289
3.2212,19.2298
3.2077,19.2428
3.2011,19.2629
3.2321,19.3229
3.2662,19.3868
3.3121,19.4640
3.1549,19.3507
3.1242,19.3449
3.1037,19.3502
3.0831,19.3553
3.0693,19.3678
3.0720,19.3989
3.0680,19.4226
3.0523,19.4331
3.0217,19.4267
2.9978,19.4278
2.9608,19.4136
2.9175,19.3917
2.9035,19.4037
2.9949,19.5393
2.8852,19.4390
2.8743,19.4548
2.8794,19.4896
2.8428,19.4746
2.8127,19.4672
2.8017,19.4827
2.8554,19.5776
2.7795,19.5137
2.7840,19.5486
2.7789,19.5719
2.7629,19.5815
2.7406,19.5833
2.7230,19.5908
2.6992,19.5905
2.6670,19.6092
2.6342,19.5966
2.6226,19.6118
2.6352,19.6587
2.6595,19.7217
2.6341,19.7189
2.6012,19.7060
2.6205,19.7632
2.5507,19.6999
2.5447,19.7229
2.5062,19.7014
2.4913,19.7122
2.4779,19.7250
2.5050,19.7947
2.4509,19.7504
2.4473,19.7773
2.4523,19.8166
2.4142,19.7944
2.3934,19.7966
2.3698,19.7947
2.3518,19.8009
2.3242,19.8256
2.3228,19.8566
2.2882,19.8377
2.2701,19.8436
2.2466,19.8412
2.2259,19.8428
2.1979,19.8668
2.1852,19.8808
2.1778,19.9033
2.1783,19.9384
2.1548,19.9355
2.1366,19.9410
2.1053,19.9602
2.1221,20.0231
2.1037,20.0284
2.0763,20.0188
2.0643,20.0346
2.0356,20.0226
2.0173,20.0276
2.0103,20.0521
1.9743,20.0268
1.9709,20.0576
1.9363,20.0341
1.8982,20.0041
1.9168,20.0740
1.8812,20.0481
1.9249,20.1640
1.8542,20.0746
1.8983,20.1929
1.8951,20.2260
1.8335,20.1515
1.8102,20.1470
1.8010,20.1689
1.7429,20.1375
1.7452,20.1814
1.7335,20.1988
1.7217,20.2161
1.6984,20.2112
1.6798,20.2150
1.6291,20.1958
1.6083,20.1950
1.6140,20.2479
1.6215,20.3053
1.5940,20.2910
1.5687,20.2810
1.6284,20.4491
1.5247,20.2743
1.5145,20.2957
1.5179,20.3464
1.5052,20.3633
1.4832,20.3597
1.4705,20.3765
1.4495,20.3751
1.4156,20.3902
1.3987,20.3977
1.3837,20.4097
1.3667,20.4171
1.3507,20.4267
1.3366,20.4409
1.3043,20.4600
1.2910,20.4764
1.2738,20.4835
1.2632,20.5068
1.2431,20.5068
1.2221,20.5045
1.2186,20.5463
1.1856,20.5137
1.1647,20.5112
1.1510,20.5272
1.1318,20.5292
1.1252,20.5639
1.1218,20.6079
1.1279,20.6778
1.0796,20.6023
1.0690,20.6275
1.0342,20.5871
1.0015,20.5511
0.9740,20.5292
0.9483,20.5118
0.9293,20.5132
0.9434,20.6669
0.9320,20.6918
0.9301,20.7452
0.9209,20.7775
0.9059,20.7930
0.8636,20.7252
0.8064,20.6702
0.8082,20.7377
0.8022,20.7815
0.7959,20.8253
0.7792,20.8357
0.7333,20.7505
0.7649,20.9213
0.6845,20.7183
0.6708,20.7380
0.6611,20.7720
0.6921,20.9479
0.6495,20.8688
0.6400,20.9055
0.6202,20.9059
0.5903,20.9423
0.5828,20.9886
0.5493,20.9378
0.5433,20.9910
0.5303,21.0179
0.5206,21.0587
0.4683,21.0101
0.4471,21.0051
0.4248,20.9951
0.3932,20.9462
0.3850,20.9943
0.3741,21.0328
0.3276,21.0025
0.3066,20.9970
0.3040,21.0743
0.2930,21.1154
0.2781,21.1391
0.2532,21.1159
0.2478,21.1863
0.2179,21.1385
0.1968,21.1326
0.1795,21.1462
0.1642,21.1696
0.1402,21.1488
0.1200,21.1476
0.1017,21.1561
0.0562,21.1238
0.0449,21.1715
0.0316,21.2093
0.0340,21.3406
0.0180,21.3667
-0.0156,21.2862
-0.0608,21.2550
-0.0880,21.2087
-0.1096,21.1969
-0.1260,21.2195
-0.1419,21.2471
-0.1600,21.2598
-0.1673,21.3497
-0.1943,21.2999
-0.2076,21.3501
-0.2255,21.3676
-0.2479,21.3504
-0.2615,21.4025
-0.2837,21.3869
-0.3060,21.3695
-0.3413,21.4138
-0.3629,21.4011
-0.3730,21.4958
-0.3912,21.5178
-0.4139,21.4968
-0.4346,21.4938
-0.4780,21.4660
-0.4988,21.4597
-0.5203,21.4465
-0.5383,21.4730
-0.5546,21.5244
-0.5704,21.5858
-0.5866,21.6454
-0.6156,21.5290
-0.6319,21.5902
-0.6553,21.5467
-0.6769,21.5280
-0.6967,21.5392
-0.7171,21.5403
-0.7308,21.6695
-0.7576,21.5474
-0.7780,21.5484
-0.7989,21.5393
-0.8188,21.5501
-0.8382,21.5809
-0.8568,21.6365
-0.8752,21.7120
-0.9176,21.6882
-0.9366,21.7721
-0.9577,21.7690
-0.9795,21.7244
-1.0002,21.7447
-1.0204,21.8248
-1.0630,21.7837
-1.0896,15.1284
-1.1051,21.7403
-1.1263,21.7801
-1.1474,21.7750
-1.1696,21.8783
-1.1915,21.9080
-1.2118,21.8391
-1.2333,21.8537
-1.2555,21.8882
-1.2773,21.9026
-1.2983,21.8870
-1.3191,21.8664
-1.3415,21.8956
-1.3852,21.9140
-1.4078,21.9380
-1.4301,21.9520
-1.4520,21.9559
-1.4747,21.9747
-1.4952,21.9536
-1.5425,22.0158
-1.5659,22.0393
-1.5904,22.0766
-1.6125,22.0762
-1.6441,22.2041
-1.6588,22.1028
-1.6988,22.0495
-1.7271,22.1223
-1.7528,22.1601
-1.7796,22.2078
-1.8019,22.2048
-1.8228,22.1877
-1.8537,22.2700
-1.8995,22.2711
-1.9253,22.2984
-1.9463,22.2810
-1.9672,22.2635
-1.9927,22.2856
-2.0189,22.3126
-2.0682,22.3366
-2.0903,22.3287
-2.1137,22.3306
-2.1452,22.3912
-2.1716,22.4127
-2.1982,22.4342
-2.2256,22.4605
-2.2525,22.4823
-2.2697,22.4393
-2.2874,22.4012
-2.3205,22.4616
-2.3405,22.4382
-2.3676,22.4590
-2.4190,22.6223
-2.4164,22.4660
-2.4422,22.4767
-2.4680,22.4874
-2.4947,22.5029
-2.5207,22.5134
-2.5458,22.5188
-2.5710,22.5243
-2.6196,22.5250
-2.6400,22.5057
-2.6791,22.5793
-2.7147,22.6332
-2.7568,22.7163
-2.7807,22.7112
-2.8274,22.6961
-2.8523,22.6957
-2.8739,22.6806
-2.9022,22.6947
-2.9395,22.7476
-2.9806,22.8150
-3.0302,22.9163
-3.0673,22.8558
-3.0916,22.8499
-3.1232,22.8729
-3.1635,22.9297
-3.2030,22.9814
-3.2642,23.1157
-3.2676,23.0266
-3.2976,23.0397
-3.3199,23.0234
-3.3446,23.0163
-3.3601,22.9758
-3.4844,23.3256
-3.5046,23.2991
-3.5545,23.2797
-3.6039,23.3538
-3.6323,23.3550
-3.6410,23.2899
-3.6608,23.2631
-3.6937,23.2792
-3.7374,23.2396
-3.7974,23.3412
-3.8307,23.3568
-3.8657,23.3771
-3.9382,23.5123
-3.9205,23.3697
-3.9605,23.4039
-4.0044,23.3628
-4.0645,23.4544
-4.0923,23.4501
-4.1328,23.4824
-4.1938,23.5722
-4.2441,23.6301
-4.3240,23.6847
-4.3525,23.6797
-4.3776,23.6652
-4.4275,23.7176
-4.4504,23.6967
-4.4630,23.6492
-4.5182,23.6335
-4.5575,23.6557
-4.6744,23.8748
-4.7109,23.8873
-4.7550,23.9181
-4.8031,23.9581
-4.4801,5.5285
-4.4370,5.5606
-4.3687,5.6635
-4.2842,5.8137
-4.1773,6.0304
-4.1147,6.1249
-4.0353,6.1873
-3.9612,6.3205
-3.8496,6.5677
-2.5163,8.8003
-2.4681,8.8454
-2.4324,8.9191
-2.3939,9.0076
-2.3625,9.0671
-2.3293,9.1364
-2.2965,9.2059
-2.2478,9.2721
-2.2171,9.3370
-2.1828,9.4217
-2.1569,9.4674
-2.1323,9.5083
-2.1089,9.5444
-2.0702,9.5776
-2.0492,9.6042
-2.0275,9.6357
-1.9714,9.8589
-1.9428,9.9350
-1.9129,10.0210
-1.9270,9.8532
-1.8812,10.0358
-1.8647,10.0483
-1.8402,10.1100
-1.8323,10.0698
-1.7955,10.2142
-1.7811,10.2170
-1.7784,10.1422
-1.7481,10.2525
-1.7346,10.2505
-1.7175,10.2743
-1.7089,10.2379
-1.4814,10.4771
-1.4677,10.4857
-1.4536,10.5000
-1.4417,10.4886
-1.4273,10.5074
-1.4131,10.5263

# FrameTime=1781596484.54, PointCount=473
4.6273,18.2075
4.6510,18.2455
4.6687,18.2800
4.6538,18.2946
4.6362,18.3075
4.6528,18.3658
4.7010,18.4204
4.7152,18.4539
4.6648,18.4461
4.5865,18.4199
4.5797,18.4397
4.5783,18.4874
4.5337,18.4823
4.4975,18.4825
4.4905,18.5020
4.4792,18.5188
4.4982,18.5562
4.5369,18.6322
4.5089,18.6376
4.5285,18.6764
4.4022,18.6127
4.3432,18.5956
4.3479,18.6235
4.4485,18.7202
4.2724,18.6429
4.2567,18.6561
4.1725,18.6188
4.1890,18.6554
4.2398,18.7178
4.2358,18.7398
4.1695,18.7148
4.1122,18.6961
4.0725,18.6905
4.0567,18.7029
4.0979,18.7593
4.1434,18.8197
4.1154,18.8230
4.0791,18.8449
4.0121,18.8168
3.9530,18.7945
3.9681,18.8316
3.9675,18.8562
4.0055,18.9125
3.9534,18.9207
4.2457,19.1894
3.9168,18.9413
3.8698,18.9273
3.8610,18.9454
3.9070,19.0102
3.9116,19.0662
3.8798,19.0649
3.8066,19.0272
3.7450,18.9990
3.6948,18.9804
3.7008,19.0114
3.7608,19.0909
3.6751,19.0401
3.6437,19.0376
3.6234,19.0450
3.6457,19.0914
3.6123,19.0868
3.5919,19.0941
3.5971,19.1252
3.7087,19.2835
3.6320,19.2380
3.5298,19.1673
3.4517,19.1189
3.4243,19.1186
3.4326,19.1530
3.3883,19.1626
3.3573,19.1584
3.3299,19.1576
3.3167,19.1709
3.3209,19.2018
3.3146,19.2222
3.3120,19.2736
3.2602,19.2473
3.2190,19.2315
3.2056,19.2444
3.2024,19.2682
3.2299,19.3246
3.4233,19.5581
3.2671,19.4198
3.2584,19.4385
3.1460,19.3450
3.1221,19.3466
3.0914,19.3408
3.0776,19.3533
3.0772,19.3806
3.0576,19.4149
3.0369,19.4198
3.0130,19.4209
2.9891,19.4219
2.9522,19.4078
2.9088,19.3858
2.8971,19.4288
2.8863,19.4445
2.8818,19.4679
2.8837,19.4989
2.8438,19.4801
2.8105,19.4688
2.7916,19.5038
2.7773,19.5154
2.7818,19.5503
2.7815,19.5794
2.7638,19.5871
2.7416,19.5889
2.7316,19.6062
2.7094,19.6079
2.6886,19.6114
2.6618,19.6069
2.6290,19.5944
2.6296,19.6253
2.6481,19.6802
2.6589,19.7254
2.6081,19.7197
2.5634,19.6906
2.5486,19.7016
2.5337,19.7125
2.5012,19.6990
2.4878,19.7119
2.4522,19.7251
2.4401,19.7398
2.4251,19.7504
2.4573,19.8285
2.4064,19.7878
2.3743,19.7736
2.4001,19.8437
2.3637,19.8232
2.3261,19.8005
2.3193,19.8232
2.2985,19.8251
2.2805,19.8311
2.2625,19.8370
2.2417,19.8387
2.2057,19.8502
2.1904,19.8601
2.1804,19.8783
2.1730,19.9007
2.1815,19.9486
2.1447,19.9245
2.1162,19.9481
2.1162,19.9832
2.1200,20.0248
2.1016,20.0301
2.0716,20.0161
2.0544,20.0234
2.0202,20.0379
2.0043,20.0472
1.9696,20.0241
1.9725,20.0657
1.9317,20.0315
1.9010,20.0144
1.9097,20.0669
1.9439,20.1653
1.8632,20.0586
1.8642,20.0981
1.9058,20.2121
1.8266,20.1443
1.8352,20.1993
1.7966,20.1662
1.7733,20.1616
1.7524,20.1613
1.7431,20.1831
1.7313,20.2004
1.7195,20.2178
1.6895,20.1995
1.6590,20.2205
1.6203,20.1841
1.6084,20.2012
1.6294,20.2854
1.6216,20.3115
1.6005,20.3106
1.5456,20.2816
1.5205,20.2714
1.5145,20.3019
1.5157,20.3481
1.5031,20.3650
1.4831,20.3659
1.4683,20.3782
1.4263,20.3752
1.4115,20.3873
1.3966,20.3994
1.3796,20.4068
1.3646,20.4188
1.3486,20.4284
1.3174,20.4499
1.3022,20.4617
1.2908,20.4827
1.2774,20.4990
1.2695,20.5292
1.2428,20.5131
1.2045,20.5178
1.1817,20.5107
1.1625,20.5128
1.1489,20.5289
1.1297,20.5309
1.1266,20.5749
1.1365,20.6541
1.1091,20.6349
1.0758,20.5993
1.0703,20.6386
1.0321,20.5887
0.9959,20.5434
0.9702,20.5261
0.9445,20.5088
0.9148,20.5350
0.9396,20.6638
0.9186,20.6604
0.9264,20.7421
0.9203,20.7839
0.9038,20.7947
0.8389,20.7184
0.8089,20.6861
0.8076,20.7442
0.8075,20.8070
0.7894,20.8127
0.7741,20.8279
0.7770,20.9030
0.7045,20.7290
0.6781,20.7056
0.6700,20.7444
0.6576,20.7689
0.6844,20.9303
0.6474,20.8705
0.6379,20.9072
0.6213,20.9193
0.5995,20.9126
0.5882,20.9439
0.5794,20.9855
0.5484,20.9443
0.5450,21.0071
0.5294,21.0244
0.4996,21.0652
0.4601,20.9876
0.4414,20.9922
0.4203,20.9870
0.3888,20.9381
0.3805,20.9863
0.3509,21.0291
0.3265,21.0090
0.3045,20.9986
0.3029,21.0808
0.2909,21.1171
0.2760,21.1408
0.2599,21.1595
0.2309,21.1167
0.2158,21.1402
0.1956,21.1392
0.1764,21.1430
0.1572,21.1468
0.1371,21.1456
0.1170,21.1443
0.0795,21.1564
0.0549,21.1304
0.0454,21.1879
0.0320,21.2257
0.0335,21.3521
0.0142,21.3585
-0.0374,21.2910
-0.0645,21.2468
-0.0924,21.1956
-0.1110,21.2035
-0.1274,21.2261
-0.1440,21.2488
-0.1482,21.3584
-0.1816,21.2642
-0.1958,21.3065
-0.2091,21.3568
-0.2283,21.3643
-0.2488,21.3619
-0.2637,21.4041
-0.2864,21.3836
-0.3268,21.3834
-0.3428,21.4204
-0.3656,21.3978
-0.3736,21.5124
-0.3928,21.5245
-0.4155,21.5034
-0.4553,21.5156
-0.4801,21.4677
-0.4997,21.4763
-0.5224,21.4481
-0.5409,21.4697
-0.5579,21.5112
-0.5666,21.6655
-0.5927,21.5939
-0.6170,21.5406
-0.6344,21.5868
-0.6578,21.5433
-0.6791,21.5297
-0.6991,21.5359
-0.7190,21.5470
-0.7598,21.5491
-0.7802,21.5501
-0.8008,21.5460
-0.8210,21.5518
-0.8405,21.5775
-0.8586,21.6481
-0.8983,21.7093
-0.9198,21.6849
-0.9386,21.7788
-0.9599,21.7707
-0.9816,21.7261
-1.0024,21.7364
-1.0224,21.8351
-1.0441,21.7767
-1.0651,21.7904
-1.0862,21.8054
-1.1073,21.7419
-1.1285,21.7818
-1.1496,21.7867
-1.1718,21.8850
-1.2139,21.8408
-1.2355,21.8554
-1.2580,21.9048
-1.2793,21.8993
-1.3006,21.8937
-1.3212,21.8681
-1.3651,21.8965
-1.3876,21.9206
-1.4110,21.9634
-1.4320,21.9486
-1.4541,21.9576
-1.4771,21.9814
-1.5054,22.0988
-1.5187,21.9490
-1.5443,22.0125
-1.5684,22.0460
-1.5926,22.0783
-1.6146,22.0779
-1.6491,22.2447
-1.6701,22.2230
-1.6822,22.0928
-1.7013,22.0561
-1.7284,22.1140
-1.7549,22.1618
-1.7831,22.2235
-1.8041,22.2065
-1.8254,22.1943
-1.8779,22.2644
-1.9021,22.2777
-1.9253,22.2802
-1.9484,22.2826
-1.9687,22.2602
-1.9948,22.2873
-2.0240,22.3383
-2.0444,22.3164
-2.0716,22.3482
-2.0931,22.3353
-2.1165,22.3372
-2.1487,22.4027
-2.1745,22.4193
-2.2018,22.4457
-2.2307,22.4825
-2.2516,22.4637
-2.2749,22.4607
-2.2910,22.4127
-2.3227,22.4633
-2.3410,22.4300
-2.3698,22.4607
-2.4177,22.4627
-2.4443,22.4784
-2.4710,22.4940
-2.4978,22.5095
-2.5274,22.5396
-2.5498,22.5303
-2.6003,22.5411
-2.6208,22.5218
-2.6431,22.5123
-2.6952,22.6495
-2.7461,22.7767
-2.7671,22.7570
-2.7797,22.6983
-2.8263,22.6831
-2.8566,22.7071
-2.8783,22.6920
-2.9054,22.7013
-2.9428,22.7542
-2.9827,22.8166
-3.0580,22.9170
-3.0694,22.8575
-3.0974,22.8661
-3.1253,22.8746
-3.1669,22.9362
-3.2051,22.9831
-3.2697,23.0282
-3.2998,23.0414
-3.3233,23.0299
-3.3441,23.0083
-3.3649,22.9871
-3.4771,23.2936
-3.5054,23.2960
-3.5594,23.2910
-3.6117,23.3747
-3.6330,23.3519
-3.6474,23.3059
-3.6630,23.2648
-3.6987,23.2904
-3.7366,23.2317
-3.7995,23.3428
-3.8344,23.3632
-3.8694,23.3835
-3.9404,23.5140
-3.9258,23.3809
-4.0291,23.6058
-3.9886,23.3969
-4.0082,23.3692
-4.0667,23.4561
-4.0977,23.4613
-4.1333,23.4794
-4.1959,23.5738
-4.2513,23.6459
-4.2926,23.6773
-4.3245,23.6817
-4.3547,23.6814
-4.3815,23.6715
-4.4332,23.7287
-4.4525,23.6984
-4.4634,23.6462
-4.5185,23.6305
-4.5596,23.6574
-4.5918,23.6609
-4.7131,23.8889
-4.7572,23.9198
-4.8052,23.9598
-4.5360,5.4700
-4.4771,5.5442
-4.4135,5.6327
-4.3184,5.7259
-4.2212,5.9142
-4.1268,6.0983
-4.0729,6.1695
-4.0244,6.2268
-3.9005,6.5067
-2.5289,8.7583
-2.4948,8.8221
-2.4600,8.8908
-2.4200,8.9840
-2.3723,9.0346
-2.3390,9.1040
-2.3072,9.1686
-2.2736,9.2430
-2.2416,9.3128
-2.2080,9.3925
-2.1590,9.4691
-2.1354,9.5051
-2.1110,9.5461
-2.0879,9.5823
-2.0658,9.6136
-2.0422,9.6549
-2.0309,9.6301
-1.9717,9.8704
-1.9440,9.9416
-1.9142,10.0276
-1.8958,10.0497
-1.8759,10.0818
-1.8554,10.1189
-1.8206,10.1588
-1.7991,10.2060
-1.7832,10.2187
-1.7674,10.2314
-1.7495,10.2591
-1.7273,10.2217
-1.7078,10.2632
-1.4835,10.4791
-1.4698,10.4874
-1.4549,10.5116
-1.4426,10.5051
-1.4307,10.4941
-1.4148,10.5330
-1.4062,10.4772
-1.3987,10.4015

# FrameTime=1781596484.64, PointCount=469
4.6317,18.2090
4.6511,18.2443
4.6646,18.2762
4.6555,18.2944
4.6449,18.3117
4.6529,18.3647
4.7053,18.4220
4.7153,18.4528
4.6691,18.4477
4.5908,18.4215
4.5756,18.4358
4.5742,18.4835
4.5354,18.4821
4.4977,18.4813
4.4906,18.5009
4.4793,18.5176
4.5025,18.5578
4.5206,18.6197
4.5213,18.6451
4.5410,18.6838
4.3983,18.6087
4.3434,18.5944
4.3481,18.6223
4.4527,18.7220
4.2887,18.6535
4.2528,18.6520
4.1767,18.6207
4.1811,18.6483
4.2439,18.7196
4.1816,18.6979
4.1084,18.6920
4.0766,18.6924
4.0569,18.7018
4.0980,18.7582
4.1475,18.8216
4.1116,18.8188
4.0753,18.8407
4.0122,18.8156
3.9571,18.7965
3.9721,18.8336
3.9676,18.8551
3.9979,18.9050
3.9699,18.9076
4.1321,19.0673
4.2420,19.1851
3.9284,18.9498
3.8661,18.9230
3.8574,18.9410
3.9110,19.0123
4.0636,19.1692
3.9117,19.0651
3.8837,19.0670
3.8105,19.0293
3.7377,18.9913
3.6987,18.9826
3.7084,19.0169
3.6918,19.0279
3.6475,19.0398
3.6310,19.0506
3.6458,19.0903
3.6197,19.0924
3.5884,19.0896
3.5936,19.1206
3.7015,19.2755
3.6285,19.2334
3.5408,19.1765
3.4555,19.1212
3.4244,19.1175
3.4327,19.1519
3.3707,19.1439
3.3574,19.1573
3.3336,19.1600
3.3239,19.1768
3.3211,19.2007
3.3112,19.2175
3.3292,19.2628
3.2604,19.2461
3.2226,19.2340
3.2092,19.2469
3.2060,19.2706
3.2369,19.3307
3.2710,19.3946
3.2687,19.4484
3.1563,19.3549
3.1188,19.3418
3.0949,19.3433
3.0778,19.3522
3.0673,19.3684
3.0561,19.4119
3.0337,19.4149
3.0131,19.4198
2.9892,19.4208
2.9523,19.4066
2.9057,19.3809
2.9975,19.5162
2.8940,19.4238
2.8864,19.4434
2.8787,19.4629
2.8774,19.4901
2.8408,19.4752
2.8075,19.4638
2.8774,19.5778
2.7886,19.4988
2.7743,19.5104
2.7820,19.5492
2.7785,19.5744
2.7671,19.5899
2.7386,19.5838
2.7210,19.5914
2.6888,19.6102
2.6650,19.6097
2.6261,19.5893
2.6297,19.6242
2.6452,19.6751
2.6620,19.7282
2.6291,19.7155
2.6484,19.7727
2.5695,19.6975
2.5546,19.7085
2.5368,19.7154
2.5042,19.7019
2.4909,19.7148
2.5036,19.7641
2.4581,19.7321
2.4460,19.7468
2.4482,19.7819
2.4574,19.8273
2.4066,19.7867
2.3943,19.8013
2.3678,19.7952
2.3290,19.8035
2.3166,19.8179
2.2986,19.8239
2.2806,19.8299
2.2626,19.8358
2.2446,19.8417
2.2086,19.8532
2.1905,19.8589
2.1752,19.8687
2.1732,19.8996
2.1790,19.9432
2.1501,19.9318
2.1216,19.9554
2.1086,19.9693
2.1175,20.0194
2.1004,20.0269
2.0743,20.0193
2.0546,20.0223
2.0336,20.0231
2.0045,20.0461
1.9698,20.0230
1.9726,20.0646
1.9318,20.0303
1.8987,20.0090
1.9099,20.0658
1.8585,20.0488
1.8643,20.0970
1.9012,20.2022
1.8220,20.1344
1.8153,20.1607
1.8073,20.1848
1.7758,20.1648
1.7502,20.1557
1.7409,20.1775
1.7246,20.1860
1.7151,20.2077
1.6896,20.1984
1.6800,20.2200
1.6226,20.1874
1.6063,20.1955
1.6274,20.2798
1.6217,20.3104
1.6007,20.3095
1.5710,20.2905
1.5249,20.2793
1.5146,20.3007
1.5138,20.3425
1.5053,20.3684
1.4812,20.3603
1.4674,20.3748
1.4793,20.4462
1.4326,20.3878
1.4157,20.3953
1.3967,20.3982
1.3797,20.4057
1.3628,20.4131
1.3487,20.4273
1.3356,20.4438
1.3175,20.4487
1.3023,20.4605
1.2909,20.4815
1.2775,20.4979
1.2593,20.5027
1.2411,20.5074
1.2028,20.5120
1.1800,20.5049
1.1609,20.5070
1.1490,20.5277
1.1352,20.5438
1.1267,20.5737
1.1233,20.6177
1.0707,20.5841
1.0670,20.6281
1.0288,20.5782
0.9978,20.5470
0.9686,20.5203
0.9496,20.5217
0.9084,20.5150
0.9397,20.6627
0.9332,20.7018
0.9297,20.7505
0.9220,20.7875
0.9055,20.7983
0.8702,20.7520
0.8075,20.6802
0.8062,20.7383
0.7987,20.7773
0.7939,20.8259
0.7772,20.8363
0.7255,20.7320
0.6796,20.7093
0.6674,20.7337
0.6591,20.7725
0.6887,20.9436
0.6489,20.8742
0.6393,20.9109
0.5984,20.9067
0.5896,20.9476
0.5795,20.9843
0.5485,20.9431
0.5413,20.9915
0.5295,21.0233
0.5186,21.0592
0.4639,21.0010
0.4439,21.0007
0.4216,20.9908
0.3901,20.9419
0.3818,20.9900
0.3710,21.0285
0.3256,21.0030
0.3046,20.9975
0.3020,21.0748
0.2910,21.1160
0.2761,21.1396
0.2512,21.1164
0.2159,21.1390
0.1958,21.1380
0.1775,21.1468
0.1622,21.1701
0.1382,21.1494
0.1180,21.1481
0.1186,21.2578
0.0796,21.1553
0.0542,21.1243
0.0437,21.1769
0.0304,21.2147
0.0328,21.3461
0.0152,21.3623
-0.0176,21.2867
-0.0620,21.2604
-0.0900,21.2092
-0.1116,21.1974
-0.1273,21.2250
-0.1446,21.2427
-0.1620,21.2603
-0.1686,21.3552
-0.1950,21.3103
-0.2083,21.3606
-0.2281,21.3632
-0.2499,21.3509
-0.2629,21.4080
-0.2845,21.3974
-0.3074,21.3750
-0.3449,21.3994
-0.3643,21.4066
-0.3745,21.5013
-0.3922,21.5283
-0.4139,21.5172
-0.4356,21.5043
-0.4795,21.4715
-0.4991,21.4801
-0.5227,21.4420
-0.5399,21.4786
-0.5566,21.5250
-0.5720,21.5913
-0.5886,21.6460
-0.6176,21.5295
-0.6336,21.5957
-0.6570,21.5522
-0.6780,21.5435
-0.6984,21.5447
-0.7188,21.5458
-0.7331,21.6650
-0.7596,21.5480
-0.7800,21.5489
-0.8011,21.5349
-0.8210,21.5457
-0.8400,21.5864
-0.8586,21.6420
-0.8772,21.7125
-0.9195,21.6937
-0.9385,21.7776
-0.9597,21.7695
-0.9816,21.7200
-1.0022,21.7402
-1.0224,21.8204
-1.0650,21.7842
-1.0861,21.7993
-1.1072,21.7458
-1.1283,21.7757
-1.1494,21.7705
-1.1711,21.8303
-1.0974,15.1289
-1.2139,21.8496
-1.2355,21.8642
-1.2577,21.8987
-1.2789,21.8882
-1.3005,21.8926
-1.3219,21.8919
-1.3437,21.9012
-1.3874,21.9195
-1.4096,21.9335
-1.4319,21.9475
-1.4540,21.9564
-1.4764,21.9703
-1.4975,21.9591
-1.5439,22.0064
-1.5679,22.0399
-1.5918,22.0672
-1.6152,22.0867
-1.6461,22.2046
-1.6616,22.1133
-1.6932,22.2301
-1.7008,22.0500
-1.7278,22.1079
-1.7539,22.1507
-1.7807,22.1984
-1.8039,22.2053
-1.8248,22.1882
-1.8547,22.2606
-1.9020,22.2766
-1.9273,22.2989
-1.9494,22.2914
-1.9697,22.2690
-1.9953,22.2911
-2.0203,22.3082
-2.0498,22.3592
-2.0689,22.3272
-2.0916,22.3243
-2.1150,22.3262
-2.1465,22.3868
-2.1729,22.4083
-2.2002,22.4347
-2.2276,22.4610
-2.2740,22.4546
-2.2894,22.4017
-2.3210,22.4523
-2.3425,22.4387
-2.3696,22.4596
-2.3944,22.4656
-2.4441,22.4773
-2.4700,22.4879
-2.4958,22.4985
-2.5218,22.5090
-2.5478,22.5194
-2.5730,22.5248
-2.6216,22.5256
-2.6420,22.5062
-2.6801,22.5750
-2.7167,22.6337
-2.7557,22.7021
-2.7858,22.7264
-2.8076,22.7115
-2.8532,22.6914
-2.8748,22.6763
-2.9053,22.7001
-2.9381,22.7336
-2.9803,22.8058
-3.0334,22.9217
-3.0717,22.8661
-3.0936,22.8504
-3.1264,22.8783
-3.1606,22.9108
-3.2037,22.9771
-3.2409,23.0191
-3.2773,23.0565
-3.3137,23.0929
-3.3219,23.0239
-3.3492,23.0264
-3.3634,22.9811
-3.4042,23.0320
-3.5026,23.2852
-3.5295,23.2828
-3.6073,23.3592
-3.6343,23.3555
-3.6430,23.2904
-3.6657,23.2732
-3.6957,23.2798
-3.7124,23.2433
-3.7904,23.3131
-3.8357,23.3668
-3.8662,23.3728
-3.8843,23.3407
-3.9194,23.3608
-3.9625,23.4044
-4.0032,23.3539
-4.0581,23.4302
-4.0927,23.4460
-4.1348,23.4830
-4.1941,23.5680
-4.2490,23.6386
-4.3065,23.7152
-4.3277,23.6900
-4.3563,23.6849
-4.3796,23.6657
-4.4226,23.6994
-4.4541,23.7019
-4.4615,23.6404
-4.4917,23.6396
-4.5523,23.6377
-4.5899,23.6551
-4.7056,23.8692
-4.7496,23.9001
-4.8032,23.9540
-4.8572,24.0077
-4.5115,5.5345
-4.4649,5.5759
-4.3741,5.6546
-4.3182,5.7248
-4.2010,5.9696
-4.1250,6.1019
-4.0695,6.1778
-3.9917,6.3202
-3.8612,6.5398
-2.5264,8.7669
-2.4935,8.8258
-2.4598,8.8897
-2.4210,8.9780
-2.3732,9.0286
-2.3388,9.1028
-2.3070,9.1674
-2.2725,9.2468
-2.2394,9.3214
-2.1878,9.4076
-2.1569,9.4777
-2.1323,9.5186
-2.1080,9.5596
-2.0839,9.6007
-2.0573,9.6567
-2.0024,9.7836
-1.9627,9.9184
-1.9404,9.9601
-1.9089,10.0560
-1.8948,10.0535
-1.8758,10.0807
-1.8422,10.1106
-1.8228,10.1429
-1.7990,10.2048
-1.7846,10.2077
-1.7680,10.2254
-1.7487,10.2629
-1.7218,10.2590
-1.4838,10.4730
-1.4697,10.4862
-1.4547,10.5105
-1.4420,10.5089
-1.4301,10.4979
-1.4147,10.5318
-1.4057,10.4810

# FrameTime=1781596484.74, PointCount=475
4.6282,18.2079
4.6604,18.2510
4.6697,18.2804
4.6633,18.3003
4.6456,18.3132
4.6307,18.3277
4.6622,18.3715
4.7103,18.4262
4.7161,18.4543
4.6531,18.4384
4.5874,18.4203
4.5695,18.4571
4.5792,18.4878
4.5346,18.4827
4.4943,18.4801
4.4929,18.5034
4.4113,18.4726
4.4877,18.5733
4.5529,18.6429
4.4811,18.6181
4.4735,18.6377
4.3991,18.6102
4.3319,18.5873
4.3453,18.6460
4.4334,18.7343
4.2693,18.6404
4.2455,18.6476
4.1694,18.6163
4.2019,18.6647
4.2262,18.7074
4.1785,18.7212
4.1052,18.6905
4.0774,18.6939
4.0616,18.7064
4.0988,18.7597
4.1404,18.8170
4.1080,18.8421
4.0722,18.8391
4.0091,18.8140
3.9540,18.7949
3.9729,18.8351
3.9723,18.8598
4.0141,18.9192
4.0764,18.9960
3.9505,18.9179
4.2581,19.1994
3.9062,18.9320
3.8707,18.9277
3.8848,18.9652
3.8876,19.0191
3.9239,19.0764
3.8807,19.0652
3.7888,19.0112
3.7347,18.9895
3.6958,18.9808
3.7054,19.0151
3.6760,19.0404
3.6446,19.0380
3.6428,19.0622
3.6430,19.0884
3.6095,19.0838
3.5965,19.0979
3.5812,19.1362
3.7205,19.2942
3.6039,19.2108
3.5163,19.1539
3.4527,19.1192
3.4324,19.1259
3.4167,19.1635
3.3892,19.1629
3.3582,19.1588
3.3238,19.1510
3.3176,19.1713
3.3254,19.2058
3.4121,19.3206
3.3125,19.2464
3.3269,19.2883
3.2646,19.2513
3.2200,19.2319
3.2065,19.2448
3.2171,19.2830
3.2480,19.3431
3.2919,19.4457
3.2559,19.4353
3.1537,19.3527
3.1196,19.3433
3.0957,19.3448
3.0785,19.3537
3.0642,19.3935
3.0585,19.4152
3.0312,19.4127
3.0106,19.4176
2.9900,19.4223
2.9531,19.4081
2.8991,19.4020
2.8980,19.4291
2.8904,19.4487
2.8860,19.4721
2.8814,19.4955
2.8448,19.4805
2.9181,19.5982
2.7941,19.4770
2.7926,19.5041
2.7877,19.5274
2.7890,19.5585
2.7793,19.5759
2.7617,19.5836
2.7394,19.5854
2.7072,19.6043
2.6865,19.6078
2.6566,19.5994
2.6299,19.5947
2.6305,19.6257
2.6521,19.6846
2.6539,19.7490
2.6433,19.7662
2.5643,19.6910
2.5524,19.7060
2.5346,19.7128
2.5080,19.7075
2.4931,19.7183
2.4767,19.7270
2.4589,19.7337
2.4410,19.7402
2.4289,19.7549
2.4553,19.8248
2.4016,19.7800
2.4163,19.8336
2.3601,19.7844
2.3618,19.8195
2.3298,19.8050
2.3202,19.8235
2.2994,19.8254
2.2814,19.8314
2.2634,19.8374
2.2274,19.8490
2.2093,19.8548
2.1886,19.8562
2.1787,19.8745
2.1740,19.9011
2.1798,19.9447
2.1327,19.9388
2.1119,19.9399
2.1302,20.0049
2.1183,20.0209
2.0986,20.0241
2.0725,20.0165
2.0503,20.0152
2.0561,20.0612
2.0186,20.0340
2.0040,20.0455
1.9706,20.0245
1.9684,20.0574
1.9276,20.0232
1.9118,20.0322
1.8898,20.0676
1.8544,20.0416
1.8748,20.1160
1.8551,20.1184
1.8204,20.1316
1.8092,20.1886
1.7672,20.1487
1.7556,20.1661
1.7440,20.1835
1.7323,20.2008
1.7182,20.2137
1.7960,20.4069
1.6763,20.2127
1.6622,20.2254
1.6212,20.1845
1.6137,20.2105
1.6348,20.2948
1.6225,20.3119
1.6015,20.3110
1.5465,20.2820
1.5193,20.2673
1.5218,20.3158
1.5167,20.3485
1.5051,20.3676
1.4851,20.3686
1.4544,20.3908
1.4314,20.3847
1.4104,20.3831
1.3874,20.3769
1.3765,20.3980
1.3635,20.4146
1.3515,20.4334
1.3315,20.4338
1.3163,20.4456
1.3031,20.4621
1.2917,20.4830
1.2802,20.5040
1.2742,20.5388
1.2616,20.5576
1.2302,20.5298
1.2073,20.5228
1.1844,20.5157
1.1653,20.5179
1.1516,20.5339
1.1396,20.5546
1.1498,20.6337
1.1100,20.5819
1.1135,20.6446
1.0732,20.5903
1.0677,20.6296
1.0296,20.5797
0.9918,20.5297
0.9728,20.5312
0.9248,20.5058
0.9206,20.5496
0.9405,20.6642
0.9228,20.6703
0.9298,20.7498
0.9197,20.7795
0.9031,20.7903
0.9136,20.8838
0.8337,20.6998
0.8113,20.6913
0.8085,20.7446
0.8100,20.8122
0.7918,20.8178
0.7736,20.8235
0.7040,20.7246
0.6804,20.7108
0.6724,20.7496
0.6627,20.7836
0.6867,20.9355
0.6510,20.8805
0.6190,20.9079
0.6018,20.9178
0.5904,20.9492
0.5790,20.9810
0.5493,20.9446
0.5472,21.0123
0.5127,21.0345
0.5005,21.0656
0.4622,20.9928
0.4423,20.9926
0.4200,20.9826
0.3909,20.9434
0.3826,20.9915
0.3496,21.0197
0.3264,21.0045
0.3065,21.0039
0.3038,21.0812
0.2950,21.1321
0.2779,21.1460
0.2318,21.1170
0.2157,21.1357
0.1956,21.1347
0.1764,21.1385
0.1572,21.1423
0.1380,21.1460
0.1370,21.2458
0.0996,21.1532
0.0804,21.1568
0.0559,21.1308
0.0463,21.1883
0.0346,21.2359
0.0370,21.3673
0.0135,21.3491
-0.0364,21.2914
-0.0651,21.2373
-0.0907,21.2009
-0.1108,21.1989
-0.1265,21.2265
-0.1423,21.2541
-0.1814,21.2597
-0.1921,21.3267
-0.2075,21.3621
-0.2280,21.3598
-0.2472,21.3673
-0.2634,21.3996
-0.2833,21.4020
-0.3060,21.3815
-0.3259,21.3838
-0.3419,21.4208
-0.3673,21.3734
-0.3732,21.5078
-0.3914,21.5298
-0.4122,21.5269
-0.4548,21.5110
-0.4792,21.4681
-0.4996,21.4667
-0.5219,21.4436
-0.5407,21.4602
-0.5573,21.5066
-0.5914,21.5993
-0.6175,21.5211
-0.6341,21.5773
-0.6572,21.5387
-0.6782,21.5301
-0.6985,21.5313
-0.7116,21.6654
-0.7387,21.5435
-0.7588,21.5495
-0.7788,21.5604
-0.8001,21.5414
-0.8200,21.5522
-0.8392,21.5879
-0.8573,21.6585
-0.8973,21.7147
-0.9188,21.6903
-0.9376,21.7841
-0.9591,21.7611
-0.9806,21.7315
-1.0014,21.7468
-1.0432,21.7721
-1.0642,21.7908
-1.0853,21.8008
-1.1064,21.7523
-1.1275,21.7772
-1.1487,21.7870
-1.0954,15.1304
-1.1916,21.8315
-1.0977,15.1304
-1.2344,21.8507
-1.2571,21.9102
-1.2778,21.8797
-1.2995,21.8891
-1.3201,21.8635
-1.3640,21.8919
-1.3864,21.9160
-1.4090,21.9400
-1.4308,21.9440
-1.4519,21.9330
-1.4761,21.9818
-1.5180,21.9544
-1.5446,22.0328
-1.5681,22.0563
-1.5920,22.0837
-1.6144,22.0882
-1.6478,22.2401
-1.6692,22.2234
-1.6813,22.0932
-1.7004,22.0565
-1.7275,22.1144
-1.7540,22.1622
-1.7821,22.2239
-1.8027,22.2019
-1.8250,22.1997
-1.8791,22.2847
-1.9001,22.2682
-1.9265,22.3004
-1.9486,22.2929
-1.9695,22.2755
-1.9951,22.2976
-2.0435,22.3168
-2.0706,22.3486
-2.0928,22.3406
-2.1169,22.3475
-2.1471,22.3982
-2.1728,22.4148
-2.2232,22.4378
-2.2507,22.4641
-2.2739,22.4611
-2.2893,22.4082
-2.3210,22.4588
-2.3417,22.4403
-2.3697,22.4660
-2.4176,22.4681
-2.4442,22.4837
-2.4700,22.4944
-2.4959,22.5049
-2.5228,22.5203
-2.5489,22.5307
-2.5994,22.5414
-2.6208,22.5271
-2.6431,22.5176
-2.6952,22.6548
-2.7451,22.7770
-2.7651,22.7525
-2.8037,22.8159
-2.8005,22.6838
-2.8275,22.6932
-2.8567,22.7124
-2.8762,22.6876
-2.9034,22.6968
-2.9396,22.7448
-2.9829,22.8219
-3.0547,22.9077
-3.0685,22.8579
-3.0976,22.8713
-3.1244,22.8749
-3.1660,22.9366
-3.2042,22.9835
-3.2688,23.0286
-3.3001,23.0466
-3.3224,23.0303
-3.3445,23.0135
-3.3627,22.9826
-3.4788,23.3036
-3.5018,23.2868
-3.5477,23.3508
-3.5585,23.2914
-3.6108,23.3751
-3.6307,23.3475
-3.6451,23.3015
-3.6621,23.2651
-3.6949,23.2813
-3.7371,23.2369
-3.7896,23.3146
-3.8289,23.3493
-3.8684,23.3839
-3.8866,23.3517
-3.9202,23.3670
-3.9877,23.3973
-4.0056,23.3649
-4.0621,23.4459
-4.0984,23.4664
-4.1340,23.4845
-4.1966,23.5789
-4.2553,23.6604
-4.2917,23.6777
-4.3252,23.6868
-4.3537,23.6817
-4.3805,23.6719
-4.4322,23.7291
-4.4463,23.6847
-4.5197,23.7977
-4.4909,23.6411
-4.5194,23.6355
-4.5587,23.6578
-4.6756,23.8769
-4.6176,23.6508
-4.7618,23.9341
-4.8043,23.9602
-4.4985,5.5689
-4.4520,5.6103
-4.3615,5.6890
-4.2804,5.8299
-4.1985,5.9759
-4.1193,6.1175
-4.0654,6.1888
-3.9861,6.3359
-3.8444,6.5887
-2.5279,8.7587
-2.4962,8.8127
-2.4534,8.9155
-2.4006,8.9853
-2.3692,9.0448
-2.3359,9.1141
-2.3041,9.1787
-2.2664,9.2727
-2.2314,9.3572
-2.1800,9.4433
-2.1502,9.5086
-2.1267,9.5446
-2.1015,9.5906
-2.0784,9.6268
-2.0500,9.6925
-2.0435,9.6431
-1.9836,9.8833
-1.9549,9.9593
-1.9387,9.9665
-1.9090,10.0526
-1.8940,10.0550
-1.8775,10.0674
-1.8713,10.0174
-1.8446,10.0924
-1.8236,10.1345
-1.8149,10.0992
-1.7831,10.2141
-1.7672,10.2269
-1.7486,10.2594
-1.7442,10.1944
-1.7237,10.2408
-1.7053,10.2745
-1.6972,10.2331
-1.4821,10.4841
-1.4693,10.4833
-1.4548,10.5021
-1.4417,10.5055
-1.4293,10.4995
-1.4139,10.5334

# FrameTime=1781596484.84, PointCount=472
4.7194,18.2655
4.6166,18.2267
4.6657,18.2804
4.6621,18.3019
4.6741,18.3333
4.6803,18.3612
4.6990,18.3971
4.7302,18.4412
4.6981,18.4698
4.6072,18.4355
4.5710,18.4363
4.5683,18.4587
4.5696,18.4839
4.5099,18.4687
4.4777,18.4957
4.4184,18.4798
4.5021,18.5610
4.4741,18.5665
4.5558,18.6474
4.3978,18.5628
4.4387,18.6406
4.3944,18.6341
4.3191,18.6052
4.3522,18.6534
4.3998,18.7125
4.2519,18.6303
4.3597,18.7336
4.2044,18.6445
4.1606,18.6367
4.2330,18.7150
4.1931,18.7100
4.1517,18.7036
4.0880,18.6800
4.0603,18.6834
4.0999,18.7632
4.0934,18.7831
4.1230,18.8312
4.0652,18.8110
4.0435,18.8190
3.9844,18.7970
3.9600,18.8274
3.9555,18.8488
3.9819,18.8956
3.9965,18.9330
3.9993,18.9610
4.1686,19.1276
3.8771,18.9358
3.8455,18.9345
3.9927,19.0855
3.8977,19.0305
3.9302,19.0846
3.8644,19.0538
3.8763,19.0903
3.7597,19.0142
3.7132,18.9990
3.7005,19.0134
3.6951,19.0344
3.6748,19.0421
3.6730,19.0664
3.6621,19.0826
3.6544,19.1017
3.6397,19.1144
3.6026,19.1063
3.6004,19.1306
3.6455,19.1994
3.7106,19.2876
3.5773,19.1884
3.4658,19.1347
3.4240,19.1206
3.4323,19.1550
3.3941,19.1441
3.3773,19.1541
3.3499,19.1534
3.3199,19.1764
3.2890,19.1719
3.3073,19.2171
3.3288,19.2659
3.3152,19.2792
3.2391,19.2278
3.2087,19.2501
3.1952,19.2630
3.2296,19.3266
3.2569,19.3832
3.3267,19.4860
3.1935,19.3709
3.1457,19.3470
3.1012,19.3539
3.0773,19.3553
3.0635,19.3678
3.0663,19.3989
3.0623,19.4225
3.0432,19.4293
3.0019,19.4390
2.9649,19.4249
2.9215,19.4030
2.9011,19.4074
2.9000,19.4346
2.8860,19.4465
2.8737,19.4895
2.8403,19.4783
2.8198,19.4824
2.7992,19.4864
2.7913,19.5058
2.7928,19.5368
2.7765,19.5756
2.7604,19.5852
2.7413,19.5909
2.7267,19.6024
2.6998,19.5981
2.6853,19.6094
2.7761,19.7572
2.6287,19.5964
2.6172,19.6115
2.6267,19.6544
2.6360,19.6975
2.6376,19.7306
2.6107,19.7258
2.5661,19.6967
2.5852,19.7539
2.5481,19.7347
2.5067,19.7092
2.4889,19.7159
2.4726,19.7246
2.4576,19.7353
2.4542,19.7622
2.4355,19.7998
2.4260,19.8186
2.3938,19.8044
2.3758,19.8108
2.3522,19.8088
2.3398,19.8232
2.3232,19.8645
2.2940,19.8539
2.2704,19.8515
2.2442,19.8449
2.2207,19.8423
2.2054,19.8522
2.2238,19.9146
2.1801,19.8803
2.1727,19.9028
2.1705,19.9337
2.1523,19.9392
2.1341,19.9447
2.1080,19.9373
2.1381,20.0214
2.1038,20.0364
2.0815,20.0353
2.0606,20.0362
2.0447,20.0457
2.0148,20.0313
1.9852,20.0170
1.9610,20.0483
1.9388,20.0465
1.8982,20.0121
1.9217,20.0907
1.8813,20.0561
1.8532,20.0432
1.8839,20.1747
1.8807,20.2078
1.8406,20.1727
1.8007,20.1375
1.7963,20.1682
1.7566,20.1327
1.8113,20.2761
1.7428,20.1851
1.7333,20.2069
1.7238,20.2287
1.6983,20.2193
1.6773,20.2187
1.6475,20.2003
1.6200,20.1861
1.6137,20.2561
1.6235,20.3180
1.5937,20.2992
1.5641,20.2802
1.5346,20.2611
1.5223,20.2780
1.5081,20.3343
1.5028,20.3670
1.4807,20.3634
1.4629,20.3688
1.4491,20.3833
1.4301,20.3864
1.4872,20.5607
1.3963,20.4014
1.3793,20.4088
1.3643,20.4208
1.3463,20.4259
1.3341,20.4446
1.3190,20.4565
1.3183,20.5029
1.2866,20.4755
1.2713,20.4872
1.2560,20.4989
1.2388,20.5059
1.2196,20.5082
1.2023,20.5151
1.1777,20.5034
1.1504,20.5356
1.1366,20.5516
1.1245,20.5722
1.1123,20.5929
1.0948,20.5995
1.0755,20.6013
1.0284,20.5814
0.9990,20.5548
0.9648,20.5141
0.9409,20.5014
0.9401,20.5546
0.9718,20.7022
0.9856,20.8007
0.9328,20.7050
0.9277,20.7489
0.9200,20.7859
0.9035,20.7967
0.8690,20.7526
0.8233,20.6729
0.8058,20.7414
0.7938,20.7662
0.8009,20.8529
0.7855,20.8681
0.7410,20.7877
0.6985,20.7119
0.6820,20.7220
0.6559,20.7661
0.6903,20.9537
0.6566,20.9062
0.6395,20.9162
0.6150,20.8999
0.6072,20.9436
0.5835,21.0040
0.5468,20.9415
0.5383,20.9850
0.5278,21.0216
0.5194,21.0672
0.4895,21.0285
0.4931,21.1233
0.4494,21.0282
0.4270,21.0182
0.3920,20.9547
0.3756,20.9689
0.3780,21.0636
0.3417,20.9922
0.3251,21.0062
0.2919,21.0341
0.2889,21.1114
0.2746,21.1379
0.2538,21.1342
0.2336,21.1334
0.2165,21.1471
0.1771,21.1499
0.1623,21.1762
0.1387,21.1574
0.1185,21.1562
0.1002,21.1647
0.0729,21.1240
0.0407,21.1653
0.0274,21.2032
0.0265,21.3148
0.0222,21.4099
-0.0172,21.2948
-0.0401,21.2783
-0.0718,21.2044
-0.1113,21.2055
-0.1292,21.2183
-0.1457,21.2409
-0.1624,21.2635
-0.1792,21.2860
-0.1889,21.3611
-0.2279,21.3713
-0.2503,21.3541
-0.2627,21.4161
-0.2858,21.3937
-0.3078,21.3781
-0.3266,21.3904
-0.3637,21.4197
-0.3753,21.5013
-0.3931,21.5265
-0.4153,21.5104
-0.4385,21.4826
-0.4593,21.4778
-0.4807,21.4665
-0.5156,21.5330
-0.5403,21.4817
-0.5582,21.5132
-0.5728,21.5895
-0.5944,21.5760
-0.6138,21.5925
-0.6568,21.5653
-0.6785,21.5466
-0.6989,21.5479
-0.7193,21.5490
-0.7399,21.5451
-0.7603,21.5461
-0.8013,21.5430
-0.8213,21.5538
-0.8410,21.5746
-0.8596,21.6302
-0.8779,21.7057
-0.8991,21.6964
-0.9181,21.7703
-0.9389,21.7823
-0.9593,21.8176
-0.9820,21.7231
-1.0026,21.7534
-1.0229,21.8185
-1.0444,21.7873
-1.0654,21.8024
-1.1077,21.8124
-1.1288,21.7788
-1.1497,21.7637
-1.0967,15.1321
-1.1928,21.8332
-1.2145,21.8578
-1.2573,21.8669
-1.2789,21.8764
-1.3006,21.8857
-1.3222,21.8901
-1.3441,21.9043
-1.3665,21.9285
-1.3897,21.9663
-1.4105,21.9467
-1.4333,21.9706
-1.4544,21.9596
-1.4766,21.9684
-1.4979,21.9623
-1.5210,21.9859
-1.5498,22.0982
-1.5680,22.0381
-1.5925,22.0754
-1.6160,22.0948
-1.6440,22.1729
-1.6612,22.1065
-1.6789,22.0500
-1.7062,22.1129
-1.7539,22.1489
-1.7807,22.1966
-1.8044,22.2085
-1.8253,22.1914
-1.8547,22.2588
-1.8809,22.2921
-1.9099,22.3485
-1.9261,22.2872
-1.9482,22.2797
-1.9690,22.2622
-1.9933,22.2744
-2.0202,22.3064
-2.0459,22.3283
-2.0731,22.3594
-2.0934,22.3373
-2.1148,22.3244
-2.1463,22.3850
-2.1727,22.4065
-2.1992,22.4280
-2.2266,22.4543
-2.2483,22.4415
-2.2890,22.3999
-2.3214,22.4555
-2.3453,22.4567
-2.3701,22.4627
-2.3949,22.4687
-2.4205,22.4795
-2.4695,22.4862
-2.4954,22.4968
-2.5213,22.5072
-2.5474,22.5176
-2.5725,22.5231
-2.5987,22.5333
-2.6201,22.5189
-2.6826,22.5879
-2.7162,22.6320
-2.7439,22.6467
-2.7966,22.7784
-2.8017,22.6854
-2.8287,22.6949
-2.8753,22.6795
-2.9046,22.6984
-2.9386,22.7367
-2.9864,22.8332
-3.0326,22.9200
-3.0524,22.8946
-3.1049,22.8972
-3.1269,22.8814
-3.1549,22.8898
-3.1979,22.9561
-3.2426,23.0271
-3.2790,23.0645
-3.2937,23.0193
-3.3560,23.1520
-3.3549,23.0489
-3.3612,22.9747
-3.3993,23.0159
-3.4976,23.2692
-3.5272,23.2763
-3.5819,23.3698
-3.6362,23.3635
-3.6420,23.2888
-3.6691,23.2859
-3.6961,23.2829
-3.7143,23.2512
-3.7651,23.3243
-3.8422,23.3890
-3.8636,23.3665
-3.8740,23.3107
-3.9152,23.3497
-3.9630,23.4076
-3.9794,23.3705
-4.0473,23.4859
-4.0779,23.4900
-4.0931,23.4491
-4.1336,23.4814
-4.1730,23.5099
-4.2360,23.6042
-4.3019,23.7043
-4.3304,23.6993
-4.3567,23.6881
-4.3818,23.6736
-4.4213,23.6979
-4.4674,23.7394
-4.4637,23.6483
-4.4904,23.6381
-4.5224,23.6418
-4.5848,23.6443
-4.7023,23.8631
-4.7463,23.8940
-4.7962,23.9386
-4.8482,23.9877
-4.4945,5.5846
-4.4446,5.6354
-4.3813,5.7240
-4.3035,5.7703
-4.1981,5.9822
-4.1255,6.1050
-4.0683,6.1857
-3.9906,6.3281
-3.8521,6.5714
-2.5338,8.7409
-2.4974,8.8144
-2.4546,8.9171
-2.4008,8.9919
-2.3671,9.0610
-2.3317,9.1401
-2.2968,9.2194
-2.2624,9.2988
-2.2254,9.3930
-2.1762,9.4694
-2.1485,9.5249
-2.1240,9.5659
-2.0998,9.6069
-2.0768,9.6431
-2.0447,9.7285
-1.9858,9.8800
-1.9561,9.9609
-1.9408,9.9633
-1.9093,10.0591
-1.8944,10.0616
-1.8762,10.0838
-1.8434,10.1088
-1.8248,10.1362
-1.8048,10.1734
-1.7858,10.2059
-1.7707,10.2137
-1.7556,10.2216
-1.7250,10.2424
-1.7108,10.2455
-1.4838,10.4808
-1.4705,10.4846
-1.4556,10.5087
-1.4429,10.5071
-1.4306,10.5011
-1.4155,10.5300
-1.4073,10.4692

# FrameTime=1781596484.95, PointCount=475
4.6415,18.2152
4.6482,18.2428
4.6702,18.2799
4.6596,18.2972
4.6420,18.3101
4.6651,18.3485
4.6983,18.4177
4.7167,18.4538
4.6790,18.4541
4.5922,18.4226
4.5770,18.4369
4.5826,18.4649
4.5394,18.4850
4.4965,18.4807
4.4920,18.5020
4.4766,18.5159
4.5205,18.5702
4.5048,18.5842
4.5536,18.6425
4.5310,18.6519
4.5588,18.6964
4.4079,18.6156
4.3530,18.6014
4.3414,18.6177
4.4057,18.7134
4.3023,18.6635
4.2542,18.6532
4.1822,18.6249
4.1826,18.6496
4.2494,18.7238
4.1830,18.6991
4.1296,18.6836
4.1831,18.7488
4.0741,18.6906
4.0544,18.7000
4.0995,18.7595
4.1624,18.8332
4.1131,18.8201
4.0475,18.7937
4.0176,18.8200
3.9625,18.8009
3.9659,18.8286
3.9692,18.8564
3.9994,18.9063
3.9792,18.9152
4.2398,19.1831
3.9453,18.9639
3.8677,18.9243
3.8475,18.9327
3.9316,19.0298
3.9111,19.0384
3.8891,19.0716
3.8159,19.0340
3.7430,18.9960
3.7040,18.9873
3.7100,19.0183
3.6971,19.0327
3.6583,19.0236
3.6252,19.0453
3.6512,19.0951
3.6250,19.0972
3.5937,19.0944
3.5952,19.1221
3.7080,19.2543
3.6664,19.2693
3.5460,19.1814
3.4535,19.1192
3.4260,19.1189
3.4415,19.1603
3.3855,19.1320
3.3662,19.1658
3.3317,19.1580
3.3255,19.1783
3.3227,19.2022
3.3094,19.2154
3.3309,19.2643
3.2621,19.2477
3.2243,19.2355
3.2074,19.2449
3.2111,19.2758
3.2421,19.3359
3.2762,19.3998
3.2840,19.4646
3.1580,19.3565
3.1273,19.3508
3.1034,19.3523
3.0795,19.3538
3.0656,19.3663
3.0684,19.3973
3.0694,19.4265
3.0388,19.4203
3.0182,19.4252
2.9943,19.4262
2.9573,19.4120
2.9172,19.3939
2.9097,19.4135
2.8849,19.4412
2.8773,19.4608
2.8824,19.4956
2.8425,19.4768
2.8124,19.4694
2.8078,19.4927
2.7761,19.5121
2.7837,19.5509
2.7803,19.5761
2.7627,19.5838
2.7373,19.5816
2.7228,19.5931
2.7621,19.6734
2.6875,19.6080
2.6638,19.6075
2.6340,19.5989
2.6315,19.6260
2.6501,19.6809
2.6639,19.7300
2.6279,19.7132
2.6503,19.7744
2.5683,19.6953
2.5505,19.7022
2.5386,19.7172
2.5090,19.7078
2.4927,19.7166
2.5025,19.7618
2.4628,19.7380
2.4478,19.7487
2.4472,19.7797
2.4578,19.8271
2.4198,19.8049
2.3933,19.7990
2.3696,19.7971
2.3309,19.8054
2.3185,19.8197
2.3005,19.8258
2.2853,19.8360
2.2645,19.8377
2.2465,19.8436
2.2077,19.8510
2.1924,19.8608
2.1744,19.8665
2.1751,19.9015
2.1835,19.9493
2.1520,19.9337
2.1183,19.9489
2.1157,19.9798
2.1221,20.0256
2.1024,20.0288
2.0736,20.0170
2.0565,20.0242
2.0356,20.0251
2.0312,20.0538
2.0064,20.0481
1.9742,20.0293
1.9746,20.0665
1.9362,20.0367
1.9031,20.0153
1.9118,20.0678
1.9484,20.1705
1.8629,20.0552
1.8663,20.0990
1.9032,20.2043
1.8240,20.1365
1.8197,20.1672
1.7754,20.1625
1.7545,20.1622
1.7452,20.1840
1.7266,20.1881
1.7194,20.2143
1.6916,20.2004
1.7894,20.4339
1.6634,20.2260
1.6269,20.1940
1.6105,20.2021
1.6294,20.2819
1.6259,20.3170
1.6005,20.3071
1.7062,20.5697
1.5478,20.2826
1.5248,20.2770
1.5188,20.3074
1.5221,20.3582
1.5053,20.3660
1.4832,20.3624
1.4685,20.3747
1.4265,20.3717
1.4157,20.3929
1.3988,20.4004
1.3838,20.4124
1.3668,20.4198
1.3518,20.4318
1.3196,20.4509
1.3063,20.4674
1.2949,20.4884
1.2796,20.5001
1.2614,20.5049
1.2469,20.5189
1.2086,20.5235
1.1857,20.5165
1.1666,20.5186
1.1511,20.5300
1.1427,20.5600
1.1253,20.5667
1.1370,20.6505
1.1113,20.6360
1.0728,20.5864
1.0622,20.6116
1.0275,20.5711
0.9880,20.5164
0.9640,20.5038
0.9384,20.4864
0.9678,20.6825
0.9468,20.6792
0.9258,20.6758
0.9328,20.7554
0.9211,20.7804
0.9061,20.7959
0.8367,20.7054
0.8112,20.6874
0.8069,20.7359
0.7979,20.7702
0.7947,20.8235
0.7764,20.8291
0.7808,20.9090
0.7097,20.7398
0.6818,20.7117
0.6724,20.7457
0.6627,20.7798
0.6882,20.9364
0.6511,20.8766
0.6362,20.8941
0.6277,20.9351
0.6019,20.9140
0.5919,20.9501
0.5805,20.9820
0.5546,20.9601
0.5474,21.0085
0.5331,21.0306
0.5271,21.0859
0.5020,21.0665
0.4637,20.9938
0.4438,20.9936
0.4215,20.9836
0.3912,20.9395
0.3841,20.9926
0.3522,21.0256
0.3279,21.0056
0.3069,21.0001
0.3043,21.0774
0.2976,21.1381
0.2795,21.1471
0.2323,21.1132
0.2172,21.1367
0.1971,21.1357
0.1789,21.1445
0.1626,21.1630
0.1405,21.1520
0.1204,21.1507
0.0819,21.1579
0.0574,21.1319
0.0487,21.1943
0.0345,21.2272
0.0386,21.3684
0.0126,21.3354
-0.0357,21.2876
-0.0628,21.2434
-0.0884,21.2070
-0.1093,21.2001
-0.1250,21.2277
-0.1415,21.2503
-0.1791,21.2658
-0.1899,21.3328
-0.2066,21.3584
-0.2257,21.3660
-0.2456,21.3685
-0.2611,21.4058
-0.2811,21.4082
-0.3038,21.3877
-0.3249,21.3801
-0.3403,21.4221
-0.3630,21.3995
-0.3710,21.5141
-0.3908,21.5212
-0.4124,21.5101
-0.4527,21.5173
-0.4775,21.4694
-0.4984,21.4630
-0.5198,21.4499
-0.5383,21.4715
-0.5537,21.5328
-0.5900,21.5957
-0.6151,21.5324
-0.6321,21.5836
-0.6577,21.5052
-0.6765,21.5314
-0.6965,21.5376
-0.7109,21.6469
-0.7370,21.5449
-0.7572,21.5509
-0.7773,21.5569
-0.7984,21.5428
-0.8182,21.5586
-0.8375,21.5893
-0.8511,21.7932
-0.8762,21.6656
-0.8955,21.7161
-0.9169,21.6967
-0.9358,21.7856
-0.9573,21.7675
-0.9788,21.7380
-0.9998,21.7383
-1.0414,21.7836
-1.0624,21.7923
-1.0836,21.8073
-1.0925,15.1320
-1.1258,21.7787
-1.1470,21.7936
-1.1897,21.8281
-1.2114,21.8527
-1.2328,21.8573
-1.2551,21.9018
-1.1017,15.1319
-1.2977,21.8907
-1.1040,15.1318
-1.3399,21.8694
-1.3624,21.8985
-1.3846,21.9176
-1.4072,21.9417
-1.4290,21.9457
-1.4499,21.9297
-1.4743,21.9834
-1.5162,21.9561
-1.5428,22.0345
-1.5666,22.0630
-1.5894,22.0754
-1.6129,22.0949
-1.6459,22.2418
-1.6794,22.0949
-1.6989,22.0632
-1.7260,22.1211
-1.7530,22.1739
-1.7802,22.2256
-1.8012,22.2086
-1.8226,22.1965
-1.8566,22.3095
-1.8751,22.2666
-1.8988,22.2749
-1.9235,22.2923
-1.9461,22.2898
-1.9664,22.2674
-1.9908,22.2796
-2.0415,22.3186
-2.0692,22.3547
-2.0908,22.3425
-2.1163,22.3593
-2.1451,22.4001
-2.1716,22.4216
-2.2212,22.4397
-2.2487,22.4660
-2.2719,22.4630
-2.2889,22.4200
-2.3174,22.4508
-2.3397,22.4422
-2.3900,22.4592
-2.4156,22.4700
-2.4422,22.4857
-2.4680,22.4964
-2.4939,22.5069
-2.5199,22.5174
-2.5744,22.6798
-2.5693,22.5234
-2.5964,22.5386
-2.6188,22.5291
-2.6431,22.5294
-2.6942,22.6618
-2.7461,22.7938
-2.7814,22.8427
-2.7963,22.6761
-2.8276,22.7051
-2.8525,22.7048
-2.8764,22.6994
-2.9035,22.7087
-2.9409,22.7616
-3.0016,22.8038
-3.0538,22.9147
-3.0652,22.8552
-3.0967,22.8784
-3.1235,22.8820
-3.1675,22.9533
-3.2279,22.9842
-3.2679,23.0357
-3.2979,23.0489
-3.3215,23.0374
-3.3371,22.9965
-3.3618,22.9898
-3.4968,23.2795
-3.5237,23.2771
-3.5590,23.3033
-3.6126,23.3919
-3.6129,23.2972
-3.6442,23.3087
-3.6583,23.2628
-3.7153,23.2663
-3.7378,23.2489
-3.8023,23.3647
-3.8251,23.3470
-3.9307,23.5872
-3.9433,23.5359
-3.9500,23.3800
-3.9838,23.3951
-4.0113,23.3911
-4.0618,23.4543
-4.1005,23.4820
-4.1300,23.4823
-4.2063,23.6158
-4.2241,23.5816
-4.2830,23.6629
-4.3183,23.6768
-4.3548,23.6938
-4.3833,23.6886
-4.4368,23.7505
-4.4760,23.7732
-4.4689,23.6727
-4.4850,23.6345
-4.5170,23.6383
-4.5617,23.6745
-4.6585,23.8424
-4.7096,23.8921
-4.7593,23.9369
-4.8294,23.9518
-4.5439,5.5444
-4.4954,5.5903
-4.4524,5.6224
-4.3924,5.7015
-4.2993,5.7902
-4.1956,5.9973
-4.1295,6.1013
-4.0691,6.1913
-3.9945,6.3242
-3.8740,6.5947
-2.5284,8.7704
-2.4943,8.8342
-2.4549,8.9224
-2.4150,9.0156
-2.3641,9.0808
-2.3288,9.1599
-2.2929,9.2441
-2.2575,9.3284
-2.2205,9.4226
-2.1734,9.4893
-2.1477,9.5350
-2.1233,9.5759
-2.0991,9.6169
-2.0771,9.6483
-2.0478,9.7189
-1.9851,9.8900
-1.9563,9.9660
-1.9411,9.9684
-1.9113,10.0544
-1.8963,10.0568
-1.8806,10.0643
-1.8485,10.0843
-1.8282,10.1215
-1.8058,10.1736
-1.7883,10.1961
-1.7732,10.2039
-1.7581,10.2118
-1.7288,10.2227
-1.7138,10.2307
-1.6974,10.2497
-1.6841,10.2469
-1.4851,10.4762
-1.4715,10.4844
-1.4569,10.5037
-1.4438,10.5071
-1.4315,10.5011
-1.4164,10.5300

# FrameTime=1781596485.04, PointCount=476
4.6367,18.2414
4.6673,18.2837
4.6609,18.3036
4.6517,18.3218
4.6579,18.3496
4.6978,18.3988
4.7095,18.4550
4.6928,18.4688
4.5976,18.4318
4.5740,18.4407
4.5671,18.4604
4.5601,18.4802
4.4851,18.4789
4.4724,18.4946
4.4048,18.4732
4.5257,18.5796
4.4730,18.5682
4.5560,18.6501
4.5635,18.6803
4.4507,18.6267
4.4253,18.6337
4.3784,18.6253
4.3220,18.6098
4.3835,18.6784
4.3986,18.7142
4.3745,18.7219
4.2471,18.6539
4.1912,18.6374
4.1674,18.6443
4.2744,18.7484
4.1839,18.7058
4.1425,18.6993
4.0868,18.6818
4.0552,18.7067
4.1003,18.7661
4.1159,18.8032
4.1139,18.8268
4.0562,18.8066
4.0424,18.8207
3.9672,18.8108
3.9627,18.8322
3.9582,18.8537
3.9769,18.8941
3.9915,18.9315
4.0251,18.9850
3.9882,19.0060
3.8760,18.9375
3.8443,18.9362
3.9892,19.0852
3.9003,19.0355
3.9139,19.0733
3.9221,19.1066
3.8353,19.0572
3.7473,19.0061
3.7009,18.9908
3.7030,19.0185
3.6902,19.0328
3.6736,19.0438
3.6644,19.0615
3.6348,19.0865
3.6401,19.1176
3.5977,19.1047
3.5993,19.1323
3.6771,19.2318
3.6985,19.2790
3.5556,19.1972
3.4611,19.1330
3.4156,19.1154
3.4311,19.1568
3.3893,19.1424
3.3762,19.1558
3.3320,19.1649
3.3222,19.1817
3.3160,19.2020
3.3096,19.2223
3.3241,19.2641
3.2723,19.2380
3.3614,19.3571
3.2176,19.2353
3.2041,19.2482
3.1940,19.2647
3.2319,19.3320
3.2626,19.3923
3.3187,19.4804
3.1787,19.3580
3.2342,19.4460
3.1240,19.3541
3.1034,19.3593
3.0761,19.3570
3.0623,19.3695
3.0651,19.4006
3.0611,19.4243
3.0214,19.4359
2.9942,19.4332
2.9605,19.4228
2.9073,19.3896
2.9032,19.4129
2.8956,19.4325
2.8707,19.4602
2.8726,19.4912
2.8360,19.4762
2.8091,19.4726
2.7981,19.4881
2.7870,19.5036
2.7772,19.5502
2.7753,19.5773
2.7593,19.5870
2.7401,19.5926
2.7255,19.6041
2.6987,19.5998
2.7746,19.7276
2.6665,19.6185
2.6306,19.6021
2.6190,19.6172
2.6225,19.6522
2.6529,19.7231
2.6335,19.7284
2.6066,19.7235
2.5500,19.7093
2.5411,19.7283
2.5026,19.7068
2.4877,19.7176
2.4685,19.7223
2.4536,19.7330
2.4380,19.7746
2.4486,19.8220
2.4135,19.8039
2.3898,19.8021
2.3634,19.7960
2.3370,19.7898
2.3178,19.8269
2.3054,19.8413
2.2845,19.8431
2.2638,19.8449
2.2403,19.8424
2.2195,19.8440
2.1916,19.8680
2.1789,19.8821
2.1715,19.9045
2.1720,19.9396
2.1485,19.9367
2.1330,19.9464
2.1147,19.9518
2.1159,20.0243
2.1001,20.0339
2.0752,20.0285
2.0581,20.0358
2.0269,20.0194
2.0302,20.0611
1.9707,20.0322
1.9648,20.0587
1.9302,20.0352
1.8946,20.0095
1.9156,20.0838
1.8801,20.0579
1.8458,20.0712
1.8923,20.1940
1.8891,20.2270
1.8275,20.1525
1.8066,20.1524
1.8021,20.1831
1.8174,20.2514
1.7416,20.1474
1.7439,20.1913
1.7322,20.2086
1.7203,20.2260
1.6971,20.2210
1.6762,20.2205
1.7260,20.3605
1.6232,20.1968
1.6025,20.1960
1.6104,20.2533
1.6201,20.3153
1.5925,20.3009
1.5629,20.2819
1.5355,20.2673
1.5088,20.2966
1.5121,20.3473
1.5037,20.3733
1.4775,20.3606
1.4648,20.3774
1.4459,20.3805
1.4100,20.3911
1.3931,20.3986
1.3761,20.4060
1.3611,20.4180
1.3461,20.4299
1.3310,20.4418
1.3007,20.4654
1.2874,20.4818
1.2740,20.4982
1.2558,20.5029
1.2395,20.5123
1.2203,20.5146
1.1993,20.5122
1.1611,20.5166
1.1474,20.5326
1.1354,20.5533
1.1233,20.5740
1.1164,20.6086
1.0866,20.5825
1.0567,20.6095
1.0221,20.5690
0.9877,20.5284
0.9603,20.5064
0.9364,20.4937
0.9653,20.6317
0.9479,20.6959
0.9188,20.6689
0.9290,20.7579
0.9188,20.7876
0.9054,20.8079
0.8600,20.7306
0.8614,20.7960
0.8043,20.6804
0.8031,20.7384
0.7956,20.7774
0.7894,20.8212
0.7799,20.8555
0.7254,20.7416
0.7613,20.9267
0.6794,20.7189
0.6657,20.7386
0.6575,20.7774
0.6899,20.9581
0.6459,20.8743
0.6383,20.9179
0.6139,20.9017
0.5854,20.9429
0.5784,20.9913
0.5457,20.9432
0.5397,20.9964
0.5417,21.0814
0.5158,21.0593
0.4635,21.0107
0.4423,21.0056
0.4200,20.9957
0.3873,20.9419
0.3779,20.9852
0.3705,21.0382
0.3646,21.0989
0.3240,21.0079
0.3030,21.0024
0.3004,21.0797
0.2894,21.1208
0.2745,21.1445
0.2495,21.1213
0.2442,21.1918
0.2143,21.1439
0.1932,21.1380
0.1750,21.1468
0.1558,21.1505
0.1356,21.1494
0.1164,21.1530
0.0981,21.1615
0.0526,21.1292
0.0413,21.1769
0.0288,21.2196
0.0295,21.3411
0.0152,21.3771
-0.0184,21.2965
-0.0636,21.2653
-0.0924,21.2092
-0.1125,21.2072
-0.1304,21.2200
-0.1469,21.2426
-0.1636,21.2652
-0.1776,21.3075
-0.2099,21.3655
-0.2298,21.3681
-0.2502,21.3657
-0.2645,21.4128
-0.2867,21.3973
-0.3090,21.3799
-0.3465,21.4043
-0.3676,21.3966
-0.3761,21.5062
-0.3948,21.5233
-0.4204,21.4724
-0.4377,21.5042
-0.4816,21.4714
-0.5011,21.4800
-0.5143,21.5646
-0.5423,21.4735
-0.5582,21.5299
-0.5740,21.5912
-0.5899,21.6559
-0.6185,21.5444
-0.6355,21.5956
-0.6586,21.5571
-0.6809,21.5284
-0.7000,21.5496
-0.7204,21.5507
-0.7347,21.6699
-0.7610,21.5578
-0.7814,21.5588
-0.8020,21.5547
-0.8225,21.5556
-0.8419,21.5813
-0.8602,21.6469
-0.8788,21.7174
-0.9212,21.6936
-0.9402,21.7775
-0.9611,21.7844
-0.9831,21.7299
-1.0039,21.7451
-1.0245,21.7803
-1.0666,21.7891
-1.0932,15.1338
-1.1088,21.7457
-1.1299,21.7806
-1.1510,21.7754
-1.1735,21.9037
-1.1952,21.9234
-1.2154,21.8445
-1.2367,21.8491
-1.2593,21.9036
-1.2808,21.9030
-1.3019,21.8925
-1.3225,21.8669
-1.3449,21.8961
-1.3888,21.9194
-1.4114,21.9434
-1.1116,15.1334
-1.4553,21.9563
-1.1138,15.1333
-1.4988,21.9590
-1.5458,22.0163
-1.5695,22.0448
-1.5940,22.0821
-1.6161,22.0816
-1.6477,22.2095
-1.6624,22.1082
-1.7024,22.0549
-1.7299,22.1177
-1.7560,22.1605
-1.7828,22.2082
-1.8060,22.2152
-1.8269,22.1981
-1.8568,22.2705
-1.9036,22.2815
-1.9289,22.3038
-1.9510,22.2963
-1.9708,22.2689
-1.9969,22.2960
-2.0232,22.3230
-2.0730,22.3519
-2.0932,22.3292
-2.1179,22.3410
-2.1495,22.4015
-2.1752,22.4181
-2.2018,22.4396
-2.2516,22.4575
-2.2763,22.4644
-2.2917,22.4115
-2.3242,22.4671
-2.3433,22.4387
-2.3721,22.4694
-2.4226,22.6277
-2.4200,22.4714
-2.4466,22.4871
-2.4724,22.4977
-2.4983,22.5083
-2.5252,22.5237
-2.5504,22.5292
-2.5998,22.6619
-2.5989,22.5301
-2.6232,22.5305
-2.6446,22.5160
-2.6927,22.6337
-2.7183,22.6386
-2.7706,22.7706
-2.7822,22.7069
-2.8310,22.7015
-2.8548,22.6962
-2.8775,22.6861
-2.9058,22.7001
-2.9431,22.7530
-2.9830,22.8155
-3.0583,22.9159
-3.0697,22.8564
-3.0976,22.8650
-3.1280,22.8831
-3.1684,22.9399
-3.2066,22.9869
-3.2678,23.1211
-3.2712,23.0320
-3.3038,23.0548
-3.3222,23.0240
-3.3495,23.0265
-3.3651,22.9860
-3.4812,23.3070
-3.5069,23.2998
-3.5609,23.2947
-3.6118,23.3737
-3.6317,23.3460
-3.6460,23.3001
-3.6616,23.2590
-3.6958,23.2799
-3.7395,23.2403
-3.7905,23.3133
-3.8343,23.3622
-3.8678,23.3777
-3.8674,23.2886
-3.9242,23.3752
-4.0337,23.6191
-3.9917,23.4054
-4.0096,23.3730
-4.0645,23.4492
-4.1008,23.4698
-4.1347,23.4831
-4.1990,23.5823
-4.2494,23.6402
-4.3259,23.6855
-4.3561,23.6851
-4.3829,23.6753
-4.4364,23.7371
-4.4505,23.6928
-4.4631,23.6453
-4.5218,23.6389
-4.5611,23.6612
-4.6780,23.8802
-4.7145,23.8927
-4.7642,23.9375
-4.8104,23.9728
-4.5285,5.5825
-4.4905,5.6003
-4.4440,5.6418
-4.3622,5.6971
-4.2744,5.8568
-4.1792,6.0405
-4.1101,6.1539
-4.0695,6.1874
-3.9690,6.3960
-3.8181,6.6773
-2.5257,8.7815
-2.4882,8.8598
-2.4421,8.9772
-2.3887,9.0520
-2.3530,9.1310
-2.3178,9.2101
-2.2821,9.2943
-2.2458,9.3835
-2.2152,9.4485
-2.2220,9.3361
-2.1683,9.5152
-2.1447,9.5511
-2.1223,9.5823
-2.0991,9.6184
-2.0761,9.6547
-2.0431,9.7449
-2.0450,9.6514
-1.9860,9.8867
-1.9590,9.9528
-1.9411,9.9699
-1.9105,10.0608
-1.8973,10.0535
-1.8815,10.0610
-1.8753,10.0110
-1.8558,10.0415
-1.8346,10.0836
-1.8137,10.1258
-1.7900,10.1879
-1.7763,10.1858
-1.7590,10.2085
-1.7558,10.1337
-1.7317,10.2046
-1.7126,10.2422
-1.7004,10.2305
-1.6733,10.2269
-1.4849,10.4829
-1.4713,10.4913
-1.4572,10.5054
-1.4441,10.5089
-1.4317,10.5028
-1.4167,10.5317

# FrameTime=1781596485.14, PointCount=474
4.6341,18.2123
4.6818,18.2649
4.6643,18.2779
4.6606,18.2994
4.6515,18.3176
4.6323,18.3295
4.6807,18.3839
4.7204,18.4333
4.7290,18.4633
4.7066,18.4735
4.6226,18.4438
4.5738,18.4364
4.5669,18.4561
4.5683,18.4813
4.5086,18.4661
4.4959,18.4819
4.4377,18.4912
4.4678,18.5358
4.4852,18.5723
4.5559,18.6457
4.5675,18.6787
4.4614,18.6298
4.3931,18.6313
4.3179,18.6025
4.3550,18.6536
4.4026,18.7127
4.2426,18.6216
4.2310,18.6376
4.1674,18.6398
4.2318,18.7122
4.2119,18.7221
4.1641,18.7110
4.0948,18.6832
4.0711,18.6896
4.0910,18.7294
4.1123,18.7707
4.0923,18.7801
4.1298,18.8344
4.0798,18.8204
4.0519,18.8235
3.9951,18.8034
3.9673,18.8061
3.9545,18.8458
3.9770,18.8894
4.0071,18.9395
3.9714,18.9356
4.2098,19.1597
3.8887,18.9178
3.8445,18.9314
3.9423,19.0403
4.0256,19.1379
3.9595,19.1075
3.8710,19.0572
3.7716,18.9965
3.8173,19.0624
3.7198,19.0025
3.6959,19.0069
3.6979,19.0346
3.6665,19.0322
3.6796,19.0699
3.6723,19.0895
3.6519,19.0970
3.6772,19.1465
3.6127,19.1132
3.5980,19.1258
3.6229,19.1756
3.7170,19.2912
3.6237,19.2298
3.4926,19.1315
3.4232,19.1173
3.4316,19.1517
3.4041,19.1513
3.3802,19.1542
3.3563,19.1571
3.3360,19.1633
3.2919,19.1721
3.3171,19.2243
3.3281,19.2625
3.3389,19.3008
3.2454,19.2315
3.2216,19.2337
3.1980,19.2631
3.2325,19.3268
3.2563,19.3797
3.3227,19.4788
3.2031,19.3784
3.1553,19.3545
3.1212,19.3451
3.1763,19.4333
3.0802,19.3555
3.0663,19.3679
3.0691,19.3990
3.0618,19.4189
3.0395,19.4220
3.0155,19.4231
2.9711,19.4288
2.9440,19.4258
2.9007,19.4038
2.9029,19.4347
2.8888,19.4467
2.8747,19.4586
2.8432,19.4785
2.8226,19.4825
2.7957,19.4788
2.8005,19.5137
2.7956,19.5369
2.7938,19.5641
2.7633,19.5854
2.7456,19.5930
2.7296,19.6025
2.7058,19.6022
2.6881,19.6096
2.6491,19.5893
2.7426,19.7412
2.6170,19.6077
2.6265,19.6506
2.6419,19.7016
2.6435,19.7348
2.6166,19.7299
2.5659,19.6928
2.5629,19.7198
2.5583,19.7449
2.5154,19.7174
2.4917,19.7160
2.4754,19.7248
2.4605,19.7354
2.4599,19.7665
2.4506,19.7852
2.4374,19.8310
2.4023,19.8128
2.3787,19.8109
2.3522,19.8048
2.3342,19.8109
2.3190,19.8212
2.2886,19.8415
2.2678,19.8433
2.2470,19.8450
2.2235,19.8424
2.2082,19.8524
2.1983,19.8706
2.2004,19.9078
2.1729,19.8987
2.1654,19.9211
2.1578,19.9436
2.1317,19.9363
2.1476,19.9970
2.1410,20.0216
2.1199,20.0227
2.0818,20.0312
2.0647,20.0385
2.0475,20.0458
2.0291,20.0509
1.9930,20.0257
1.9722,20.0263
1.9615,20.0814
1.9060,20.0210
1.9197,20.0822
1.8890,20.0650
1.8511,20.0346
1.9054,20.1703
1.9637,20.3151
1.8645,20.1728
1.8363,20.1597
1.8012,20.1332
1.8014,20.1727
1.7595,20.1328
1.7619,20.1767
1.8068,20.3027
1.7316,20.1982
1.7152,20.2066
1.6966,20.2106
1.6779,20.2144
1.6503,20.2004
1.6183,20.1773
1.6309,20.2436
1.6263,20.3182
1.5965,20.2993
1.5712,20.2893
1.5439,20.2748
1.5230,20.2736
1.5276,20.3266
1.5056,20.3672
1.4857,20.3681
1.4698,20.3781
1.4519,20.3835
1.4309,20.3819
1.4140,20.3895
1.3801,20.4044
1.3671,20.4209
1.3501,20.4283
1.3350,20.4402
1.3199,20.4520
1.3047,20.4638
1.2914,20.4802
1.2588,20.4990
1.2435,20.5107
1.2225,20.5084
1.2070,20.5199
1.1879,20.5221
1.1742,20.5382
1.1394,20.5517
1.1256,20.5677
1.1099,20.5790
1.1098,20.6323
1.0766,20.5968
1.0487,20.5751
1.0103,20.5785
0.9677,20.5142
0.9454,20.5062
0.9330,20.5264
0.9762,20.7070
0.9551,20.7037
0.9638,20.7881
0.9305,20.7490
0.9197,20.7766
0.9063,20.7968
0.8757,20.7648
0.8246,20.6683
0.8266,20.7359
0.8132,20.7559
0.8097,20.8721
0.7869,20.8634
0.7439,20.7878
0.7013,20.7120
0.6806,20.7078
0.6768,20.7610
0.6738,20.8866
0.6718,20.9495
0.6410,20.9115
0.6166,20.8952
0.6060,20.9293
0.6071,21.0067
0.5767,20.9683
0.5522,20.9513
0.5387,20.9755
0.5294,21.0169
0.5223,21.0674
0.4972,21.0480
0.4675,21.0091
0.4565,21.0456
0.4287,21.0135
0.3983,20.9694
0.3739,20.9496
0.3809,21.0637
0.3467,21.0020
0.3269,21.0015
0.3125,21.0252
0.2886,21.0969
0.2785,21.1429
0.2577,21.1393
0.2355,21.1286
0.2173,21.1374
0.1981,21.1413
0.1598,21.1489
0.1406,21.1527
0.1204,21.1514
0.1031,21.1648
0.0775,21.1340
0.0601,21.1473
0.0658,21.2914
0.0294,21.1984
0.0260,21.2952
0.0286,21.4315
-0.0023,21.3689
-0.0372,21.2784
-0.0674,21.2144
-0.0884,21.2076
-0.1271,21.2135
-0.1443,21.2312
-0.1610,21.2537
-0.1770,21.2812
-0.1861,21.3612
-0.2059,21.3639
-0.2462,21.3641
-0.2624,21.3964
-0.2817,21.4038
-0.3044,21.3832
-0.3231,21.3955
-0.3392,21.4325
-0.3587,21.4397
-0.3898,21.5316
-0.4144,21.4907
-0.4380,21.4579
-0.4555,21.4879
-0.4771,21.4748
-0.4929,21.5264
-0.5371,21.4868
-0.5476,21.6113
-0.5703,21.5846
-0.5887,21.6160
-0.6121,21.5776
-0.6362,21.5242
-0.6765,21.5318
-0.6963,21.5430
-0.7167,21.5442
-0.7371,21.5452
-0.7575,21.5463
-0.7781,21.5423
-0.7980,21.5531
-0.8385,21.5647
-0.8576,21.6054
-0.8752,21.7009
-0.8961,21.7015
-0.9158,21.7470
-0.9360,21.7859
-0.9790,21.7333
-0.9998,21.7435
-1.0209,21.7388
-1.0415,21.7924
-1.0626,21.7975
-1.0837,21.8076
-1.1258,21.7640
-1.0927,15.1322
-1.1687,21.8336
-1.1899,21.8333
-1.2115,21.8529
-1.0973,15.1322
-1.2569,21.9706
-1.2762,21.8815
-1.2979,21.8909
-1.3198,21.9052
-1.3415,21.9095
-1.3637,21.9286
-1.3856,21.9378
-1.4081,21.9568
-1.4513,21.9547
-1.4729,21.9536
-1.4951,21.9624
-1.5176,21.9761
-1.5433,22.0396
-1.5684,22.0869
-1.6131,22.0939
-1.6374,22.1232
-1.6576,22.0967
-1.6765,22.0551
-1.7017,22.0931
-1.7289,22.1510
-1.7572,22.2177
-1.7769,22.1868
-1.8010,22.2036
-1.8229,22.1965
-1.8503,22.2440
-1.8801,22.3121
-1.9017,22.2997
-1.9233,22.2873
-1.9673,22.2723
-1.9899,22.2696
-2.0178,22.3107
-2.0431,22.3285
-2.0690,22.3503
-2.0950,22.3715
-2.1434,22.3851
-2.1685,22.3974
-2.1964,22.4281
-2.2230,22.4495
-2.2462,22.4466
-2.2617,22.3937
-2.3170,22.4457
-2.3417,22.4519
-2.3664,22.4579
-2.3912,22.4639
-2.4169,22.4748
-2.4426,22.4855
-2.4981,22.6630
-2.4926,22.4969
-2.5194,22.5123
-2.5454,22.5227
-2.5706,22.5281
-2.5939,22.5236
-2.6163,22.5142
-2.6503,22.5634
-2.7133,22.6322
-2.7298,22.5930
-2.7979,22.7981
-2.7957,22.6709
-2.8280,22.7048
-2.8508,22.6947
-2.9007,22.6937
-2.9324,22.7223
-2.9779,22.8091
-3.0251,22.9005
-3.0578,22.9287
-3.0776,22.9033
-3.1464,23.0771
-3.1252,22.8864
-3.1509,22.8851
-3.1988,22.9708
-3.2348,23.0079
-3.2749,23.0598
-3.2934,23.0290
-3.3299,23.0658
-3.3597,22.9796
-3.3925,23.0016
-3.4934,23.2645
-3.5258,23.2813
-3.5611,23.3075
-3.6187,23.4095
-3.6520,23.3320
-3.6633,23.2765
-3.6933,23.2831
-3.7115,23.2513
-3.7623,23.3245
-3.8120,23.3926
-3.9004,23.5807
-3.8592,23.3619
-3.8896,23.3678
-3.9015,23.3166
-3.9586,23.4030
-3.9956,23.4274
-4.0392,23.4707
-4.0625,23.4535
-4.0964,23.4670
-4.1275,23.4721
-4.1586,23.4771
-4.2165,23.5572
-4.2923,23.6856
-4.3242,23.6900
-4.3573,23.6976
-4.4628,23.7348
-4.4786,23.6951
-4.4858,23.6336
-4.5196,23.6420
-4.5589,23.6642
-4.6630,23.8507
-4.7361,23.8755
-4.7877,23.9248
-4.8378,23.9693
-4.5192,5.5949
-4.4865,5.5988
-4.4195,5.6114
-4.3582,5.6955
-4.2754,5.8411
-4.1719,6.0483
-4.1027,6.1618
-4.0622,6.1953
-3.9157,6.4568
-2.5182,8.7945
-2.4739,8.9020
-2.4291,9.0145
-2.3780,9.0796
-2.3424,9.1586
-2.3063,9.2426
-2.2706,9.3268
-2.2334,9.4210
-2.1882,9.4777
-2.1623,9.5234
-2.1397,9.5544
-2.1153,9.5954
-2.0912,9.6364
-2.0711,9.6580
-2.0268,9.7258
-1.9946,9.8163
-1.9595,9.9267
-1.9406,9.9486
-1.9108,10.0347
-1.8941,10.0470
-1.8659,10.0422
-1.8518,10.0399
-1.8368,10.0426
-1.8166,10.0798
-1.7950,10.1270
-1.7723,10.1842
-1.7435,10.1901
-1.7277,10.2030
-1.7106,10.2258
-1.6951,10.2388
-1.6788,10.2578
-1.6667,10.2452
-1.4809,10.4813
-1.4673,10.4897
-1.4540,10.4939
-1.4417,10.4873
-1.4273,10.5062
-1.4127,10.5302

# FrameTime=1781596485.24, PointCount=481
4.6559,18.2261
4.6753,18.2615
4.6690,18.2814
4.6653,18.3029
4.6477,18.3158
4.6878,18.3648
4.8066,18.4638
4.6955,18.4181
4.7224,18.4596
4.6930,18.4654
4.5979,18.4284
4.5701,18.4345
4.5757,18.4624
4.5562,18.4739
4.5507,18.4946
4.4896,18.4782
4.4810,18.4967
4.4739,18.5162
4.5260,18.5761
4.4815,18.5703
4.5440,18.6380
4.4019,18.5888
4.4175,18.6243
4.3747,18.6188
4.3738,18.6428
4.4164,18.6981
4.3559,18.6795
4.2516,18.6532
4.1916,18.6337
4.1799,18.6495
4.2788,18.7477
4.1884,18.7050
4.1430,18.6956
4.0795,18.6965
4.0557,18.7029
4.1009,18.7624
4.1203,18.8024
4.1263,18.8322
4.0645,18.8089
4.0429,18.8169
3.9716,18.8101
3.9672,18.8315
3.9627,18.8530
3.9968,18.9060
3.9843,18.9213
4.0296,18.9843
3.9696,18.9860
3.8766,18.9336
3.8526,18.9387
3.9632,19.0586
3.9048,19.0347
3.9184,19.0725
3.8510,19.0664
3.7518,19.0054
3.7090,18.9934
3.7150,19.0244
3.6984,19.0354
3.6818,19.0464
3.7525,19.1364
3.6560,19.0750
3.6430,19.0892
3.6430,19.1154
3.5949,19.0971
3.6037,19.1316
3.6888,19.2379
3.7029,19.2783
3.7197,19.3216
3.5601,19.1964
3.4619,19.1288
3.4272,19.1216
3.4392,19.1595
3.3938,19.1416
3.3674,19.1685
3.3435,19.1712
3.3196,19.1739
3.2888,19.1694
3.3141,19.2216
3.3356,19.2705
3.3185,19.2802
3.2255,19.2381
3.2086,19.2475
3.2088,19.2748
3.2535,19.3494
3.2636,19.3879
3.3197,19.4760
3.1625,19.3627
3.1250,19.3496
3.1011,19.3512
3.0806,19.3563
3.0735,19.3762
3.0729,19.4036
3.0656,19.4235
3.0259,19.4352
2.9987,19.4325
2.9617,19.4183
2.9183,19.3964
2.9076,19.4122
2.9066,19.4394
2.8784,19.4633
2.8834,19.4981
2.8436,19.4793
2.8135,19.4719
2.8025,19.4874
2.7946,19.5068
2.7848,19.5533
2.7766,19.5727
2.7637,19.5862
2.7383,19.5841
2.7238,19.5955
2.7000,19.5952
2.7821,19.7308
2.6709,19.6178
2.6289,19.5934
2.6265,19.6204
2.6360,19.6634
2.6543,19.7184
2.6379,19.7276
2.6051,19.7147
2.6213,19.7679
2.5515,19.7046
2.5485,19.7316
2.5100,19.7102
2.4893,19.7128
2.4759,19.7256
2.4609,19.7363
2.4424,19.7739
2.4474,19.8131
2.4208,19.8073
2.3943,19.8013
2.3706,19.7994
2.3442,19.7932
2.3223,19.8262
2.3098,19.8405
2.2890,19.8424
2.2710,19.8483
2.2475,19.8459
2.2240,19.8433
2.2561,19.9266
2.1988,19.8715
2.1861,19.8855
2.1787,19.9080
2.1792,19.9431
2.1556,19.9402
2.1374,19.9457
2.1139,19.9426
2.1230,20.0278
2.1045,20.0331
2.0797,20.0277
2.0651,20.0393
2.0365,20.0273
2.0321,20.0560
1.9726,20.0272
1.9693,20.0580
1.9371,20.0388
1.9015,20.0131
1.9201,20.0830
1.8870,20.0615
1.8478,20.0661
1.8968,20.1933
1.8936,20.2263
1.8344,20.1562
1.8063,20.1429
1.8113,20.1912
1.7623,20.1381
1.7484,20.1905
1.7297,20.1946
1.7248,20.2252
1.7016,20.2203
1.6784,20.2153
1.6463,20.1923
1.6047,20.1908
1.6148,20.2526
1.6224,20.3100
1.5970,20.3002
1.5717,20.2902
1.5422,20.2711
1.5111,20.2913
1.5187,20.3511
1.5082,20.3726
1.4861,20.3690
1.4682,20.3744
1.4400,20.3570
1.4610,20.4490
1.4124,20.3858
1.3975,20.3978
1.3826,20.4098
1.3676,20.4218
1.3525,20.4337
1.3374,20.4456
1.3349,20.4874
1.3052,20.4647
1.2918,20.4811
1.2765,20.4928
1.2687,20.5230
1.2458,20.5162
1.2248,20.5139
1.2056,20.5161
1.1637,20.5112
1.1518,20.5319
1.1381,20.5479
1.1278,20.5732
1.1209,20.6079
1.0963,20.5958
1.0595,20.6041
1.0265,20.5683
0.9955,20.5370
0.9664,20.5104
0.9408,20.4930
0.9665,20.6215
1.0185,20.8285
0.9556,20.7046
0.9232,20.6682
0.9341,20.7594
0.9233,20.7869
0.9067,20.7977
0.8676,20.7394
0.8266,20.6739
0.8091,20.7424
0.8016,20.7815
0.8012,20.8443
0.7859,20.8595
0.7342,20.7552
0.7018,20.7129
0.6674,20.7283
0.6620,20.7767
0.7026,20.9862
0.6531,20.8831
0.6422,20.9150
0.6183,20.9009
0.6105,20.9446
0.5964,20.9662
0.5842,20.9954
0.5501,20.9425
0.5416,20.9860
0.5311,21.0226
0.5227,21.0682
0.4928,21.0295
0.4587,21.0534
0.4256,20.9998
0.3941,20.9509
0.3801,20.9747
0.3802,21.0597
0.3449,20.9932
0.3086,21.0065
0.2984,21.0497
0.2949,21.1250
0.2789,21.1438
0.2571,21.1352
0.2379,21.1392
0.2264,21.1803
0.1986,21.1422
0.1794,21.1460
0.1602,21.1498
0.1410,21.1535
0.1209,21.1523
0.1026,21.1608
0.0992,21.2508
0.0570,21.1285
0.0449,21.1713
0.0307,21.2041
0.0340,21.3404
0.0238,21.4010
-0.0140,21.2958
-0.0360,21.2842
-0.0879,21.2085
-0.1080,21.2065
-0.1259,21.2193
-0.1425,21.2419
-0.1598,21.2595
-0.1738,21.3019
-0.1863,21.3571
-0.2259,21.3624
-0.2470,21.3551
-0.2607,21.4072
-0.2825,21.3947
-0.3034,21.3891
-0.3137,21.4739
-0.3415,21.4085
-0.3604,21.4207
-0.3716,21.5055
-0.3899,21.5275
-0.4105,21.5263
-0.4333,21.5035
-0.4570,21.4688
-0.4697,21.5521
-0.4989,21.4544
-0.5111,21.5490
-0.5371,21.4827
-0.5545,21.5192
-0.5691,21.5954
-0.5929,21.5521
-0.6311,21.5949
-0.6542,21.5563
-0.6761,21.5327
-0.6956,21.5489
-0.7160,21.5500
-0.7364,21.5511
-0.7505,21.6802
-0.7772,21.5531
-0.7976,21.5540
-0.8180,21.5548
-0.8377,21.5756
-0.8561,21.6362
-0.8745,21.7117
-0.8959,21.6924
-0.9358,21.7718
-0.9564,21.7987
-0.9787,21.7241
-0.9994,21.7444
-1.0196,21.8245
-1.0411,21.7883
-1.0833,21.8035
-1.1045,21.8184
-1.1255,21.7798
-1.1465,21.7697
-1.1681,21.8244
-1.1896,21.8391
-1.2325,21.8584
-1.2544,21.8829
-1.2757,21.8774
-1.2973,21.8867
-1.3182,21.8711
-1.3407,21.9003
-1.3629,21.9195
-1.4070,21.9427
-1.4290,21.9517
-1.4509,21.9556
-1.4733,21.9694
-1.4938,21.9483
-1.5186,22.0019
-1.5647,22.0391
-1.5896,22.0813
-1.6120,22.0859
-1.6422,22.1938
-1.6583,22.1125
-1.6756,22.0510
-1.7111,22.2125
-1.7250,22.1120
-1.7515,22.1598
-1.7779,22.2025
-1.8015,22.2145
-1.8215,22.1874
-1.8514,22.2598
-1.8776,22.2931
-1.9239,22.2981
-1.9460,22.2906
-1.9657,22.2632
-1.9918,22.2903
-2.0181,22.3173
-2.0433,22.3343
-2.0894,22.3334
-2.1115,22.3254
-2.1444,22.3959
-2.1701,22.4125
-2.1966,22.4339
-2.2233,22.4553
-2.2494,22.4716
-2.2704,22.4538
-2.2857,22.4009
-2.3181,22.4565
-2.3404,22.4478
-2.3668,22.4637
-2.3916,22.4697
-2.4460,22.6476
-2.4404,22.4765
-2.4662,22.4872
-2.4930,22.5027
-2.5190,22.5131
-2.5441,22.5186
-2.5711,22.5339
-2.5944,22.5294
-2.6391,22.5104
-2.6793,22.5889
-2.7119,22.6281
-2.7437,22.6623
-2.7881,22.7550
-2.7985,22.6864
-2.8510,22.8130
-2.8525,22.7053
-2.8742,22.6902
-2.9013,22.6994
-2.9342,22.7329
-2.9752,22.8002
-3.0294,22.9210
-3.0585,22.9346
-3.0724,22.8848
-3.0896,22.8497
-3.1236,22.8824
-3.1541,22.9005
-3.1959,22.9620
-3.2368,23.0184
-3.2719,23.0510
-3.3178,23.0233
-3.3477,23.0354
-3.3579,22.9757
-3.3987,23.0265
-3.5011,23.2942
-3.5267,23.2869
-3.5731,23.3516
-3.6266,23.4392
-3.6371,23.3788
-3.6530,23.3377
-3.6614,23.2726
-3.6928,23.2839
-3.7081,23.2427
-3.8082,23.4742
-3.7890,23.3220
-3.8405,23.3948
-3.8618,23.3722
-3.8738,23.3211
-3.9104,23.3460
-3.9597,23.4086
-3.9746,23.3668
-4.0569,23.4391
-4.0898,23.4501
-4.1303,23.4824
-4.1697,23.5109
-4.2378,23.6193
-4.2997,23.7085
-4.3488,23.6765
-4.3785,23.6746
-4.4197,23.7036
-4.4513,23.7061
-4.4587,23.6446
-4.4889,23.6438
-4.5227,23.6522
-4.5834,23.6500
-4.7046,23.8780
-4.7486,23.9089
-4.7985,23.9535
-4.8525,24.0072
-4.4826,5.6090
-4.4637,5.5754
-4.4122,5.6311
-4.3509,5.7152
-4.2447,5.9267
-4.1481,6.1152
-4.0667,6.1820
-3.9922,6.3149
-3.8749,6.5760
-2.4792,8.8785
-2.4320,9.0008
-2.3979,9.0698
-2.3720,9.1048
-2.3289,9.2180
-2.2755,9.3033
-2.2392,9.3925
-2.2087,9.4575
-2.1816,9.5079
-2.1588,9.5389
-2.1353,9.5749
-2.1100,9.6207
-2.1075,9.5519
-2.0745,9.6392
-2.0526,9.6706
-2.0191,9.7659
-1.9861,9.8614
-1.9590,9.9275
-1.9240,9.9568
-1.9021,9.9986
-1.8804,10.0405
-1.8687,10.0234
-1.8558,10.0128
-1.8379,10.0336
-1.8044,10.0637
-1.7822,10.1159
-1.7596,10.1732
-1.7437,10.1860
-1.7293,10.1890
-1.7129,10.2069
-1.6817,10.2329
-1.6649,10.2569
-1.6528,10.2443
-1.6441,10.2030
-1.4933,10.4834
-1.4677,10.4810
-1.4527,10.5047
-1.4408,10.4932
-1.4265,10.5121
-1.4206,10.4214
-1.3999,10.5251

# FrameTime=1781596485.34, PointCount=484
4.6305,18.2162
4.6542,18.2541
4.6676,18.2861
4.6478,18.3215
4.6286,18.3334
4.6643,18.3798
4.7082,18.4319
4.7140,18.4600
4.6426,18.4387
4.5769,18.4205
4.6260,18.4767
4.5632,18.4600
4.5646,18.4852
4.5174,18.4782
4.4880,18.4829
4.4742,18.4979
4.5276,18.5584
4.4104,18.5031
4.4814,18.5761
4.5466,18.6457
4.4502,18.6037
4.4836,18.6518
4.3969,18.6157
4.3893,18.6351
4.3141,18.6062
4.3472,18.6544
4.4150,18.7281
4.2509,18.6341
4.2433,18.6531
4.1753,18.6276
4.2158,18.6821
4.2025,18.7216
4.1762,18.7267
4.0950,18.6898
4.0792,18.7023
4.0673,18.7178
4.1005,18.7682
4.1258,18.8381
4.1136,18.8537
4.0284,18.8116
3.9990,18.8132
3.9556,18.8034
3.9629,18.8342
3.9615,18.8835
3.9954,18.9367
3.9405,18.9169
4.2518,19.2017
3.8886,18.9245
3.8607,18.9266
3.8977,18.9834
3.8814,19.0211
3.9404,19.0981
3.8708,19.0640
3.7826,19.0131
3.7248,18.9882
3.6934,18.9860
3.6865,19.0313
3.6736,19.0457
3.6422,19.0432
3.6441,19.0708
3.6442,19.0970
3.6144,19.0957
3.6034,19.1117
3.5919,19.1273
3.5788,19.1413
3.7165,19.2981
3.5978,19.2125
3.5030,19.1487
3.4394,19.1140
3.5108,19.2094
3.4203,19.1480
3.4071,19.1615
3.3797,19.1610
3.3522,19.1603
3.3249,19.1595
3.3081,19.1692
3.4584,19.3476
3.3095,19.2240
3.3100,19.2515
3.3313,19.3005
3.2656,19.2598
3.2175,19.2369
3.2040,19.2498
3.2214,19.2953
3.2419,19.3720
3.3389,19.5040
3.2329,19.4183
3.1545,19.3613
3.1137,19.3446
3.0898,19.3461
3.0622,19.3711
3.0616,19.3984
3.0493,19.4127
3.0253,19.4139
3.0113,19.4262
2.9809,19.4197
2.9430,19.4327
2.8900,19.3992
2.8987,19.4378
2.8878,19.4535
2.8834,19.4769
2.8788,19.5003
2.9556,19.6218
2.8279,19.4971
2.7852,19.4741
2.7931,19.5128
2.7851,19.5322
2.7832,19.5593
2.7735,19.5768
2.7559,19.5844
2.7160,19.5937
2.7015,19.6051
2.6808,19.6086
2.6479,19.5962
2.6303,19.6034
2.6309,19.6344
2.6375,19.7045
2.6391,19.7377
2.6092,19.7288
2.5616,19.6957
2.5586,19.7227
2.5289,19.7135
2.4994,19.7041
2.4889,19.7210
2.4769,19.7357
2.4590,19.7423
2.4383,19.7448
2.4290,19.7636
2.4554,19.8335
2.4373,19.8400
2.3809,19.7909
2.3602,19.7931
2.3563,19.8199
2.3243,19.8054
2.3147,19.8239
2.2967,19.8300
2.2786,19.8360
2.2426,19.8477
2.2246,19.8535
2.2038,19.8551
2.1858,19.8607
2.1758,19.8790
2.1658,19.8972
2.1587,19.9547
2.1351,19.9517
2.1117,19.9486
2.1391,20.0285
2.1206,20.0339
2.0932,20.0243
2.0589,20.0390
2.0417,20.0462
2.0081,20.0254
1.9961,20.0413
1.9677,20.0289
1.9705,20.0705
1.9248,20.0275
1.9053,20.0673
1.8869,20.0719
1.8539,20.0502
1.8863,20.1466
1.8738,20.1621
1.8456,20.1490
1.7966,20.1358
1.7828,20.1488
1.7549,20.1353
1.7481,20.1615
1.7364,20.1789
1.7270,20.2006
1.6965,20.2219
1.6733,20.2169
1.6547,20.2207
1.6138,20.1797
1.6285,20.2505
1.6340,20.3035
1.7301,20.5431
1.6006,20.3197
1.5796,20.3188
1.5392,20.2771
1.5184,20.2760
1.5209,20.3245
1.5178,20.3617
1.5094,20.3877
1.4831,20.3750
1.4652,20.3804
1.4432,20.3767
1.4303,20.3934
1.4114,20.3964
1.3924,20.3993
1.3775,20.4113
1.3444,20.4283
1.3303,20.4425
1.3152,20.4543
1.3019,20.4707
1.2905,20.4917
1.2752,20.5034
1.2759,20.5545
1.2556,20.5546
1.2233,20.5245
1.2060,20.5314
1.1850,20.5290
1.1694,20.5404
1.1629,20.5751
1.1589,20.6170
1.1102,20.5419
1.0998,20.5672
1.1147,20.6604
1.0683,20.5896
1.0577,20.6148
1.0265,20.5836
0.9785,20.5054
0.9373,20.4989
0.9250,20.5191
0.9714,20.7091
0.9390,20.6728
0.9276,20.6978
0.9273,20.7558
0.9014,20.7989
0.8755,20.7811
0.8244,20.6846
0.8172,20.7236
0.8098,20.7626
0.8186,20.8541
0.8588,21.0487
0.7747,20.8416
0.7477,20.8185
0.6994,20.7235
0.6758,20.7097
0.6691,20.7533
0.6664,20.8113
0.6848,20.9441
0.6307,20.8942
0.6116,20.8972
0.5998,20.9264
0.5891,20.9604
0.5731,20.9750
0.5600,21.0014
0.5275,21.0306
0.5131,21.0527
0.4971,21.0692
0.4673,21.0303
0.4425,21.0107
0.4155,20.9813
0.4172,21.0712
0.3667,20.9417
0.3605,20.9995
0.3429,21.0087
0.3241,21.0130
0.3086,21.0318
0.3005,21.0848
0.2916,21.1357
0.2553,21.1537
0.2274,21.1157
0.2133,21.1441
0.1931,21.1431
0.1730,21.1420
0.1538,21.1458
0.1154,21.1531
0.0980,21.1665
0.0743,21.1455
0.0525,21.1342
0.0437,21.1966
0.0346,21.2591
0.0169,21.3937
-0.0147,21.3262
-0.0407,21.2899
-0.0709,21.2259
-0.0942,21.2042
-0.1128,21.2121
-0.1068,21.3861
-0.1487,21.2377
-0.1661,21.2553
-0.1835,21.2729
-0.1912,21.3627
-0.2117,21.3605
-0.2315,21.3631
-0.2495,21.3805
-0.2869,21.4053
-0.3095,21.3847
-0.3289,21.3920
-0.3432,21.4439
-0.3687,21.3965
-0.3757,21.5210
-0.3950,21.5331
-0.4162,21.5269
-0.4428,21.4643
-0.4603,21.4943
-0.4828,21.4712
-0.5036,21.4649
-0.5246,21.4567
-0.5331,21.6010
-0.5637,21.4749
-0.5775,21.5611
-0.5943,21.6124
-0.6197,21.5441
-0.6408,21.5355
-0.6630,21.5070
-0.6812,21.5431
-0.7222,21.5405
-0.7421,21.5515
-0.7625,21.5525
-0.7829,21.5535
-0.8033,21.5544
-0.8233,21.5652
-0.8632,21.5966
-0.8810,21.6871
-0.9010,21.7176
-0.9221,21.7082
-0.9411,21.7971
-0.9629,21.7590
-1.0052,21.7447
-1.0261,21.7449
-1.0468,21.7986
-1.0680,21.7887
-1.0891,21.8037
-1.0925,15.1333
-1.1312,21.7751
-1.1739,21.8196
-1.1954,21.8393
-1.0982,15.1333
-1.2385,21.8685
-1.2611,21.9180
-1.2819,21.8925
-1.3249,21.8962
-1.3456,21.8755
-1.3681,21.9046
-1.3904,21.9237
-1.4124,21.9328
-1.4349,21.9517
-1.4612,22.0443
-1.4776,21.9396
-1.1131,15.1327
-1.5231,21.9770
-1.5488,22.0405
-1.5733,22.0789
-1.5952,22.0764
-1.6183,22.0908
-1.6735,22.2310
-1.6835,22.0758
-1.7055,22.0740
-1.7327,22.1318
-1.7593,22.1796
-1.7856,22.2214
-1.8290,22.2022
-1.8518,22.2049
-1.8830,22.2872
-1.9079,22.3054
-1.9300,22.2980
-1.9515,22.2855
-1.9723,22.2680
-2.0205,22.2873
-2.0475,22.3192
-2.0740,22.3460
-2.0968,22.3430
-2.1236,22.3697
-2.1518,22.4055
-2.2006,22.4188
-2.2280,22.4451
-2.2555,22.4713
-2.2780,22.4634
-2.2965,22.4302
-2.3250,22.4610
-2.3696,22.4436
-2.3969,22.4644
-2.4217,22.4703
-2.4483,22.4859
-2.4741,22.4966
-2.5009,22.5120
-2.5559,22.6794
-2.5502,22.5182
-2.5763,22.5285
-2.6025,22.5387
-2.6210,22.5096
-2.6492,22.5295
-2.7044,22.6813
-2.7544,22.8036
-2.8110,22.8326
-2.8005,22.6663
-2.8360,22.7148
-2.8577,22.6998
-2.8826,22.6993
-2.9109,22.7134
-2.9723,22.7606
-3.0148,22.8327
-3.0614,22.9193
-3.0728,22.8598
-3.1019,22.8732
-3.1311,22.8865
-3.2023,22.9612
-3.2357,22.9886
-3.2782,23.0498
-3.3019,23.0387
-3.3307,23.0465
-3.3436,22.9960
-3.3917,22.9775
-3.4994,23.2644
-3.5291,23.2716
-3.5644,23.2978
-3.6223,23.4007
-3.6267,23.3204
-3.6495,23.3032
-3.6950,23.2686
-3.7190,23.2559
-3.7505,23.2671
-3.8076,23.3591
-3.8319,23.3461
-3.9361,23.5814
-3.9766,23.5262
-3.9600,23.3884
-3.9906,23.3940
-4.0278,23.4184
-4.0671,23.4484
-4.1058,23.4761
-4.1785,23.6003
-4.1631,23.4720
-4.2327,23.5850
-4.2884,23.6569
-4.3299,23.6881
-4.3618,23.6924
-4.3938,23.6966
-4.4491,23.7631
-4.4707,23.6572
-4.4920,23.6330
-4.5240,23.6367
-4.5616,23.6543
-4.6657,23.8408
-4.7151,23.8858
-4.7922,23.9195
-4.8367,23.9500
-4.9682,23.9551
-4.6338,5.4516
-4.5271,5.5663
-4.4857,5.5935
-4.4599,5.5787
-4.4067,5.6391
-4.3116,5.7323
-4.1929,5.9819
-4.1087,6.1378
-4.0583,6.1997
-3.9270,6.4981
-2.5044,8.8483
-2.4591,8.9607
-2.4202,9.0490
-2.3908,9.0986
-2.3351,9.1883
-2.2980,9.2773
-2.2625,9.3615
-2.2296,9.4362
-2.2023,9.4865
-2.1753,9.5370
-2.1810,9.4293
-2.1381,9.5599
-2.1157,9.5911
-2.0925,9.6272
-2.0734,9.6439
-2.0460,9.7047
-2.0153,9.7853
-2.0171,9.6917
-1.9696,9.8684
-1.9454,9.9198
-1.9232,9.9616
-1.9030,9.9935
-1.8846,10.0158
-1.8703,10.0134
-1.8590,9.9930
-1.8424,10.0055
-1.8238,10.0312
-1.8067,10.0488
-1.7837,10.1060
-1.7611,10.1632
-1.7445,10.1810
-1.7396,10.1161
-1.7151,10.1920
-1.7007,10.1951
-1.6825,10.2279
-1.6657,10.2519
-1.6535,10.2393
-1.6448,10.1980
-1.4812,10.4772
-1.4667,10.4954
-1.4526,10.5097
-1.4399,10.5082
-1.4280,10.4972
-1.4125,10.5311
-1.4031,10.4853

# FrameTime=1781596485.44, PointCount=484
4.6308,18.2161
4.6801,18.2696
4.6616,18.3058
4.6440,18.3187
4.6333,18.3359
4.6774,18.3877
4.7213,18.4397
4.7186,18.4625
4.6277,18.4529
4.5705,18.4400
4.5678,18.4625
4.5650,18.4849
4.5095,18.4724
4.4927,18.4854
4.4897,18.5077
4.4428,18.5003
4.4521,18.5309
4.4819,18.5757
4.5485,18.6463
4.4261,18.5863
4.4622,18.6361
4.4056,18.6211
4.4647,18.6877
4.3147,18.6058
4.3599,18.6627
4.4034,18.7189
4.2515,18.6337
4.2399,18.6497
4.4279,18.8126
4.1682,18.6459
4.2166,18.7064
4.2287,18.7403
4.1729,18.7231
4.0916,18.6863
4.0719,18.6957
4.0838,18.7295
4.0891,18.7832
4.1423,18.8498
4.0844,18.8296
4.0448,18.8234
3.9958,18.8094
3.9641,18.8090
3.9591,18.8550
3.9700,18.8891
4.0077,18.9455
3.9605,18.9321
4.2296,19.1818
3.9008,18.9334
3.8615,18.9258
4.2086,19.2456
3.9277,19.0333
4.0300,19.1472
3.9450,19.1005
3.8792,19.0698
3.7722,19.0025
3.8254,19.0750
3.7130,19.0018
3.6928,19.0095
3.6948,19.0372
3.6820,19.0515
3.6728,19.0691
3.6782,19.1002
3.6452,19.0961
3.6097,19.1157
3.5966,19.1298
3.6089,19.1678
3.7139,19.2937
3.6169,19.2288
3.4968,19.1408
3.4238,19.1231
3.4285,19.1540
3.3975,19.1501
3.3772,19.1565
3.3569,19.1628
3.3295,19.1620
3.4803,19.3400
3.2959,19.1813
3.3141,19.2265
3.3286,19.2682
3.3360,19.3029
3.2702,19.2623
3.2186,19.2358
3.3105,19.3590
3.1951,19.2651
3.2124,19.3107
3.2568,19.3855
3.3265,19.4882
3.2138,19.3951
3.1558,19.3602
3.1183,19.3471
3.0806,19.3611
3.0634,19.3698
3.0662,19.4009
3.0622,19.4246
3.0300,19.4163
3.0193,19.4324
2.9715,19.4343
2.9444,19.4314
2.8979,19.4055
2.9065,19.4441
2.8892,19.4522
2.8751,19.4641
2.9908,19.6313
2.8500,19.4916
2.8230,19.4880
2.7930,19.4804
2.7977,19.5153
2.7960,19.5424
2.7941,19.5696
2.7781,19.5793
2.7838,19.6162
2.7491,19.6024
2.7299,19.6080
2.7030,19.6037
2.6854,19.6111
2.6464,19.5907
2.6319,19.6019
2.6238,19.6520
2.6361,19.6990
2.6438,19.7402
2.6139,19.7313
2.5662,19.6982
2.5691,19.7333
2.5157,19.7227
2.4891,19.7173
2.4815,19.7382
2.4608,19.7408
2.4487,19.7555
2.4480,19.7865
2.4572,19.8319
2.4433,19.8445
2.3969,19.8099
2.3817,19.8203
2.3581,19.8183
2.3373,19.8203
2.3221,19.8306
2.3359,19.8844
2.2888,19.8468
2.2680,19.8485
2.2472,19.8502
2.2238,19.8476
2.2058,19.8534
2.1985,19.8758
2.1885,19.8941
2.1629,19.9221
2.1633,19.9572
2.1608,19.9882
2.1503,20.0064
2.1385,20.0225
2.1201,20.0278
2.0819,20.0363
2.0699,20.0522
2.0515,20.0573
2.0279,20.0538
1.9957,20.0351
1.9723,20.0314
1.9517,20.0691
1.9012,20.0173
1.9173,20.0829
1.8867,20.0657
1.8561,20.0484
1.8898,20.1469
1.9565,20.3070
1.8574,20.1647
1.8482,20.1867
1.7989,20.1338
1.8168,20.2064
1.7572,20.1334
1.7689,20.1950
1.7433,20.1858
1.7198,20.2204
1.7012,20.2244
1.6735,20.2105
1.6504,20.2053
1.6184,20.1822
1.6309,20.2485
1.7234,20.4787
1.6263,20.3231
1.5965,20.3042
1.5756,20.3032
1.5396,20.2706
1.5230,20.2785
1.5297,20.3360
1.5203,20.3597
1.4836,20.3684
1.4677,20.3784
1.4416,20.3655
1.4390,20.4050
1.4140,20.3943
1.5107,20.6603
1.3801,20.4092
1.3671,20.4257
1.3491,20.4308
1.3350,20.4449
1.3218,20.4614
1.3065,20.4732
1.2932,20.4896
1.2644,20.5176
1.2546,20.5432
1.2261,20.5224
1.2069,20.5246
1.1804,20.5083
1.1722,20.5383
1.1393,20.5564
1.1254,20.5724
1.1097,20.5837
1.1114,20.6417
1.0712,20.5874
1.0520,20.5891
1.0102,20.5831
0.9676,20.5188
0.9419,20.5014
0.9346,20.5357
0.9744,20.7069
0.9517,20.6989
0.9419,20.7286
0.9186,20.7786
0.9061,20.8014
0.8755,20.7693
0.8259,20.6776
0.8279,20.7451
0.8220,20.7889
0.8079,20.8718
0.7837,20.8584
0.7436,20.7923
0.7026,20.7212
0.6818,20.7170
0.6766,20.7654
0.7735,21.1669
0.6680,20.8719
0.6728,20.9588
0.6407,20.9159
0.6163,20.8997
0.6031,20.9240
0.5963,20.9725
0.5777,20.9775
0.5506,20.9508
0.5383,20.9799
0.5316,21.0310
0.5219,21.0718
0.4981,21.0572
0.4659,21.0086
0.4483,21.0181
0.3968,20.9689
0.3724,20.9490
0.3805,21.0680
0.3442,20.9966
0.3265,21.0057
0.3099,21.0197
0.3153,21.1340
0.2871,21.0963
0.2791,21.1521
0.2593,21.1533
0.2340,21.1279
0.2179,21.1466
0.1987,21.1504
0.1879,21.1964
0.1594,21.1531
0.1402,21.1569
0.1200,21.1556
0.1035,21.1739
0.0771,21.1382
0.0597,21.1515
0.0653,21.2956
0.0281,21.1976
0.0255,21.2993
0.0264,21.4258
-0.0052,21.3583
-0.0369,21.2874
-0.0687,21.2136
-0.0903,21.2018
-0.1283,21.2126
-0.1448,21.2352
-0.1600,21.2677
-0.1775,21.2853
-0.1866,21.3652
-0.2064,21.3679
-0.2263,21.3705
-0.2339,21.4691
-0.2623,21.4053
-0.2822,21.4078
-0.3043,21.3922
-0.3231,21.4044
-0.3403,21.4315
-0.3587,21.4486
-0.3909,21.5306
-0.4126,21.5195
-0.4372,21.4767
-0.4566,21.4868
-0.4772,21.4837
-0.4935,21.5303
-0.5381,21.4857
-0.5571,21.5023
-0.5717,21.5785
-0.5889,21.6248
-0.6130,21.5765
-0.6348,21.5579
-0.6490,21.6573
-0.6771,21.5356
-0.6969,21.5468
-0.7173,21.5479
-0.7374,21.5540
-0.7581,21.5500
-0.7782,21.5560
-0.7991,21.5469
-0.8389,21.5734
-0.8582,21.6091
-0.8759,21.7046
-0.8966,21.7102
-0.9169,21.7357
-0.9366,21.7946
-0.9798,21.7319
-1.0005,21.7472
-1.0215,21.7474
-1.0423,21.7860
-1.0633,21.7961
-1.0844,21.8162
-1.1057,21.8412
-1.1266,21.7726
-1.1476,21.7674
-1.1695,21.8421
-1.1907,21.8368
-1.2123,21.8564
-1.0947,15.1357
-1.2555,21.8805
-1.2985,21.8894
-1.3203,21.8987
-1.3421,21.9079
-1.3639,21.9171
-1.3860,21.9312
-1.4080,21.9403
-1.4519,21.9532
-1.4740,21.9620
-1.4959,21.9658
-1.5184,21.9795
-1.5442,22.0429
-1.5689,22.0853
-1.5919,22.0988
-1.6155,22.1182
-1.6376,22.1166
-1.6581,22.0950
-1.6773,22.0584
-1.7021,22.0914
-1.7289,22.1443
-1.7577,22.2160
-1.7774,22.1850
-1.8025,22.2119
-1.8238,22.1997
-1.8528,22.2621
-1.8806,22.3103
-1.9027,22.3029
-1.9243,22.2905
-1.9677,22.2705
-1.9903,22.2678
-2.0177,22.3047
-2.0435,22.3266
-2.0700,22.3535
-2.0961,22.3752
-2.1445,22.3882
-2.1695,22.4004
-2.1967,22.4262
-2.2234,22.4476
-2.2509,22.4738
-2.2635,22.4017
-2.3073,22.5309
-2.3180,22.4487
-2.3427,22.4549
-2.3675,22.4609
-2.3931,22.4718
-2.4179,22.4777
-2.4437,22.4884
-2.4993,22.6659
-2.4936,22.4998
-2.5196,22.5103
-2.5456,22.5207
-2.5717,22.5310
-2.5960,22.5314
-2.6174,22.5170
-2.6485,22.5515
-2.7145,22.6349
-2.7319,22.6007
-2.8064,22.8351
-2.7980,22.6785
-2.8345,22.7319
-2.8531,22.7023
-2.9018,22.6964
-2.9335,22.7250
-2.9791,22.8117
-3.0241,22.8935
-3.0568,22.9218
-3.0788,22.9059
-3.0997,22.8854
-3.1521,22.8877
-3.1976,22.9637
-3.2348,23.0056
-3.2775,23.0672
-3.2960,23.0364
-3.3300,23.0635
-3.3624,22.9869
-3.3924,22.9993
-3.4810,23.2181
-3.5272,23.2837
-3.5639,23.3147
-3.6233,23.4224
-3.6549,23.3391
-3.6706,23.2979
-3.6962,23.2901
-3.7100,23.2441
-3.7607,23.3172
-3.8135,23.3949
-3.8944,23.5591
-3.8546,23.3451
-3.8880,23.3605
-3.9014,23.3141
-3.9601,23.4051
-3.9971,23.4296
-4.0408,23.4729
-4.0625,23.4509
-4.1290,23.4742
-4.1618,23.4839
-4.2181,23.5593
-4.2939,23.6876
-4.3236,23.6859
-4.3589,23.6996
-4.4166,23.6906
-4.4627,23.7321
-4.4784,23.6924
-4.4874,23.6355
-4.5194,23.6392
-4.5569,23.6568
-4.6647,23.8526
-4.7415,23.8866
-4.7914,23.9313
-4.8396,23.9710
-4.9006,23.9622
-4.9931,23.9505
-4.4810,5.5960
-4.4570,5.5765
-4.3731,5.6364
-4.3121,5.7207
-4.1866,5.9891
-4.0975,6.1592
-4.0406,6.2399
-3.9094,6.5384
-2.4928,8.8799
-2.4453,9.0021
-2.4122,9.0661
-2.3817,9.1205
-2.3250,9.2152
-2.2891,9.2993
-2.2536,9.3835
-2.2229,9.4484
-2.1946,9.5036
-2.1550,9.5362
-2.1334,9.5624
-2.1111,9.5936
-2.0879,9.6297
-2.0688,9.6464
-2.0460,9.6827
-1.9994,9.7654
-1.9676,9.8561
-1.9425,9.9125
-1.9203,9.9542
-1.8992,9.9911
-1.8799,10.0182
-1.8523,10.0086
-1.8386,10.0031
-1.8185,10.0387
-1.8026,10.0479
-1.7799,10.1035
-1.7572,10.1607
-1.7269,10.1766
-1.7118,10.1846
-1.6955,10.2025
-1.6773,10.2354
-1.6617,10.2495
-1.6477,10.2517
-1.6254,10.2088
-1.4761,10.4847
-1.4629,10.4885
-1.4475,10.5172
-1.4353,10.5107
-1.4229,10.5047
-1.4079,10.5336

# FrameTime=1781596485.54, PointCount=481
4.6263,18.2168
4.6585,18.2599
4.6634,18.2866
4.6437,18.3220
4.6287,18.3366
4.6729,18.3883
4.7083,18.4350
4.7141,18.4632
4.6385,18.4391
4.5702,18.4434
4.5674,18.4659
4.5688,18.4911
4.5091,18.4759
4.4923,18.4889
4.4660,18.4955
4.4270,18.5175
4.4692,18.5708
4.5549,18.6546
4.4421,18.6012
4.4741,18.6483
4.4010,18.6218
4.3101,18.6065
4.3513,18.6605
4.3948,18.7167
4.2510,18.6373
4.2434,18.6563
4.1753,18.6308
4.4071,18.8269
4.2080,18.7041
4.2281,18.7440
4.1723,18.7268
4.0951,18.6930
4.0713,18.6994
4.0713,18.7241
4.0845,18.7839
4.1259,18.8413
4.0995,18.8457
4.0363,18.8210
4.0030,18.8195
3.9557,18.8066
3.9668,18.8405
3.9693,18.8930
3.9993,18.9431
3.9405,18.9201
4.2442,19.1985
3.8886,18.9277
3.8608,18.9297
3.9117,19.0243
3.8853,19.0276
3.9404,19.1012
3.8746,19.0704
3.7752,19.0097
3.7249,18.9913
3.7704,19.0573
3.6845,19.0069
3.6903,19.0378
3.6737,19.0488
3.6645,19.0665
3.6589,19.0874
3.6406,19.0968
3.6423,19.1245
3.5978,19.1096
3.5920,19.1305
3.5898,19.1548
3.7253,19.3095
3.5943,19.2123
3.4995,19.1484
3.4359,19.1137
3.4240,19.1547
3.3965,19.1542
3.3762,19.1607
3.3523,19.1635
3.3249,19.1627
3.3082,19.1724
3.3061,19.2236
3.3206,19.2653
3.3314,19.3036
3.2692,19.2666
3.2141,19.2365
3.2075,19.2566
3.2680,19.3474
3.2079,19.3113
3.2454,19.3788
3.3254,19.4925
3.2194,19.4068
3.1512,19.3608
3.1171,19.3514
3.0865,19.3455
3.2084,19.5080
3.0622,19.3742
3.0650,19.4053
3.0577,19.4252
3.0287,19.4208
3.0114,19.4294
2.9777,19.4191
2.9431,19.4358
2.8901,19.4024
2.8955,19.4371
2.8847,19.4529
2.8802,19.4763
2.8756,19.4996
2.8248,19.4964
2.7884,19.4811
2.7932,19.5160
2.7883,19.5392
2.7865,19.5664
2.7767,19.5839
2.7414,19.5991
2.7223,19.6047
2.6985,19.6043
2.6839,19.6157
2.6449,19.5954
2.6273,19.6026
2.7233,19.7588
2.6163,19.6487
2.6376,19.7077
2.6362,19.7369
2.6063,19.7280
2.5557,19.6908
2.5616,19.7299
2.5231,19.7085
2.4846,19.7180
2.4741,19.7348
2.4591,19.7455
2.4384,19.7480
2.4291,19.7667
2.4526,19.8325
2.3810,19.7941
2.3659,19.8045
2.3535,19.8190
2.3271,19.8127
2.3147,19.8271
2.2967,19.8332
2.3132,19.8911
2.2634,19.8492
2.2454,19.8551
2.2192,19.8483
2.2066,19.8624
2.1913,19.8723
2.1813,19.8905
2.1992,19.9530
2.1584,19.9228
2.1561,19.9537
2.1405,19.9634
2.1406,19.9986
2.1365,20.0274
2.1181,20.0328
2.0997,20.0381
2.0800,20.0413
2.0692,20.0593
2.0418,20.0494
2.0221,20.0524
1.9937,20.0401
1.9678,20.0321
1.9681,20.0693
1.9633,20.0980
1.8991,20.0223
1.9128,20.0835
1.8870,20.0751
1.8516,20.0490
1.8876,20.1520
1.8714,20.1609
1.8295,20.1610
1.7943,20.1345
1.7805,20.1476
1.7527,20.1341
1.7551,20.1780
1.7434,20.1953
1.7971,20.3392
1.7107,20.2122
1.6966,20.2251
1.6667,20.2067
1.6481,20.2105
1.6116,20.1784
1.6263,20.2492
1.6362,20.3111
1.5942,20.3094
1.5732,20.3084
1.5415,20.2848
1.5185,20.2792
1.5252,20.3367
1.5179,20.3649
1.4790,20.3691
1.4632,20.3790
1.4412,20.3753
1.4325,20.4011
1.4115,20.3995
1.3925,20.4024
1.3625,20.4264
1.3445,20.4314
1.3304,20.4456
1.3172,20.4621
1.3020,20.4739
1.2868,20.4856
1.2838,20.5274
1.2542,20.5044
1.2388,20.5161
1.2215,20.5230
1.2042,20.5299
1.1869,20.5368
1.1713,20.5483
1.1711,20.5994
1.1401,20.5711
1.1138,20.5544
1.1034,20.5797
1.1148,20.6636
1.0667,20.5881
1.0509,20.5992
1.0231,20.5774
0.9647,20.5242
0.9374,20.5021
0.9284,20.5317
0.9715,20.7123
0.9390,20.6760
0.9341,20.7198
0.9109,20.7698
0.9015,20.8021
0.8710,20.7700
0.8214,20.6783
0.8188,20.7315
0.8099,20.7658
0.8569,20.9792
0.8048,20.8773
0.7762,20.8495
0.7507,20.8312
0.6980,20.7219
0.6787,20.7225
0.6720,20.7661
0.6762,20.8481
0.6704,20.9670
0.6335,20.9070
0.6104,20.8955
0.5986,20.9247
0.5918,20.9732
0.5672,20.9562
0.5325,20.9757
0.5258,21.0268
0.5186,21.0773
0.4947,21.0627
0.4602,21.0044
0.4450,21.0236
0.3934,20.9744
0.3667,20.9448
0.3759,21.0687
0.3407,21.0021
0.3231,21.0113
0.3054,21.0204
0.3016,21.0928
0.2735,21.1479
0.2548,21.1540
0.2305,21.1335
0.2134,21.1472
0.1932,21.1462
0.1730,21.1452
0.1356,21.1575
0.1146,21.1514
0.0981,21.1697
0.0726,21.1388
0.0552,21.1521
0.0438,21.1998
0.0701,21.4672
0.0185,21.2853
0.0202,21.4166
-0.0097,21.3589
-0.0415,21.2881
-0.0716,21.2241
-0.0941,21.2074
-0.0898,21.3665
-0.1321,21.2182
-0.1486,21.2408
-0.1632,21.2782
-0.1827,21.2810
-0.1911,21.3659
-0.2110,21.3686
-0.2321,21.3613
-0.2674,21.4010
-0.2874,21.4035
-0.3089,21.3929
-0.3288,21.3952
-0.3443,21.4371
-0.3643,21.4393
-0.3751,21.5291
-0.4181,21.5102
-0.4436,21.4575
-0.4607,21.4925
-0.4816,21.4861
-0.4985,21.5260
-0.5146,21.5776
-0.5430,21.4814
-0.5617,21.5029
-0.5763,21.5792
-0.5938,21.6205
-0.6183,21.5672
-0.6400,21.5487
-0.6620,21.5251
-0.7018,21.5425
-0.7221,21.5436
-0.7422,21.5497
-0.7626,21.5507
-0.7832,21.5467
-0.8034,21.5526
-0.8435,21.5741
-0.8629,21.6048
-0.8803,21.7102
-0.9012,21.7108
-0.9218,21.7214
-0.9410,21.8003
-0.9617,21.8257
-0.9841,21.7476
-1.0051,21.7479
-1.0261,21.7481
-1.0467,21.8017
-1.0679,21.8018
-1.0890,21.8069
-1.1101,21.7683
-1.1521,21.7681
-1.1740,21.8428
-1.1952,21.8375
-1.2168,21.8571
-1.2386,21.8767
-1.2602,21.8862
-1.3031,21.8901
-1.3248,21.8994
-1.3464,21.9036
-1.3687,21.9228
-1.3906,21.9319
-1.4128,21.9459
-1.4567,21.9588
-1.4785,21.9627
-1.5007,21.9715
-1.5233,21.9852
-1.5487,22.0436
-1.5738,22.0910
-1.5965,22.0995
-1.6417,22.1123
-1.6726,22.2242
-1.6827,22.0691
-1.7067,22.0921
-1.7334,22.1450
-1.7610,22.2027
-1.8070,22.2125
-1.8284,22.2004
-1.8543,22.2330
-1.8857,22.3159
-1.9073,22.3036
-1.9288,22.2912
-1.9734,22.2811
-1.9954,22.2734
-2.0222,22.3054
-2.0480,22.3273
-2.0739,22.3492
-2.1000,22.3709
-2.1261,22.3920
-2.1511,22.4043
-2.1747,22.4054
-2.2012,22.4269
-2.2279,22.4483
-2.2554,22.4745
-2.2772,22.4616
-2.2995,22.4531
-2.3473,22.4555
-2.3720,22.4616
-2.3976,22.4725
-2.4225,22.4784
-2.4482,22.4891
-2.4749,22.5047
-2.5241,22.5109
-2.5511,22.5262
-2.5763,22.5316
-2.5996,22.5271
-2.6219,22.5177
-2.6521,22.5473
-2.7222,22.7725
-2.7200,22.6405
-2.7334,22.5867
-2.8109,22.8358
-2.7993,22.6646
-2.8391,22.7326
-2.8576,22.7029
-2.9111,22.8292
-2.9064,22.6971
-2.9370,22.7208
-2.9825,22.8076
-3.0252,22.8796
-3.0613,22.9225
-3.0798,22.8921
-3.1042,22.8861
-3.1567,22.8884
-3.2047,22.9740
-3.2369,22.9966
-3.2821,23.0678
-3.3005,23.0371
-3.3319,23.0545
-3.3642,22.9780
-3.3970,23.0000
-3.4842,23.2140
-3.5304,23.2795
-3.5671,23.3106
-3.6264,23.4183
-3.6822,23.5113
-3.6595,23.3398
-3.6737,23.2938
-3.7007,23.2908
-3.7160,23.2496
-3.7653,23.3179
-3.8180,23.3956
-3.8303,23.3445
-3.8926,23.3612
-3.9028,23.3053
-3.9615,23.3963
-3.9953,23.4114
-4.0373,23.4499
-4.0686,23.4563
-4.1335,23.4749
-4.1663,23.4846
-4.2193,23.5506
-4.2985,23.6883
-4.3298,23.6913
-4.3618,23.6956
-4.4116,23.7482
-4.4726,23.7468
-4.4848,23.6977
-4.4919,23.6362
-4.5258,23.6446
-4.5633,23.6621
-4.6674,23.8486
-4.7442,23.8827
-4.7940,23.9273
-4.8442,23.9717
-4.9051,23.9629
-4.9976,23.9512
-4.6040,5.4488
-4.4925,5.5779
-4.4650,5.5678
-4.4152,5.6188
-4.3267,5.6931
-4.2095,5.9380
-4.1103,6.1363
-4.0566,6.2075
-3.9302,6.4918
-2.4950,8.8903
-2.4476,9.0125
-2.4134,9.0814
-2.3863,9.1212
-2.3307,9.2110
-2.2957,9.2902
-2.2613,9.3696
-2.2295,9.4393
-2.2032,9.4848
-2.1773,9.5304
-2.1400,9.5533
-2.1176,9.5845
-2.0944,9.6206
-2.0733,9.6471
-2.0515,9.6785
-2.0216,9.7542
-1.9784,9.8224
-1.9471,9.9132
-1.9257,9.9500
-1.9037,9.9918
-1.8828,10.0288
-1.8703,10.0166
-1.8442,9.9972
-1.8238,10.0344
-1.8086,10.0387
-1.7851,10.0992
-1.7625,10.1565
-1.7452,10.1792
-1.7157,10.1902
-1.7007,10.1982
-1.6825,10.2311
-1.6688,10.2304
-1.6528,10.2475
-1.6435,10.2111
-1.4807,10.4854
-1.4653,10.5135
-1.4521,10.5179
-1.4398,10.5114
-1.4275,10.5053
-1.4121,10.5393
-1.4023,10.4984

# FrameTime=1781596485.64, PointCount=470
4.6253,18.2187
4.6575,18.2618
4.6667,18.2912
4.6427,18.3240
4.6278,18.3385
4.6719,18.3903
4.7116,18.4396
4.7131,18.4651
4.6417,18.4438
4.5734,18.4481
4.5623,18.4651
4.5637,18.4903
4.5082,18.4778
4.4871,18.4880
4.4692,18.5002
4.4177,18.5138
4.4805,18.5812
4.5498,18.6537
4.4575,18.6145
4.4813,18.6559
4.3960,18.6208
4.3132,18.6113
4.3463,18.6595
4.4141,18.7332
4.2541,18.6422
4.2424,18.6582
4.1744,18.6327
4.2069,18.6812
4.2016,18.7267
4.1713,18.7287
4.0941,18.6949
4.0743,18.7044
4.0624,18.7199
4.0917,18.7672
4.1289,18.8463
4.1025,18.8508
4.0354,18.8229
3.9981,18.8183
3.9547,18.8085
3.9620,18.8393
3.9645,18.8917
3.9984,18.9450
3.9396,18.9220
4.2471,19.2036
3.8877,18.9296
3.8598,18.9316
3.9083,18.9982
4.2427,19.3095
3.8881,19.0327
3.9357,19.0999
3.8623,19.0625
3.7780,19.0149
3.7277,18.9966
3.6962,18.9944
3.6931,19.0431
3.6653,19.0441
3.6414,19.0483
3.6506,19.0826
3.6470,19.1055
3.6135,19.1008
3.5837,19.1256
3.5852,19.1533
3.7120,19.2997
3.5933,19.2142
3.5510,19.2006
3.4422,19.1225
3.4195,19.1531
3.4027,19.1631
3.3681,19.1556
3.3549,19.1689
3.3240,19.1646
3.3107,19.1778
3.3051,19.2255
3.3161,19.2637
3.3304,19.3055
3.2682,19.2685
3.2166,19.2420
3.2066,19.2585
3.2171,19.2967
3.2444,19.3808
3.3278,19.4981
3.2184,19.4087
3.1503,19.3628
3.1162,19.3533
3.0889,19.3512
3.0579,19.3724
3.0674,19.4110
3.0484,19.4178
3.0278,19.4227
3.0137,19.4350
3.0227,19.4737
2.9454,19.4415
2.8891,19.4043
2.8946,19.4391
2.8740,19.4434
2.8728,19.4705
2.8779,19.5054
2.9547,19.6269
2.8271,19.5022
2.7906,19.4869
2.7954,19.5218
2.7905,19.5450
2.7886,19.5722
2.7726,19.5819
2.7550,19.5895
2.7482,19.6109
2.7244,19.6106
2.6975,19.6063
2.6799,19.6137
2.6439,19.5973
2.6264,19.6045
2.6269,19.6355
2.6336,19.7056
2.6352,19.7388
2.6054,19.7299
2.5578,19.6967
2.5577,19.7278
2.5280,19.7185
2.4851,19.7220
2.4760,19.7408
2.4553,19.7434
2.4345,19.7458
2.4281,19.7686
2.4517,19.8345
2.3772,19.7919
2.3649,19.8064
2.3582,19.8291
2.3234,19.8105
2.3138,19.8290
2.2930,19.8309
2.2778,19.8411
2.2445,19.8570
2.2237,19.8586
2.2057,19.8643
2.1930,19.8784
2.1803,19.8925
2.1676,19.9065
2.1578,19.9598
2.1422,19.9696
2.1422,20.0047
2.1356,20.0293
2.1120,20.0262
2.0923,20.0294
2.0593,20.0462
2.0358,20.0427
2.0262,20.0629
1.9952,20.0463
1.9668,20.0340
1.9671,20.0712
1.9031,20.0330
1.9093,20.0811
1.8860,20.0770
1.8555,20.0597
1.8879,20.1561
1.8705,20.1628
1.9892,20.4198
1.8285,20.1629
1.7934,20.1364
1.7796,20.1495
1.7517,20.1360
1.7541,20.1799
1.7378,20.1884
1.7261,20.2057
1.6956,20.2270
1.6657,20.2086
1.6516,20.2213
1.6084,20.1759
1.6209,20.2422
1.6331,20.3085
1.5954,20.3158
1.5765,20.3193
1.5384,20.2822
1.5175,20.2811
1.5200,20.3296
1.5169,20.3668
1.4801,20.3756
1.4643,20.3855
1.4402,20.3772
1.4315,20.4030
1.4105,20.4015
1.3915,20.4044
1.4215,20.5195
1.3616,20.4283
1.3445,20.4357
1.3294,20.4476
1.3143,20.4594
1.3010,20.4758
1.2896,20.4968
1.2762,20.5131
1.2528,20.5550
1.2243,20.5342
1.2051,20.5365
1.1859,20.5387
1.1704,20.5502
1.1602,20.5756
1.1110,20.5517
1.1007,20.5769
1.1103,20.6561
1.0692,20.5993
1.0517,20.6058
1.0239,20.5840
1.0326,20.6633
0.9637,20.5261
0.9381,20.5087
0.9192,20.5100
0.9673,20.7048
0.9365,20.6731
0.9331,20.7218
0.9248,20.7562
0.9021,20.8087
0.8746,20.7862
0.8204,20.6802
0.8194,20.7382
0.8089,20.7677
0.8192,20.8640
0.7738,20.8467
0.7468,20.8236
0.6985,20.7286
0.6763,20.7196
0.6696,20.7632
0.6628,20.8068
0.6867,20.9588
0.6782,20.9998
0.6325,20.9089
0.6108,20.9023
0.5963,20.9218
0.5882,20.9655
0.5676,20.9629
0.5573,20.9996
0.5303,20.9728
0.5273,21.0384
0.5159,21.0723
0.4938,21.0646
0.4652,21.0306
0.4440,21.0255
0.4135,20.9816
0.3669,20.9516
0.3596,21.0046
0.3420,21.0138
0.3210,21.0083
0.3077,21.0369
0.2996,21.0899
0.2726,21.1498
0.2538,21.1559
0.2295,21.1354
0.2124,21.1492
0.1922,21.1482
0.1730,21.1520
0.1649,21.2126
0.1347,21.1595
0.1145,21.1582
0.0971,21.1716
0.0725,21.1457
0.0533,21.1491
0.0419,21.1968
0.0345,21.2691
0.0176,21.4087
-0.0091,21.3707
-0.0424,21.2900
-0.0718,21.2310
-0.0951,21.2093
-0.1152,21.2074
-0.1496,21.2428
-0.1662,21.2653
-0.1837,21.2829
-0.1921,21.3678
-0.2126,21.3655
-0.2324,21.3682
-0.2491,21.3955
-0.2890,21.4004
-0.3104,21.3898
-0.3298,21.3971
-0.3447,21.4440
-0.3675,21.4214
-0.3756,21.5360
-0.4190,21.5121
-0.4436,21.4694
-0.4612,21.4994
-0.4832,21.4813
-0.5041,21.4749
-0.5238,21.4817
-0.5634,21.4949
-0.5780,21.5711
-0.5948,21.6225
-0.6203,21.5542
-0.6403,21.5606
-0.6636,21.5170
-0.6821,21.5482
-0.7231,21.5455
-0.7432,21.5516
-0.7636,21.5526
-0.7840,21.5536
-0.8044,21.5545
-0.8242,21.5703
-0.8639,21.6067
-0.8814,21.7072
-0.9020,21.7178
-0.9228,21.7233
-0.9421,21.7972
-0.9639,21.7591
-1.0061,21.7498
-1.0270,21.7500
-1.0477,21.8036
-1.0688,21.8037
-1.0900,21.8088
-1.0934,15.1384
-1.1326,21.8587
-1.1531,21.7700
-1.1748,21.8297
-1.1962,21.8394
-1.2178,21.8591
-1.2395,21.8786
-1.2619,21.9231
-1.2863,22.0312
-1.3046,21.9119
-1.1048,15.1382
-1.3467,21.8856
-1.3690,21.9097
-1.3913,21.9288
-1.4135,21.9429
-1.4358,21.9568
-1.4790,21.9546
-1.5023,21.9834
-1.5242,21.9871
-1.5506,22.0605
-1.5748,22.0940
-1.5971,22.0964
-1.6306,22.2544
-1.6423,22.1092
-1.6748,22.2411
-1.6840,22.0760
-1.7072,22.0891
-1.7335,22.1369
-1.7610,22.1947
-1.7856,22.2166
-1.8114,22.2502
-1.8298,22.2073
-1.8547,22.2299
-1.8876,22.3270
-1.9088,22.3105
-1.9309,22.3030
-1.9524,22.2906
-1.9964,22.2754
-2.0214,22.2924
-2.0496,22.3342
-2.0749,22.3511
-2.0977,22.3481
-2.1271,22.3939
-2.1757,22.4074
-2.2022,22.4288
-2.2296,22.4551
-2.2564,22.4764
-2.2796,22.4734
-2.2981,22.4402
-2.3498,22.4673
-2.3705,22.4487
-2.3986,22.4744
-2.4234,22.4803
-2.4500,22.4959
-2.4759,22.5066
-2.5018,22.5171
-2.5520,22.5282
-2.5782,22.5385
-2.6005,22.5291
-2.6219,22.5147
-2.6521,22.5444
-2.7043,22.6815
-2.7303,22.5691
-2.8129,22.8426
-2.8014,22.6714
-2.8368,22.7199
-2.8586,22.7049
-2.8835,22.7044
-2.9368,22.7178
-2.9732,22.7657
-3.0169,22.8426
-3.0611,22.9195
-3.0820,22.8988
-3.1028,22.8783
-3.1977,23.1536
-3.1564,22.8854
-3.2019,22.9614
-3.2378,22.9985
-3.2804,23.0597
-3.3028,23.0438
-3.3329,23.0565
-3.3418,22.9915
-3.3966,22.9971
-3.4990,23.2647
-3.5314,23.2815
-3.5680,23.3125
-3.6260,23.4154
-3.6233,23.3111
-3.6836,23.4192
-3.6775,23.3053
-3.6973,23.2784
-3.7184,23.2563
-3.7558,23.2865
-3.8145,23.3832
-3.8312,23.3465
-3.9355,23.5818
-3.9006,23.2977
-3.9624,23.3983
-3.9899,23.3943
-4.0287,23.4234
-4.0680,23.4535
-4.1067,23.4812
-4.1623,23.4724
-4.2336,23.5901
-4.2944,23.6761
-4.3291,23.6885
-4.3627,23.6975
-4.4016,23.7204
-4.4718,23.7440
-4.4733,23.6669
-4.4929,23.6381
-4.5249,23.6418
-4.5643,23.6641
-4.6666,23.8459
-4.7196,23.9002
-4.7950,23.9292
-4.8414,23.9644
-4.9023,23.9556
-4.5057,5.5470
-4.4677,5.5650
-4.4230,5.6019
-4.3277,5.6951
-4.2088,5.9446
-4.1080,6.1476
-4.0510,6.2284
-3.9312,6.4937
-2.4382,9.0581
-2.4109,9.0979
-2.3816,9.1475
-2.3284,9.2275
-2.2956,9.2970
-2.2602,9.3812
-2.2325,9.4315
-2.2042,9.4867
-2.1792,9.5274
-2.1409,9.5552
-2.1185,9.5864
-2.0953,9.6225
-2.0752,9.6441
-2.0534,9.6755
-2.0208,9.7659
-1.9749,9.8489
-1.9454,9.9298
-1.9232,9.9716
-1.9013,10.0134
-1.8838,10.0307
-1.8704,10.0234
-1.8433,10.0106
-1.8232,10.0462
-1.8046,10.0737
-1.7832,10.1209
-1.7613,10.1732
-1.7447,10.1910
-1.7160,10.1971
-1.6996,10.2150
-1.6841,10.2281
-1.6666,10.2570
-1.6544,10.2444
-1.4821,10.4823
-1.4688,10.4861
-1.4531,10.5198
-1.4408,10.5133
-1.4284,10.5073
-1.4134,10.5362
-1.4040,10.4904

# FrameTime=1781596485.74, PointCount=472
4.6300,18.2231
4.6452,18.2558
4.6629,18.2903
4.6538,18.3085
4.6239,18.3376
4.6554,18.3814
4.7078,18.4388
4.7135,18.4669
4.6505,18.4510
4.5849,18.4329
4.5627,18.4668
4.5641,18.4921
4.5279,18.4924
4.4876,18.4898
4.4846,18.5121
4.4087,18.4850
4.4810,18.5830
4.5434,18.6507
4.4866,18.6363
4.4504,18.6358
4.3923,18.6197
4.3252,18.5968
4.3426,18.6584
4.4226,18.7409
4.2666,18.6528
4.2549,18.6688
4.1788,18.6375
4.1953,18.6741
4.2115,18.7108
4.1718,18.7305
4.1025,18.7028
4.0787,18.7092
4.0589,18.7186
4.1000,18.7751
4.1376,18.8293
4.1170,18.8637
4.0734,18.8545
4.0024,18.8232
3.9512,18.8071
3.9663,18.8442
3.9695,18.8720
3.9872,18.9372
3.9438,18.9269
4.2590,19.2150
3.8957,18.9378
3.8679,18.9399
3.8820,18.9774
3.8809,19.0280
3.9323,19.0984
3.8741,19.0742
3.7897,19.0266
3.7281,18.9983
3.6967,18.9962
3.7383,19.0590
3.6860,19.0382
3.6769,19.0559
3.6418,19.0500
3.6363,19.0709
3.6474,19.1073
3.6103,19.0992
3.5899,19.1065
3.5783,19.1482
3.7124,19.3015
3.6155,19.2367
3.5170,19.1694
3.4498,19.1312
3.4295,19.1379
3.4067,19.1684
3.3792,19.1679
3.3553,19.1707
3.3279,19.1699
3.3076,19.1761
3.3189,19.2141
3.3131,19.2619
3.3239,19.3002
3.2651,19.2667
3.2170,19.2438
3.2070,19.2603
3.2141,19.2949
3.4252,19.5460
3.2278,19.3643
3.3093,19.4795
3.2392,19.4325
3.1507,19.3645
3.1166,19.3551
3.0893,19.3529
3.0722,19.3618
3.0578,19.4016
3.0521,19.4233
3.0249,19.4207
3.0076,19.4293
2.9870,19.4341
2.9533,19.4236
2.8960,19.4137
2.8950,19.4409
2.8841,19.4566
2.8732,19.4723
2.8783,19.5072
2.8417,19.4922
2.7910,19.4887
2.7926,19.5197
2.7846,19.5391
2.7828,19.5662
2.7761,19.5876
2.7585,19.5952
2.7186,19.6045
2.7041,19.6159
2.6834,19.6194
2.6505,19.6070
2.6268,19.6063
2.6304,19.6413
2.6519,19.7002
2.6357,19.7406
2.6058,19.7317
2.5522,19.6905
2.5522,19.7215
2.5285,19.7203
2.4989,19.7109
2.4735,19.7385
2.4557,19.7452
2.4378,19.7517
2.4228,19.7623
2.4550,19.8404
2.3984,19.7915
2.3625,19.8041
2.3558,19.8268
2.3238,19.8123
2.3142,19.8308
2.2962,19.8369
2.2782,19.8428
2.3055,19.9176
2.2449,19.8588
2.2241,19.8604
2.2061,19.8661
2.1854,19.8676
2.1861,19.9027
2.1733,19.9167
2.1937,19.9835
2.1635,19.9701
2.1294,19.9501
2.1086,19.9513
2.1360,20.0311
2.1150,20.0322
2.0953,20.0354
2.0884,20.0599
2.0533,20.0373
2.0285,20.0316
2.0051,20.0280
1.9956,20.0481
1.9672,20.0358
1.9601,20.0600
1.9243,20.0344
1.8975,20.0611
1.8840,20.0744
1.8535,20.0571
1.8859,20.1535
1.8733,20.1690
1.8547,20.1735
1.8538,20.2108
1.8127,20.1734
1.7917,20.1733
1.7568,20.1466
1.7499,20.1728
1.7383,20.1902
1.7265,20.2075
1.8072,20.4049
1.6961,20.2288
1.6616,20.2015
1.6520,20.2231
1.6111,20.1822
1.6214,20.2439
1.6313,20.3058
1.6190,20.3230
1.5791,20.3256
1.5409,20.2885
1.5179,20.2829
1.5204,20.3314
1.5153,20.3641
1.4974,20.3696
1.4647,20.3873
1.4447,20.3881
1.4299,20.4003
1.4109,20.4032
1.3920,20.4062
1.3770,20.4182
1.3630,20.4324
1.3450,20.4375
1.3299,20.4493
1.3147,20.4612
1.3015,20.4776
1.2900,20.4986
1.2766,20.5149
1.2706,20.5497
1.2210,20.5267
1.2037,20.5337
1.1735,20.5080
1.1653,20.5380
1.1624,20.5820
1.1270,20.5421
1.0993,20.5740
1.1143,20.6673
1.0679,20.5964
1.0572,20.6217
1.0277,20.5952
0.9814,20.5217
0.9402,20.5152
0.9196,20.5118
0.9595,20.6830
0.9320,20.6608
0.9223,20.6905
0.9268,20.7627
0.9191,20.7998
0.9282,20.8885
0.8751,20.7880
0.8209,20.6820
0.8183,20.7353
0.8094,20.7695
0.8182,20.8610
0.8539,21.0412
0.7713,20.8389
0.7487,20.8301
0.6975,20.7256
0.6767,20.7214
0.6701,20.7650
0.6632,20.8086
0.6843,20.9510
0.6302,20.9011
0.6098,20.8992
0.5993,20.9332
0.5886,20.9672
0.5706,20.9744
0.5468,20.9600
0.5245,21.0278
0.5101,21.0499
0.4966,21.0761
0.4656,21.0324
0.4409,21.0128
0.4139,20.9834
0.3859,20.9490
0.3601,21.0064
0.3435,21.0205
0.3236,21.0199
0.3081,21.0387
0.2989,21.0868
0.2911,21.1426
0.2548,21.1605
0.2269,21.1226
0.2118,21.1461
0.1927,21.1499
0.1735,21.1538
0.1533,21.1526
0.1149,21.1600
0.0976,21.1734
0.0729,21.1475
0.0511,21.1362
0.0424,21.1986
0.0341,21.2659
0.0156,21.3957
-0.0151,21.3330
-0.0412,21.2968
-0.0714,21.2328
-0.0946,21.2111
-0.1148,21.2092
-0.1304,21.2367
-0.1658,21.2671
-0.1853,21.2699
-0.1917,21.3696
-0.2122,21.3673
-0.2314,21.3749
-0.2493,21.3923
-0.2879,21.4072
-0.3100,21.3916
-0.3293,21.3989
-0.3437,21.4508
-0.3687,21.4083
-0.3757,21.5329
-0.3950,21.5449
-0.4166,21.5338
-0.4442,21.4612
-0.4607,21.5011
-0.4828,21.4831
-0.5041,21.4718
-0.5255,21.4586
-0.5332,21.6129
-0.5638,21.4867
-0.5779,21.5680
-0.5944,21.6242
-0.6205,21.5460
-0.6412,21.5424
-0.6632,21.5188
-0.6816,21.5500
-0.7227,21.5473
-0.7428,21.5534
-0.7632,21.5544
-0.7835,21.5554
-0.8039,21.5563
-0.8239,21.5671
-0.8640,21.5935
-0.8813,21.6990
-0.9016,21.7195
-0.9226,21.7151
-0.9417,21.7990
-0.9636,21.7559
-1.0057,21.7466
-1.0266,21.7568
-1.0472,21.8119
-1.0684,21.8055
-1.0895,21.8206
-1.1106,21.7621
-1.1317,21.7770
-1.1742,21.8165
-1.1957,21.8362
-1.2173,21.8558
-1.2388,21.8654
-1.2615,21.9249
-1.2826,21.9093
-1.3255,21.9081
-1.3463,21.8874
-1.3686,21.9115
-1.3909,21.9306
-1.4131,21.9447
-1.4356,21.9636
-1.4617,22.0512
-1.4783,21.9514
-1.5030,22.0051
-1.5238,21.9889
-1.5486,22.0374
-1.5734,22.0808
-1.5963,22.0932
-1.6191,22.1027
-1.6702,22.1890
-1.6836,22.0777
-1.7064,22.0859
-1.7336,22.1437
-1.7602,22.1915
-1.7852,22.2184
-1.8294,22.2091
-1.8528,22.2168
-1.8840,22.2990
-1.9078,22.3073
-1.9304,22.3048
-1.9514,22.2874
-1.9826,22.3585
-1.9954,22.2722
-2.0209,22.2942
-2.0479,22.3261
-2.0745,22.3529
-2.0999,22.3697
-2.1267,22.3963
-2.1523,22.4124
-2.1788,22.4345
-2.2018,22.4306
-2.2284,22.4520
-2.2560,22.4782
-2.2792,22.4752
-2.2985,22.4469
-2.3255,22.4679
-2.3709,22.4554
-2.3973,22.4713
-2.4230,22.4821
-2.4488,22.4928
-2.4746,22.5034
-2.5014,22.5189
-2.5507,22.5250
-2.5768,22.5353
-2.6001,22.5309
-2.6225,22.5214
-2.6516,22.5461
-2.6979,22.6540
-2.7549,22.8105
-2.7288,22.5660
-2.8115,22.8395
-2.8020,22.6781
-2.8364,22.7217
-2.8581,22.7066
-2.8831,22.7062
-2.9392,22.8420
-2.9364,22.7196
-2.9728,22.7675
-3.0153,22.8396
-3.0607,22.9213
-3.0839,22.9103
-3.1024,22.8801
-3.1304,22.8885
-3.2040,22.9729
-3.2374,23.0003
-3.2799,23.0615
-3.3037,23.0504
-3.3298,23.0486
-3.3414,22.9933
-3.3948,22.9940
-3.4985,23.2665
-3.5351,23.2977
-3.5662,23.3095
-3.6228,23.4076
-3.6243,23.3177
-3.6486,23.3053
-3.6984,23.2850
-3.7180,23.2580
-3.7524,23.2787
-3.8110,23.3755
-3.8323,23.3530
-3.9366,23.5883
-3.9770,23.5331
-3.9604,23.3953
-3.9927,23.4056
-4.0218,23.4063
-4.0659,23.4506
-4.1079,23.4877
-4.1635,23.4789
-4.2332,23.5919
-4.2956,23.6826
-4.3287,23.6903
-4.3623,23.6993
-4.4047,23.7316
-4.4426,23.7512
-4.4711,23.6641
-4.4907,23.6352
-4.5245,23.6436
-4.5657,23.6705
-4.6680,23.8523
-4.7174,23.8973
-4.7927,23.9264
-4.8391,23.9615
-4.9686,23.9620
-4.4759,5.5433
-4.4328,5.5755
-4.3697,5.6643
-4.2516,5.9087
-4.1500,6.1114
-4.0588,6.2065
-3.9762,6.3631
-3.8721,6.5864
-2.4828,8.9474
-2.4424,9.0405
-2.4094,9.1045
-2.3812,9.1493
-2.3478,9.2185
-2.3159,9.2829
-2.2672,9.3489
-2.2342,9.4235
-2.2089,9.4641
-2.1839,9.5047
-2.1591,9.5455
-2.1366,9.5766
-2.0987,9.6047
-2.0767,9.6360
-2.0557,9.6626
-2.0286,9.7235
-1.9946,9.8239
-1.9604,9.9293
-1.9228,9.9734
-1.8984,10.0300
-1.8793,10.0571
-1.8684,10.0351
-1.8550,10.0278
-1.8361,10.0551
-1.8004,10.1001
-1.7862,10.0994
-1.7587,10.1898
-1.7422,10.2076
-1.7285,10.2057
-1.7101,10.2384
-1.6830,10.2348
-1.6649,10.2687
-1.4808,10.4940
-1.4680,10.4929
-1.4535,10.5116
-1.4416,10.5001
-1.4292,10.4941
-1.4141,10.5230
-1.4011,10.5271

# FrameTime=1781596485.84, PointCount=481
4.6558,18.2394
4.6283,18.2462
4.6689,18.2947
4.6567,18.3110
4.6730,18.3450
4.6792,18.3729
4.7599,18.4479
4.6911,18.4289
4.7179,18.4704
4.6886,18.4761
4.5977,18.4418
4.5698,18.4479
4.5671,18.4704
4.5560,18.4874
4.4852,18.4889
4.4807,18.5101
4.4736,18.5296
4.5133,18.5811
4.4647,18.5725
4.5313,18.6430
4.3933,18.5966
4.4130,18.6349
4.3702,18.6294
4.3693,18.6534
4.4078,18.7058
4.3514,18.6901
4.2511,18.6667
4.1871,18.6442
4.1754,18.6600
4.2743,18.7582
4.1918,18.7215
4.1345,18.7030
4.0749,18.7070
4.0512,18.7133
4.1042,18.7789
4.1118,18.8098
4.1217,18.8427
4.0560,18.8163
4.0344,18.8242
3.9631,18.8173
3.9626,18.8419
3.9581,18.8634
3.9844,18.9101
3.9797,18.9317
4.0211,18.9915
3.9573,18.9900
3.8681,18.9407
3.8441,18.9458
3.9547,19.0657
3.9001,19.0451
3.9136,19.0829
3.8463,19.0767
3.7433,19.0123
3.7044,19.0037
3.7028,19.0280
3.6937,19.0457
3.6771,19.0567
3.7514,19.1501
3.6549,19.0886
3.6382,19.0994
3.6309,19.1189
3.5901,19.1073
3.5953,19.1384
3.6804,19.2448
3.6908,19.2817
3.7113,19.3284
3.5553,19.2066
3.4608,19.1424
3.4189,19.1283
3.4344,19.1697
3.3890,19.1518
3.3662,19.1821
3.3387,19.1813
3.3219,19.1911
3.3191,19.2149
3.3093,19.2317
3.3237,19.2734
3.2719,19.2473
3.2172,19.2446
3.2037,19.2575
3.1971,19.2776
3.2315,19.3413
3.2553,19.3943
3.3182,19.4897
3.1577,19.3727
3.1269,19.3670
3.1030,19.3685
3.0757,19.3663
3.0652,19.3825
3.0680,19.4136
3.0640,19.4372
3.0317,19.4290
3.0144,19.4376
2.9839,19.4311
2.9568,19.4282
2.9167,19.4101
2.8962,19.4145
2.9746,19.5349
2.8779,19.4498
2.8702,19.4693
2.8721,19.5003
2.8355,19.4853
2.8086,19.4817
2.7944,19.4934
2.7897,19.5166
2.7767,19.5593
2.7685,19.5786
2.7618,19.6000
2.7365,19.5978
2.7250,19.6132
2.6981,19.6089
2.7832,19.7485
2.6690,19.6315
2.6270,19.6071
2.6185,19.6262
2.6310,19.6731
2.6553,19.7361
2.6239,19.7254
2.5821,19.7004
2.6103,19.7696
2.5495,19.7183
2.5375,19.7333
2.5050,19.7198
2.4842,19.7225
2.4679,19.7312
2.4979,19.8050
2.4380,19.7525
2.4374,19.7835
2.4423,19.8227
2.4129,19.8128
2.3920,19.8151
2.3684,19.8131
2.3476,19.8152
2.3200,19.8399
2.3186,19.8709
2.2839,19.8520
2.2631,19.8537
2.2396,19.8512
2.2189,19.8528
2.1883,19.8726
2.1783,19.8909
2.1709,19.9133
2.1767,19.9569
2.1452,19.9412
2.1323,19.9552
2.1546,20.0265
2.0984,19.9702
2.1178,20.0373
2.1019,20.0469
2.0745,20.0372
2.0574,20.0445
2.0262,20.0281
2.0307,20.0719
2.0109,20.0748
1.9699,20.0409
1.9640,20.0674
1.9319,20.0482
1.8938,20.0182
1.9100,20.0837
1.8793,20.0665
1.8547,20.0974
1.8519,20.1304
1.8291,20.1655
1.7987,20.1478
1.8013,20.1917
1.8165,20.2600
1.7431,20.1604
1.7454,20.2043
1.7313,20.2172
1.7241,20.2434
1.6963,20.2296
1.6753,20.2290
1.7228,20.3646
1.6157,20.1919
1.5994,20.2000
1.6117,20.2663
1.6214,20.3283
1.5895,20.3049
1.5620,20.2904
1.6260,20.4676
1.5203,20.2882
1.5079,20.3050
1.5134,20.3603
1.5028,20.3818
1.4808,20.3782
1.4618,20.3813
1.4367,20.3707
1.4071,20.3949
1.3922,20.4070
1.3772,20.4190
1.3622,20.4309
1.3471,20.4429
1.3320,20.4547
1.2997,20.4738
1.2864,20.4902
1.2692,20.4973
1.2586,20.5205
1.2366,20.5160
1.2175,20.5183
1.1983,20.5205
1.1583,20.5202
1.1446,20.5363
1.1326,20.5569
1.1223,20.5822
1.1172,20.6216
1.0873,20.5954
1.0557,20.6178
1.0211,20.5773
0.9884,20.5413
0.9593,20.5146
0.9354,20.5019
0.9627,20.6352
0.9484,20.7088
0.9161,20.6723
0.9270,20.7635
0.9193,20.8006
0.9012,20.8066
0.8559,20.7292
0.8602,20.8042
0.8048,20.6933
0.8020,20.7465
0.7945,20.7855
0.7927,20.8436
0.7788,20.8636
0.7228,20.7449
0.7602,20.9348
0.6769,20.7222
0.6633,20.7419
0.6550,20.7807
0.6914,20.9758
0.6461,20.8871
0.6379,20.9286
0.6127,20.9097
0.5868,20.9605
0.5767,20.9972
0.5457,20.9560
0.5385,21.0044
0.5267,21.0362
0.5170,21.0770
0.4634,21.0235
0.4435,21.0233
0.4211,21.0133
0.3896,20.9644
0.3779,20.9980
0.3727,21.0607
0.3611,21.0971
0.3216,21.0109
0.3018,21.0103
0.2980,21.0827
0.2892,21.1336
0.2732,21.1524
0.2483,21.1292
0.2439,21.2045
0.2130,21.1518
0.1938,21.1556
0.1746,21.1595
0.1593,21.1828
0.1353,21.1621
0.1151,21.1608
0.0959,21.1644
0.0522,21.1419
0.0417,21.1945
0.0267,21.2225
0.0273,21.3439
0.0147,21.3898
-0.0206,21.2993
-0.0634,21.2829
-0.0944,21.2119
-0.1131,21.2198
-0.1317,21.2277
-0.1475,21.2552
-0.1656,21.2679
-0.1789,21.3152
-0.2120,21.3681
-0.2311,21.3757
-0.2523,21.3683
-0.2666,21.4155
-0.2877,21.4080
-0.3104,21.3875
-0.3485,21.4069
-0.3695,21.3992
-0.3781,21.5088
-0.3968,21.5258
-0.4204,21.4948
-0.4392,21.5117
-0.4826,21.4839
-0.5043,21.4676
-0.5266,21.4445
-0.5438,21.4810
-0.5608,21.5224
-0.5751,21.6036
-0.5918,21.6583
-0.6196,21.5568
-0.6374,21.5980
-0.6601,21.5645
-0.6808,21.5608
-0.7012,21.5620
-0.7216,21.5631
-0.7423,21.5592
-0.7831,21.5612
-0.8035,21.5621
-0.8237,21.5679
-0.8434,21.5886
-0.8618,21.6542
-0.8803,21.7247
-0.9227,21.7009
-0.9418,21.7848
-0.9634,21.7567
-0.9848,21.7321
-1.0054,21.7574
-1.0257,21.8325
-1.0471,21.7962
-1.0678,21.9226
-1.0893,21.8064
-1.1104,21.7629
-1.1315,21.7927
-1.1526,21.7826
-1.1743,21.8373
-1.1968,21.9256
-1.2173,21.8716
-1.2387,21.8712
-1.2608,21.9057
-1.2819,21.8902
-1.3036,21.8996
-1.3245,21.8839
-1.3468,21.9081
-1.3905,21.9264
-1.4131,21.9504
-1.4352,21.9594
-1.4573,21.9683
-1.4802,21.9921
-1.5008,21.9710
-1.5472,22.0182
-1.5712,22.0517
-1.5958,22.0890
-1.6186,22.0985
-1.6495,22.2164
-1.6649,22.1251
-1.6966,22.2419
-1.7041,22.0618
-1.7312,22.1196
-1.7577,22.1674
-1.7846,22.2151
-1.8073,22.2171
-1.8287,22.2049
-1.8592,22.2823
-1.9060,22.2932
-1.9308,22.3106
-1.9529,22.3031
-1.9714,22.2658
-1.9981,22.2978
-2.0238,22.3198
-2.0743,22.3537
-2.0957,22.3408
-2.1185,22.3378
-2.1507,22.4033
-2.1771,22.4248
-2.2037,22.4463
-2.2304,22.4676
-2.2603,22.5091
-2.2775,22.4661
-2.2929,22.4132
-2.3253,22.4687
-2.3468,22.4551
-2.3740,22.4760
-2.3988,22.4819
-2.4477,22.4887
-2.4735,22.4993
-2.5003,22.5148
-2.5263,22.5253
-2.5514,22.5308
-2.5766,22.5362
-2.6242,22.5320
-2.6446,22.5127
-2.6877,22.6058
-2.7224,22.6548
-2.7614,22.7232
-2.7843,22.7133
-2.8355,22.8351
-2.8330,22.7078
-2.8569,22.7026
-2.8785,22.6875
-2.9078,22.7065
-2.9440,22.7545
-2.9840,22.8169
-3.0360,22.9280
-3.0778,22.8869
-3.0986,22.8663
-3.1302,22.8894
-3.1668,22.9316
-3.2087,22.9930
-3.2473,23.0398
-3.3035,23.0512
-3.3257,23.0349
-3.3517,23.0326
-3.3672,22.9921
-3.4809,23.3034
-3.5092,23.3058
-3.5321,23.2889
-3.5894,23.3911
-3.6127,23.3748
-3.6440,23.3855
-3.6598,23.3443
-3.6697,23.2840
-3.7011,23.2953
-3.7771,23.4507
-3.7418,23.2462
-3.7943,23.3239
-3.8397,23.3776
-3.8686,23.3788
-3.8666,23.2850
-3.9234,23.3715
-3.9665,23.4151
-4.0104,23.3740
-4.0653,23.4503
-4.1016,23.4708
-4.1372,23.4888
-4.1965,23.5739
-4.2485,23.6364
-4.3285,23.6911
-4.3604,23.6954
-4.3820,23.6715
-4.4302,23.7193
-4.4530,23.6983
-4.4674,23.6555
-4.5715,23.8476
-4.5243,23.6444
-4.5600,23.6574
-4.5940,23.6655
-4.7172,23.8981
-4.7594,23.9243
-4.8094,23.9689
-4.5346,5.4699
-4.4497,5.5293
-4.3881,5.6133
-4.2850,5.8154
-4.1798,6.0273
-4.0974,6.1785
-4.0405,6.2593
-3.9138,6.4642
-2.4976,8.9621
-2.4617,9.0356
-2.4330,9.0802
-2.3888,9.1160
-2.3631,9.1511
-2.3255,9.2399
-2.2896,9.3240
-2.2553,9.4034
-2.2298,9.4438
-2.1877,9.4860
-2.1629,9.5268
-2.1403,9.5578
-2.1179,9.5890
-2.0957,9.6202
-2.0737,9.6516
-2.0671,9.6023
-2.0339,9.6949
-1.9971,9.8099
-1.9601,9.9301
-1.9387,9.9669
-1.9115,10.0381
-1.8923,10.0652
-1.8961,9.9563
-1.8649,10.0556
-1.8532,10.0385
-1.8312,10.0855
-1.8096,10.1327
-1.7859,10.1947
-1.7700,10.2075
-1.7677,10.1278
-1.7413,10.2134
-1.7249,10.2312
-1.7086,10.2491
-1.6937,10.2572
-1.6789,10.2653
-1.4806,10.4949
-1.4674,10.4983
-1.4541,10.5022
-1.4413,10.5015
-1.4274,10.5149
-1.4128,10.5388

# FrameTime=1781596485.95, PointCount=479
4.6296,18.2159
4.6789,18.2694
4.6710,18.2883
4.7172,18.3406
4.6513,18.3238
4.6279,18.3330
4.6763,18.3874
4.7160,18.4368
4.7175,18.4622
4.6419,18.4382
4.6491,18.4672
4.5694,18.4399
4.5709,18.4650
4.5556,18.4792
4.5084,18.4723
4.4916,18.4853
4.4653,18.4919
4.4387,18.5224
4.4768,18.5728
4.5544,18.6509
4.4374,18.5947
4.4653,18.6389
4.4005,18.6182
4.3177,18.6087
4.3508,18.6569
4.4024,18.7189
4.2546,18.6366
4.2429,18.6527
4.4189,18.8066
4.4148,18.8291
4.2196,18.7094
4.2317,18.7433
4.1759,18.7262
4.0986,18.6924
4.0789,18.7019
4.0710,18.7205
4.0842,18.7802
4.1257,18.8376
4.0992,18.8421
4.0400,18.8204
3.9988,18.8127
3.9593,18.8061
3.9666,18.8369
4.2467,19.0894
3.9691,18.8893
4.0031,18.9425
3.9520,18.9259
4.2443,19.1946
3.8924,18.9273
3.8607,18.9261
3.9193,19.0271
3.8928,19.0304
3.9443,19.1008
3.8709,19.0635
3.7752,19.0061
3.7324,18.9943
3.6883,19.0066
3.7015,19.0442
3.6701,19.0418
3.6720,19.0695
3.6701,19.0939
3.6481,19.0999
3.6090,19.1161
3.5906,19.1253
3.5973,19.1579
3.7097,19.2906
3.5909,19.2051
3.5033,19.1482
3.4434,19.1170
3.4279,19.1545
3.3968,19.1506
3.3800,19.1605
3.3597,19.1669
3.3288,19.1626
3.3120,19.1723
3.3135,19.2271
3.3280,19.2688
3.3319,19.2999
3.2696,19.2629
3.2215,19.2400
3.2045,19.2493
3.2118,19.3113
3.2494,19.3788
3.3192,19.4815
3.2200,19.4031
3.1552,19.3608
3.1245,19.3551
3.0905,19.3456
3.2091,19.5043
3.0662,19.3743
3.0690,19.4054
3.0534,19.4159
3.0327,19.4208
3.0187,19.4332
3.0425,19.4888
2.9906,19.4578
2.9537,19.4435
2.8973,19.4064
2.8996,19.4373
2.8919,19.4569
2.8810,19.4726
2.8637,19.4807
2.8225,19.4889
2.7893,19.4775
2.8004,19.5200
2.7924,19.5394
2.7906,19.5666
2.7777,19.5802
2.7394,19.5915
2.7264,19.6050
2.7026,19.6046
2.6880,19.6160
2.6490,19.5957
2.6315,19.6029
2.6234,19.6530
2.6418,19.7080
2.6404,19.7372
2.6105,19.7283
2.5629,19.6952
2.5658,19.7303
2.5303,19.7130
2.5227,19.7339
2.4917,19.7224
2.4783,19.7352
2.4604,19.7419
2.4570,19.7688
2.4477,19.7876
2.4497,19.8227
2.4023,19.8192
2.3786,19.8173
2.3578,19.8194
2.3398,19.8256
2.3218,19.8318
2.3038,19.8378
2.2677,19.8497
2.2470,19.8514
2.2235,19.8489
2.2082,19.8588
2.1956,19.8729
2.1856,19.8911
2.1600,19.9191
2.1604,19.9543
2.1475,19.9682
2.1476,20.0034
2.1409,20.0280
2.1225,20.0334
2.0818,20.0376
2.0711,20.0557
2.0488,20.0544
2.0291,20.0573
1.9980,20.0408
1.9722,20.0328
1.9725,20.0700
1.9677,20.0987
1.9060,20.0274
1.9196,20.0886
1.8914,20.0758
1.8536,20.0454
1.8897,20.1484
1.8735,20.1573
1.8339,20.1618
1.7988,20.1353
1.7850,20.1484
1.7571,20.1349
1.7596,20.1788
1.7433,20.1873
1.7152,20.2131
1.6988,20.2215
1.6734,20.2120
1.6570,20.2203
1.6139,20.1749
1.6331,20.2546
1.7257,20.4847
1.6263,20.3247
1.5987,20.3103
1.5756,20.3049
1.5417,20.2768
1.5230,20.2801
1.5298,20.3377
1.5246,20.3704
1.4836,20.3701
1.4678,20.3801
1.4437,20.3718
1.4350,20.3976
1.4140,20.3960
1.3971,20.4035
1.3652,20.4229
1.3501,20.4348
1.3350,20.4467
1.3199,20.4586
1.3047,20.4704
1.2933,20.4914
1.2904,20.5332
1.2627,20.5148
1.2547,20.5450
1.2262,20.5242
1.2089,20.5311
1.1824,20.5148
1.1742,20.5448
1.1758,20.6005
1.1412,20.5629
1.1274,20.5789
1.1117,20.5902
1.1134,20.6483
1.0749,20.5987
1.0505,20.5864
1.0697,20.6938
1.0121,20.5897
0.9660,20.5161
0.9421,20.5034
0.9331,20.5330
0.9550,20.6523
0.9519,20.7009
0.9405,20.7259
0.9173,20.7759
0.9064,20.8034
0.8773,20.7761
0.8277,20.6844
0.8267,20.7425
0.8223,20.7910
0.8097,20.8787
0.7840,20.8605
0.7439,20.7944
0.7028,20.7234
0.6821,20.7192
0.6740,20.7580
0.7810,21.1930
0.6670,20.8692
0.6800,20.9849
0.6411,20.9181
0.6153,20.8971
0.6048,20.9311
0.6012,20.9913
0.5722,20.9577
0.5387,20.9821
0.5333,21.0381
0.5236,21.0788
0.4997,21.0643
0.4663,21.0109
0.4488,21.0204
0.3984,20.9761
0.3740,20.9562
0.3798,21.0655
0.3468,21.0087
0.3281,21.0130
0.3115,21.0269
0.3148,21.1315
0.2887,21.1036
0.2786,21.1496
0.2588,21.1508
0.2356,21.1353
0.2184,21.1490
0.1982,21.1480
0.1884,21.1988
0.1599,21.1556
0.1407,21.1593
0.1205,21.1581
0.1041,21.1764
0.0776,21.1407
0.0593,21.1491
0.0480,21.1967
0.0261,21.3019
0.0271,21.4283
-0.0046,21.3608
-0.0371,21.2851
-0.0665,21.2260
-0.0890,21.2094
-0.1277,21.2152
-0.1442,21.2379
-0.1609,21.2604
-0.1769,21.2879
-0.1866,21.3630
-0.2064,21.3656
-0.2269,21.3633
-0.2345,21.4619
-0.2622,21.4031
-0.2828,21.4006
-0.3043,21.3900
-0.3230,21.4022
-0.3396,21.4343
-0.3580,21.4514
-0.3897,21.5384
-0.4133,21.5074
-0.4379,21.4646
-0.4559,21.4896
-0.4765,21.4865
-0.4928,21.5332
-0.5374,21.4886
-0.5564,21.5052
-0.5709,21.5814
-0.5885,21.6228
-0.6126,21.5744
-0.6344,21.5559
-0.6482,21.6603
-0.6764,21.5386
-0.6962,21.5498
-0.7166,21.5509
-0.7369,21.5520
-0.7576,21.5481
-0.7782,21.5440
-0.7981,21.5549
-0.8383,21.5715
-0.8574,21.6122
-0.8752,21.7027
-0.8959,21.7083
-0.9159,21.7438
-0.9358,21.7927
-0.9788,21.7450
-0.9997,21.7503
-1.0208,21.7406
-1.0413,21.7942
-1.0624,21.8043
-1.0835,21.8194
-1.1048,21.8394
-1.1257,21.7758
-1.0932,15.1390
-1.1686,21.8454
-1.1898,21.8401
-1.2114,21.8597
-1.2331,21.8793
-1.2548,21.8938
-1.2980,21.9077
-1.3195,21.9070
-1.3411,21.9113
-1.3633,21.9305
-1.3853,21.9396
-1.4077,21.9586
-1.4511,21.9616
-1.4730,21.9655
-1.4949,21.9693
-1.5177,21.9880
-1.5434,22.0514
-1.5682,22.0938
-1.5909,22.1023
-1.6144,22.1218
-1.6365,22.1202
-1.6570,22.0986
-1.6766,22.0670
-1.7011,22.0950
-1.7282,22.1529
-1.7565,22.2196
-1.7767,22.1936
-1.8013,22.2155
-1.8227,22.2034
-1.8516,22.2658
-1.8799,22.3190
-1.9015,22.3066
-1.9236,22.2992
-1.9683,22.2891
-1.9897,22.2765
-2.0177,22.3184
-2.0429,22.3354
-2.0682,22.3523
-2.0942,22.3741
-2.1432,22.3920
-2.1696,22.4136
-2.1954,22.4301
-2.2221,22.4515
-2.2496,22.4777
-2.2721,22.4698
-2.3168,22.4527
-2.3414,22.4588
-2.3662,22.4649
-2.3918,22.4758
-2.4166,22.4817
-2.4424,22.4924
-2.4979,22.6700
-2.4923,22.5038
-2.5183,22.5143
-2.5452,22.5296
-2.5704,22.5351
-2.5946,22.5355
-2.6151,22.5162
-2.6481,22.5606
-2.7151,22.6489
-2.7285,22.5951
-2.7987,22.8100
-2.7955,22.6779
-2.8267,22.7069
-2.8505,22.7017
-2.9015,22.7056
-2.9321,22.7293
-2.9788,22.8209
-3.0260,22.9124
-3.0552,22.9262
-3.0784,22.9152
-3.1473,23.0890
-3.1249,22.8934
-3.1493,22.8873
-3.1985,22.9778
-3.2332,23.0101
-3.2759,23.0717
-3.2931,23.0361
-3.3296,23.0729
-3.3594,22.9867
-3.3922,23.0087
-3.4806,23.2276
-3.5213,23.2739
-3.5704,23.3482
-3.6183,23.4166
-3.6531,23.3439
-3.6673,23.2979
-3.6944,23.2949
-3.7112,23.2584
-3.7619,23.3316
-3.8146,23.4093
-3.8954,23.5735
-3.8588,23.3690
-3.8769,23.3369
-3.9011,23.3238
-3.9582,23.4101
-3.9937,23.4298
-4.0373,23.4731
-4.0622,23.4606
-4.1287,23.4840
-4.1599,23.4889
-4.2195,23.5738
-4.2936,23.6974
-4.3170,23.6784
-4.3535,23.6954
-4.4146,23.6958
-4.4624,23.7420
-4.4782,23.7023
-4.4836,23.6361
-4.5174,23.6445
-4.5567,23.6668
-4.6681,23.8719
-4.7357,23.8828
-4.7892,23.9367
-4.8412,23.9858
-4.8783,23.9976
-4.5020,5.4832
-4.4400,5.5669
-4.3648,5.6886
-4.2152,5.9377
-4.1142,6.1406
-4.0670,6.1930
-3.9909,6.3306
-3.8962,6.5254
-2.4693,9.0102
-2.4087,9.1139
-2.3839,9.1440
-2.3494,9.2180
-2.3010,9.2788
-2.2697,9.3435
-2.2388,9.4084
-2.2093,9.4684
-2.1832,9.5140
-2.1595,9.5499
-2.1600,9.4665
-2.1214,9.5778
-2.0972,9.6189
-2.0780,9.6355
-2.0533,9.6816
-2.0161,9.7965
-1.9796,9.9116
-1.9391,9.9703
-1.9119,10.0416
-1.8961,10.0490
-1.8803,10.0564
-1.8662,10.0541
-1.8457,10.0912
-1.8369,10.0559
-1.8085,10.1459
-1.7848,10.2080
-1.7690,10.2207
-1.7546,10.2236
-1.7368,10.2513
-1.7225,10.2543
-1.7123,10.2288
-1.6927,10.2714
-1.6832,10.2400
-1.4820,10.4881
-1.4675,10.5063
-1.4530,10.5256
-1.4407,10.5191
-1.4296,10.4981
-1.4138,10.5370
-1.4033,10.5061

# FrameTime=1781596486.04, PointCount=475
4.6270,18.2119
4.6593,18.2550
4.6728,18.2870
4.6488,18.3198
4.6296,18.3317
4.6780,18.3861
4.7135,18.4327
4.7193,18.4609
4.6520,18.4423
4.5754,18.4412
4.5685,18.4609
4.5657,18.4834
4.5143,18.4737
4.4975,18.4867
4.4753,18.4961
4.5536,18.5734
4.4239,18.5097
4.4826,18.5743
4.5561,18.6495
4.4596,18.6076
4.4917,18.6547
4.4063,18.6197
4.3947,18.6361
4.3195,18.6073
4.3525,18.6555
4.4204,18.7292
4.2523,18.6323
4.2487,18.6542
4.1847,18.6318
4.2172,18.6802
4.2415,18.7479
4.1816,18.7278
4.1044,18.6941
4.0846,18.7036
4.0687,18.7160
4.1020,18.7664
4.1313,18.8393
4.1128,18.8500
4.0378,18.8160
4.0045,18.8145
3.9611,18.8047
3.9683,18.8355
3.9709,18.8879
4.0009,18.9380
3.9498,18.9214
4.2614,19.2060
3.8941,18.9259
3.8701,18.9311
3.9109,18.9912
4.2494,19.3055
3.8946,19.0290
3.9422,19.0961
3.8802,19.0686
3.7882,19.0146
3.7304,18.9896
3.6952,18.9842
3.6995,19.0395
3.6755,19.0438
3.6516,19.0480
3.6460,19.0689
3.6499,19.0985
3.6201,19.0973
3.5923,19.1239
3.5845,19.1429
3.7223,19.2995
3.6072,19.2175
3.5612,19.2005
3.4451,19.1156
3.5129,19.2075
3.4224,19.1462
3.4092,19.1597
3.3711,19.1486
3.3615,19.1655
3.3341,19.1647
3.3173,19.1745
3.4642,19.3493
3.3117,19.2222
3.3228,19.2603
3.3336,19.2986
3.2714,19.2616
3.2232,19.2386
3.2132,19.2552
3.2272,19.2970
3.2511,19.3774
3.3380,19.4984
3.2286,19.4090
3.1570,19.3595
3.1229,19.3501
3.0956,19.3479
3.0646,19.3692
3.0674,19.4003
3.0551,19.4145
3.0345,19.4195
3.0172,19.4281
2.9867,19.4216
2.9456,19.4308
2.8991,19.4050
2.9013,19.4359
2.8905,19.4517
2.8860,19.4751
2.8846,19.5023
2.9647,19.6275
2.8338,19.4991
2.7974,19.4838
2.7958,19.5109
2.7910,19.5342
2.7892,19.5614
2.7794,19.5788
2.7618,19.5865
2.7520,19.6039
2.7220,19.5958
2.7043,19.6032
2.6867,19.6107
2.6508,19.5943
2.6332,19.6015
2.6398,19.6405
2.6375,19.6986
2.6422,19.7358
2.6123,19.7269
2.5676,19.6978
2.5646,19.7249
2.5320,19.7116
2.4934,19.7211
2.4800,19.7339
2.4651,19.7446
2.4385,19.7389
2.4379,19.7699
2.4586,19.8316
2.4405,19.8381
2.3870,19.7932
2.3690,19.7995
2.3623,19.8222
2.3275,19.8036
2.3207,19.8262
2.3055,19.8364
2.2847,19.8383
2.2514,19.8542
2.2307,19.8559
2.2099,19.8574
2.1946,19.8673
2.1900,19.8940
2.1826,19.9164
2.1648,19.9571
2.1334,19.9414
2.1126,19.9426
2.1401,20.0224
2.1242,20.0320
2.0994,20.0267
2.0574,20.0286
2.0429,20.0401
2.0333,20.0603
2.0048,20.0481
1.9714,20.0271
1.9742,20.0686
1.9260,20.0214
2.0053,20.1977
1.9140,20.0742
1.8956,20.0788
1.8553,20.0441
1.8950,20.1535
1.8776,20.1603
1.8519,20.1516
1.8029,20.1384
1.7985,20.1690
1.7799,20.1733
1.7659,20.1863
1.7496,20.1948
1.7333,20.2033
1.6960,20.2112
1.6706,20.2017
1.6588,20.2189
1.6178,20.1780
1.6326,20.2487
1.6425,20.3106
1.7366,20.5457
1.6026,20.3134
1.5838,20.3170
1.5434,20.2754
1.5226,20.2742
1.5273,20.3273
1.5263,20.3690
1.5137,20.3859
1.4895,20.3778
1.4716,20.3832
1.4516,20.3841
1.4347,20.3917
1.4158,20.3946
1.3988,20.4021
1.3839,20.4141
1.3519,20.4335
1.3368,20.4453
1.3216,20.4572
1.3065,20.4690
1.2951,20.4900
1.2836,20.5110
1.2584,20.5482
1.2298,20.5274
1.2125,20.5344
1.1951,20.5413
1.1759,20.5434
1.1676,20.5735
1.1167,20.5449
1.1099,20.5795
1.1213,20.6634
1.0766,20.5973
1.0608,20.6084
1.0364,20.5961
0.9867,20.5132
0.9471,20.5114
0.9249,20.5034
0.9731,20.6981
0.9423,20.6665
0.9358,20.7056
0.9339,20.7590
0.9081,20.8020
0.8822,20.7842
0.8310,20.6878
0.8254,20.7316
0.8180,20.7706
0.8268,20.8621
0.7814,20.8448
0.7442,20.7883
0.7074,20.7316
0.6824,20.7130
0.6786,20.7662
0.6731,20.8146
0.7178,21.0386
0.6968,21.0364
0.6388,20.9023
0.6184,20.9005
0.6039,20.9201
0.5959,20.9637
0.5765,20.9660
0.5566,20.9662
0.5338,21.0319
0.5211,21.0609
0.5015,21.0629
0.4729,21.0289
0.4481,21.0093
0.4211,20.9799
0.4252,21.0795
0.3746,20.9500
0.3673,21.0030
0.3486,21.0073
0.3298,21.0116
0.3154,21.0353
0.3062,21.0834
0.2984,21.1392
0.2839,21.1649
0.2622,21.1572
0.2353,21.1241
0.2202,21.1476
0.2010,21.1515
0.1818,21.1554
0.1708,21.2013
0.1434,21.1629
0.1232,21.1616
0.1058,21.1750
0.0812,21.1491
0.0602,21.1428
0.0506,21.2003
0.0415,21.2627
0.0247,21.4023
-0.0069,21.3348
-0.0346,21.2886
-0.0648,21.2247
-0.0873,21.2080
-0.1066,21.2110
-0.1005,21.3849
-0.1425,21.2365
-0.1591,21.2591
-0.1766,21.2767
-0.1842,21.3665
-0.2047,21.3643
-0.2245,21.3669
-0.2412,21.3942
-0.2804,21.4042
-0.3019,21.3935
-0.3219,21.3959
-0.3368,21.4428
-0.3617,21.4004
-0.3686,21.5249
-0.4101,21.5209
-0.4376,21.4484
-0.4532,21.4982
-0.4752,21.4802
-0.4966,21.4689
-0.5167,21.4706
-0.5562,21.4839
-0.5703,21.5651
-0.5868,21.6214
-0.6126,21.5482
-0.6337,21.5396
-0.6556,21.5160
-0.6744,21.5422
-0.7151,21.5446
-0.7352,21.5506
-0.7556,21.5517
-0.7762,21.5476
-0.7964,21.5535
-0.8160,21.5743
-0.8560,21.6008
-0.8735,21.7013
-0.8939,21.7169
-0.9149,21.7124
-0.9342,21.7863
-0.9558,21.7583
-0.9980,21.7440
-1.0190,21.7442
-1.0395,21.8029
-1.0607,21.7980
-1.0818,21.8130
-1.1029,21.7645
-1.1240,21.7844
-1.1665,21.8140
-1.1880,21.8387
-1.2095,21.8534
-1.0961,15.1376
-1.2537,21.9224
-1.2743,21.8869
-1.3171,21.8857
-1.3383,21.8800
-1.3608,21.9091
-1.3831,21.9282
-1.4055,21.9473
-1.4278,21.9613
-1.4536,22.0439
-1.4707,21.9541
-1.4946,21.9928
-1.5151,21.9716
-1.5405,22.0301
-1.5655,22.0786
-1.5884,22.0910
-1.6218,22.2490
-1.6336,22.1038
-1.6618,22.1818
-1.6753,22.0706
-1.6985,22.0837
-1.7256,22.1415
-1.7527,22.1943
-1.7777,22.2212
-1.8205,22.1970
-1.8453,22.2197
-1.8760,22.2969
-1.9003,22.3102
-1.9224,22.3028
-1.9439,22.2903
-1.9746,22.3565
-1.9874,22.2702
-2.0135,22.2972
-2.0399,22.3241
-2.0671,22.3559
-2.0918,22.3678
-2.1186,22.3938
-2.1442,22.4105
-2.1707,22.4326
-2.1930,22.4238
-2.2203,22.4501
-2.2471,22.4714
-2.2711,22.4733
-2.2896,22.4402
-2.3338,22.5693
-2.3389,22.4525
-2.3620,22.4487
-2.3900,22.4744
-2.4149,22.4803
-2.4415,22.4960
-2.4673,22.5066
-2.4932,22.5172
-2.5435,22.5283
-2.5686,22.5337
-2.5920,22.5292
-2.6133,22.5149
-2.6425,22.5396
-2.6916,22.6622
-2.7476,22.8138
-2.7217,22.5693
-2.8031,22.8379
-2.7906,22.6619
-2.8292,22.7250
-2.8510,22.7100
-2.8748,22.7047
-2.9297,22.8357
-2.9258,22.7084
-2.9645,22.7661
-3.0058,22.8333
-3.0523,22.9199
-3.0649,22.8653
-3.0952,22.8836
-3.1220,22.8872
-3.1943,22.9668
-3.2290,22.9991
-3.2727,23.0650
-3.2952,23.0492
-3.3201,23.0426
-3.3356,23.0017
-3.3864,22.9929
-3.4913,23.2702
-3.5223,23.2822
-3.5562,23.3036
-3.6155,23.4114
-3.6115,23.3023
-3.6414,23.3090
-3.6868,23.2744
-3.7109,23.2618
-3.7409,23.2682
-3.8024,23.3745
-3.8222,23.3473
-3.9278,23.5875
-3.9667,23.5275
-3.9518,23.3945
-3.9808,23.3953
-4.0100,23.3961
-4.0588,23.4545
-4.0976,23.4822
-4.1532,23.4734
-4.2244,23.5913
-4.2834,23.6725
-4.3198,23.6897
-4.3517,23.6940
-4.3889,23.7123
-4.4320,23.7460
-4.4623,23.6635
-4.4837,23.6394
-4.5157,23.6431
-4.5532,23.6607
-4.6554,23.8426
-4.7084,23.8969
-4.7837,23.9260
-4.8282,23.9566
-4.8948,23.9617
-4.5020,5.4771
-4.4056,5.5696
-4.2938,5.7951
-4.1817,6.0258
-4.1026,6.1675
-4.0571,6.2152
-3.9859,6.3387
-3.8650,6.5299
-2.4606,9.0380
-2.4047,9.1222
-2.3631,9.1485
-2.3332,9.2032
-2.3004,9.2726
-2.2680,9.3422
-2.2349,9.4168
-2.2055,9.4768
-2.1647,9.5143
-2.1401,9.5551
-2.1196,9.5765
-2.0945,9.6224
-2.0753,9.6390
-2.0497,9.6900
-1.9949,9.8169
-1.9562,9.9469
-1.9365,9.9738
-1.9059,10.0648
-1.8910,10.0673
-1.8761,10.0698
-1.8432,10.0947
-1.8143,10.1862
-1.8126,10.1065
-1.7793,10.2313
-1.7650,10.2342
-1.7442,10.2816
-1.7201,10.2579
-1.7012,10.2956
-1.6943,10.2453
-1.4798,10.4913
-1.4666,10.4955
-1.4525,10.5093
-1.4394,10.5127
-1.4267,10.5117
-1.4113,10.5456
-1.4034,10.4798

# FrameTime=1781596486.14, PointCount=468
4.6524,18.2238
4.6463,18.2436
4.6768,18.2859
4.6662,18.3031
4.6570,18.3213
4.6548,18.3438
4.7006,18.4210
4.7317,18.4652
4.6897,18.4628
4.5988,18.4285
4.5794,18.4401
4.5808,18.4653
4.5418,18.4882
4.4989,18.4839
4.4903,18.5024
4.4790,18.5191
4.5146,18.5677
4.4990,18.5816
4.5293,18.6521
4.5448,18.6880
4.4144,18.6215
4.3595,18.6073
4.3438,18.6207
4.4163,18.7223
4.3007,18.6635
4.2608,18.6590
4.1967,18.6366
4.1810,18.6495
4.2559,18.7297
4.1895,18.7049
4.1322,18.6864
4.2016,18.7637
4.0806,18.6964
4.0609,18.7058
4.1020,18.7622
4.1531,18.8268
4.1275,18.8321
4.0579,18.8026
4.0241,18.8258
3.9651,18.8036
3.9685,18.8313
3.9717,18.8591
4.0097,18.9153
3.9779,18.9147
4.2539,19.1954
3.9441,18.9633
3.8741,18.9301
3.8501,18.9352
3.9342,19.0324
3.9137,19.0409
3.8955,19.0774
3.8374,19.0529
3.7419,18.9951
3.7030,18.9864
3.7127,19.0207
3.7036,19.0384
3.6684,19.0327
3.6353,19.0544
3.6465,19.0907
3.6314,19.1030
3.5964,19.0967
3.6016,19.1278
3.7013,19.2478
3.6800,19.2819
3.5616,19.1960
3.4635,19.1283
3.4288,19.1211
3.4443,19.1625
3.3883,19.1342
3.3690,19.1680
3.3452,19.1707
3.3284,19.1805
3.3256,19.2043
3.3192,19.2246
3.3338,19.2664
3.5104,19.4749
3.2650,19.2497
3.2272,19.2376
3.2138,19.2505
3.2106,19.2742
3.2450,19.3379
3.2688,19.3909
3.3045,19.4571
3.1644,19.3621
3.1303,19.3527
3.1063,19.3542
3.0825,19.3556
3.0787,19.3793
3.0781,19.4066
3.0418,19.4221
3.0212,19.4270
2.9973,19.4280
2.9604,19.4138
2.9170,19.3919
2.9096,19.4115
2.8880,19.4430
2.8804,19.4625
2.8855,19.4974
2.8457,19.4785
2.8187,19.4749
2.8077,19.4905
2.7824,19.5176
2.7869,19.5525
2.7819,19.5758
2.7689,19.5893
2.7405,19.5832
2.7260,19.5947
2.7084,19.6022
2.6700,19.6130
2.6342,19.5965
2.6348,19.6275
2.6503,19.6784
2.6641,19.7275
2.6282,19.7107
2.5657,19.6887
2.5568,19.7077
2.5449,19.7226
2.5123,19.7092
2.4974,19.7200
2.4782,19.7247
2.4512,19.7500
2.4448,19.7729
2.4555,19.8203
2.4147,19.7940
2.3967,19.8003
2.3702,19.7943
2.3930,19.8603
2.3315,19.8025
2.3220,19.8210
2.3040,19.8271
2.2887,19.8372
2.2680,19.8390
2.2500,19.8448
2.2292,19.8464
2.1986,19.8662
2.1860,19.8803
2.1813,19.9069
2.1871,19.9505
2.1556,19.9349
2.1400,19.9446
2.1088,19.9638
2.1309,20.0352
2.1098,20.0363
2.0798,20.0223
2.0678,20.0382
2.0367,20.0218
2.0075,20.0448
1.9729,20.0217
1.9745,20.0611
1.9375,20.0333
1.9043,20.0119
1.9205,20.0775
1.8849,20.0516
1.9286,20.1675
1.8628,20.0868
1.8600,20.1198
1.8397,20.1593
1.8069,20.1373
1.8095,20.1812
1.7491,20.1454
1.7513,20.1893
1.7373,20.2022
1.7278,20.2240
1.7023,20.2146
1.6859,20.2229
1.6263,20.1859
1.6100,20.1940
1.6201,20.2558
1.6277,20.3132
1.5979,20.2944
1.5705,20.2799
1.6324,20.4525
1.5288,20.2777
1.5185,20.2991
1.5240,20.3544
1.5114,20.3712
1.4914,20.3722
1.4725,20.3753
1.4474,20.3648
1.4178,20.3890
1.4029,20.4010
1.3879,20.4131
1.3729,20.4250
1.3559,20.4324
1.3428,20.4489
1.3105,20.4679
1.2972,20.4843
1.2819,20.4960
1.2675,20.5101
1.2455,20.5055
1.2282,20.5125
1.2267,20.5589
1.1900,20.5170
1.1709,20.5191
1.1572,20.5352
1.1434,20.5512
1.1331,20.5765
1.1297,20.6205
1.1323,20.6811
1.0806,20.5962
1.0717,20.6261
1.0387,20.5903
1.0060,20.5544
0.9785,20.5324
0.9511,20.5103
0.9388,20.5306
0.9528,20.6843
0.9398,20.7045
0.9363,20.7532
0.9271,20.7855
0.9121,20.8010
0.8769,20.7546
0.8141,20.6829
0.8114,20.7362
0.8054,20.7800
0.7992,20.8238
0.7868,20.8485
0.7323,20.7346
0.7712,20.9293
0.6878,20.7167
0.6741,20.7364
0.6660,20.7752
0.6983,20.9559
0.6585,20.8864
0.6476,20.9183
0.6237,20.9042
0.5939,20.9406
0.5877,20.9918
0.5555,20.9458
0.5483,20.9941
0.5353,21.0211
0.5256,21.0619
0.4733,21.0133
0.4521,21.0082
0.4298,20.9983
0.3983,20.9494
0.3878,20.9878
0.3747,21.0165
0.3722,21.0918
0.3338,21.0105
0.3129,21.0050
0.3091,21.0774
0.3003,21.1283
0.2833,21.1422
0.2594,21.1239
0.2531,21.1895
0.2242,21.1465
0.2040,21.1455
0.1848,21.1494
0.1695,21.1728
0.1464,21.1569
0.1254,21.1507
0.1062,21.1543
0.0616,21.1270
0.0511,21.1795
0.0378,21.2174
0.0386,21.3388
0.0251,21.3797
-0.0094,21.2942
-0.0530,21.2729
-0.0833,21.2069
-0.1026,21.2099
-0.1205,21.2227
-0.1370,21.2453
-0.1544,21.2629
-0.1677,21.3102
-0.2007,21.3632
-0.2199,21.3708
-0.2416,21.3585
-0.2553,21.4106
-0.2770,21.3981
-0.2991,21.3826
-0.3372,21.4020
-0.3582,21.3943
-0.3667,21.5039
-0.3849,21.5260
-0.4096,21.4850
-0.4283,21.5019
-0.4721,21.4691
-0.4934,21.4578
-0.5052,21.5574
-0.5324,21.4762
-0.5483,21.5326
-0.5637,21.5989
-0.5879,21.5506
-0.6266,21.5834
-0.6494,21.5498
-0.6710,21.5312
-0.6910,21.5374
-0.7111,21.5435
-0.7312,21.5496
-0.7720,21.5516
-0.7926,21.5475
-0.8129,21.5483
-0.8322,21.5790
-0.8505,21.6446
-0.8690,21.7152
-0.8887,21.7592
-0.9113,21.6964
-0.9303,21.7803
-0.9519,21.7522
-0.9733,21.7276
-0.9939,21.7529
-1.0142,21.8230
-1.0356,21.7868
-1.0562,21.9082
-1.0778,21.8070
-1.0989,21.7584
-1.1200,21.7833
-1.1410,21.7732
-1.1627,21.8329
-1.1844,21.8676
-1.2268,21.8519
-1.2493,21.9014
-1.2702,21.8809
-1.2917,21.8853
-1.3126,21.8696
-1.3352,21.9039
-1.3791,21.9272
-1.4021,21.9612
-1.4246,21.9789
-1.4461,21.9741
-1.4688,21.9929
-1.4889,21.9618
-1.5187,22.0991
-1.5352,22.0091
-1.5596,22.0476
-1.5841,22.0849
-1.6065,22.0894
-1.6377,22.2123
-1.6524,22.1111
-1.6701,22.0546
-1.7195,22.1156
-1.7460,22.1634
-1.7723,22.2061
-1.7951,22.2081
-1.8165,22.1960
-1.8458,22.2634
-1.8751,22.3257
-1.8947,22.2942
-1.9179,22.2967
-1.9410,22.2992
-1.9602,22.2668
-1.9857,22.2889
-2.0113,22.3110
-2.0414,22.3669
-2.0618,22.3449
-2.0832,22.3320
-2.1060,22.3290
-2.1375,22.3896
-2.1638,22.4111
-2.1911,22.4375
-2.2178,22.4589
-2.2656,22.4624
-2.2794,22.3996
-2.3134,22.4650
-2.3341,22.4465
-2.3612,22.4674
-2.3860,22.4734
-2.4349,22.4802
-2.4607,22.4908
-2.4874,22.5063
-2.5134,22.5168
-2.5385,22.5223
-2.5637,22.5277
-2.6113,22.5236
-2.6316,22.5043
-2.6737,22.5926
-2.7073,22.6367
-2.7432,22.6904
-2.7763,22.7294
-2.7981,22.7145
-2.8448,22.6992
-2.8664,22.6841
-2.8935,22.6934
-2.9308,22.7463
-2.9696,22.8039
-3.0226,22.9199
-3.0644,22.8788
-3.0828,22.8486
-3.1168,22.8813
-3.1485,22.9042
-3.1940,22.9802
-3.2325,23.0270
-3.2676,23.0596
-3.3052,23.1008
-3.3121,23.0270
-3.3395,23.0295
-3.3537,22.9842
-3.3958,23.0399
-3.4941,23.2932
-3.5183,23.2811
-3.5946,23.3527
-3.6329,23.3874
-3.6474,23.3414
-3.6587,23.2859
-3.6872,23.2877
-3.7025,23.2465
-3.7819,23.3211
-3.8303,23.3843
-3.8561,23.3760
-3.8573,23.2917
-3.9109,23.3687
-3.9540,23.4124
-4.0407,23.5849
-3.9963,23.3666
-4.0480,23.4334
-4.0842,23.4539
-4.1230,23.4815
-4.1839,23.5713
-4.2309,23.6198
-4.2924,23.7076
-4.3431,23.6803
-4.3693,23.6690
-4.4123,23.7028
-4.4421,23.7006
-4.4530,23.6485
-4.4832,23.6476
-4.5437,23.6457
-4.5777,23.6539
-4.6099,23.6573
-4.7429,23.9128
-4.7909,23.9528
-4.5118,5.4385
-4.4462,5.5316
-4.3489,5.7143
-4.2028,5.9541
-4.1168,6.1146
-4.0613,6.1905
-4.0160,6.2383
-3.9243,6.4236
-3.8402,6.5904
-2.4337,9.0571
-2.4120,9.0725
-2.3871,9.1026
-2.3613,9.1377
-2.3050,9.2325
-2.2735,9.2972
-2.2393,9.3766
-2.2066,9.4513
-2.1805,9.4969
-2.1567,9.5327
-2.1176,9.5656
-2.0962,9.5919
-2.0713,9.6379
-2.0494,9.6693
-2.0337,9.6690
-1.9675,9.9436
-1.9334,9.9678
-1.9062,10.0391
-1.8878,10.0613
-1.8663,10.1032
-1.8466,10.1354
-1.8208,10.2070
-1.7904,10.2224
-1.7761,10.2253
-1.7588,10.2479
-1.7416,10.2706
-1.7267,10.2785
-1.7125,10.2825
-1.6896,10.2492
-1.4767,10.4807
-1.4630,10.4895
-1.4485,10.5082
-1.4362,10.5017
-1.4242,10.4907
-1.4080,10.5345
-1.3964,10.5186

# FrameTime=1781596486.25, PointCount=473
4.6275,18.2117
4.6811,18.2678
4.6669,18.3066
4.6747,18.3353
4.6386,18.3367
4.6870,18.3911
4.7309,18.4431
4.7156,18.4579
4.6289,18.4510
4.5759,18.4409
4.5690,18.4606
4.5662,18.4830
4.5066,18.4678
4.4981,18.4863
4.4440,18.4984
4.4658,18.5374
4.4792,18.5710
4.5581,18.6500
4.5574,18.6745
4.4595,18.6313
4.3995,18.6385
4.3202,18.6068
4.3654,18.6637
4.4089,18.7199
4.2570,18.6347
4.2454,18.6507
4.4335,18.8136
4.2181,18.7045
4.2263,18.7353
4.1728,18.7200
4.0972,18.6874
4.0774,18.6969
4.0854,18.7276
4.0907,18.7812
4.1440,18.8478
4.0979,18.8369
4.0543,18.8276
4.0014,18.8106
3.9697,18.8102
3.9608,18.8531
3.9756,18.8903
4.0134,18.9467
3.9662,18.9333
4.2201,19.1701
3.8988,18.9283
3.8672,18.9271
4.2144,19.2467
3.9448,19.0443
4.0320,19.1451
3.9432,19.0952
3.8774,19.0645
3.7779,19.0038
3.8274,19.0730
3.7187,19.0031
3.6985,19.0109
3.7006,19.0385
3.6877,19.0529
3.6785,19.0705
3.6766,19.0949
3.6546,19.1009
3.6118,19.1138
3.6023,19.1312
3.6183,19.1726
3.7198,19.2950
3.6119,19.2199
3.4990,19.1388
3.4332,19.1281
3.4415,19.1625
3.3997,19.1481
3.3794,19.1545
3.3591,19.1609
3.3318,19.1601
3.3017,19.1829
3.3165,19.2245
3.3310,19.2663
3.3244,19.2866
3.2449,19.2317
3.2280,19.2410
3.3095,19.3533
3.1975,19.2632
3.2080,19.3014
3.2593,19.3834
3.3291,19.4861
3.2163,19.3931
3.1583,19.3582
3.1276,19.3524
3.0866,19.3628
3.0727,19.3753
3.0755,19.4064
3.0565,19.4132
3.0326,19.4144
3.0252,19.4342
3.0200,19.4852
2.9602,19.4445
2.9071,19.4112
2.9093,19.4421
2.8855,19.4426
2.8811,19.4660
2.9905,19.6254
2.8464,19.4820
2.8290,19.4899
2.8021,19.4862
2.8037,19.5172
2.8020,19.5443
2.7955,19.5657
2.7810,19.5773
2.7868,19.6142
2.7490,19.5965
2.7329,19.6060
2.7091,19.6056
2.6945,19.6170
2.6555,19.5967
2.6349,19.6000
2.6269,19.6500
2.6483,19.7090
2.6499,19.7422
2.6200,19.7333
2.5724,19.7002
2.5694,19.7273
2.5160,19.7167
2.4953,19.7194
2.4819,19.7322
2.4669,19.7429
2.4606,19.7657
2.4542,19.7886
2.4439,19.8384
2.4088,19.8202
2.3851,19.8183
2.3615,19.8163
2.3463,19.8266
2.3338,19.8411
2.3394,19.8824
2.3005,19.8573
2.2742,19.8508
2.2507,19.8483
2.2273,19.8457
2.2174,19.8640
2.2048,19.8781
2.1921,19.8921
2.1639,19.9159
2.1643,19.9510
2.1513,19.9650
2.1540,20.0044
2.1474,20.0290
2.1264,20.0301
2.0883,20.0386
2.0711,20.0459
2.0527,20.0511
2.0356,20.0583
1.9995,20.0332
1.9761,20.0295
1.9606,20.0758
1.9125,20.0284
1.9261,20.0897
1.8930,20.0681
1.8600,20.0465
1.9046,20.1647
1.9678,20.3182
1.8662,20.1715
1.8357,20.1540
1.8006,20.1276
1.8056,20.1758
1.7589,20.1271
1.7661,20.1798
1.7567,20.2016
1.7194,20.2097
1.7031,20.2181
1.6776,20.2086
1.6568,20.2079
1.6204,20.1759
1.6351,20.2466
1.6328,20.3257
1.6009,20.3023
1.5777,20.2969
1.5439,20.2688
1.5295,20.2811
1.5320,20.3296
1.5101,20.3702
1.4901,20.3711
1.4763,20.3856
1.4584,20.3910
1.4374,20.3895
1.4205,20.3970
1.3867,20.4119
1.3717,20.4239
1.3547,20.4313
1.3415,20.4477
1.3264,20.4596
1.3112,20.4714
1.2998,20.4924
1.2692,20.5158
1.2612,20.5460
1.2308,20.5206
1.2154,20.5321
1.1871,20.5111
1.1807,20.5458
1.1477,20.5640
1.1321,20.5753
1.1199,20.5959
1.1181,20.6446
1.0814,20.5997
1.0621,20.6015
1.0169,20.5860
0.9775,20.5312
0.9785,20.5891
0.9396,20.5340
0.9321,20.5684
0.9422,20.6547
0.9486,20.7316
0.9222,20.7721
0.9128,20.8044
0.8807,20.7676
0.8311,20.6759
0.8332,20.7435
0.8273,20.7873
0.8162,20.8797
0.7905,20.8615
0.7504,20.7954
0.7079,20.7196
0.6900,20.7250
0.6805,20.7590
0.7805,21.1700
0.6735,20.8702
0.6824,20.9716
0.6476,20.9191
0.6218,20.8981
0.6113,20.9321
0.6045,20.9806
0.5774,20.9539
0.5440,20.9783
0.5373,21.0294
0.5289,21.0750
0.5050,21.0605
0.4716,21.0071
0.4553,21.0214
0.4037,20.9722
0.3805,20.9572
0.3874,21.0714
0.3522,21.0048
0.3334,21.0091
0.3169,21.0231
0.3213,21.1325
0.2952,21.1046
0.2851,21.1506
0.2653,21.1518
0.2420,21.1363
0.2249,21.1500
0.2057,21.1539
0.1949,21.1998
0.1664,21.1566
0.1472,21.1603
0.1270,21.1591
0.1097,21.1725
0.0832,21.1368
0.0650,21.1452
0.0715,21.2942
0.0343,21.1962
0.0318,21.2980
0.0328,21.4244
0.0019,21.3618
-0.0298,21.2910
-0.0616,21.2172
-0.0818,21.2153
-0.0789,21.3645
-0.1212,21.2163
-0.1377,21.2389
-0.1537,21.2664
-0.1704,21.2889
-0.1801,21.3640
-0.1999,21.3666
-0.2204,21.3643
-0.2274,21.4678
-0.2545,21.4140
-0.2757,21.4066
-0.2984,21.3860
-0.3171,21.3983
-0.3331,21.4353
-0.3515,21.4524
-0.3832,21.5394
-0.4063,21.5133
-0.4305,21.4756
-0.4494,21.4906
-0.4705,21.4826
-0.4867,21.5292
-0.5309,21.4896
-0.5503,21.5012
-0.5648,21.5774
-0.5824,21.6188
-0.6058,21.5804
-0.6279,21.5569
-0.6417,21.6613
-0.6702,21.5346
-0.6897,21.5508
-0.7101,21.5519
-0.7304,21.5530
-0.7508,21.5541
-0.7714,21.5500
-0.7916,21.5559
-0.8317,21.5775
-0.8511,21.6082
-0.8687,21.7037
-0.8893,21.7143
-0.9096,21.7348
-0.9291,21.8037
-0.9724,21.7411
-0.9931,21.7563
-1.0142,21.7466
-1.0348,21.8002
-1.0559,21.8104
-1.0770,21.8154
-1.0983,21.8454
-1.1192,21.7718
-1.1402,21.7667
-1.1620,21.8364
-1.1833,21.8461
-1.2048,21.8558
-1.2265,21.8753
-1.2490,21.9248
-1.2917,21.9137
-1.3130,21.9080
-1.3339,21.8924
-1.3563,21.9165
-1.3788,21.9406
-1.4012,21.9596
-1.4446,21.9626
-1.4665,21.9665
-1.4887,21.9753
-1.5112,21.9890
-1.5369,22.0524
-1.5614,22.0898
-1.5844,22.1033
-1.6082,22.1277
-1.6307,22.1311
-1.6509,22.1046
-1.6702,22.0680
-1.6946,22.0960
-1.7213,22.1489
-1.7475,22.1917
-1.7943,22.2115
-1.8162,22.2044
-1.8431,22.2469
-1.8724,22.3100
-1.8940,22.2977
-1.9160,22.2903
-1.9606,22.2802
-1.9826,22.2726
-2.0106,22.3144
-2.0358,22.3314
-2.0617,22.3533
-2.0877,22.3751
-2.1138,22.3962
-2.1382,22.4036
-2.1624,22.4096
-2.1889,22.4311
-2.2156,22.4525
-2.2431,22.4787
-2.2641,22.4609
-2.2994,22.5358
-2.3087,22.4438
-2.3333,22.4500
-2.3589,22.4610
-2.3845,22.4719
-2.4101,22.4827
-2.4359,22.4935
-2.4617,22.5041
-2.5118,22.5153
-2.5378,22.5258
-2.5639,22.5361
-2.5863,22.5267
-2.6076,22.5124
-2.6407,22.5567
-2.7097,22.7770
-2.7066,22.6401
-2.7200,22.5864
-2.7984,22.8403
-2.7879,22.6740
-2.8255,22.7323
-2.8440,22.7027
-2.8985,22.8338
-2.8939,22.7017
-2.9256,22.7303
-2.9723,22.8220
-3.0172,22.9037
-3.0487,22.9272
-3.0684,22.9017
-3.0916,22.8908
-3.1416,22.8835
-3.1896,22.9691
-3.2242,23.0015
-3.2681,23.0679
-3.2866,23.0371
-3.3218,23.0691
-3.3529,22.9877
-3.3816,22.9953
-3.4674,23.2046
-3.5148,23.2749
-3.5639,23.3493
-3.6163,23.4330
-3.6692,23.5164
-3.6438,23.3353
-3.6623,23.3037
-3.6850,23.2864
-3.7032,23.2547
-3.7524,23.3231
-3.8036,23.3960
-3.8189,23.3545
-3.8797,23.3664
-3.8900,23.3105
-3.9486,23.4016
-3.9840,23.4214
-4.0276,23.4647
-4.0541,23.4569
-4.1206,23.4803
-4.1501,23.4805
-4.2063,23.5560
-4.2837,23.6890
-4.3168,23.6967
-4.3487,23.7011
-4.3812,23.7068
-4.4577,23.7477
-4.4664,23.6893
-4.4736,23.6278
-4.5073,23.6362
-4.5448,23.6538
-4.6543,23.8543
-4.7310,23.8884
-4.7827,23.9377
-4.8290,23.9729
-4.8957,23.9780
-4.9864,23.9617
-4.4540,5.5116
-4.3855,5.6143
-4.2638,5.8681
-4.1670,6.0565
-4.0961,6.1746
-4.0556,6.2081
-3.9688,6.2946
-3.8666,6.5133
-2.4663,8.9967
-2.4364,9.0460
-2.4136,9.0663
-2.3683,9.1071
-2.3426,9.1422
-2.3053,9.2311
-2.2728,9.3006
-2.2375,9.3850
-2.1910,9.4466
-2.1630,9.5020
-2.1363,9.5526
-2.1158,9.5739
-2.0916,9.6150
-2.0705,9.6414
-2.0242,9.7190
-1.9722,9.9176
-1.9470,9.9739
-1.9291,9.9910
-1.9028,10.0573
-1.8828,10.0893
-1.8475,10.1290
-1.8240,10.1858
-1.8040,10.2231
-1.7874,10.2407
-1.7723,10.2485
-1.7536,10.2810
-1.7288,10.2622
-1.7098,10.2999
-1.7017,10.2594
-1.4750,10.4941
-1.4614,10.5024
-1.4477,10.5117
-1.4363,10.4952
-1.4219,10.5141
-1.4069,10.5430

# FrameTime=1781596486.34, PointCount=472
4.6511,18.2222
4.6492,18.2446
4.6755,18.2843
4.6691,18.3042
4.6685,18.3277
4.6704,18.3529
4.7036,18.4220
4.7347,18.4662
4.6969,18.4666
4.6018,18.4296
4.5907,18.4467
4.5796,18.4637
4.5448,18.4893
4.4977,18.4822
4.4932,18.5034
4.4778,18.5173
4.5093,18.5631
4.4937,18.5771
4.5240,18.6475
4.5560,18.6948
4.4215,18.6254
4.3624,18.6083
4.3509,18.6247
4.3077,18.6675
4.2758,18.6690
4.1957,18.6347
4.1840,18.6505
4.2508,18.7248
4.1885,18.7030
4.1351,18.6875
4.1886,18.7527
4.0836,18.6975
4.0678,18.7099
4.1050,18.7633
4.1560,18.8279
4.1344,18.8362
4.0530,18.7975
4.0271,18.8269
3.9719,18.8078
3.9714,18.8324
3.9747,18.8601
4.0088,18.9132
3.9847,18.9189
4.2607,19.1996
3.9432,18.9612
3.8771,18.9311
3.8645,18.9460
3.9333,19.0302
3.9243,19.0485
3.9022,19.0817
3.8441,19.0572
3.7449,18.9962
3.7097,18.9908
3.7156,19.0218
3.7028,19.0361
3.6714,19.0338
3.6309,19.0488
3.6495,19.0917
3.6344,19.1040
3.5994,19.0978
3.6009,19.1254
3.7101,19.2543
3.6794,19.2795
3.5682,19.2005
3.4665,19.1294
3.4354,19.1257
3.4473,19.1636
3.3948,19.1387
3.3755,19.1725
3.3516,19.1753
3.3278,19.1780
3.3286,19.2054
3.3222,19.2257
3.3367,19.2674
3.5098,19.4724
3.2679,19.2508
3.2302,19.2386
3.2202,19.2552
3.2204,19.2825
3.2445,19.3353
3.2786,19.3993
3.3075,19.4582
3.1673,19.3631
3.1332,19.3537
3.1059,19.3516
3.0888,19.3604
3.0783,19.3766
3.0811,19.4077
3.0753,19.4295
3.0415,19.4195
3.0242,19.4281
3.0036,19.4328
2.9666,19.4187
2.9232,19.3968
2.9158,19.4163
2.8974,19.4517
2.8865,19.4674
2.8916,19.5023
2.8518,19.4835
2.8217,19.4760
2.8139,19.4954
2.7885,19.5226
2.7899,19.5536
2.7848,19.5769
2.7719,19.5904
2.7496,19.5921
2.7320,19.5997
2.7113,19.6032
2.6761,19.6180
2.6432,19.6055
2.6347,19.6246
2.6533,19.6795
2.6701,19.7326
2.6371,19.7198
2.5776,19.7018
2.5627,19.7128
2.5508,19.7277
2.5153,19.7103
2.4990,19.7191
2.4783,19.7217
2.4484,19.7430
2.4535,19.7821
2.4642,19.8295
2.4205,19.7991
2.4025,19.8055
2.3760,19.7995
2.3960,19.8614
2.3345,19.8036
2.3277,19.8262
2.3180,19.8447
2.3000,19.8508
2.2764,19.8484
2.2529,19.8459
2.2771,19.9165
2.2169,19.8574
2.2043,19.8715
2.1916,19.8855
2.1869,19.9122
2.1900,19.9516
2.1612,19.9402
2.2050,20.0454
2.1300,19.9595
2.1144,19.9692
2.1312,20.0320
2.1128,20.0374
2.0854,20.0277
2.0708,20.0393
2.0422,20.0272
2.0130,20.0501
1.9809,20.0314
1.9825,20.0708
1.9454,20.0431
1.9048,20.0087
1.9234,20.0786
1.8744,20.0659
1.8706,20.0966
1.9099,20.2063
1.8379,20.1516
1.8146,20.1472
1.8125,20.1823
1.7543,20.1509
1.7543,20.1904
1.7426,20.2077
1.7308,20.2250
1.7053,20.2157
1.6866,20.2196
1.6315,20.1914
1.6152,20.1995
1.6253,20.2613
1.6328,20.3188
1.6031,20.2999
1.5756,20.2855
1.5317,20.2788
1.5215,20.3001
1.5270,20.3554
1.5165,20.3768
1.4902,20.3642
1.4755,20.3764
1.4678,20.4045
1.4335,20.3734
1.4227,20.3946
1.4058,20.4021
1.3909,20.4141
1.3759,20.4261
1.3598,20.4357
1.3457,20.4499
1.3134,20.4690
1.3001,20.4854
1.2867,20.5017
1.2723,20.5158
1.2522,20.5158
1.2312,20.5135
1.1911,20.5134
1.1702,20.5109
1.1601,20.5362
1.1464,20.5522
1.1379,20.5822
1.1309,20.6169
1.1353,20.6821
1.0853,20.6020
1.0781,20.6366
1.0400,20.5867
1.0225,20.5930
1.0361,20.6865
1.0383,20.7493
1.0384,20.8076
0.9359,20.5707
0.9201,20.5814
0.9283,20.6631
0.9409,20.7590
0.9316,20.7913
0.9166,20.8068
0.8783,20.7510
0.8186,20.6888
0.8189,20.7516
0.8099,20.7858
0.8036,20.8296
0.7854,20.8352
0.7352,20.7357
0.6922,20.7226
0.6799,20.7470
0.6703,20.7811
0.7013,20.9569
0.6614,20.8875
0.6505,20.9194
0.6280,20.9101
0.5969,20.9417
0.5933,21.0025
0.5597,20.9517
0.5512,20.9952
0.5407,21.0319
0.5286,21.0630
0.4751,21.0095
0.4551,21.0093
0.4328,20.9993
0.4013,20.9504
0.3942,21.0034
0.3845,21.0467
0.3357,21.0067
0.3158,21.0061
0.3132,21.0834
0.3033,21.1294
0.2863,21.1433
0.2634,21.1299
0.2530,21.1759
0.2271,21.1476
0.2079,21.1515
0.1888,21.1554
0.1734,21.1787
0.1494,21.1580
0.1293,21.1567
0.1100,21.1603
0.0645,21.1280
0.0550,21.1855
0.0416,21.2233
0.0432,21.3497
0.0264,21.3709
-0.0056,21.3002
-0.0508,21.2691
-0.0795,21.2129
-0.0997,21.2110
-0.1168,21.2287
-0.1334,21.2513
-0.1514,21.2640
-0.1574,21.3638
-0.1844,21.3140
-0.1971,21.3692
-0.2169,21.3718
-0.2387,21.3595
-0.2523,21.4116
-0.2745,21.3961
-0.2967,21.3787
-0.3331,21.4130
-0.3547,21.4004
-0.3643,21.5000
-0.3820,21.5270
-0.4041,21.5110
-0.4249,21.5080
-0.4687,21.4752
-0.4905,21.4589
-0.5023,21.5584
-0.5291,21.4822
-0.5461,21.5237
-0.5611,21.5950
-0.5777,21.6497
-0.6056,21.5482
-0.6230,21.5944
-0.6461,21.5559
-0.6674,21.5422
-0.6878,21.5434
-0.7081,21.5446
-0.7282,21.5506
-0.7690,21.5526
-0.7898,21.5436
-0.8096,21.5594
-0.8291,21.5851
-0.8475,21.6457
-0.8662,21.7113
-0.9084,21.6925
-0.9274,21.7763
-0.9485,21.7733
-0.9704,21.7237
-0.9910,21.7440
-1.0113,21.8191
-1.0326,21.7929
-1.0533,21.9143
-1.0748,21.8080
-1.0959,21.7495
-1.0834,15.1377
-1.0845,15.1376
-1.0857,15.1376
-1.1822,21.9173
-1.2028,21.8683
-1.2240,21.8580
-1.2465,21.9124
-1.2673,21.8869
-1.2889,21.8913
-1.3098,21.8757
-1.3324,21.9099
-1.3763,21.9332
-1.3992,21.9622
-1.4217,21.9812
-1.4429,21.9702
-1.4654,21.9840
-1.4859,21.9629
-1.5157,22.1001
-1.5326,22.0152
-1.5566,22.0487
-1.5804,22.0760
-1.6035,22.0905
-1.6344,22.2084
-1.6506,22.1271
-1.6814,22.2339
-1.6890,22.0538
-1.7165,22.1167
-1.7430,22.1645
-1.7694,22.2072
-1.7926,22.2141
-1.8140,22.2020
-1.8439,22.2744
-1.8917,22.2953
-1.9160,22.3077
-1.9381,22.3002
-1.9584,22.2778
-1.9839,22.2999
-2.0096,22.3220
-2.0588,22.3460
-2.0796,22.3282
-2.1043,22.3400
-2.1352,22.3956
-2.1616,22.4172
-2.1881,22.4386
-2.2148,22.4600
-2.2634,22.4684
-2.2788,22.4155
-2.3104,22.4661
-2.3327,22.4574
-2.3583,22.4684
-2.3831,22.4744
-2.4311,22.4763
-2.4577,22.4919
-2.4836,22.5025
-2.5104,22.5179
-2.5356,22.5234
-2.5607,22.5288
-2.6083,22.5247
-2.6296,22.5102
-2.6718,22.5985
-2.7053,22.6426
-2.7402,22.6915
-2.7713,22.7207
-2.7952,22.7156
-2.8418,22.7003
-2.8635,22.6852
-2.8928,22.7042
-2.9279,22.7474
-2.9678,22.8098
-3.0220,22.9307
-3.0603,22.8750
-3.0810,22.8545
-3.1138,22.8824
-3.1480,22.9150
-3.1923,22.9861
-3.2308,23.0329
-3.2882,23.0492
-3.3092,23.0281
-3.3391,23.0402
-3.3494,22.9805
-3.3928,23.0410
-3.4911,23.2942
-3.5167,23.2870
-3.5726,23.3844
-3.5973,23.3730
-3.6271,23.3789
-3.6358,23.3138
-3.6500,23.2679
-3.6857,23.2935
-3.7010,23.2523
-3.7789,23.3221
-3.8228,23.3711
-3.8562,23.3866
-3.8559,23.2975
-3.9080,23.3698
-3.9511,23.4134
-3.9934,23.3677
-4.0450,23.4345
-4.0828,23.4597
-4.1250,23.4967
-4.1810,23.5724
-4.2329,23.6350
-4.2933,23.7196
-4.3145,23.6944
-4.3431,23.6893
-4.3681,23.6748
-4.4111,23.7085
-4.4374,23.6970
-4.4500,23.6495
-4.4802,23.6487
-4.5408,23.6468
-4.5766,23.6596
-4.6941,23.8783
-4.7418,23.9185
-4.7898,23.9585
-4.4830,5.5099
-4.4261,5.5796
-4.3425,5.7248
-4.2279,5.9598
-4.1138,6.1156
-4.0665,6.1680
-4.0407,6.1591
-3.9375,6.3774
-3.8436,6.5725
-2.4769,8.9409
-2.4480,8.9853
-2.4148,9.0493
-2.3931,9.0648
-2.3672,9.0998
-2.3360,9.1593
-2.2844,9.2348
-2.2500,9.3142
-2.2161,9.3938
-2.1847,9.4637
-2.1568,9.5191
-2.1321,9.5600
-2.1316,9.4815
-2.0942,9.5881
-2.0702,9.6292
-2.0464,9.6704
-2.0316,9.6651
-1.9609,9.9643
-1.9412,9.9911
-1.9562,9.8236
-1.9015,10.0500
-1.8857,10.0574
-1.8633,10.1043
-1.8437,10.1364
-1.8186,10.2032
-1.8018,10.2207
-1.8049,10.1114
-1.7731,10.2263
-1.7580,10.2342
-1.7379,10.2766
-1.7259,10.2648
-1.7102,10.2787
-1.6867,10.2503
-1.4728,10.4917
-1.4600,10.4906
-1.4451,10.5143
-1.4332,10.5028
-1.4209,10.4967
-1.4054,10.5306
-1.3931,10.5247

# FrameTime=1781596486.44, PointCount=479
4.6276,18.2108
4.6598,18.2539
4.6776,18.2885
4.6670,18.3057
4.6578,18.3239
4.6344,18.3332
4.6701,18.3796
4.7056,18.4262
4.7283,18.4651
4.6568,18.4438
4.5954,18.4284
4.5733,18.4624
4.5746,18.4876
4.5343,18.4852
4.4981,18.4854
4.4926,18.5060
4.4193,18.4807
4.4751,18.5673
4.5568,18.6482
4.4849,18.6233
4.4692,18.6372
4.4070,18.6183
4.3358,18.5925
4.3492,18.6512
4.4333,18.7365
4.2692,18.6426
4.2615,18.6616
4.1814,18.6274
4.2059,18.6699
4.2246,18.7084
4.2263,18.7345
4.1864,18.7293
4.1092,18.6956
4.0814,18.6990
4.0696,18.7145
4.0989,18.7618
4.1444,18.8221
4.2124,18.9005
4.1278,18.8595
4.0348,18.8113
4.0171,18.8222
3.9580,18.7999
3.9770,18.8402
3.9842,18.8711
4.0057,18.9395
3.9508,18.9197
4.2662,19.2075
3.9027,18.9306
3.8749,18.9326
3.8967,18.9766
3.8918,19.0240
3.9395,19.0911
3.8850,19.0701
3.7968,19.0193
3.7352,18.9911
3.7038,18.9890
3.7491,19.0550
3.6969,19.0343
3.6803,19.0453
3.6489,19.0428
3.6435,19.0637
3.6547,19.1000
3.6212,19.0954
3.6045,19.1061
3.5856,19.1410
3.7249,19.2990
3.6265,19.2328
3.5207,19.1587
3.4535,19.1205
3.4368,19.1307
3.4105,19.1577
3.3866,19.1607
3.3627,19.1635
3.3318,19.1592
3.3186,19.1724
3.3264,19.2069
3.3241,19.2582
3.3349,19.2965
3.2727,19.2595
3.2245,19.2365
3.2111,19.2494
3.2251,19.2913
3.4398,19.5459
3.2388,19.3607
3.3272,19.4832
3.2503,19.4288
3.1685,19.3683
3.1277,19.3516
3.1004,19.3494
3.0832,19.3582
3.1279,19.4356
3.0722,19.4018
3.0599,19.4160
3.0360,19.4172
3.0154,19.4221
2.9948,19.4268
2.9611,19.4164
2.9006,19.4027
2.9093,19.4412
2.8985,19.4570
2.8940,19.4804
2.8926,19.5076
2.8528,19.4888
2.7990,19.4815
2.8038,19.5163
2.7958,19.5357
2.7940,19.5629
2.7873,19.5842
2.7666,19.5880
2.7298,19.6012
2.7122,19.6087
2.6915,19.6122
2.6617,19.6037
2.6349,19.5991
2.6356,19.6301
2.6601,19.6929
2.6500,19.7413
2.6171,19.7284
2.5694,19.6953
2.5635,19.7183
2.5397,19.7171
2.5102,19.7077
2.4819,19.7313
2.4641,19.7379
2.4462,19.7445
2.4341,19.7591
2.4634,19.8331
2.4069,19.7842
2.3654,19.7886
2.3671,19.8237
2.3323,19.8051
2.3255,19.8277
2.3075,19.8338
2.2895,19.8398
2.3141,19.9103
2.2535,19.8516
2.2355,19.8574
2.2147,19.8589
2.1967,19.8646
2.1868,19.8828
2.1847,19.9137
2.2052,19.9805
2.1723,19.9629
2.1408,19.9472
2.1200,19.9483
2.1475,20.0281
2.1264,20.0293
2.1067,20.0325
2.1025,20.0613
2.0648,20.0344
2.0400,20.0287
2.0191,20.0294
2.0071,20.0452
1.9762,20.0286
1.9740,20.0615
1.9333,20.0272
1.9065,20.0539
1.9004,20.0803
1.8625,20.0499
1.8974,20.1506
1.8872,20.1705
1.8662,20.1706
1.8630,20.2036
1.8266,20.1750
1.8033,20.1705
1.7707,20.1483
1.7614,20.1701
1.7498,20.1874
1.7381,20.2048
1.8120,20.3888
1.7099,20.2305
1.6822,20.2166
1.6636,20.2204
1.6226,20.1795
1.6241,20.2234
1.6451,20.3077
1.6307,20.3203
1.5886,20.3185
1.5547,20.2904
1.5295,20.2803
1.5299,20.3242
1.5290,20.3660
1.5111,20.3715
1.4785,20.3893
1.4585,20.3901
1.4416,20.3977
1.4206,20.3961
1.3976,20.3899
1.3867,20.4111
1.3727,20.4253
1.3547,20.4304
1.3416,20.4468
1.3264,20.4587
1.3132,20.4751
1.2999,20.4915
1.2884,20.5125
1.2843,20.5519
1.2383,20.5382
1.2173,20.5359
1.1963,20.5335
1.1789,20.5403
1.1598,20.5424
1.1370,20.5351
1.1199,20.5950
1.1217,20.6531
1.0797,20.5941
1.0776,20.6428
1.0412,20.5976
1.0067,20.5570
1.0440,20.7162
0.9702,20.5647
0.9627,20.5991
0.9223,20.5392
0.9341,20.6302
0.9374,20.6977
0.9387,20.7605
0.9294,20.7928
0.9418,20.8910
0.8901,20.7952
0.8358,20.6893
0.8286,20.7283
0.8198,20.7626
0.8271,20.8493
0.8000,20.8263
0.7577,20.8184
0.7094,20.7235
0.6858,20.7097
0.6792,20.7533
0.6765,20.8113
0.6977,20.9536
0.6408,20.8942
0.6232,20.9020
0.6100,20.9264
0.6020,20.9700
0.5826,20.9723
0.5588,20.9580
0.5599,21.0381
0.5366,21.0258
0.5222,21.0479
0.5075,21.0693
0.4777,21.0304
0.4529,21.0108
0.4271,20.9863
0.3979,20.9471
0.3721,21.0045
0.3556,21.0186
0.3335,21.0082
0.3147,21.0125
0.3110,21.0849
0.3032,21.1407
0.2670,21.1587
0.2390,21.1207
0.2239,21.1442
0.2038,21.1432
0.1846,21.1471
0.1655,21.1508
0.1271,21.1582
0.1088,21.1667
0.0860,21.1506
0.0623,21.1295
0.0537,21.1920
0.0455,21.2593
0.0469,21.3857
-0.0021,21.3363
-0.0290,21.2951
-0.0584,21.2360
-0.0809,21.2193
-0.1011,21.2174
-0.1183,21.2351
-0.1543,21.2606
-0.1731,21.2683
-0.1801,21.3631
-0.2006,21.3608
-0.2197,21.3684
-0.2370,21.3908
-0.2551,21.4082
-0.2718,21.4373
-0.2977,21.3901
-0.3176,21.3924
-0.3325,21.4393
-0.3564,21.4068
-0.3638,21.5264
-0.3841,21.5285
-0.4058,21.5174
-0.4309,21.4697
-0.4479,21.5047
-0.4709,21.4767
-0.4931,21.4554
-0.5128,21.4622
-0.5312,21.4837
-0.5663,21.5566
-0.5823,21.6179
-0.6082,21.5447
-0.6292,21.5361
-0.6511,21.5125
-0.6699,21.5387
-0.6825,21.6729
-0.7106,21.5411
-0.7307,21.5471
-0.7510,21.5482
-0.7719,21.5392
-0.7918,21.5501
-0.8114,21.5709
-0.8249,21.7598
-0.8514,21.5973
-0.8691,21.6878
-0.8890,21.7234
-0.9102,21.7089
-0.9293,21.7928
-0.9510,21.7598
-0.9722,21.7452
-1.0142,21.7457
-1.0348,21.8008
-1.0559,21.7995
-1.0833,15.1392
-1.0844,15.1392
-1.1192,21.7759
-1.0867,15.1392
-1.0878,15.1391
-1.0890,15.1391
-1.2047,21.8499
-1.2261,21.8595
-1.0924,15.1391
-1.2694,21.8834
-1.2944,22.0064
-1.3121,21.8822
-1.3332,21.8715
-1.3556,21.9007
-1.3781,21.9248
-1.4003,21.9388
-1.4227,21.9578
-1.4438,21.9468
-1.4898,21.9943
-1.5106,21.9781
-1.5354,22.0266
-1.5604,22.0751
-1.5833,22.0875
-1.6064,22.1020
-1.6574,22.1883
-1.6713,22.0820
-1.6925,22.0703
-1.7204,22.1381
-1.7465,22.1809
-1.7729,22.2227
-1.8167,22.2085
-1.8400,22.2162
-1.8707,22.2935
-1.8918,22.2770
-1.9176,22.3043
-1.9391,22.2918
-1.9600,22.2743
-2.0087,22.2987
-2.0351,22.3256
-2.0616,22.3524
-2.0831,22.3396
-2.1105,22.3712
-2.1394,22.4120
-2.1882,22.4253
-2.2155,22.4516
-2.2423,22.4729
-2.2663,22.4748
-2.2840,22.4367
-2.3126,22.4676
-2.3573,22.5966
-2.3564,22.4453
-2.3844,22.4710
-2.4092,22.4769
-2.4358,22.4926
-2.4617,22.5032
-2.4876,22.5138
-2.5415,22.6763
-2.5368,22.5200
-2.5629,22.5303
-2.5900,22.5454
-2.6086,22.5164
-2.6357,22.5313
-2.6888,22.6735
-2.7397,22.8006
-2.7994,22.8443
-2.7868,22.6683
-2.8202,22.7070
-2.8451,22.7067
-2.8700,22.7062
-2.8983,22.7203
-2.9672,22.9096
-2.9586,22.7627
-2.9999,22.8299
-3.0475,22.9214
-3.0577,22.8571
-3.0892,22.8802
-3.1172,22.8887
-3.2005,23.1154
-3.1870,22.9586
-3.2217,22.9909
-3.2654,23.0569
-3.2891,23.0459
-3.3140,23.0392
-3.3308,23.0032
-3.3569,23.0012
-3.4865,23.2717
-3.5203,23.2933
-3.5514,23.3051
-3.6093,23.4081
-3.6166,23.3373
-3.6352,23.3057
-3.6791,23.2664
-3.7076,23.2681
-3.7331,23.2602
-3.7961,23.3713
-3.8174,23.3488
-3.9291,23.6080
-3.9635,23.5338
-3.9470,23.3960
-3.9761,23.3968
-4.0036,23.3928
-4.0540,23.4560
-4.0928,23.4837
-4.1653,23.6080
-4.1467,23.4702
-4.2196,23.5927
-4.2719,23.6552
-4.3167,23.6959
-4.3487,23.7002
-4.3806,23.7044
-4.4324,23.7616
-4.4628,23.6790
-4.4753,23.6316
-4.5091,23.6400
-4.5466,23.6576
-4.6506,23.8441
-4.6999,23.8891
-4.7495,23.9339
-4.8196,23.9488
-4.4731,5.5443
-4.4060,5.6422
-4.3311,5.7639
-4.1920,5.9849
-4.1160,6.1172
-4.0654,6.1789
-4.0120,6.2504
-3.9284,6.4120
-3.8538,6.5503
-2.4826,8.9278
-2.4559,8.9625
-2.4260,9.0119
-2.3987,9.0517
-2.3683,9.1062
-2.3214,9.1571
-2.2908,9.2168
-2.2543,9.3060
-2.2183,9.3953
-2.1869,9.4652
-2.1589,9.5206
-2.1207,9.5486
-2.0964,9.5896
-2.0743,9.6209
-2.0486,9.6719
-2.0068,9.8114
-1.9658,9.9510
-1.9309,9.9803
-1.9037,10.0515
-1.8862,10.0688
-1.8729,10.0615
-1.8531,10.0936
-1.8296,10.1505
-1.8086,10.1031
-1.7738,10.2377
-1.7602,10.2357
-1.7408,10.2732
-1.7288,10.2613
-1.7125,10.2792
-1.6876,10.2607
-1.4764,10.4783
-1.4618,10.4967
-1.4473,10.5158
-1.4342,10.5192
-1.4227,10.5032
-1.4076,10.5321
-1.3960,10.5162

# FrameTime=1781596486.54, PointCount=478
4.6429,18.2250
4.6453,18.2499
4.6801,18.2949
4.6609,18.3069
4.6560,18.3277
4.7370,18.4023
4.6556,18.3754
4.6996,18.4273
4.7264,18.4689
4.6803,18.4638
4.5936,18.4322
4.5867,18.4519
4.5840,18.4744
4.6326,18.5309
4.5407,18.4945
4.4963,18.4891
4.4933,18.5114
4.4821,18.5282
4.5094,18.5712
4.5913,18.6520
4.4864,18.6047
4.5241,18.6556
4.5396,18.6914
4.4133,18.6277
4.3502,18.6078
4.3509,18.6327
4.4677,18.7412
4.2915,18.6639
4.2717,18.6741
4.1916,18.6399
4.1960,18.6676
4.2508,18.7329
4.1924,18.7141
4.1192,18.7083
4.0795,18.7026
4.0637,18.7150
4.1048,18.7715
4.1622,18.8410
4.1342,18.8444
4.0983,18.8415
4.0190,18.8289
3.9600,18.8066
3.9712,18.8406
3.9705,18.8652
4.0008,18.9151
3.9690,18.9145
4.1351,19.0774
4.2526,19.2016
3.9276,18.9566
3.8729,18.9362
3.8641,18.9542
3.9139,19.0223
3.9277,19.0600
3.8942,19.0835
3.8286,19.0524
3.7444,19.0045
3.7055,18.9958
3.7114,19.0267
3.6986,19.0411
3.6543,19.0530
3.6340,19.0604
3.6489,19.1001
3.6302,19.1090
3.5951,19.1027
3.5967,19.1304
3.6995,19.2805
3.6678,19.2776
3.5531,19.1950
3.4658,19.1378
3.4311,19.1305
3.4323,19.1580
3.7031,19.4498
3.3774,19.1570
3.3606,19.1668
3.3403,19.1731
3.3200,19.1793
3.3243,19.2102
3.3179,19.2305
3.3359,19.2758
3.2636,19.2556
3.2224,19.2398
3.2090,19.2527
3.2161,19.2873
3.2402,19.3401
3.2777,19.4077
3.2822,19.4688
3.1562,19.3606
3.1289,19.3585
3.1016,19.3563
3.0811,19.3615
3.0806,19.3888
3.0628,19.4249
3.0404,19.4279
3.0198,19.4328
2.9992,19.4375
2.9623,19.4234
2.9156,19.3977
3.0009,19.5254
2.9007,19.4368
2.8931,19.4564
2.8822,19.4721
2.8873,19.5069
2.8506,19.4920
2.8173,19.4806
2.8840,19.5908
2.8016,19.5194
2.7841,19.5272
2.7886,19.5621
2.7820,19.5834
2.7706,19.5989
2.7421,19.5929
2.7276,19.6043
2.6924,19.6192
2.6655,19.6147
2.6388,19.6101
2.6333,19.6331
2.6519,19.6881
2.6656,19.7372
2.6148,19.7315
2.5702,19.7024
2.5553,19.7133
2.5419,19.7263
2.5079,19.7108
2.4945,19.7236
2.5072,19.7729
2.4647,19.7450
2.4526,19.7597
2.4519,19.7907
2.4626,19.8382
2.4131,19.7995
2.3923,19.8018
2.3716,19.8040
2.3328,19.8122
2.3204,19.8266
2.3052,19.8368
2.2872,19.8427
2.2692,19.8487
2.2485,19.8503
2.2151,19.8661
2.1971,19.8717
2.1844,19.8858
2.1797,19.9124
2.1882,19.9602
2.1514,19.9361
2.1229,19.9597
2.1151,19.9821
2.1267,20.0364
2.1070,20.0396
2.0757,20.0235
2.0560,20.0265
2.0351,20.0273
2.0383,20.0690
2.0085,20.0545
1.9738,20.0314
1.9816,20.0816
1.9334,20.0344
1.9101,20.0304
1.9189,20.0829
1.9554,20.1856
1.8626,20.0571
1.8757,20.1185
1.9077,20.2150
1.8357,20.1603
1.8147,20.1603
1.7823,20.1776
1.7521,20.1596
1.7497,20.1947
1.7380,20.2120
1.7262,20.2293
1.6961,20.2110
1.7915,20.4401
1.6701,20.2410
1.6224,20.1867
1.6128,20.2082
1.6339,20.2925
1.6304,20.3275
1.6028,20.3132
1.7062,20.5713
1.5522,20.2931
1.5271,20.2830
1.5232,20.3179
1.5244,20.3642
1.5118,20.3810
1.4876,20.3729
1.4739,20.3874
1.4329,20.3867
1.4160,20.3942
1.4011,20.4063
1.3862,20.4183
1.3712,20.4303
1.3561,20.4422
1.3220,20.4567
1.3087,20.4731
1.2973,20.4941
1.2839,20.5105
1.2761,20.5407
1.2494,20.5246
1.2110,20.5292
1.1882,20.5221
1.1691,20.5243
1.1554,20.5403
1.1327,20.5330
1.1313,20.5816
1.1430,20.6655
1.1138,20.6416
1.0806,20.6060
1.0751,20.6453
1.0386,20.6001
0.9991,20.5454
0.9801,20.5469
0.9544,20.5296
0.9148,20.5275
0.9461,20.6752
0.9348,20.7002
0.9329,20.7535
0.9268,20.7953
0.9087,20.8013
0.8409,20.7155
0.8184,20.7070
0.8171,20.7650
0.8125,20.8136
0.7988,20.8336
0.7776,20.8296
0.7863,20.9239
0.7082,20.7307
0.6860,20.7217
0.6751,20.7509
0.6669,20.7898
0.6923,20.9465
0.6539,20.8818
0.6416,20.9089
0.6291,20.9354
0.6047,20.9191
0.5946,20.9552
0.5845,20.9919
0.5549,20.9555
0.5514,21.0184
0.5346,21.0309
0.5048,21.0716
0.4678,21.0037
0.4478,21.0034
0.4256,20.9935
0.3952,20.9494
0.3881,21.0024
0.3573,21.0403
0.3319,21.0154
0.3098,21.0050
0.3083,21.0872
0.2984,21.1332
0.2824,21.1520
0.2652,21.1658
0.2363,21.1230
0.2212,21.1465
0.2010,21.1455
0.1819,21.1493
0.1627,21.1531
0.1435,21.1568
0.1225,21.1506
0.0859,21.1676
0.0596,21.1317
0.0509,21.1941
0.0375,21.2320
0.0407,21.3682
0.0190,21.3598
-0.0326,21.2923
-0.0597,21.2481
-0.0845,21.2166
-0.1054,21.2097
-0.1218,21.2323
-0.1376,21.2599
-0.1746,21.2803
-0.1874,21.3325
-0.2034,21.3629
-0.2219,21.3754
-0.2418,21.3780
-0.2579,21.4103
-0.2801,21.3947
-0.3210,21.3895
-0.3365,21.4315
-0.3608,21.3940
-0.3678,21.5185
-0.3865,21.5356
-0.4111,21.4946
-0.4499,21.5167
-0.4738,21.4787
-0.4951,21.4674
-0.5160,21.4592
-0.5349,21.4758
-0.5500,21.5421
-0.5610,21.6666
-0.5860,21.6099
-0.6114,21.5417
-0.6294,21.5779
-0.6540,21.5145
-0.6731,21.5357
-0.6931,21.5419
-0.7132,21.5480
-0.7537,21.5551
-0.7738,21.5610
-0.7945,21.5569
-0.8149,21.5578
-0.8338,21.5985
-0.8518,21.6741
-0.8921,21.7202
-0.9133,21.7058
-0.9325,21.7847
-0.9539,21.7666
-0.9753,21.7420
-0.9961,21.7523
-1.0378,21.7926
-1.0589,21.8013
-1.0800,21.8113
-1.0851,15.1410
-1.1222,21.7877
-1.1434,21.7975
-1.1656,21.9009
-1.0897,15.1409
-1.2080,21.8716
-1.2291,21.8612
-1.2520,21.9257
-1.2725,21.8902
-1.2942,21.8996
-1.3147,21.8690
-1.3587,21.9024
-1.3811,21.9265
-1.4037,21.9505
-1.4258,21.9595
-1.4466,21.9434
-1.4711,21.9972
-1.5128,21.9648
-1.5390,22.0382
-1.5622,22.0568
-1.5860,22.0841
-1.6081,22.0837
-1.6426,22.2505
-1.6639,22.2338
-1.6752,22.0936
-1.6947,22.0619
-1.7222,22.1247
-1.7488,22.1725
-1.7764,22.2293
-1.7979,22.2172
-1.8193,22.2051
-1.8718,22.2751
-1.8949,22.2785
-1.9197,22.2959
-1.9434,22.3033
-1.9632,22.2758
-1.9893,22.3029
-2.0383,22.3271
-2.0654,22.3588
-2.0856,22.3361
-2.1110,22.3528
-2.1412,22.4035
-2.1670,22.4201
-2.2173,22.4431
-2.2448,22.4694
-2.2695,22.4762
-2.2849,22.4233
-2.3166,22.4739
-2.3365,22.4505
-2.3868,22.4674
-2.4116,22.4733
-2.4373,22.4841
-2.4649,22.5046
-2.4908,22.5151
-2.5195,22.5403
-2.5428,22.5360
-2.5932,22.5467
-2.6127,22.5225
-2.6350,22.5130
-2.6891,22.6600
-2.7410,22.7921
-2.7764,22.8409
-2.7986,22.8260
-2.7933,22.6841
-2.8224,22.7034
-2.8495,22.7127
-2.8711,22.6976
-2.8983,22.7069
-2.9367,22.7646
-3.0007,22.9294
-3.0009,22.8214
-3.0508,22.9226
-3.0646,22.8728
-3.0902,22.8717
-3.1193,22.8850
-3.1621,22.9514
-3.2290,23.1100
-3.2238,22.9871
-3.2637,23.0386
-3.2964,23.0614
-3.3161,23.0354
-3.3382,23.0187
-3.3576,22.9926
-3.4671,23.2895
-3.5224,23.2894
-3.5535,23.3013
-3.6100,23.3994
-3.6243,23.3526
-3.6372,23.3019
-3.6571,23.2751
-3.7150,23.3733
-3.7140,23.2785
-3.7336,23.2516
-3.7936,23.3531
-3.8254,23.3640
-3.8650,23.3985
-3.9330,23.5194
-3.9795,23.5726
-3.9458,23.3826
-3.9828,23.4071
-4.0023,23.3794
-4.0576,23.4568
-4.0947,23.4798
-4.1274,23.4896
-4.1917,23.5887
-4.2687,23.6371
-4.3187,23.6918
-4.3506,23.6962
-4.3774,23.6863
-4.4326,23.7528
-4.4361,23.6804
-4.4825,23.6415
-4.5109,23.6359
-4.5520,23.6628
-4.5860,23.6710
-4.7036,23.8897
-4.7533,23.9345
-4.7957,23.9605
-4.9071,23.9960
-4.4635,5.5637
-4.4034,5.6429
-4.3388,5.7364
-4.2360,5.9385
-4.1561,6.0799
-4.0696,6.1608
-4.0242,6.2086
-3.9551,6.3276
-3.8515,6.5512
-2.4671,8.9104
-2.4314,8.9840
-2.4006,9.0384
-2.3735,9.0783
-2.3423,9.1378
-2.3114,9.1975
-2.2602,9.2732
-2.2262,9.3527
-2.1917,9.4373
-2.1627,9.4976
-2.1370,9.5434
-2.1126,9.5843
-2.0740,9.6174
-2.0511,9.6537
-2.0157,9.7589
-1.9719,9.9133
-1.9450,9.9794
-1.9211,10.0309
-1.8876,10.0555
-1.8719,10.0630
-1.8578,10.0606
-1.8373,10.0978
-1.8155,10.1449
-1.7924,10.2019
-1.7614,10.2224
-1.7471,10.2253
-1.7299,10.2481
-1.7150,10.2561
-1.6995,10.2690
-1.6873,10.2573
-1.4873,10.4911
-1.4746,10.4895
-1.4622,10.4838
-1.4464,10.5175
-1.4345,10.5061
-1.4206,10.5199
-1.4154,10.4192
-1.3936,10.5379

# FrameTime=1781596486.64, PointCount=475
4.6481,18.2279
4.6504,18.2529
4.6767,18.2926
4.6661,18.3099
4.6570,18.3281
4.7337,18.4000
4.6608,18.3784
4.7006,18.4277
4.7274,18.4692
4.6897,18.4695
4.5987,18.4353
4.5793,18.4469
4.5808,18.4721
4.6211,18.5230
4.5418,18.4949
4.4988,18.4906
4.4902,18.5091
4.4831,18.5286
4.5146,18.5745
4.5965,18.6552
4.4916,18.6080
4.5210,18.6532
4.5448,18.6947
4.4144,18.6282
4.3635,18.6169
4.3479,18.6304
4.4647,18.7387
4.2886,18.6615
4.2688,18.6717
4.1927,18.6405
4.1930,18.6652
4.2519,18.7335
4.1895,18.7118
4.1243,18.7119
4.0806,18.7033
4.0648,18.7157
4.1060,18.7721
4.1594,18.8386
4.1275,18.8389
4.0995,18.8421
4.0241,18.8327
3.9612,18.8073
3.9685,18.8381
3.9717,18.8659
4.0020,18.9158
3.9741,18.9184
4.2501,19.1990
3.9365,18.9637
3.8741,18.9369
3.8577,18.9486
3.9228,19.0295
3.9251,19.0575
3.8955,19.0842
3.8336,19.0565
3.7419,19.0020
3.7105,18.9999
3.7127,19.0276
3.6999,19.0419
3.7820,19.1417
3.6519,19.0505
3.6242,19.0512
3.6502,19.1009
3.6241,19.1031
3.6001,19.1070
3.5943,19.1279
3.7181,19.2703
3.7024,19.2827
3.6729,19.2819
3.5617,19.2029
3.4635,19.1353
3.4325,19.1315
3.4444,19.1694
3.7153,19.4611
3.3787,19.1580
3.3691,19.1749
3.3452,19.1776
3.3214,19.1803
3.3257,19.2112
3.3193,19.2316
3.3373,19.2769
3.2650,19.2567
3.2273,19.2445
3.2138,19.2574
3.2106,19.2812
3.2382,19.3376
3.2757,19.4051
3.2803,19.4662
3.1610,19.3653
3.1337,19.3633
3.1064,19.3612
3.0825,19.3626
3.0787,19.3862
3.0782,19.4136
3.0725,19.4354
3.0419,19.4291
3.0213,19.4340
2.9974,19.4350
2.9604,19.4208
2.9171,19.3989
2.9129,19.4223
2.8946,19.4576
2.8869,19.4772
2.8888,19.5082
2.8489,19.4894
2.8157,19.4781
2.8078,19.4975
2.7856,19.5285
2.7870,19.5595
2.7820,19.5828
2.7690,19.5963
2.7406,19.5903
2.7261,19.6017
2.7685,19.6859
2.6939,19.6205
2.6702,19.6200
2.6404,19.6115
2.6318,19.6305
2.6504,19.6854
2.6672,19.7385
2.6313,19.7218
2.6507,19.7789
2.5717,19.7038
2.5599,19.7188
2.5450,19.7297
2.5124,19.7163
2.4976,19.7270
2.4783,19.7317
2.4513,19.7571
2.4507,19.7881
2.4614,19.8355
2.4176,19.8051
2.3997,19.8115
2.3732,19.8055
2.3317,19.8096
2.3249,19.8322
2.3124,19.8466
2.2944,19.8526
2.2736,19.8544
2.2501,19.8519
2.2114,19.8592
2.1988,19.8733
2.1861,19.8874
2.1814,19.9140
2.1899,19.9618
2.1557,19.9420
2.2022,20.0514
2.1246,19.9613
2.1142,19.9795
2.1310,20.0423
2.1087,20.0413
2.0800,20.0294
2.0629,20.0367
2.0368,20.0289
2.0102,20.0562
1.9781,20.0374
1.9822,20.0812
1.9351,20.0361
1.9094,20.0278
1.9182,20.0803
1.8692,20.0676
1.8702,20.1071
1.9047,20.2079
1.8327,20.1533
1.8118,20.1532
1.8203,20.2081
1.7934,20.1970
1.7562,20.1658
1.7538,20.2009
1.7375,20.2094
1.7303,20.2356
1.6980,20.2129
1.6861,20.2301
1.6265,20.1930
1.6124,20.2056
1.6247,20.2719
1.6301,20.3249
1.6025,20.3106
1.5750,20.2961
1.5311,20.2894
1.5209,20.3108
1.5242,20.3615
1.5116,20.3784
1.4896,20.3748
1.4727,20.3825
1.4857,20.4562
1.4308,20.3796
1.4200,20.4008
1.4031,20.4083
1.3881,20.4203
1.3731,20.4322
1.3581,20.4442
1.3479,20.4676
1.3259,20.4633
1.3126,20.4798
1.2993,20.4961
1.2859,20.5125
1.2677,20.5173
1.2514,20.5266
1.2285,20.5197
1.1902,20.5242
1.1693,20.5217
1.1574,20.5424
1.1365,20.5398
1.1334,20.5837
1.1318,20.6324
1.0809,20.6035
1.0737,20.6381
1.0373,20.5929
0.9994,20.5429
0.9804,20.5444
0.9497,20.5129
0.9266,20.5580
0.9514,20.6868
0.9417,20.7165
0.9366,20.7604
0.9273,20.7927
0.9140,20.8130
0.8771,20.7619
0.8190,20.7045
0.8147,20.7530
0.8042,20.7825
0.7995,20.8311
0.7813,20.8367
0.7311,20.7372
0.6867,20.7192
0.6758,20.7485
0.6676,20.7873
0.6972,20.9584
0.6560,20.8841
0.6452,20.9160
0.6056,20.9167
0.5955,20.9528
0.5893,21.0039
0.5571,20.9579
0.5486,21.0015
0.5393,21.0430
0.5626,21.2125
0.5095,21.0837
0.4724,21.0158
0.4512,21.0107
0.4290,21.0008
0.3951,20.9421
0.3915,21.0097
0.3807,21.0482
0.3330,21.0130
0.3121,21.0075
0.3095,21.0848
0.2996,21.1308
0.2836,21.1496
0.2597,21.1313
0.2245,21.1539
0.2043,21.1529
0.1851,21.1568
0.1660,21.1605
0.1458,21.1594
0.1266,21.1630
0.1262,21.2678
0.0882,21.1702
0.0619,21.1344
0.0523,21.1919
0.0382,21.2248
0.0415,21.3610
0.0238,21.3773
-0.0098,21.2967
-0.0068,21.4399
-0.0542,21.2705
-0.0814,21.2242
-0.1023,21.2173
-0.1194,21.2350
-0.1353,21.2626
-0.1548,21.2654
-0.1863,21.3253
-0.2010,21.3657
-0.2202,21.3732
-0.2406,21.3709
-0.2549,21.4180
-0.2767,21.4056
-0.2913,21.4527
-0.3181,21.3973
-0.3352,21.4244
-0.3590,21.3918
-0.3658,21.5164
-0.3840,21.5384
-0.4082,21.5024
-0.4262,21.5276
-0.4472,21.5213
-0.4718,21.4766
-0.4931,21.4653
-0.5132,21.4671
-0.5325,21.4787
-0.5475,21.5450
-0.5629,21.6113
-0.6086,21.5496
-0.6266,21.5859
-0.6515,21.5175
-0.6694,21.5586
-0.6903,21.5498
-0.7101,21.5610
-0.7244,21.6801
-0.7509,21.5631
-0.7711,21.5691
-0.7920,21.5600
-0.8124,21.5608
-0.8315,21.5966
-0.8498,21.6622
-0.8660,21.8061
-0.8895,21.7233
-0.9110,21.6989
-0.9297,21.7928
-0.9510,21.7847
-0.9728,21.7402
-0.9935,21.7554
-1.0142,21.7806
-1.0563,21.7995
-1.0774,21.8245
-1.0984,21.7610
-1.1196,21.7959
-1.1406,21.7858
-1.1629,21.8991
-1.0903,15.1441
-1.2049,21.8499
-1.2264,21.8595
-1.2491,21.9189
-1.2704,21.9134
-1.2917,21.9078
-1.3123,21.8822
-1.3347,21.9115
-1.3787,21.9348
-1.4013,21.9588
-1.4233,21.9678
-1.4454,21.9767
-1.4681,21.9956
-1.4884,21.9694
-1.5354,22.0267
-1.5588,22.0502
-1.5829,22.0826
-1.6060,22.0971
-1.6405,22.2639
-1.6512,22.1087
-1.6920,22.0654
-1.7199,22.1332
-1.7455,22.1710
-1.7723,22.2187
-1.7951,22.2207
-1.8160,22.2036
-1.8469,22.2860
-1.8931,22.2920
-1.9190,22.3193
-1.9400,22.3019
-1.9603,22.2795
-1.9864,22.3065
-2.0115,22.3236
-2.0606,22.3477
-2.0834,22.3447
-2.1061,22.3417
-2.1390,22.4121
-2.1647,22.4287
-2.1913,22.4502
-2.2411,22.4682
-2.2651,22.4701
-2.2797,22.4123
-2.3136,22.4777
-2.3336,22.4543
-2.3607,22.4751
-2.4128,22.6433
-2.4095,22.4821
-2.4352,22.4928
-2.4619,22.5084
-2.4887,22.5239
-2.5174,22.5491
-2.5389,22.5350
-2.5902,22.6775
-2.5874,22.5359
-2.6088,22.5216
-2.6321,22.5170
-2.6752,22.6102
-2.7098,22.6592
-2.7498,22.7324
-2.7706,22.7128
-2.8204,22.7123
-2.8442,22.7070
-2.8659,22.6920
-2.8963,22.7158
-2.9314,22.7590
-2.9736,22.8312
-3.0465,22.9219
-3.0615,22.8769
-3.0846,22.8661
-3.1150,22.8843
-3.1540,22.9363
-3.1947,22.9929
-3.2559,23.1272
-3.2592,23.0380
-3.2919,23.0609
-3.3129,23.0397
-3.3349,23.0230
-3.3544,22.9969
-3.4719,23.3227
-3.4948,23.3059
-3.5488,23.3009
-3.6010,23.3846
-3.6308,23.3905
-3.6367,23.3159
-3.6523,23.2747
-3.6866,23.2956
-3.7288,23.2513
-3.7872,23.3481
-3.8251,23.3780
-3.8586,23.3935
-3.9311,23.5288
-3.9118,23.3815
-3.9518,23.4156
-3.9973,23.3793
-4.0574,23.4709
-4.0835,23.4619
-4.1240,23.4942
-4.1849,23.5840
-4.2352,23.6419
-4.3134,23.6919
-4.3453,23.6963
-4.3687,23.6771
-4.4186,23.7295
-4.4379,23.6993
-4.4541,23.6612
-4.5110,23.6501
-4.5449,23.6584
-4.5825,23.6759
-4.7037,23.9039
-4.7533,23.9487
-4.7995,23.9841
-4.4982,5.5740
-4.4550,5.6061
-4.3933,5.6899
-4.3185,5.8117
-4.1862,6.0139
-4.1252,6.1037
-4.0664,6.1891
-3.8275,6.6410
-2.4953,8.8893
-2.4673,8.9288
-2.4362,8.9830
-2.4031,9.0471
-2.3727,9.1016
-2.3258,9.1525
-2.2940,9.2171
-2.2585,9.3014
-2.2245,9.3809
-2.1900,9.4655
-2.1631,9.5160
-2.1218,9.5586
-2.0985,9.5947
-2.0773,9.6211
-2.0507,9.6770
-2.0190,9.7625
-1.9769,9.9070
-1.9373,9.9608
-1.9109,10.0271
-1.8916,10.0542
-1.8750,10.0666
-1.8576,10.0839
-1.8428,10.0865
-1.8063,10.1364
-1.7863,10.1737
-1.7674,10.2062
-1.7516,10.2190
-1.7358,10.2318
-1.7166,10.2694
-1.6917,10.2509
-1.4774,10.4933
-1.4637,10.5021
-1.4493,10.5208
-1.4370,10.5143
-1.4254,10.4983
-1.4096,10.5372
-1.3980,10.5213

# FrameTime=1781596486.74, PointCount=481
4.6345,18.2207
4.6732,18.2915
4.6611,18.3078
4.6816,18.3444
4.6878,18.3723
4.6896,18.3976
4.7251,18.4443
4.7071,18.4818
4.6190,18.4494
4.5743,18.4447
4.5675,18.4644
4.5647,18.4868
4.5092,18.4744
4.4965,18.4901
4.5324,18.5385
4.4466,18.5050
4.4890,18.5581
4.4858,18.5805
4.5525,18.6510
4.5640,18.6841
4.4580,18.6351
4.5050,18.6930
4.3979,18.6423
4.3186,18.6106
4.3598,18.6646
4.3952,18.7149
4.2555,18.6386
4.2438,18.6546
4.4439,18.8518
4.2366,18.7233
4.2127,18.7302
4.1633,18.7178
4.0956,18.6913
4.0679,18.6947
4.0838,18.7561
4.1010,18.7943
4.1425,18.8517
4.0846,18.8315
4.0551,18.8334
3.9920,18.8083
3.9721,18.8172
4.0937,18.9403
3.9593,18.8570
3.9819,18.9005
4.0042,18.9443
3.9801,18.9500
4.1955,19.1548
3.8973,18.9322
4.1424,19.1639
3.8532,18.9458
3.9776,19.0774
3.9054,19.0418
3.9417,19.0991
3.8797,19.0717
3.7764,19.0077
3.7209,19.0104
3.7044,19.0215
3.6991,19.0425
3.6862,19.0568
3.6844,19.0811
3.6678,19.0921
3.6401,19.1190
3.6140,19.1211
3.6045,19.1386
3.6387,19.1971
3.7256,19.3058
3.6286,19.2411
3.5501,19.1930
3.4844,19.1565
3.4281,19.1286
3.4365,19.1630
3.4018,19.1556
3.3851,19.1655
3.3647,19.1719
3.4737,19.3070
3.3241,19.1844
3.2968,19.1834
3.3115,19.2250
3.3296,19.2702
3.3160,19.2835
3.2434,19.2357
3.2300,19.2486
3.1961,19.2672
3.2203,19.3200
3.2579,19.3874
3.3345,19.4974
3.2081,19.3897
3.1535,19.3585
3.1157,19.3728
3.0851,19.3668
3.0713,19.3793
3.0741,19.4104
3.0701,19.4341
3.0477,19.4371
3.0552,19.4739
3.0032,19.4430
2.9728,19.4364
2.9359,19.4221
2.9024,19.4114
2.9079,19.4462
2.8938,19.4581
2.9715,19.5790
2.8816,19.5010
2.8546,19.4976
2.8276,19.4940
2.8007,19.4903
2.7992,19.5174
2.8006,19.5484
2.7894,19.5639
2.7683,19.5968
2.7491,19.6025
2.7284,19.6061
2.7077,19.6097
2.6962,19.6250
2.6541,19.6008
2.6280,19.6271
2.6255,19.6541
2.6439,19.7091
2.6455,19.7423
2.6186,19.7374
2.5710,19.7043
2.5575,19.7484
2.5205,19.7289
2.4939,19.7235
2.4805,19.7363
2.4626,19.7429
2.4592,19.7698
2.4528,19.7927
2.4368,19.8343
2.4017,19.8161
2.3837,19.8224
2.3601,19.8205
2.3477,19.8349
2.3436,19.8618
2.3019,19.8656
2.2783,19.8632
2.2521,19.8566
2.2313,19.8582
2.2133,19.8640
2.1980,19.8738
2.1726,19.9019
2.1705,19.9328
2.1603,19.9510
2.1368,19.9480
2.1527,20.0086
2.1461,20.0332
2.1276,20.0386
2.1415,20.0973
2.0869,20.0428
2.0749,20.0587
2.0552,20.0617
2.0342,20.0625
1.9982,20.0374
2.0212,20.1135
1.9640,20.0515
1.9592,20.0800
1.9062,20.0239
1.9248,20.0938
1.8892,20.0680
1.8611,20.0550
1.9081,20.1776
1.8672,20.1801
1.8367,20.1626
1.8016,20.1362
1.8019,20.1756
1.7599,20.1357
1.7671,20.1884
1.8167,20.3232
1.7413,20.2188
1.7295,20.2361
1.7017,20.2223
1.6763,20.2128
1.6555,20.2121
1.6168,20.1757
1.7170,20.4188
1.6173,20.2590
1.6315,20.3299
1.5995,20.3066
1.5764,20.3011
1.5469,20.2820
1.5282,20.2854
1.5328,20.3384
1.5088,20.3744
1.4909,20.3799
1.4750,20.3899
1.4571,20.3953
1.4341,20.3892
1.4192,20.4013
1.3854,20.4162
1.3724,20.4328
1.3553,20.4401
1.3403,20.4520
1.3271,20.4684
1.3119,20.4803
1.3072,20.5175
1.2794,20.4992
1.2641,20.5109
1.2468,20.5179
1.2277,20.5202
1.2067,20.5179
1.1839,20.5108
1.1931,20.5851
1.1584,20.5476
1.1447,20.5636
1.1326,20.5843
1.1204,20.6049
1.1134,20.6396
1.0801,20.6040
1.0557,20.5917
1.0105,20.5763
0.9746,20.5308
0.9706,20.5746
0.9317,20.5195
0.9504,20.6293
0.9426,20.6637
0.9692,20.8000
0.9294,20.7420
0.9241,20.7859
0.9116,20.8087
0.8810,20.7767
0.8314,20.6850
0.8304,20.7431
0.8631,20.9085
0.8005,20.7735
0.8120,20.8745
0.7907,20.8706
0.7492,20.7998
0.7081,20.7288
0.6902,20.7341
0.6821,20.7729
0.6860,20.9226
0.6757,20.9567
0.6477,20.9283
0.6206,20.9024
0.6127,20.9461
0.6125,21.0187
0.5563,20.9584
0.5440,20.9875
0.5348,21.0290
0.5277,21.0794
0.5026,21.0600
0.4728,21.0211
0.4619,21.0577
0.4353,21.0304
0.4013,20.9718
0.3792,20.9616
0.3862,21.0758
0.3499,21.0044
0.3322,21.0135
0.3178,21.0373
0.2950,21.1139
0.2828,21.1501
0.2641,21.1562
0.2419,21.1456
0.2237,21.1544
0.2036,21.1534
0.1652,21.1611
0.1460,21.1648
0.1258,21.1635
0.1085,21.1770
0.0820,21.1412
0.0664,21.1644
0.0348,21.2105
0.0323,21.3123
0.0349,21.4486
0.0024,21.3762
-0.0318,21.2906
-0.0620,21.2266
-0.0845,21.2099
-0.1217,21.2257
-0.1375,21.2532
-0.1541,21.2758
-0.1709,21.2984
-0.1813,21.3685
-0.2004,21.3761
-0.2408,21.3763
-0.2557,21.4185
-0.2774,21.4061
-0.2989,21.3955
-0.3177,21.4077
-0.3348,21.4348
-0.3442,21.5346
-0.3722,21.4640
-0.3853,21.5339
-0.4080,21.5129
-0.4311,21.4851
-0.4510,21.4902
-0.4719,21.4839
-0.4878,21.5337
-0.5312,21.5041
-0.5425,21.6186
-0.5652,21.5919
-0.5835,21.6234
-0.6069,21.5850
-0.6314,21.5266
-0.6714,21.5392
-0.6914,21.5454
-0.7115,21.5515
-0.7318,21.5526
-0.7522,21.5536
-0.7730,21.5446
-0.7853,21.7336
-0.8127,21.5713
-0.8326,21.5871
-0.8519,21.6227
-0.8698,21.7083
-0.8904,21.7189
-0.9104,21.7544
-0.9304,21.7983
-0.9736,21.7407
-0.9942,21.7610
-1.0153,21.7562
-1.0359,21.8049
-1.0570,21.8150
-1.0781,21.8200
-1.1203,21.7764
-1.1413,21.7763
-1.1630,21.8310
-1.1843,21.8408
-1.2058,21.8554
-1.2275,21.8750
-1.2516,21.9981
-1.2714,21.9239
-1.2925,21.9084
-1.3136,21.8977
-1.3348,21.8920
-1.3573,21.9212
-1.3798,21.9453
-1.4031,21.9830
-1.4253,21.9933
-1.4460,21.9723
-1.4676,21.9711
-1.4900,21.9849
-1.5123,21.9936
-1.5380,22.0571
-1.5627,22.0995
-1.6078,22.1115
-1.6321,22.1408
-1.6520,22.1093
-1.6708,22.0677
-1.6960,22.1057
-1.7228,22.1586
-1.7511,22.2254
-1.7713,22.1994
-1.7954,22.2163
-1.8168,22.2042
-1.8456,22.2666
-1.8744,22.3247
-1.8960,22.3124
-1.9285,22.3986
-1.9396,22.2925
-1.9605,22.2750
-1.9842,22.2823
-2.0116,22.3192
-2.0374,22.3412
-2.0633,22.3630
-2.0886,22.3792
-2.1377,22.3978
-2.1641,22.4194
-2.1906,22.4408
-2.2173,22.4622
-2.2441,22.4835
-2.2658,22.4706
-2.3113,22.4585
-2.3359,22.4646
-2.3607,22.4707
-2.3863,22.4816
-2.4111,22.4875
-2.4369,22.4983
-2.4924,22.6758
-2.4868,22.5097
-2.5128,22.5202
-2.5397,22.5355
-2.5649,22.5409
-2.5891,22.5413
-2.6096,22.5221
-2.6416,22.5616
-2.7116,22.6646
-2.7220,22.5961
-2.7993,22.8452
-2.7879,22.6740
-2.8286,22.7469
-2.8461,22.7124
-2.8949,22.7066
-2.9265,22.7352
-2.9744,22.8317
-3.0216,22.9234
-3.0485,22.9272
-3.0693,22.9066
-3.1417,23.0949
-3.1170,22.8897
-3.1426,22.8884
-3.1905,22.9741
-3.2264,23.0112
-3.2715,23.0825
-3.2875,23.0420
-3.3227,23.0740
-3.3525,22.9878
-3.3852,23.0098
-3.4737,23.2288
-3.5171,23.2847
-3.5704,23.3734
-3.6155,23.4322
-3.6446,23.3403
-3.6588,23.2944
-3.6888,23.3009
-3.7041,23.2597
-3.7548,23.3328
-3.8060,23.4057
-3.8883,23.5748
-3.8471,23.3560
-3.8806,23.3714
-3.8924,23.3203
-3.9510,23.4114
-3.9817,23.4169
-4.0236,23.4555
-4.0549,23.4619
-4.1231,23.4900
-4.1526,23.4903
-4.2205,23.5987
-4.2896,23.7082
-4.3130,23.6892
-4.3478,23.7015
-4.3821,23.7119
-4.4585,23.7528
-4.4707,23.7037
-4.4780,23.6422
-4.5118,23.6506
-4.5493,23.6682
-4.6532,23.8548
-4.7318,23.8935
-4.7854,23.9475
-4.8336,23.9873
-4.8946,23.9785
-4.9871,23.9669
-4.5230,5.5942
-4.4610,5.5925
-4.4078,5.6529
-4.3431,5.7464
-4.2554,5.9061
-4.1686,6.0663
-4.1094,6.1514
-4.0382,6.1901
-3.9753,6.2901
-3.8587,6.5515
-2.4926,8.9044
-2.4404,8.9690
-2.4084,9.0282
-2.3801,9.0729
-2.3499,9.1275
-2.3157,9.2018
-2.2820,9.2762
-2.2325,9.3472
-2.1990,9.4269
-2.1699,9.4872
-2.1431,9.5378
-2.1206,9.5689
-2.0964,9.6099
-2.0599,9.6334
-2.0353,9.6796
-1.9984,9.7946
-1.9622,9.9098
-1.9389,9.9564
-1.9099,10.0375
-1.8766,10.0621
-1.8625,10.0598
-1.8484,10.0575
-1.8311,10.0749
-1.8078,10.1319
-1.7849,10.1890
-1.7552,10.1997
-1.7394,10.2126
-1.7244,10.2205
-1.7066,10.2483
-1.6931,10.2465
-1.4782,10.4934
-1.4641,10.5072
-1.4500,10.5213
-1.4382,10.5098
-1.4242,10.5237
-1.4100,10.5427

# FrameTime=1781596486.84, PointCount=479
4.6561,18.2305
4.6414,18.2451
4.6735,18.2884
4.6698,18.3100
4.6819,18.3413
4.6838,18.3666
4.7857,18.4548
4.6916,18.4198
4.7269,18.4667
4.6976,18.4724
4.6024,18.4355
4.5788,18.4443
4.5803,18.4695
4.5566,18.4782
4.5594,18.5044
4.4983,18.4881
4.4897,18.5066
4.4784,18.5233
4.5223,18.5775
4.4820,18.5746
4.5486,18.6451
4.4147,18.6016
4.4180,18.6286
4.4023,18.6422
4.3784,18.6499
4.4412,18.7197
4.3524,18.6808
4.2642,18.6662
4.2002,18.6438
4.1805,18.6537
4.2794,18.7518
4.1930,18.7122
4.1436,18.6997
4.0801,18.7007
4.0603,18.7101
4.1094,18.7726
4.1289,18.8127
4.1348,18.8425
4.0692,18.8161
4.0397,18.8179
4.0760,18.8719
3.9645,18.8079
3.9679,18.8356
3.9673,18.8602
3.9976,18.9101
3.9851,18.9253
4.2590,19.1772
3.9551,18.9772
3.8812,18.9408
3.8572,18.9460
3.9527,19.0529
3.9133,19.0452
3.9155,19.0732
3.8519,19.0703
3.7527,19.0093
3.7062,18.9941
3.7159,19.0283
3.7031,19.0427
3.6828,19.0504
3.6533,19.0756
3.6440,19.0931
3.6440,19.1193
3.5923,19.0977
3.6048,19.1355
3.6936,19.2452
3.6868,19.2931
3.5648,19.2038
3.4702,19.1396
3.4248,19.1220
3.4439,19.1669
3.3949,19.1455
3.3685,19.1723
3.3411,19.1716
3.3244,19.1813
3.3251,19.2087
3.3188,19.2290
3.3368,19.2743
3.2814,19.2446
3.2268,19.2420
3.2167,19.2585
3.2101,19.2786
3.2411,19.3387
3.2684,19.3953
3.3143,19.4724
3.1673,19.3701
3.1298,19.3571
3.1059,19.3586
3.0820,19.3601
3.0749,19.3800
3.0777,19.4111
3.0703,19.4310
3.0546,19.4415
3.0274,19.4389
2.9936,19.4287
2.9665,19.4258
2.9231,19.4039
2.9124,19.4197
2.9876,19.5363
2.8908,19.4512
2.8799,19.4670
2.8850,19.5018
2.8484,19.4868
2.8151,19.4755
2.8073,19.4949
2.8611,19.5898
2.7820,19.5221
2.7865,19.5570
2.7846,19.5841
2.7685,19.5938
2.7463,19.5955
2.7348,19.6109
2.7049,19.6027
2.6727,19.6214
2.6338,19.6010
2.6283,19.6240
2.6409,19.6709
2.6652,19.7339
2.6398,19.7312
2.5980,19.7374
2.5594,19.7162
2.5504,19.7352
2.5090,19.7097
2.4941,19.7204
2.4807,19.7332
2.5078,19.8029
2.4479,19.7505
2.4473,19.7815
2.4523,19.8207
2.4228,19.8108
2.3991,19.8089
2.3727,19.8029
2.3463,19.7968
2.3244,19.8297
2.3119,19.8440
2.2911,19.8459
2.2731,19.8518
2.2496,19.8494
2.2289,19.8510
2.2010,19.8750
2.1883,19.8890
2.1809,19.9115
2.1841,19.9508
2.1579,19.9437
2.1449,19.9576
2.1059,19.9641
2.1279,20.0355
2.1095,20.0408
2.0846,20.0354
2.0675,20.0427
2.0389,20.0307
2.0230,20.0400
2.0135,20.0602
1.9750,20.0306
1.9767,20.0700
1.9396,20.0422
1.9040,20.0165
1.9201,20.0821
1.8846,20.0562
1.9307,20.1764
1.8600,20.0870
1.9018,20.2010
1.8370,20.1595
1.8113,20.1507
1.8069,20.1814
1.7487,20.1500
1.7510,20.1939
1.7393,20.2113
1.7298,20.2330
1.7043,20.2237
1.6856,20.2275
1.7287,20.3541
1.6282,20.1949
1.6097,20.1986
1.6176,20.2559
1.6296,20.3223
1.6020,20.3080
1.5723,20.2890
1.6343,20.4616
1.5284,20.2823
1.5182,20.3037
1.5216,20.3545
1.5132,20.3804
1.4890,20.3723
1.4722,20.3800
1.4471,20.3694
1.4195,20.3982
1.4026,20.4057
1.3876,20.4177
1.3726,20.4297
1.3556,20.4370
1.3405,20.4489
1.3102,20.4726
1.2950,20.4844
1.2816,20.5007
1.2672,20.5148
1.2490,20.5194
1.2280,20.5171
1.2264,20.5636
1.1897,20.5216
1.1669,20.5145
1.1551,20.5352
1.1413,20.5512
1.1328,20.5812
1.1295,20.6252
1.1303,20.6811
1.0804,20.6009
1.0714,20.6308
1.0367,20.5903
1.0091,20.5685
0.9782,20.5371
0.9609,20.5433
0.9319,20.5164
0.9444,20.6654
0.9364,20.6998
0.9361,20.7579
0.9284,20.7949
0.9119,20.8057
0.8665,20.7284
0.8154,20.6924
0.8157,20.7552
0.8052,20.7847
0.8004,20.8333
0.7866,20.8532
0.7320,20.7394
0.7709,20.9340
0.6876,20.7215
0.6739,20.7411
0.6671,20.7847
0.7009,20.9702
0.6569,20.8864
0.6473,20.9231
0.6235,20.9090
0.5963,20.9551
0.5881,20.9986
0.5540,20.9457
0.5468,20.9941
0.5363,21.0307
0.5267,21.0715
0.4743,21.0229
0.4531,21.0179
0.4296,21.0030
0.3981,20.9542
0.3887,20.9974
0.3802,21.0456
0.3720,21.0966
0.3325,21.0105
0.3126,21.0098
0.3089,21.0822
0.3001,21.1332
0.2842,21.1519
0.2602,21.1336
0.2539,21.1992
0.2230,21.1465
0.2038,21.1504
0.1846,21.1542
0.1645,21.1531
0.1453,21.1568
0.1261,21.1605
0.1078,21.1690
0.0631,21.1416
0.0509,21.1844
0.0377,21.2222
0.0393,21.3486
0.0241,21.3797
-0.0095,21.2991
-0.0547,21.2679
-0.0811,21.2266
-0.1028,21.2147
-0.1207,21.2275
-0.1358,21.2601
-0.1539,21.2728
-0.1672,21.3200
-0.2008,21.3681
-0.2213,21.3657
-0.2418,21.3633
-0.2548,21.4204
-0.2766,21.4080
-0.2993,21.3874
-0.3368,21.4119
-0.3573,21.4091
-0.3669,21.5089
-0.3851,21.5309
-0.4077,21.5098
-0.4275,21.5168
-0.4714,21.4840
-0.4931,21.4677
-0.5150,21.4496
-0.5330,21.4761
-0.5496,21.5226
-0.5642,21.5988
-0.5808,21.6535
-0.6084,21.5570
-0.6264,21.5933
-0.6501,21.5448
-0.6711,21.5361
-0.6911,21.5423
-0.7109,21.5534
-0.7313,21.5545
-0.7719,21.5615
-0.7927,21.5524
-0.8129,21.5583
-0.8320,21.5940
-0.8503,21.6596
-0.8690,21.7252
-0.9115,21.6964
-0.9303,21.7903
-0.9514,21.7872
-0.9734,21.7326
-0.9940,21.7529
-1.0142,21.8330
-1.0357,21.7968
-1.0562,21.9332
-1.0851,15.1416
-1.0989,21.7535
-1.1201,21.7933
-1.1412,21.7882
-1.1628,21.8379
-1.1853,21.9263
-1.2059,21.8723
-1.2272,21.8719
-1.2493,21.9064
-1.2704,21.8909
-1.2919,21.8953
-1.3129,21.8797
-1.3354,21.9139
-1.3792,21.9322
-1.4020,21.9612
-1.4245,21.9790
-1.4460,21.9742
-1.4684,21.9880
-1.4884,21.9569
-1.5353,22.0142
-1.5593,22.0477
-1.5838,22.0850
-1.6062,22.0895
-1.6374,22.2124
-1.1148,15.1405
-1.6848,22.2429
-1.6921,22.0579
-1.7204,22.1306
-1.7460,22.1685
-1.7724,22.2112
-1.7956,22.2182
-1.8165,22.2011
-1.8474,22.2834
-1.8937,22.2894
-1.9184,22.3068
-1.9405,22.2993
-1.9602,22.2719
-1.9863,22.2990
-2.0126,22.3260
-2.0612,22.3451
-2.0839,22.3421
-2.1073,22.3441
-2.1388,22.4046
-2.1653,22.4262
-2.1918,22.4477
-2.2192,22.4740
-2.2484,22.5106
-2.2656,22.4676
-2.2802,22.4097
-2.3134,22.4702
-2.3357,22.4616
-2.3621,22.4775
-2.3869,22.4835
-2.4358,22.4903
-2.4624,22.5059
-2.4892,22.5213
-2.5179,22.5466
-2.5404,22.5373
-2.5646,22.5378
-2.6103,22.5239
-2.6326,22.5144
-2.6747,22.6027
-2.7083,22.6468
-2.7432,22.6957
-2.7732,22.7200
-2.8233,22.8369
-2.8188,22.7000
-2.8426,22.6947
-2.8653,22.6845
-2.8946,22.7035
-2.9308,22.7516
-2.9718,22.8189
-3.0237,22.9300
-3.0620,22.8744
-3.0839,22.8587
-3.1179,22.8914
-3.1533,22.9289
-3.1964,22.9952
-3.2349,23.0420
-3.2911,23.0535
-3.3134,23.0372
-3.3407,23.0397
-3.3523,22.9847
-3.3971,23.0500
-3.5021,23.3274
-3.5209,23.2961
-3.5782,23.3983
-3.5959,23.3629
-3.6314,23.3880
-3.6472,23.3468
-3.6542,23.2769
-3.6871,23.2931
-3.7674,23.4628
-3.7278,23.2439
-3.7818,23.3265
-3.8271,23.3802
-3.8575,23.3862
-3.8572,23.2971
-3.9124,23.3789
-3.9539,23.4178
-3.9962,23.3720
-4.0495,23.4436
-4.0856,23.4641
-4.1245,23.4917
-4.1821,23.5720
-4.2374,23.6441
-4.3173,23.6988
-4.3476,23.6984
-4.3709,23.6792
-4.4191,23.7270
-4.4419,23.7061
-4.4528,23.6539
-4.5097,23.6429
-4.5472,23.6605
-4.5812,23.6687
-4.7023,23.8967
-4.7446,23.9230
-4.7944,23.9676
-4.5157,5.6099
-4.4882,5.5996
-4.4041,5.6592
-4.3445,5.7386
-4.2534,5.9077
-4.1667,6.0679
-4.1092,6.1483
-4.0587,6.2101
-3.9718,6.2965
-3.8617,6.5389
-2.4935,8.8964
-2.4609,8.9554
-2.4059,9.0348
-2.3809,9.0650
-2.3507,9.1196
-2.3166,9.1938
-2.2818,9.2731
-2.2464,9.3574
-2.2481,9.2696
-2.1977,9.4287
-2.1706,9.4792
-2.1449,9.5249
-2.1223,9.5560
-2.1000,9.5873
-2.0624,9.6156
-2.0387,9.6569
-2.0135,9.7081
-1.9761,9.8281
-1.9404,9.9435
-1.9148,10.0049
-1.8771,10.0542
-1.8655,10.0370
-1.8513,10.0347
-1.8361,10.0389
-1.8145,10.0845
-1.7929,10.1317
-1.7564,10.1868
-1.7399,10.2046
-1.7255,10.2076
-1.7071,10.2403
-1.6942,10.2335
-1.6753,10.2723
-1.6509,10.2480
-1.4771,10.5003
-1.4639,10.5041
-1.4511,10.5028
-1.4379,10.5069
-1.4244,10.5157
-1.4097,10.5396

# FrameTime=1781596486.94, PointCount=482
4.6304,18.2211
4.6797,18.2745
4.6612,18.3108
4.6436,18.3237
4.6287,18.3382
4.6771,18.3926
4.7126,18.4393
4.7183,18.4674
4.6385,18.4407
4.6499,18.4724
4.5702,18.4450
4.5634,18.4647
4.5606,18.4872
4.5093,18.4775
4.4966,18.4933
4.4620,18.4943
4.4354,18.5248
4.4776,18.5780
4.5552,18.6561
4.4382,18.6000
4.4662,18.6441
4.4054,18.6263
4.3145,18.6110
4.3557,18.6650
4.4073,18.7270
4.2433,18.6331
4.2478,18.6608
4.4238,18.8148
4.2125,18.7087
4.2286,18.7456
4.1752,18.7303
4.0915,18.6917
4.0678,18.6981
4.0718,18.7257
4.0851,18.7855
4.1344,18.8490
4.0962,18.8443
4.0370,18.8226
3.9958,18.8149
3.9641,18.8145
3.9636,18.8390
4.2632,19.1072
3.9739,18.8977
4.0040,18.9478
3.9490,18.9280
4.2260,19.1839
3.8894,18.9293
3.8616,18.9314
3.9240,19.0356
3.8937,19.0357
3.9414,19.1028
3.8718,19.0688
3.7761,19.0114
3.7296,18.9963
3.6892,19.0119
3.6987,19.0462
3.6710,19.0471
3.6507,19.0547
3.6600,19.0891
3.6490,19.1052
3.6025,19.1147
3.5915,19.1306
3.6055,19.1701
3.7142,19.2994
3.6172,19.2346
3.4934,19.1432
3.5291,19.2038
3.4276,19.1324
3.4324,19.1634
3.4013,19.1594
3.3810,19.1659
3.3606,19.1723
3.3333,19.1715
3.4807,19.3458
3.2927,19.1838
3.3144,19.2325
3.3255,19.2706
3.3258,19.2981
3.2671,19.2647
3.2224,19.2454
3.3109,19.3649
3.1920,19.2676
3.2059,19.3094
3.2469,19.3805
3.3168,19.4832
3.2176,19.4048
3.1528,19.3626
3.1221,19.3568
3.0810,19.3672
3.0672,19.3797
3.0700,19.4108
3.0510,19.4176
3.0304,19.4225
3.0263,19.4461
3.0145,19.4896
2.9546,19.4489
2.8983,19.4118
2.9038,19.4465
2.8768,19.4432
2.8756,19.4704
2.9818,19.6260
2.8505,19.4979
2.8267,19.4982
2.7966,19.4906
2.8014,19.5255
2.7965,19.5488
2.7915,19.5721
2.7787,19.5856
2.7782,19.6148
2.7450,19.6029
2.7274,19.6104
2.7036,19.6101
2.6890,19.6214
2.6470,19.5972
2.6385,19.6163
2.6214,19.6545
2.6398,19.7095
2.6444,19.7466
2.6145,19.7378
2.5669,19.7047
2.5698,19.7398
2.5313,19.7184
2.5238,19.7394
2.4868,19.7198
2.4793,19.7407
2.4614,19.7474
2.4494,19.7621
2.4458,19.7890
2.4579,19.8385
2.4384,19.8429
2.4033,19.8247
2.3824,19.8269
2.3588,19.8250
2.3408,19.8311
2.3228,19.8373
2.3367,19.8911
2.2923,19.8577
2.2687,19.8553
2.2507,19.8611
2.2272,19.8586
2.2092,19.8643
2.1966,19.8784
2.1866,19.8967
2.1637,19.9289
2.1615,19.9598
2.1590,19.9907
2.1460,20.0047
2.1420,20.0335
2.1236,20.0389
2.0854,20.0474
2.0721,20.0612
2.0486,20.0578
2.0276,20.0586
1.9941,20.0377
1.9732,20.0383
1.9551,20.0804
1.9045,20.0287
1.9158,20.0855
1.8851,20.0683
1.8570,20.0554
1.8907,20.1539
1.9648,20.3272
1.8631,20.1805
1.8469,20.1893
1.7999,20.1409
1.8154,20.2090
1.7558,20.1361
1.7699,20.2021
1.7420,20.1885
1.7209,20.2276
1.6999,20.2271
1.6677,20.2043
1.6559,20.2214
1.6127,20.1760
1.6297,20.2512
1.6252,20.3258
1.5954,20.3069
1.5723,20.3015
1.5428,20.2824
1.5219,20.2812
1.5287,20.3388
1.5215,20.3670
1.5267,20.4224
1.4868,20.3803
1.4689,20.3857
1.4530,20.3956
1.4300,20.3896
1.4131,20.3971
1.3813,20.4166
1.3663,20.4286
1.3502,20.4382
1.3362,20.4524
1.3210,20.4642
1.3058,20.4760
1.2925,20.4924
1.2600,20.5112
1.2446,20.5229
1.2255,20.5252
1.2082,20.5321
1.1890,20.5344
1.1735,20.5458
1.1424,20.5686
1.1285,20.5846
1.1145,20.6006
1.1093,20.6399
1.0743,20.5997
1.0499,20.5874
1.0064,20.5766
0.9688,20.5265
0.9615,20.5609
0.9243,20.5105
0.9561,20.6580
0.9401,20.6688
0.9417,20.7316
0.9185,20.7816
0.9059,20.8044
0.8769,20.7771
0.8273,20.6854
0.8293,20.7529
0.8234,20.7967
0.8094,20.8796
0.7852,20.8662
0.7436,20.7954
0.7040,20.7291
0.6818,20.7201
0.6780,20.7733
0.6806,20.9182
0.6744,20.9667
0.6436,20.9287
0.6165,20.9028
0.6060,20.9368
0.6077,21.0163
0.5793,20.9855
0.5535,20.9636
0.5387,20.9830
0.5332,21.0390
0.5236,21.0798
0.4997,21.0652
0.4699,21.0264
0.4578,21.0580
0.4312,21.0308
0.3972,20.9722
0.3763,20.9669
0.3821,21.0761
0.3469,21.0096
0.3281,21.0139
0.3159,21.0474
0.2909,21.1142
0.2777,21.1456
0.2600,21.1566
0.2368,21.1411
0.2196,21.1548
0.2004,21.1587
0.1611,21.1614
0.1419,21.1652
0.1217,21.1639
0.1044,21.1773
0.0788,21.1465
0.0623,21.1647
0.0299,21.2060
0.0274,21.3077
0.0300,21.4440
-0.0114,21.3173
-0.0351,21.2959
-0.0653,21.2319
-0.0886,21.2103
-0.1273,21.2162
-0.1423,21.2487
-0.1582,21.2762
-0.1750,21.2987
-0.1854,21.3688
-0.2052,21.3715
-0.2455,21.3717
-0.2598,21.4189
-0.2821,21.4015
-0.3036,21.3909
-0.3218,21.4081
-0.3389,21.4352
-0.3477,21.5399
-0.3763,21.4644
-0.3884,21.5443
-0.4126,21.5083
-0.4352,21.4855
-0.4556,21.4856
-0.4756,21.4893
-0.4911,21.5441
-0.5357,21.4995
-0.5462,21.6239
-0.5689,21.5973
-0.5872,21.6287
-0.6106,21.5903
-0.6358,21.5220
-0.6751,21.5445
-0.6955,21.5457
-0.7156,21.5519
-0.7359,21.5530
-0.7563,21.5540
-0.7771,21.5450
-0.7896,21.7289
-0.8174,21.5567
-0.8369,21.5825
-0.8560,21.6231
-0.8738,21.7136
-0.8945,21.7192
-0.9144,21.7597
-0.9345,21.7987
-0.9777,21.7410
-0.9984,21.7563
-1.0194,21.7566
-1.0400,21.8002
-1.0611,21.8103
-1.0822,21.8254
-1.0917,15.1450
-1.1454,21.7767
-1.1673,21.8564
-1.1884,21.8411
-1.0963,15.1450
-1.2317,21.8803
-1.0986,15.1449
-1.2749,21.8993
-1.2964,21.9037
-1.3178,21.9031
-1.3389,21.8924
-1.3614,21.9215
-1.3839,21.9456
-1.4072,21.9834
-1.4291,21.9886
-1.4501,21.9726
-1.4722,21.9815
-1.4941,21.9853
-1.5164,21.9940
-1.5418,22.0525
-1.5665,22.0949
-1.5906,22.1244
-1.1169,15.1441
-1.6362,22.1412
-1.6561,22.1096
-1.6749,22.0681
-1.7005,22.1111
-1.7269,22.1590
-1.7754,22.1997
-1.7999,22.2216
-1.8213,22.2095
-1.8502,22.2719
-1.8775,22.3151
-1.8991,22.3028
-1.9437,22.2929
-1.9658,22.2853
-1.9883,22.2826
-2.0157,22.3196
-2.0409,22.3366
-2.0668,22.3584
-2.0928,22.3802
-2.1418,22.3982
-2.1676,22.4154
-2.1947,22.4412
-2.2214,22.4626
-2.2438,22.4548
-2.2609,22.4118
-2.3146,22.4539
-2.3392,22.4601
-2.3648,22.4711
-2.3904,22.4820
-2.4161,22.4928
-2.4418,22.5036
-2.4909,22.5100
-2.5178,22.5255
-2.5438,22.5359
-2.5680,22.5364
-2.5932,22.5417
-2.6137,22.5225
-2.6828,22.7479
-2.6711,22.5670
-2.7086,22.6307
-2.7281,22.6063
-2.7951,22.8065
-2.7941,22.6842
-2.8274,22.7229
-2.8469,22.6982
-2.8979,22.7021
-2.9318,22.7404
-2.9773,22.8272
-3.0269,22.9286
-3.0537,22.9323
-3.0746,22.9118
-3.1199,22.8852
-3.1479,22.8936
-3.1946,22.9744
-3.2330,23.0213
-3.2731,23.0732
-3.2916,23.0424
-3.3294,23.0840
-3.3556,23.0817
-3.3580,22.9930
-3.3920,23.0198
-3.4942,23.2875
-3.5226,23.2899
-3.5620,23.3306
-3.6126,23.4086
-3.6516,23.3503
-3.6644,23.2995
-3.6914,23.2965
-3.7082,23.2600
-3.7604,23.3380
-3.8146,23.4204
-3.8573,23.3754
-3.8708,23.3290
-3.9058,23.3491
-3.9567,23.4165
-3.9747,23.3842
-4.0389,23.4890
-4.0851,23.4534
-4.1272,23.4904
-4.1616,23.5048
-4.2196,23.5850
-4.2954,23.7133
-4.3234,23.7069
-4.3610,23.7268
-4.3787,23.6920
-4.4130,23.7023
-4.4626,23.7532
-4.4748,23.7041
-4.4838,23.6472
-4.5159,23.6510
-4.5552,23.6733
-4.6938,23.8676
-4.7341,23.8893
-4.7876,23.9432
-4.8396,23.9923
-4.4908,5.6077
-4.4582,5.6116
-4.3896,5.7143
-4.3166,5.8314
-4.2157,6.0289
-4.1234,6.1235
-4.0762,6.1758
-4.0341,6.2141
-3.9391,6.4088
-3.8628,6.5519
-2.5083,8.8562
-2.4710,8.9346
-2.4365,9.0034
-2.4069,9.0529
-2.3742,9.1171
-2.3431,9.1766
-2.2925,9.2473
-2.2602,9.3169
-2.2273,9.3916
-2.1990,9.4468
-2.1720,9.4973
-2.1482,9.5333
-2.1456,9.4646
-2.1111,9.5564
-2.0888,9.5877
-2.0658,9.6240
-2.0449,9.6505
-2.0187,9.7066
-1.9823,9.8218
-1.9853,9.7183
-1.9320,9.9345
-1.9066,9.9960
-1.8856,10.0330
-1.8723,10.0257
-1.8596,10.0135
-1.8383,10.0556
-1.8278,10.0303
-1.8063,10.0759
-1.7834,10.1330
-1.7600,10.1952
-1.7449,10.2031
-1.7305,10.2061
-1.6965,10.2518
-1.6836,10.2450
-1.6674,10.2641
-1.6565,10.2415
-1.4819,10.4992
-1.4691,10.4980
-1.4546,10.5167
-1.4423,10.5102
-1.4303,10.4992
-1.4144,10.5381
-1.4021,10.5321

# FrameTime=1781596487.04, PointCount=488
4.6282,18.2169
4.6690,18.2652
4.6564,18.3049
4.6542,18.3274
4.6689,18.3605
4.6792,18.3910
4.7189,18.4404
4.7163,18.4631
4.6407,18.4392
4.6436,18.4654
4.5724,18.4435
4.5697,18.4659
4.5711,18.4911
4.5114,18.4760
4.4987,18.4917
4.4875,18.5085
4.4571,18.5123
4.4376,18.5233
4.4839,18.5793
4.5574,18.6546
4.4445,18.6013
4.4684,18.6426
4.4036,18.6219
4.3208,18.6124
4.3539,18.6606
4.3974,18.7167
4.2536,18.6375
4.2419,18.6535
4.1820,18.6340
4.2187,18.7103
4.2269,18.7411
4.1790,18.7300
4.0938,18.6903
4.0780,18.7028
4.0701,18.7213
4.0913,18.7872
4.1406,18.8507
4.0946,18.8398
4.0510,18.8305
3.9980,18.8135
3.9664,18.8131
3.9614,18.8591
3.9762,18.8964
4.0024,18.9433
3.9513,18.9267
4.2246,19.1793
3.8917,18.9280
3.8639,18.9301
4.1999,19.2398
3.9378,19.0440
3.8999,19.0376
3.9438,19.1014
3.8779,19.0707
3.7784,19.0101
3.7282,18.9918
3.6915,19.0106
3.7011,19.0449
3.6845,19.0559
3.6753,19.0736
3.6845,19.1080
3.6551,19.1073
3.6086,19.1169
3.5955,19.1309
3.6152,19.1757
3.7363,19.3166
3.5870,19.2024
3.4994,19.1455
3.4300,19.1313
3.4347,19.1622
3.4001,19.1548
3.3834,19.1648
3.3630,19.1711
3.3321,19.1668
3.4831,19.3447
3.2986,19.1862
3.3133,19.2278
3.3314,19.2731
3.3248,19.2935
3.2695,19.2636
3.2214,19.2407
3.3064,19.3566
3.1944,19.2665
3.2118,19.3120
3.2460,19.3758
3.3261,19.4894
3.2166,19.4000
3.1586,19.3652
3.1279,19.3595
3.0835,19.3662
3.0696,19.3787
3.0758,19.4135
3.0652,19.4297
3.0428,19.4327
3.0189,19.4338
2.9744,19.4396
2.9506,19.4404
2.9040,19.4146
2.9062,19.4456
2.8922,19.4575
2.8845,19.4771
2.8466,19.4893
2.8260,19.4934
2.7960,19.4859
2.7976,19.5168
2.7959,19.5440
2.7941,19.5711
2.7812,19.5847
2.7807,19.6139
2.7460,19.6000
2.7299,19.6095
2.7061,19.6092
2.6916,19.6205
2.6526,19.6003
2.7461,19.7521
2.6174,19.6147
2.6270,19.6576
2.6424,19.7086
2.6470,19.7458
2.6171,19.7369
2.5665,19.6998
2.5665,19.7309
2.5160,19.7244
2.4924,19.7230
2.4848,19.7440
2.4640,19.7465
2.4606,19.7735
2.4513,19.7923
2.4353,19.8339
2.4002,19.8157
2.3822,19.8220
2.3586,19.8200
2.3434,19.8304
2.3310,19.8448
2.2977,19.8610
2.2741,19.8587
2.2506,19.8562
2.2299,19.8579
2.2146,19.8678
2.2019,19.8819
2.2040,19.9190
2.1765,19.9100
2.1691,19.9324
2.1641,19.9591
2.1354,19.9476
2.1539,20.0125
2.1447,20.0328
2.1236,20.0340
2.1427,20.1013
2.0881,20.0467
2.0684,20.0498
2.0513,20.0571
2.0315,20.0600
1.9968,20.0371
1.9784,20.0420
1.9578,20.0797
1.9072,20.0280
1.9234,20.0936
1.8927,20.0764
1.8573,20.0504
1.8862,20.1402
1.8683,20.1843
1.8520,20.1931
1.7979,20.1315
1.8182,20.2084
1.7562,20.1311
1.7727,20.2015
1.8154,20.3230
1.7285,20.1964
1.7328,20.2448
1.7004,20.2221
1.6795,20.2215
1.6564,20.2164
1.6199,20.1844
1.7180,20.4231
1.6182,20.2633
1.6324,20.3342
1.5982,20.3064
1.5751,20.3010
1.5434,20.2774
1.5269,20.2853
1.5315,20.3383
1.5075,20.3743
1.4875,20.3752
1.4696,20.3807
1.4558,20.3952
1.4328,20.3891
1.4180,20.4012
1.3841,20.4161
1.3691,20.4281
1.3541,20.4400
1.3390,20.4519
1.3239,20.4638
1.3087,20.4756
1.3079,20.5220
1.2782,20.4991
1.2629,20.5108
1.2475,20.5225
1.2265,20.5202
1.2092,20.5271
1.1845,20.5154
1.1901,20.5804
1.1572,20.5476
1.1434,20.5636
1.1296,20.5796
1.1192,20.6049
1.1069,20.6255
1.0772,20.5993
1.0916,20.6927
1.0353,20.5935
1.0127,20.5857
0.9717,20.5262
0.9510,20.5229
0.9338,20.5290
0.9722,20.6954
0.9560,20.7063
0.9315,20.7516
0.9239,20.7886
0.9120,20.8136
0.8783,20.7720
0.8302,20.6851
0.8308,20.7479
0.7993,20.7736
0.8094,20.8699
0.7882,20.8660
0.7437,20.7856
0.7055,20.7241
0.6861,20.7247
0.8116,21.2168
0.6629,20.7784
0.6974,20.9660
0.6665,20.9281
0.6466,20.9285
0.6208,20.9074
0.6116,20.9463
0.6107,21.0161
0.5552,20.9587
0.5417,20.9829
0.5338,21.0292
0.5266,21.0796
0.4991,21.0506
0.4742,21.0311
0.4342,21.0306
0.4003,20.9721
0.3805,20.9716
0.3852,21.0760
0.3499,21.0095
0.3301,21.0090
0.3272,21.0842
0.3001,21.0515
0.2951,21.1190
0.2808,21.1455
0.2610,21.1468
0.2409,21.1459
0.2217,21.1499
0.2110,21.1958
0.1834,21.1576
0.1642,21.1614
0.1450,21.1651
0.1248,21.1639
0.1084,21.1822
0.0810,21.1416
0.0854,21.2758
0.0479,21.1780
0.0338,21.2109
0.0330,21.3225
0.0329,21.4423
-0.0083,21.3174
-0.0328,21.2910
-0.0630,21.2270
-0.1033,21.2232
-0.1234,21.2212
-0.1385,21.2537
-0.1558,21.2713
-0.1705,21.3087
-0.1815,21.3739
-0.2014,21.3766
-0.2184,21.4009
-0.2430,21.3669
-0.2566,21.4190
-0.2790,21.4016
-0.3010,21.3861
-0.3186,21.4082
-0.3558,21.4376
-0.3684,21.5092
-0.3867,21.5295
-0.4113,21.4886
-0.4325,21.4807
-0.4524,21.4858
-0.4737,21.4745
-0.5082,21.5460
-0.5321,21.5047
-0.5417,21.6391
-0.5657,21.5975
-0.5862,21.5991
-0.6070,21.5956
-0.6532,21.5186
-0.6713,21.5548
-0.6914,21.5610
-0.7121,21.5571
-0.7324,21.5582
-0.7531,21.5543
-0.7670,21.6934
-0.7943,21.5462
-0.8140,21.5620
-0.8335,21.5878
-0.8526,21.6284
-0.8703,21.7189
-0.8914,21.7146
-0.9107,21.7750
-0.9522,21.8045
-0.9745,21.7314
-0.9951,21.7567
-1.0154,21.8219
-1.0367,21.8006
-1.0578,21.8107
-1.0884,15.1454
-1.1001,21.8258
-1.0908,15.1504
-1.1421,21.7721
-1.1637,21.8318
-1.1851,21.8416
-1.2067,21.8662
-1.2303,21.9794
-1.2497,21.8803
-1.2714,21.8948
-1.2929,21.8992
-1.3142,21.8936
-1.3363,21.9128
-1.3588,21.9420
-1.3823,21.9898
-1.4030,21.9652
-1.4255,21.9829
-1.4469,21.9781
-1.4686,21.9770
-1.4899,21.9709
-1.5133,21.9996
-1.5384,22.0531
-1.5848,22.0890
-1.6075,22.0985
-1.6357,22.1816
-1.6534,22.1202
-1.6711,22.0637
-1.6980,22.1216
-1.7465,22.1676
-1.7724,22.2054
-1.7965,22.2223
-1.8174,22.2052
-1.8478,22.2825
-1.8730,22.3059
-1.9019,22.3624
-1.9182,22.3010
-1.9403,22.2936
-1.9611,22.2761
-1.9848,22.2834
-2.0122,22.3203
-2.0380,22.3423
-2.0645,22.3684
-2.0854,22.3513
-2.1068,22.3384
-2.1383,22.3989
-2.1647,22.4205
-2.1912,22.4420
-2.2179,22.4634
-2.2418,22.4654
-2.2803,22.4091
-2.3103,22.4498
-2.3373,22.4708
-2.3620,22.4768
-2.3868,22.4828
-2.4125,22.4937
-2.4615,22.5003
-2.4874,22.5109
-2.5133,22.5214
-2.5393,22.5319
-2.5663,22.5471
-2.5897,22.5426
-2.6101,22.5234
-2.6735,22.5973
-2.7100,22.6561
-2.7337,22.6512
-2.7873,22.7879
-2.8219,22.8316
-2.8291,22.7483
-2.8682,22.6987
-2.8953,22.7080
-2.9293,22.7463
-2.9782,22.8477
-3.0232,22.9297
-3.0465,22.9188
-3.0834,22.8584
-3.1174,22.8911
-3.1479,22.9092
-3.1896,22.9707
-3.2305,23.0272
-3.2694,23.0743
-3.2866,23.0387
-3.3489,23.1716
-3.3439,23.0539
-3.3556,22.9990
-3.3910,23.0306
-3.4958,23.3080
-3.5187,23.2911
-3.5637,23.3511
-3.6333,23.3975
-3.6492,23.3563
-3.6577,23.2912
-3.6891,23.3026
-3.7014,23.2518
-3.7551,23.3345
-3.8306,23.3945
-3.8535,23.3767
-3.8608,23.3114
-3.9066,23.3647
-3.9528,23.4179
-3.9709,23.3856
-4.0515,23.4532
-4.0812,23.4548
-4.1249,23.4966
-4.1627,23.5204
-4.2290,23.6241
-4.2931,23.7195
-4.3250,23.7240
-4.3462,23.6987
-4.3713,23.6842
-4.4125,23.7132
-4.4458,23.7204
-4.4532,23.6590
-4.4799,23.6488
-4.5155,23.6619
-4.5798,23.6691
-4.6971,23.8879
-4.7449,23.9281
-4.7873,23.9542
-4.8449,24.0172
-4.8727,24.0059
-4.9261,23.9784
-4.5241,5.6102
-4.4674,5.5945
-4.4056,5.6783
-4.3341,5.7906
-4.2498,5.9409
-4.1665,6.0917
-4.1073,6.1768
-4.0411,6.2014
-3.9621,6.3487
-3.8520,6.5911
-2.5296,8.8517
-2.4768,8.9160
-2.4376,9.0042
-2.4035,9.0732
-2.3742,9.1228
-2.3430,9.1823
-2.3122,9.2420
-2.2797,9.3115
-2.2783,9.2384
-2.2325,9.3728
-2.1999,9.4476
-2.1759,9.4834
-2.1531,9.5145
-2.1296,9.5505
-2.0916,9.5786
-2.0705,9.6051
-2.0495,9.6316
-2.0241,9.6828
-1.9956,9.7537
-1.9613,9.8591
-1.9166,9.9426
-1.8897,10.0140
-1.8722,10.0313
-1.8572,10.0339
-1.8435,10.0283
-1.8234,10.0639
-1.7870,10.1139
-1.7629,10.1810
-1.7463,10.1987
-1.7305,10.2116
-1.7128,10.2394
-1.6979,10.2474
-1.6675,10.2696
-1.6552,10.2580
-1.4962,10.4910
-1.4820,10.5043
-1.4701,10.4936
-1.4556,10.5123
-1.4433,10.5059
-1.4285,10.5296
-1.4235,10.4289
-1.4016,10.5476

# FrameTime=1781596487.14, PointCount=485
4.6320,18.2197
4.6515,18.2550
4.6778,18.2947
4.6587,18.3067
4.8094,18.4241
4.6346,18.3395
4.6619,18.3806
4.6974,18.4272
4.7201,18.4660
4.6697,18.4582
4.5830,18.4267
4.5804,18.4491
4.5707,18.4913
4.5277,18.4872
4.4942,18.4891
4.4954,18.5142
4.4841,18.5310
4.4950,18.5627
4.5338,18.6387
4.5098,18.6470
4.4408,18.6238
4.4032,18.6220
4.3401,18.6021
4.3529,18.6357
4.4457,18.7520
4.2775,18.6553
4.2617,18.6684
4.1856,18.6372
4.1980,18.6708
4.2224,18.7134
4.1826,18.7332
4.1133,18.7055
4.0816,18.7060
4.0618,18.7154
4.0990,18.7687
4.1485,18.8321
4.1324,18.8447
4.1609,18.8924
4.0764,18.8511
4.0133,18.8261
3.9582,18.8070
3.9772,18.8473
3.9765,18.8719
4.0029,18.9187
3.9471,18.9237
4.2703,19.2177
3.9067,18.9410
3.8750,18.9399
3.8777,18.9677
3.8971,19.0098
3.9282,19.0886
3.8851,19.0774
3.8081,19.0365
3.7390,19.0018
3.6963,18.9898
3.7060,19.0241
3.6841,19.0561
3.6453,19.0469
3.6361,19.0645
3.6473,19.1008
3.6176,19.0995
3.5972,19.1068
3.6410,19.1739
3.5820,19.1451
3.7090,19.2914
3.6301,19.2438
3.5351,19.1801
3.4535,19.1282
3.4296,19.1314
3.5940,19.3176
3.4140,19.1689
3.3901,19.1719
3.3627,19.1713
3.3317,19.1670
3.3150,19.1767
3.3263,19.2147
3.4131,19.3295
3.3135,19.2554
3.3244,19.2936
3.2691,19.2638
3.2244,19.2445
3.2110,19.2574
3.2181,19.2920
3.2457,19.3484
3.2897,19.4510
3.2605,19.4478
3.1549,19.3617
3.1275,19.3596
3.0969,19.3538
3.0797,19.3626
3.0654,19.4025
3.0564,19.4205
3.0391,19.4291
3.0152,19.4303
2.9946,19.4350
2.9577,19.4209
2.8971,19.4072
2.8994,19.4381
2.8886,19.4539
2.8777,19.4696
2.8828,19.5044
2.8462,19.4895
2.9196,19.6071
2.8019,19.4937
2.8003,19.5208
2.7924,19.5402
2.7874,19.5635
2.7808,19.5849
2.7632,19.5925
2.7580,19.6158
2.7265,19.6058
2.7119,19.6172
2.6881,19.6168
2.6552,19.6044
2.6376,19.6116
2.6352,19.6387
2.6568,19.6975
2.6466,19.7459
2.6137,19.7331
2.5661,19.7000
2.5572,19.7189
2.5335,19.7178
2.5068,19.7124
2.4800,19.7380
2.4665,19.7508
2.4458,19.7533
2.4308,19.7638
2.4602,19.8378
2.4064,19.7931
2.4211,19.8467
2.3677,19.8016
2.3638,19.8285
2.3318,19.8140
2.3222,19.8325
2.3043,19.8386
2.2862,19.8446
2.2682,19.8505
2.2322,19.8622
2.2142,19.8679
2.1908,19.8652
2.1835,19.8877
2.1788,19.9143
2.1846,19.9579
2.1376,19.9520
2.1168,19.9532
2.1351,20.0181
2.1259,20.0384
2.1036,20.0374
2.0749,20.0255
2.0394,20.0379
2.0185,20.0387
2.0090,20.0588
1.9730,20.0335
1.9709,20.0664
1.9326,20.0365
1.9217,20.0543
1.9538,20.1481
1.8948,20.0810
1.8593,20.0549
1.8895,20.1469
1.8841,20.1755
1.8631,20.1756
1.8623,20.2130
1.8258,20.1845
1.8049,20.1844
1.7839,20.1842
1.7653,20.1884
1.7490,20.1969
1.7350,20.2099
1.7141,20.2094
1.6723,20.2083
1.6650,20.2344
1.6195,20.1846
1.6299,20.2464
1.6421,20.3128
1.6276,20.3254
1.5899,20.3326
1.5473,20.2866
1.5265,20.2854
1.5269,20.3294
1.5260,20.3712
1.5060,20.3722
1.4734,20.3899
1.4555,20.3953
1.4345,20.3938
1.4196,20.4059
1.4027,20.4134
1.3857,20.4209
1.3707,20.4329
1.3386,20.4521
1.3235,20.4640
1.3102,20.4804
1.2988,20.5014
1.2835,20.5131
1.2795,20.5526
1.2298,20.5296
1.2125,20.5366
1.1823,20.5109
1.1760,20.5456
1.1659,20.5710
1.1359,20.5451
1.1082,20.5771
1.1232,20.6703
1.0768,20.5995
1.0661,20.6247
1.0366,20.5983
0.9920,20.5295
1.0428,20.7263
0.9540,20.5325
0.9251,20.5056
0.9636,20.6720
0.9459,20.6781
0.9313,20.6937
0.9359,20.7659
0.9266,20.7982
0.9375,20.8917
0.8842,20.7912
0.8314,20.6901
0.8258,20.7338
0.8184,20.7729
0.8274,20.8643
0.8663,21.0541
0.7819,20.8471
0.7535,20.8192
0.7065,20.7291
0.6843,20.7201
0.6777,20.7637
0.6751,20.8217
0.6908,20.9448
0.6394,20.9046
0.6204,20.9076
0.6073,20.9320
0.5979,20.9708
0.5786,20.9732
0.5574,20.9685
0.5339,21.0314
0.5195,21.0535
0.5060,21.0798
0.4762,21.0409
0.4514,21.0213
0.4244,20.9920
0.3952,20.9528
0.3694,21.0102
0.3506,21.0146
0.3319,21.0189
0.3120,21.0182
0.3083,21.0907
0.3006,21.1465
0.2643,21.1645
0.2394,21.1412
0.2213,21.1500
0.2012,21.1490
0.1820,21.1529
0.1628,21.1567
0.1244,21.1641
0.1071,21.1775
0.0842,21.1614
0.0624,21.1502
0.0519,21.2028
0.0446,21.2750
0.0677,21.5277
0.0262,21.4048
-0.0063,21.3323
-0.0316,21.3010
-0.0626,21.2321
-0.0851,21.2154
-0.1052,21.2135
-0.1216,21.2362
-0.1576,21.2616
-0.1743,21.2842
-0.1826,21.3691
-0.2024,21.3718
-0.2223,21.3744
-0.2402,21.3919
-0.2782,21.4117
-0.3002,21.3961
-0.3201,21.3985
-0.3345,21.4504
-0.3605,21.3980
-0.3663,21.5325
-0.3856,21.5446
-0.4072,21.5335
-0.4348,21.4609
-0.4504,21.5108
-0.4734,21.4828
-0.4943,21.4765
-0.5152,21.4683
-0.5236,21.6127
-0.5543,21.4866
-0.5676,21.5778
-0.5847,21.6241
-0.6099,21.5609
-0.6313,21.5473
-0.6533,21.5237
-0.6723,21.5450
-0.7130,21.5473
-0.7331,21.5534
-0.7535,21.5545
-0.7745,21.5405
-0.7940,21.5613
-0.8138,21.5772
-0.8536,21.6086
-0.8712,21.7041
-0.8915,21.7247
-0.9123,21.7253
-0.9315,21.8042
-0.9535,21.7562
-0.9956,21.7519
-1.0165,21.7521
-1.0371,21.8108
-1.0582,21.8059
-1.0888,15.1456
-1.1004,21.7725
-1.1215,21.7874
-1.1641,21.8320
-1.1855,21.8467
-1.0957,15.1456
-1.0968,15.1455
-1.2511,21.9254
-1.2719,21.9000
-1.3151,21.9087
-1.3358,21.8881
-1.3583,21.9172
-1.3806,21.9363
-1.4027,21.9504
-1.4250,21.9644
-1.4510,22.0520
-1.4679,21.9573
-1.4914,21.9910
-1.5128,21.9848
-1.5388,22.0532
-1.5632,22.0917
-1.5851,22.0892
-1.6198,22.2672
-1.6303,22.1021
-1.6527,22.1054
-1.6723,22.0738
-1.6959,22.0919
-1.7226,22.1448
-1.7500,22.2026
-1.7745,22.2245
-1.8188,22.2153
-1.8431,22.2330
-1.8769,22.3401
-1.8976,22.3186
-1.9197,22.3111
-1.9401,22.2888
-1.9852,22.2835
-2.0108,22.3056
-2.0372,22.3325
-2.0637,22.3594
-2.0891,22.3762
-2.1158,22.4022
-2.1414,22.4189
-2.1679,22.4411
-2.1902,22.4323
-2.2175,22.4586
-2.2443,22.4799
-2.2577,22.4128
-2.2876,22.4536
-2.3317,22.5828
-2.3369,22.4660
-2.3624,22.4770
-2.3872,22.4830
-2.4121,22.4889
-2.4378,22.4997
-2.4645,22.5153
-2.4904,22.5258
-2.5415,22.5418
-2.5667,22.5473
-2.5929,22.5575
-2.6105,22.5236
-2.6377,22.5385
-2.6897,22.6758
-2.7698,22.8225
-2.7867,22.7832
-2.7898,22.6804
-2.8263,22.7338
-2.8448,22.7042
-2.8719,22.7135
-2.9240,22.7221
-2.9615,22.7750
-3.0063,22.8568
-3.0469,22.9191
-3.0713,22.9130
-3.0910,22.8877
-3.1844,23.1582
-3.1446,22.8949
-3.1913,22.9757
-3.2272,23.0129
-3.2696,23.0741
-3.2908,23.0534
-3.3222,23.0709
-3.3299,23.0011
-3.3833,23.0019
-3.4854,23.2697
-3.5191,23.2913
-3.5530,23.3128
-3.6122,23.4206
-3.5984,23.2779
-3.6698,23.4244
-3.6638,23.3105
-3.6865,23.2932
-3.7062,23.2663
-3.7495,23.3156
-3.7827,23.3314
-3.8144,23.3423
-3.9199,23.5825
-3.8751,23.3543
-3.8884,23.3080
-3.9391,23.3754
-3.9792,23.4094
-4.0211,23.4480
-4.0572,23.4686
-4.1109,23.5401
-4.1204,23.4826
-4.1499,23.4829
-4.2210,23.6007
-4.2867,23.7009
-4.3101,23.6818
-4.3483,23.7035
-4.3964,23.7515
-4.4590,23.7549
-4.4713,23.7058
-4.4767,23.6397
-4.5123,23.6527
-4.5516,23.6750
-4.6555,23.8616
-4.7086,23.9159
-4.7877,23.9543
-4.8321,23.9849
-4.8931,23.9761
-4.9599,23.9808
-4.5368,5.5776
-4.4712,5.5852
-4.4077,5.6737
-4.3379,5.7814
-4.2283,6.0023
-4.1552,6.1248
-4.1077,6.1770
-4.0301,6.2346
-3.9608,6.3536
-3.8652,6.5534
-2.5382,8.8179
-2.4912,8.9349
-2.4312,9.0336
-2.4016,9.0831
-2.3735,9.1279
-2.3423,9.1874
-2.3126,9.2421
-2.2801,9.3117
-2.2318,9.3779
-2.2034,9.4331
-2.1763,9.4836
-2.1535,9.5146
-2.1319,9.5408
-2.1105,9.5671
-2.1000,9.5375
-2.0727,9.5954
-2.0526,9.6170
-2.0309,9.6485
-2.0039,9.7096
-1.9704,9.8101
-1.9366,9.9157
-1.9420,9.7973
-1.8976,9.9698
-1.8767,10.0068
-1.8608,10.0143
-1.8450,10.0219
-1.8269,10.0443
-1.7889,10.1042
-1.7648,10.1713
-1.7474,10.1940
-1.7316,10.2068
-1.7139,10.2346
-1.6976,10.2526
-1.6828,10.2607
-1.6685,10.2648
-1.6564,10.2522
-1.4815,10.5144
-1.4705,10.4932
-1.4555,10.5174
-1.4437,10.5061
-1.4293,10.5248
-1.4146,10.5487

# FrameTime=1781596487.25, PointCount=477
4.7259,18.2760
4.6316,18.2424
4.6637,18.2857
4.6600,18.3072
4.6594,18.3306
4.6826,18.3690
4.6886,18.3970
4.7326,18.4490
4.7061,18.4811
4.6138,18.4461
4.5734,18.4441
4.5623,18.4611
4.5652,18.4872
4.5082,18.4738
4.4802,18.5035
4.4291,18.4933
4.4922,18.5604
4.4767,18.5743
4.5516,18.6505
4.4127,18.5792
4.4332,18.6426
4.4011,18.6447
4.3177,18.6102
4.3752,18.6758
4.4065,18.7232
4.2546,18.6381
4.2111,18.6553
4.1713,18.6504
4.2438,18.7288
4.2039,18.7238
4.1624,18.7174
4.0908,18.6879
4.0670,18.6943
4.1599,18.7901
4.0829,18.7557
4.1002,18.7939
4.1416,18.8513
4.0720,18.8219
4.0543,18.8330
3.9951,18.8110
3.9707,18.8415
3.9624,18.8598
3.9849,18.9033
4.0034,18.9439
3.9947,18.9623
4.1756,19.1384
3.8802,18.9436
3.8524,18.9455
4.0035,19.0997
3.9009,19.0382
3.9410,19.0988
3.8789,19.0713
3.8757,19.0947
3.7591,19.0187
3.7164,19.0068
3.7074,19.0245
3.7020,19.0455
3.6855,19.0565
3.6800,19.0775
3.6654,19.0903
3.6614,19.1128
3.6430,19.1222
3.6022,19.1107
3.6038,19.1384
3.6598,19.2173
3.7336,19.3138
3.5771,19.1926
3.4728,19.1460
3.4238,19.1249
3.4357,19.1628
3.3975,19.1519
3.3843,19.1654
3.3640,19.1717
3.3234,19.1842
3.2960,19.1833
3.3143,19.2284
3.3359,19.2772
3.3153,19.2833
3.2427,19.2356
3.2123,19.2579
3.2023,19.2744
3.2265,19.3271
3.2606,19.3910
3.3407,19.5046
3.1904,19.3713
3.1528,19.3584
3.1117,19.3690
3.0811,19.3631
3.0740,19.3830
3.0734,19.4104
3.0695,19.4340
3.0504,19.4408
3.0058,19.4468
2.9754,19.4402
2.9320,19.4183
2.9050,19.4152
2.9072,19.4462
2.8932,19.4581
2.8617,19.4781
2.8444,19.4861
2.8238,19.4902
2.8033,19.4942
2.8017,19.5213
2.8032,19.5523
2.7837,19.5873
2.7646,19.5930
2.7516,19.6065
2.7340,19.6141
2.7071,19.6098
2.6895,19.6172
2.7865,19.7728
2.6360,19.6081
2.6244,19.6232
2.6340,19.6662
2.6433,19.7092
2.6420,19.7384
2.6151,19.7335
2.5704,19.7044
2.5867,19.7576
2.5525,19.7424
2.5141,19.7210
2.4904,19.7196
2.4829,19.7405
2.4621,19.7431
2.4616,19.7741
2.4401,19.8076
2.4335,19.8304
2.4012,19.8163
2.3804,19.8185
2.3568,19.8165
2.3444,19.8310
2.3167,19.8556
2.2987,19.8617
2.2751,19.8593
2.2516,19.8568
2.2281,19.8543
2.2128,19.8642
2.2394,19.9392
2.1822,19.8839
2.1775,19.9106
2.1754,19.9415
2.1598,19.9512
2.1416,19.9567
2.1181,19.9536
2.1457,20.0334
2.1114,20.0485
2.0865,20.0431
2.0681,20.0483
2.0484,20.0513
2.0363,20.0671
1.9927,20.0291
1.9660,20.0561
1.9464,20.0587
1.9033,20.0200
1.9244,20.0942
1.8864,20.0640
1.8632,20.0598
1.9126,20.1867
1.8951,20.1935
1.8836,20.2112
1.8458,20.1805
1.8036,20.1410
1.8015,20.1760
1.7596,20.1361
1.8237,20.2972
1.7504,20.1974
1.7387,20.2147
1.7315,20.2410
1.7037,20.2272
1.6805,20.2222
1.6529,20.2081
1.6209,20.1851
1.6170,20.2595
1.6312,20.3304
1.5970,20.3025
1.5761,20.3016
1.5466,20.2825
1.5300,20.2904
1.5179,20.3512
1.5106,20.3794
1.4906,20.3804
1.4747,20.3904
1.4568,20.3958
1.4379,20.3988
1.4829,20.5457
1.4040,20.4139
1.3851,20.4168
1.3701,20.4287
1.3551,20.4407
1.3400,20.4526
1.3248,20.4644
1.3222,20.5062
1.2925,20.4834
1.2792,20.4997
1.2638,20.5114
1.2466,20.5185
1.2274,20.5208
1.2083,20.5231
1.1855,20.5160
1.1564,20.5435
1.1426,20.5596
1.1306,20.5802
1.1202,20.6055
1.1026,20.6121
1.0781,20.6000
1.0345,20.5894
1.0103,20.5769
0.9743,20.5315
0.9520,20.5235
0.9331,20.5249
0.9732,20.6960
0.9871,20.7945
0.9327,20.6941
0.9325,20.7522
0.9264,20.7939
0.9130,20.8142
0.8769,20.7654
0.8312,20.6858
0.8333,20.7533
0.8078,20.7981
0.8104,20.8705
0.7921,20.8761
0.7418,20.7767
0.7064,20.7248
0.6900,20.7349
0.6639,20.7790
0.7240,21.0558
0.6633,20.9143
0.6489,20.9339
0.6231,20.9129
0.6139,20.9517
0.5890,21.0074
0.5562,20.9593
0.5452,20.9932
0.5347,21.0298
0.5276,21.0802
0.4989,21.0463
0.5025,21.1412
0.4587,21.0460
0.4340,21.0264
0.3989,20.9630
0.3814,20.9723
0.3862,21.0767
0.3509,21.0102
0.3310,21.0096
0.3022,21.0570
0.2960,21.1197
0.2828,21.1511
0.2620,21.1474
0.2418,21.1465
0.2237,21.1554
0.1853,21.1631
0.1709,21.1914
0.1469,21.1707
0.1258,21.1645
0.1075,21.1730
0.0811,21.1373
0.0481,21.1737
0.0348,21.2115
0.0374,21.3428
0.0322,21.4330
-0.0089,21.3081
-0.0310,21.2965
-0.0620,21.2276
-0.1038,21.2139
-0.1217,21.2267
-0.1382,21.2494
-0.1548,21.2720
-0.1695,21.3093
-0.1812,21.3695
-0.2209,21.3749
-0.2414,21.3725
-0.2550,21.4246
-0.2768,21.4122
-0.2995,21.3916
-0.3176,21.4089
-0.3564,21.4233
-0.3660,21.5230
-0.3852,21.5351
-0.4094,21.4992
-0.4305,21.4912
-0.4518,21.4814
-0.4715,21.4883
-0.5068,21.5516
-0.5315,21.5003
-0.5494,21.5318
-0.5647,21.5981
-0.5848,21.6047
-0.6064,21.5912
-0.6487,21.5740
-0.6703,21.5554
-0.6907,21.5566
-0.7111,21.5578
-0.7315,21.5589
-0.7519,21.5599
-0.7929,21.5568
-0.8128,21.5676
-0.8327,21.5834
-0.8512,21.6390
-0.8690,21.7295
-0.8904,21.7152
-0.9097,21.7742
-0.9303,21.7961
-0.9516,21.7866
-0.9734,21.7420
-0.9941,21.7573
-1.0143,21.8325
-1.0358,21.8012
-1.0568,21.8164
-1.0886,15.1461
-1.0898,15.1461
-1.1411,21.7777
-1.1628,21.8374
-1.0932,15.1460
-1.2057,21.8668
-1.0955,15.1460
-1.2488,21.8860
-1.2703,21.8904
-1.2920,21.8998
-1.3131,21.8892
-1.3353,21.9135
-1.3577,21.9376
-1.3812,21.9855
-1.4018,21.9608
-1.4247,21.9886
-1.4460,21.9788
-1.4681,21.9876
-1.4890,21.9715
-1.5126,22.0052
-1.5407,22.1074
-1.5593,22.0523
-1.5841,22.0946
-1.6065,22.0992
-1.6351,22.1872
-1.6528,22.1258
-1.6705,22.0693
-1.6962,22.1123
-1.7455,22.1682
-1.7714,22.2060
-1.7955,22.2229
-1.8159,22.2008
-1.8453,22.2682
-1.8725,22.3115
-1.9015,22.3679
-1.9172,22.3017
-1.9393,22.2942
-1.9601,22.2767
-1.9839,22.2840
-2.0125,22.3308
-2.0370,22.3429
-2.0641,22.3740
-2.0844,22.3519
-2.1059,22.3390
-2.1380,22.4045
-2.1637,22.4211
-2.1902,22.4426
-2.2162,22.4591
-2.2408,22.4661
-2.2785,22.4047
-2.3124,22.4702
-2.3363,22.4714
-2.3611,22.4775
-2.3859,22.4835
-2.4115,22.4943
-2.4605,22.5010
-2.4864,22.5116
-2.5123,22.5221
-2.5383,22.5325
-2.5644,22.5428
-2.5887,22.5432
-2.6091,22.5240
-2.6715,22.5930
-2.7050,22.6372
-2.7317,22.6469
-2.7853,22.7836
-2.7905,22.6906
-2.8185,22.7050
-2.8651,22.6896
-2.8933,22.7037
-2.9283,22.7469
-2.9761,22.8435
-3.0211,22.9254
-3.0443,22.9145
-3.0813,22.8542
-3.1152,22.8869
-3.1457,22.9050
-3.1887,22.9714
-3.2308,23.0327
-3.2684,23.0749
-3.2869,23.0442
-3.3479,23.1722
-3.3417,23.0497
-3.3519,22.9900
-3.3913,23.0361
-3.4922,23.2990
-3.5219,23.3062
-3.5669,23.3661
-3.6323,23.3981
-3.6468,23.3522
-3.6567,23.2919
-3.6866,23.2984
-3.7005,23.2524
-3.7556,23.3399
-3.8327,23.4046
-3.8571,23.3916
-3.8614,23.3168
-3.9057,23.3654
-3.9534,23.4232
-3.9699,23.3862
-4.0622,23.4880
-4.0819,23.4602
-4.1223,23.4925
-4.1584,23.5116
-4.2263,23.6200
-4.2904,23.7154
-4.3207,23.7152
-4.3470,23.7040
-4.3720,23.6895
-4.4133,23.7185
-4.4466,23.7257
-4.4522,23.6596
-4.4807,23.6541
-4.5127,23.6579
-4.5788,23.6697
-4.6073,23.6638
-4.7346,23.9055
-4.7882,23.9594
-4.8421,24.0131
-4.4991,5.5912
-4.4149,5.6507
-4.3416,5.7677
-4.2320,5.9886
-4.1572,6.1158
-4.1047,6.1821
-4.0385,6.2067
-3.9724,6.3162
-3.8638,6.5538
-2.5215,8.8814
-2.4782,8.9839
-2.4264,9.0486
-2.3980,9.0933
-2.3710,9.1332
-2.3486,9.1537
-2.3113,9.2426
-2.2798,9.3072
-2.2455,9.3867
-2.2483,9.2939
-2.2000,9.4434
-2.1739,9.4889
-2.1512,9.5200
-2.1305,9.5413
-2.1091,9.5676
-2.0723,9.5910
-2.0513,9.6175
-2.0313,9.6392
-2.0079,9.6806
-1.9743,9.7811
-1.9413,9.8817
-1.8995,9.9506
-1.8769,9.9974
-1.8618,10.0000
-1.8428,10.0273
-1.8247,10.0497
-1.8076,10.0673
-1.7699,10.1273
-1.7475,10.1845
-1.7303,10.2073
-1.7152,10.2153
-1.6982,10.2382
-1.6806,10.2671
-1.6544,10.2576
-1.4815,10.4999
-1.4683,10.5038
-1.4551,10.5074
-1.4419,10.5115
-1.4279,10.5252
-1.4137,10.5442

# FrameTime=1781596487.34, PointCount=479
4.6391,18.2218
4.6500,18.2519
4.6721,18.2890
4.6615,18.3063
4.7952,18.4131
4.6332,18.3364
4.6562,18.3748
4.7002,18.4267
4.7271,18.4682
4.6683,18.4550
4.5984,18.4343
4.5832,18.4486
4.5693,18.4881
4.5346,18.4895
4.4985,18.4897
4.4940,18.5110
4.4952,18.5361
4.5101,18.5707
4.5201,18.6269
4.5167,18.6494
4.4436,18.6233
4.4141,18.6273
4.3429,18.6016
4.3557,18.6353
4.4404,18.7457
4.2843,18.6577
4.2685,18.6709
4.1843,18.6337
4.1968,18.6673
4.2677,18.7446
4.2317,18.7427
4.1774,18.7267
4.1161,18.7051
4.0844,18.7055
4.0685,18.7179
4.1058,18.7713
4.1474,18.8285
4.1391,18.8473
4.1794,18.9043
4.0831,18.8538
4.0161,18.8257
3.9609,18.8066
3.9683,18.8374
3.9793,18.8714
4.0018,18.9150
3.9537,18.9264
4.2730,19.2173
3.9133,18.9437
3.8739,18.9362
3.8767,18.9640
3.9113,19.0191
3.9272,19.0848
3.8841,19.0737
3.8185,19.0426
3.7418,19.0013
3.7029,18.9926
3.7088,19.0236
3.7615,19.0964
3.6869,19.0556
3.6518,19.0498
3.6426,19.0674
3.6501,19.1003
3.6203,19.0991
3.5963,19.1030
3.5979,19.1306
3.7118,19.2909
3.6547,19.2640
3.5560,19.1969
3.4598,19.1312
3.4324,19.1309
3.4371,19.1619
3.3751,19.1539
3.3619,19.1673
3.3380,19.1701
3.3213,19.1798
3.3256,19.2107
3.3192,19.2310
3.3272,19.2931
3.2684,19.2597
3.2272,19.2440
3.2172,19.2605
3.2175,19.2879
3.2485,19.3480
3.4351,19.5741
3.2720,19.4286
3.2735,19.4583
3.1610,19.3649
3.1269,19.3555
3.0997,19.3533
3.0825,19.3622
3.0787,19.3858
3.1331,19.4745
3.0625,19.4237
3.0386,19.4249
3.0180,19.4298
2.9974,19.4345
2.9637,19.4242
2.9171,19.3985
2.9022,19.4376
2.8946,19.4572
2.8901,19.4806
2.8888,19.5078
2.8490,19.4890
2.8157,19.4777
2.7968,19.5126
2.7825,19.5243
2.7871,19.5592
2.7867,19.5883
2.7722,19.5999
2.7406,19.5899
2.7116,19.6128
2.6909,19.6163
2.6672,19.6157
2.6374,19.6072
2.6350,19.6342
2.6596,19.6971
2.6673,19.7382
2.6195,19.7366
2.5718,19.7035
2.5570,19.7144
2.5466,19.7314
2.5125,19.7160
2.5006,19.7308
2.4635,19.7422
2.4457,19.7487
2.4307,19.7593
2.4658,19.8414
2.4092,19.7926
2.3828,19.7866
2.4115,19.8608
2.3694,19.8321
2.3346,19.8135
2.3250,19.8320
2.3070,19.8381
2.2890,19.8441
2.2710,19.8500
2.3037,19.9332
2.2350,19.8617
2.2170,19.8675
2.1962,19.8690
2.1863,19.8872
2.1816,19.9139
2.1874,19.9574
2.1970,20.0074
2.1404,19.9515
2.1248,19.9612
2.1249,19.9963
2.1260,20.0337
2.1089,20.0411
2.0776,20.0250
2.0580,20.0280
2.0238,20.0425
2.0117,20.0583
1.9758,20.0331
1.9786,20.0746
1.9353,20.0361
1.9096,20.0277
1.9000,20.0848
1.8646,20.0588
1.8753,20.1158
1.9122,20.2210
1.8306,20.1489
1.8440,20.2126
1.8076,20.1839
1.7820,20.1749
1.7634,20.1791
1.7518,20.1965
1.7378,20.2094
1.7260,20.2267
1.6982,20.2129
1.6677,20.2340
1.6268,20.1931
1.6149,20.2101
1.6338,20.2899
1.6304,20.3249
1.6072,20.3196
1.5544,20.2951
1.5293,20.2849
1.5233,20.3154
1.5246,20.3616
1.5141,20.3830
1.4920,20.3795
1.4782,20.3940
1.4352,20.3888
1.4224,20.4054
1.4034,20.4084
1.3885,20.4204
1.3715,20.4278
1.3565,20.4397
1.3243,20.4589
1.3111,20.4753
1.2978,20.4917
1.2844,20.5080
1.2813,20.5499
1.2536,20.5314
1.2153,20.5361
1.1906,20.5244
1.1715,20.5265
1.1578,20.5426
1.1458,20.5633
1.1391,20.5979
1.1437,20.6631
1.1198,20.6533
1.0796,20.5990
1.0741,20.6383
1.0377,20.5931
1.0015,20.5478
0.9791,20.5400
1.0394,20.7652
0.9312,20.5146
0.9352,20.5819
0.9503,20.6824
0.9405,20.7121
0.9339,20.7513
0.9278,20.7930
0.9097,20.7990
0.8596,20.7681
0.8194,20.7048
0.8182,20.7629
0.8122,20.8067
0.8014,20.8362
0.7803,20.8323
0.7890,20.9265
0.7107,20.7334
0.6871,20.7196
0.6791,20.7584
0.6681,20.7877
0.6950,20.9491
0.6579,20.8893
0.6430,20.9068
0.6332,20.9430
0.6087,20.9267
0.5974,20.9580
0.5865,20.9920
0.5563,20.9535
0.5542,21.0212
0.5374,21.0337
0.5088,21.0793
0.4717,21.0114
0.4530,21.0160
0.4283,20.9964
0.3968,20.9475
0.3932,21.0151
0.3602,21.0433
0.3358,21.0232
0.3126,21.0080
0.3111,21.0902
0.3034,21.1460
0.2863,21.1599
0.2682,21.1689
0.2402,21.1309
0.2251,21.1544
0.2039,21.1486
0.1857,21.1573
0.1656,21.1562
0.1464,21.1599
0.1263,21.1587
0.0879,21.1659
0.0634,21.1399
0.0529,21.1924
0.0405,21.2352
0.0438,21.3714
0.0220,21.3631
-0.0280,21.3055
-0.0559,21.2563
-0.0823,21.2150
-0.1017,21.2179
-0.1196,21.2307
-0.1353,21.2583
-0.1381,21.3779
-0.1716,21.2837
-0.1837,21.3408
-0.1997,21.3713
-0.2188,21.3789
-0.2387,21.3815
-0.2548,21.4137
-0.2770,21.3982
-0.3185,21.3881
-0.3334,21.4350
-0.3577,21.3975
-0.3651,21.5171
-0.3828,21.5441
-0.4090,21.4883
-0.4467,21.5203
-0.4710,21.4774
-0.4924,21.4661
-0.5133,21.4579
-0.5318,21.4795
-0.5468,21.5458
-0.5577,21.6703
-0.5827,21.6137
-0.6082,21.5454
-0.6282,21.5518
-0.6511,21.5133
-0.6695,21.5445
-0.6899,21.5457
-0.7100,21.5518
-0.7504,21.5590
-0.7711,21.5550
-0.7912,21.5609
-0.8114,21.5667
-0.8309,21.5925
-0.8488,21.6680
-0.8888,21.7193
-0.9103,21.6949
-0.9289,21.7937
-0.9502,21.7857
-0.9719,21.7461
-0.9927,21.7564
-1.0128,21.8451
-1.0344,21.7868
-1.0555,21.7954
-1.0765,21.8155
-1.0872,15.1451
-1.1188,21.7919
-1.0895,15.1451
-1.1621,21.9051
-1.2042,21.8559
-1.0941,15.1451
-1.2482,21.9200
-1.2695,21.9145
-1.2908,21.9089
-1.3115,21.8833
-1.3553,21.9118
-1.3778,21.9359
-1.4000,21.9499
-1.4222,21.9639
-1.4443,21.9728
-1.4675,22.0017
-1.4955,22.1141
-1.5092,21.9693
-1.5348,22.0328
-1.5582,22.0564
-1.5820,22.0837
-1.6048,22.0932
-1.6399,22.2701
-1.6495,22.1000
-1.6910,22.0666
-1.7185,22.1294
-1.7446,22.1723
-1.7732,22.2399
-1.7936,22.2170
-1.8150,22.2049
-1.8674,22.2749
-1.8916,22.2883
-1.9164,22.3057
-1.9390,22.3032
-1.9593,22.2807
-1.9854,22.3078
-2.0146,22.3589
-2.0344,22.3320
-2.0609,22.3589
-2.0830,22.3510
-2.1051,22.3430
-2.1373,22.4085
-2.1637,22.4301
-2.1902,22.4516
-2.2206,22.4982
-2.2408,22.4745
-2.2648,22.4764
-2.2802,22.4235
-2.3118,22.4742
-2.3341,22.4655
-2.3605,22.4815
-2.4084,22.4835
-2.4342,22.4943
-2.4608,22.5099
-2.4867,22.5205
-2.5154,22.5457
-2.5388,22.5414
-2.5863,22.5374
-2.6106,22.5378
-2.6310,22.5185
-2.6840,22.6606
-2.6966,22.6020
-2.7537,22.7584
-2.7674,22.7046
-2.8182,22.7090
-2.8431,22.7086
-2.8658,22.6984
-2.8941,22.7125
-2.9314,22.7655
-2.9713,22.8280
-3.0453,22.9235
-3.0603,22.8786
-3.0834,22.8678
-3.1150,22.8908
-3.1553,22.9476
-3.1947,22.9994
-3.2580,23.0398
-3.2906,23.0626
-3.3116,23.0415
-3.3350,23.0295
-3.3532,22.9987
-3.4638,23.3004
-3.5002,23.3318
-3.5447,23.2931
-3.5968,23.3769
-3.6266,23.3828
-3.6325,23.3082
-3.6510,23.2766
-3.6838,23.2927
-3.7290,23.2579
-3.7889,23.3595
-3.8192,23.3656
-3.8572,23.3954
-3.9296,23.5307
-3.9105,23.3834
-4.0183,23.6227
-3.9764,23.4089
-4.0007,23.3955
-4.0560,23.4729
-4.0854,23.4734
-4.1226,23.4963
-4.1868,23.5955
-4.2404,23.6628
-4.2784,23.6848
-4.3136,23.6987
-4.3456,23.7031
-4.3689,23.6839
-4.4188,23.7364
-4.4346,23.6967
-4.4491,23.6540
-4.5077,23.6476
-4.5470,23.6699
-4.5810,23.6781
-4.6077,23.6675
-4.7536,23.9556
-4.7980,23.9863
-4.5273,5.5106
-4.4650,5.5941
-4.3912,5.7108
-4.2592,5.9077
-4.1691,6.0772
-4.1132,6.1529
-4.0677,6.2005
-4.0142,6.2720
-3.8880,6.4771
-2.4744,8.9927
-2.4398,9.0614
-2.4136,9.0963
-2.3876,9.1313
-2.3472,9.1528
-2.3109,9.2368
-2.2794,9.3014
-2.2452,9.3809
-2.2187,9.4262
-2.1924,9.4717
-2.1920,9.3935
-2.1547,9.4946
-2.1321,9.5257
-2.1106,9.5519
-2.0883,9.5832
-2.0672,9.6097
-2.0290,9.6432
-2.0074,9.6748
-1.9799,9.7408
-1.9476,9.8365
-1.9159,9.9324
-1.8931,9.9792
-1.8739,10.0063
-1.8713,9.9319
-1.8461,9.9968
-1.8257,10.0340
-1.8092,10.0466
-1.7876,10.0938
-1.7720,10.1030
-1.7302,10.1965
-1.7152,10.2045
-1.6962,10.2422
-1.6826,10.2404
-1.6682,10.2446
-1.4810,10.4895
-1.4664,10.5076
-1.4519,10.5269
-1.4396,10.5204
-1.4277,10.5094
-1.4123,10.5433
-1.4037,10.4875

# FrameTime=1781596487.44, PointCount=480
4.6536,18.2337
4.6389,18.2483
4.6737,18.2932
4.6631,18.3105
4.6752,18.3418
4.6814,18.3697
4.6934,18.4256
4.7245,18.4698
4.6868,18.4701
4.5958,18.4359
4.5764,18.4475
4.5737,18.4699
4.5472,18.5011
4.4918,18.4885
4.4873,18.5098
4.4761,18.5265
4.5199,18.5807
4.4838,18.5806
4.5572,18.6558
4.5305,18.6623
4.5502,18.7011
4.4156,18.6318
4.3688,18.6234
4.3409,18.6282
4.4053,18.7239
4.3181,18.6857
4.2579,18.6666
4.1938,18.6442
4.1782,18.6570
4.3012,18.7730
4.1867,18.7125
4.1373,18.7000
4.0818,18.7071
4.0779,18.7287
4.1071,18.7759
4.1306,18.8191
4.1247,18.8396
4.0630,18.8164
4.0252,18.8366
3.9662,18.8144
3.9696,18.8421
3.9651,18.8636
3.9992,18.9166
3.9790,18.9255
4.2551,19.2061
3.9414,18.9710
3.8752,18.9410
3.8550,18.9494
3.9353,19.0433
3.9111,19.0486
4.0065,19.1569
3.9004,19.0916
3.8460,19.0705
3.7430,19.0062
3.7115,19.0041
3.7062,19.0252
3.7009,19.0462
3.6843,19.0572
3.6585,19.0858
3.6418,19.0966
3.6361,19.1175
3.5937,19.1046
3.6026,19.1390
3.6987,19.2555
3.6775,19.2897
3.5590,19.2038
3.4645,19.1397
3.4262,19.1291
3.4489,19.1774
3.3892,19.1456
3.3699,19.1794
3.3425,19.1787
3.3187,19.1814
3.3230,19.2123
3.3167,19.2326
3.3347,19.2779
3.2793,19.2482
3.2246,19.2456
3.2146,19.2621
3.2114,19.2859
3.2425,19.3459
3.2731,19.4062
3.3123,19.4760
3.1652,19.3738
3.1277,19.3607
3.1038,19.3623
3.0799,19.3637
3.0728,19.3836
3.0723,19.4110
3.0525,19.4452
3.0220,19.4389
2.9915,19.4324
2.9644,19.4295
2.9210,19.4076
2.9103,19.4234
2.9823,19.5362
2.8920,19.4588
2.8875,19.4822
2.8830,19.5055
2.8464,19.4906
2.8163,19.4831
2.8053,19.4987
2.8591,19.5935
2.7800,19.5258
2.7845,19.5607
2.7794,19.5840
2.7665,19.5976
2.7412,19.5954
2.7266,19.6069
2.7029,19.6065
2.6707,19.6252
2.6378,19.6127
2.6293,19.6318
2.6419,19.6788
2.6648,19.7398
2.6318,19.7270
2.5752,19.7131
2.5544,19.7160
2.5425,19.7310
2.5100,19.7176
2.4980,19.7324
2.4759,19.7331
2.5030,19.8027
2.4489,19.7584
2.4454,19.7854
2.4532,19.8287
2.4180,19.8106
2.3972,19.8129
2.3708,19.8068
2.3472,19.8048
2.3252,19.8378
2.3267,19.8729
2.2947,19.8582
2.2712,19.8558
2.2477,19.8533
2.2270,19.8549
2.1991,19.8789
2.1864,19.8930
2.1790,19.9154
2.1848,19.9590
2.1560,19.9477
2.1404,19.9574
2.1629,20.0286
2.1040,19.9681
2.1261,20.0395
2.1076,20.0449
2.0828,20.0395
2.0656,20.0468
2.0345,20.0304
2.0390,20.0742
2.0193,20.0771
1.9757,20.0390
1.9773,20.0784
1.9353,20.0420
1.9021,20.0206
1.9183,20.0861
1.8852,20.0646
1.9265,20.1761
1.8582,20.0911
1.9024,20.2095
1.8968,20.2381
1.8352,20.1636
1.8095,20.1548
1.8074,20.1899
1.7469,20.1542
1.7515,20.2025
1.7375,20.2154
1.7280,20.2372
1.7025,20.2278
1.6793,20.2228
1.7247,20.3538
1.6309,20.2080
1.6101,20.2072
1.6180,20.2646
1.6256,20.3220
1.5980,20.3077
1.5706,20.2932
1.6304,20.4613
1.5288,20.2910
1.5165,20.3079
1.5220,20.3632
1.5094,20.3801
1.4894,20.3810
1.4715,20.3865
1.4557,20.3964
1.4198,20.4070
1.4008,20.4100
1.3839,20.4174
1.3709,20.4340
1.3539,20.4413
1.3408,20.4578
1.3085,20.4769
1.2952,20.4933
1.2818,20.5096
1.2674,20.5237
1.2473,20.5237
1.2263,20.5215
1.2053,20.5191
1.1671,20.5235
1.1534,20.5395
1.1433,20.5649
1.1312,20.5855
1.1243,20.6202
1.0962,20.5988
1.0629,20.6164
1.0334,20.5900
1.0023,20.5588
0.9748,20.5368
0.9458,20.5101
0.9451,20.5633
0.9558,20.7076
0.9267,20.6806
0.9297,20.7481
0.9268,20.7993
0.9103,20.8101
0.8680,20.7423
0.8694,20.8077
0.8107,20.6874
0.8111,20.7502
0.8021,20.7844
0.8003,20.8425
0.7850,20.8577
0.7304,20.7439
0.7038,20.7206
0.6723,20.7456
0.6655,20.7892
0.7035,20.9892
0.6567,20.8957
0.6458,20.9276
0.6206,20.9087
0.5948,20.9596
0.5873,21.0059
0.5537,20.9551
0.5466,21.0035
0.5348,21.0353
0.5252,21.0761
0.4716,21.0226
0.4516,21.0225
0.4293,21.0125
0.3966,20.9588
0.3860,20.9972
0.3809,21.0599
0.3717,21.1061
0.3321,21.0200
0.3122,21.0193
0.3085,21.0918
0.2976,21.1329
0.2827,21.1566
0.2588,21.1383
0.2417,21.1521
0.2023,21.1550
0.1841,21.1638
0.1688,21.1872
0.1457,21.1713
0.1246,21.1652
0.1064,21.1737
0.0599,21.1365
0.0478,21.1793
0.0371,21.2319
0.0370,21.3484
0.0244,21.3942
-0.0109,21.3038
-0.0322,21.2972
-0.0530,21.2924
-0.0833,21.2264
-0.1042,21.2195
-0.1214,21.2373
-0.1386,21.2550
-0.1567,21.2677
-0.1707,21.3100
-0.2022,21.3729
-0.2221,21.3755
-0.2425,21.3731
-0.2574,21.4153
-0.2792,21.4029
-0.3006,21.3923
-0.3382,21.4168
-0.3587,21.4140
-0.3687,21.5087
-0.3864,21.5357
-0.4070,21.5346
-0.4288,21.5217
-0.4535,21.4771
-0.4662,21.5603
-0.4941,21.4776
-0.5071,21.5622
-0.5327,21.5010
-0.5501,21.5375
-0.5647,21.6137
-0.5882,21.5754
-0.6274,21.6032
-0.6498,21.5747
-0.6712,21.5610
-0.6916,21.5622
-0.7120,21.5634
-0.7324,21.5645
-0.7730,21.5715
-0.7940,21.5575
-0.8140,21.5683
-0.8333,21.5990
-0.8517,21.6596
-0.8704,21.7252
-0.8918,21.7059
-0.9318,21.7803
-0.9530,21.7723
-0.9747,21.7327
-0.9952,21.7630
-1.0156,21.8231
-1.0369,21.8019
-1.0886,15.1516
-1.0898,15.1467
-1.1213,21.7885
-1.1423,21.7834
-1.1640,21.8381
-1.1854,21.8528
-1.0955,15.1467
-1.2281,21.8621
-1.2504,21.9066
-1.2715,21.8911
-1.2931,21.9005
-1.3139,21.8799
-1.3363,21.9091
-1.3616,22.0119
-1.3804,21.9374
-1.4030,21.9615
-1.4259,21.9904
-1.4471,21.9794
-1.4693,21.9883
-1.4901,21.9721
-1.5144,22.0158
-1.5605,22.0530
-1.5853,22.0953
-1.6077,22.0998
-1.6378,22.2078
-1.6540,22.1264
-1.6709,22.0600
-1.7067,22.2265
-1.7211,22.1310
-1.7463,22.1639
-1.7735,22.2166
-1.7962,22.2186
-1.8171,22.2015
-1.8464,22.2689
-1.8762,22.3362
-1.8953,22.2998
-1.9195,22.3122
-1.9416,22.3048
-1.9619,22.2823
-1.9874,22.3045
-2.0136,22.3315
-2.0394,22.3534
-2.0837,22.3377
-2.1077,22.3446
-2.1392,22.4052
-2.1656,22.4267
-2.1914,22.4433
-2.2181,22.4647
-2.2658,22.4682
-2.2805,22.4103
-2.3136,22.4708
-2.3375,22.4720
-2.3622,22.4781
-2.3870,22.4841
-2.4405,22.6571
-2.4359,22.4909
-2.4617,22.5016
-2.4875,22.5122
-2.5144,22.5276
-2.5386,22.5282
-2.5647,22.5386
-2.6286,22.7448
-2.6113,22.5296
-2.6326,22.5152
-2.6717,22.5888
-2.7082,22.6476
-2.7400,22.6818
-2.7803,22.7550
-2.7990,22.7255
-2.8468,22.7151
-2.8673,22.6951
-2.8966,22.7141
-2.9295,22.7476
-2.9693,22.8101
-3.0245,22.9358
-3.0689,23.0126
-3.0688,22.9044
-3.0836,22.8597
-3.1176,22.8924
-3.1493,22.9153
-3.1911,22.9768
-3.2332,23.0382
-3.2670,23.0659
-3.3142,23.0430
-3.3441,23.0552
-3.3531,22.9906
-3.3952,23.0463
-3.4906,23.2900
-3.5203,23.2972
-3.5980,23.3737
-3.6349,23.4036
-3.6479,23.3528
-3.6564,23.2877
-3.6863,23.2943
-3.7046,23.2626
-3.7825,23.3325
-3.8354,23.4101
-3.8552,23.3828
-3.8610,23.3127
-3.9068,23.3660
-3.9530,23.4191
-3.9695,23.3821
-4.0501,23.4497
-4.0847,23.4655
-4.1251,23.4978
-4.1662,23.5311
-4.2342,23.6395
-4.2928,23.7193
-4.3464,23.6999
-4.3715,23.6855
-4.4127,23.7145
-4.4460,23.7217
-4.4552,23.6649
-4.4819,23.6548
-4.6241,23.9446
-4.5442,23.6575
-4.5800,23.6703
-4.6103,23.6691
-4.7358,23.9061
-4.7912,23.9647
-4.8470,24.0231
-4.4849,5.5488
-4.4246,5.6279
-4.3292,5.8060
-4.2247,6.0128
-4.1257,6.1262
-4.0867,6.1549
-4.0217,6.2594
-3.9461,6.3973
-3.8586,6.5734
-2.4424,9.0630
-2.4184,9.0882
-2.3924,9.1231
-2.3655,9.1630
-2.3323,9.2323
-2.2841,9.2932
-2.2520,9.3629
-2.2254,9.4083
-2.1971,9.4636
-2.1751,9.4896
-2.1523,9.5206
-2.1141,9.5486
-2.0928,9.5750
-2.0707,9.6063
-2.0488,9.6378
-2.0288,9.6595
-2.0029,9.7156
-1.9545,9.8135
-1.9219,9.9143
-1.8982,9.9660
-1.8781,9.9981
-1.8622,10.0056
-1.8463,10.0131
-1.8334,10.0027
-1.8146,10.0300
-1.7932,10.0757
-1.7718,10.1230
-1.7479,10.1901
-1.7328,10.1981
-1.7150,10.2258
-1.7066,10.1856
-1.6858,10.2370
-1.6683,10.2659
-1.6554,10.2593
-1.4826,10.5010
-1.4694,10.5048
-1.4553,10.5185
-1.4431,10.5120
-1.4315,10.4960
-1.4164,10.5249
-1.4029,10.5339

# FrameTime=1781596487.54, PointCount=474
4.6245,18.2130
4.6568,18.2560
4.6703,18.2879
4.6506,18.3234
4.6399,18.3406
4.6715,18.3843
4.7155,18.4363
4.7171,18.4617
4.6498,18.4432
4.5926,18.4306
4.6291,18.4785
4.5705,18.4646
4.5635,18.4843
4.5315,18.4875
4.4953,18.4877
4.4898,18.5083
4.5226,18.5547
4.4053,18.4996
4.4889,18.5809
4.5501,18.6476
4.4741,18.6200
4.4625,18.6366
4.4044,18.6207
4.3332,18.5950
4.3507,18.6565
4.4267,18.7360
4.2706,18.6481
4.2549,18.6612
4.1828,18.6330
4.2194,18.6843
4.2142,18.7299
4.1879,18.7350
4.1106,18.7013
4.0948,18.7139
4.0750,18.7233
4.1004,18.7675
4.1377,18.8466
4.1254,18.8622
4.0363,18.8172
4.0108,18.8219
3.9595,18.8059
3.9785,18.8462
3.9779,18.8708
4.1724,19.0545
3.9996,18.9392
3.9446,18.9194
4.2680,19.2133
3.8966,18.9303
3.8726,18.9356
3.9059,18.9892
3.8934,19.0302
3.9411,19.0972
3.8791,19.0698
3.8021,19.0290
3.7330,18.9942
3.6978,18.9889
3.6985,19.0408
3.6782,19.0485
3.6468,19.0460
3.6450,19.0703
3.6526,19.1032
3.6228,19.1020
3.6081,19.1146
3.5930,19.1268
3.5872,19.1477
3.7252,19.3042
3.6136,19.2257
3.5641,19.2053
3.4550,19.1274
3.5158,19.2123
3.4252,19.1511
3.4120,19.1647
3.3739,19.1537
3.3642,19.1705
3.3262,19.1592
3.3201,19.1795
3.4707,19.3577
3.3146,19.2272
3.3222,19.2618
3.3331,19.3000
3.2708,19.2631
3.2226,19.2402
3.2126,19.2567
3.2232,19.2949
3.2473,19.3753
3.3494,19.5123
3.2452,19.4288
3.1600,19.3647
3.1225,19.3517
3.1019,19.3569
3.0676,19.3745
3.0705,19.4056
3.0581,19.4199
3.0342,19.4211
3.0169,19.4297
2.9898,19.4270
3.0365,19.5090
2.9487,19.4363
2.9054,19.4143
2.9076,19.4452
2.8968,19.4610
2.8891,19.4806
2.8878,19.5078
2.8480,19.4890
2.7973,19.4856
2.7990,19.5166
2.7910,19.5360
2.7892,19.5631
2.7889,19.5923
2.7651,19.5921
2.7252,19.6015
2.7107,19.6129
2.6869,19.6125
2.6571,19.6040
2.6334,19.6034
2.6371,19.6383
2.6905,19.7390
2.6469,19.7124
2.6486,19.7456
2.6187,19.7368
2.5710,19.7037
2.5680,19.7308
2.5383,19.7215
2.5087,19.7122
2.5012,19.7332
2.4848,19.7418
2.4685,19.7505
2.4448,19.7490
2.4356,19.7677
2.4621,19.8376
2.4027,19.7847
2.3697,19.8015
2.3686,19.8324
2.3310,19.8097
2.3242,19.8324
2.3090,19.8426
2.2882,19.8445
2.2550,19.8605
2.2342,19.8621
2.2135,19.8637
2.1928,19.8652
2.1936,19.9003
2.1862,19.9227
2.1685,19.9634
2.1370,19.9478
2.1162,19.9489
2.1464,20.0330
2.1254,20.0341
2.1031,20.0331
2.0612,20.0350
2.0440,20.0422
2.0346,20.0624
2.0086,20.0545
1.9726,20.0293
1.9780,20.0752
1.9297,20.0280
1.9128,20.0721
1.8969,20.0811
1.8590,20.0507
1.8965,20.1558
1.8791,20.1625
1.8605,20.1670
1.8044,20.1407
1.8023,20.1758
1.7838,20.1800
1.7698,20.1930
1.7535,20.2016
1.7372,20.2101
1.7000,20.2181
1.6723,20.2041
1.6649,20.2302
1.6217,20.1849
1.6321,20.2467
1.6421,20.3086
1.6255,20.3167
1.5900,20.3284
1.5496,20.2869
1.5266,20.2813
1.5292,20.3297
1.5262,20.3670
1.5083,20.3725
1.4736,20.3858
1.4557,20.3912
1.4409,20.4033
1.4199,20.4018
1.4030,20.4093
1.3880,20.4213
1.3541,20.4361
1.3410,20.4526
1.3258,20.4644
1.3126,20.4809
1.3012,20.5019
1.2859,20.5136
1.2848,20.5601
1.2664,20.5648
1.2322,20.5302
1.2149,20.5371
1.1829,20.5068
1.1766,20.5415
1.1683,20.5716
1.1716,20.6320
1.1192,20.5477
1.1106,20.5777
1.1257,20.6709
1.0810,20.6048
1.0686,20.6253
1.0390,20.5990
0.9944,20.5302
0.9497,20.5144
0.9291,20.5110
0.9726,20.6915
0.9483,20.6788
0.9387,20.7085
0.9384,20.7666
0.9127,20.8097
0.8883,20.7967
0.8339,20.6908
0.8298,20.7393
0.8210,20.7736
0.8315,20.8698
0.8719,21.0643
0.7845,20.8478
0.7488,20.7961
0.7076,20.7251
0.6883,20.7257
0.6817,20.7693
0.6819,20.8369
0.6977,20.9601
0.6434,20.9103
0.6230,20.9085
0.6086,20.9281
0.6006,20.9717
0.5812,20.9741
0.5588,20.9646
0.5366,21.0324
0.5247,21.0642
0.5076,21.0759
0.4704,21.0080
0.4601,21.0466
0.4271,20.9930
0.3967,20.9490
0.3921,21.0967
0.3522,21.0107
0.3346,21.0199
0.3158,21.0242
0.3111,21.0917
0.3044,21.1524
0.2676,21.1676
0.2422,21.1423
0.2251,21.1561
0.2049,21.1551
0.1848,21.1540
0.1666,21.1627
0.1272,21.1653
0.1108,21.1836
0.0861,21.1577
0.0642,21.1465
0.0556,21.2089
0.0474,21.2763
0.0707,21.5290
0.0291,21.4061
-0.0017,21.3435
-0.0287,21.3023
-0.0582,21.2433
-0.0830,21.2118
-0.1009,21.2247
-0.1180,21.2424
-0.1534,21.2729
-0.1722,21.2806
-0.1790,21.3754
-0.1989,21.3781
-0.2187,21.3808
-0.2354,21.4081
-0.2764,21.4032
-0.2973,21.3976
-0.3172,21.3999
-0.3309,21.4568
-0.3554,21.4193
-0.3638,21.5290
-0.3831,21.5411
-0.4042,21.5350
-0.4299,21.4823
-0.4474,21.5124
-0.4695,21.4943
-0.4917,21.4731
-0.5123,21.4699
-0.5205,21.6142
-0.5509,21.4931
-0.5653,21.5694
-0.5813,21.6307
-0.6076,21.5525
-0.6283,21.5490
-0.6503,21.5254
-0.6690,21.5516
-0.7097,21.5540
-0.7298,21.5601
-0.7502,21.5612
-0.7706,21.5621
-0.7910,21.5631
-0.8108,21.5789
-0.8506,21.6104
-0.8681,21.7059
-0.8885,21.7215
-0.9095,21.7171
-0.9284,21.8010
-0.9502,21.7680
-0.9924,21.7587
-1.0133,21.7590
-1.0338,21.8227
-1.0550,21.8078
-1.0761,21.8229
-1.0973,21.7744
-1.1183,21.7843
-1.0942,15.1475
-1.1823,21.8487
-1.2038,21.8634
-1.0977,15.1475
-1.0988,15.1474
-1.2686,21.8970
-1.3112,21.8908
-1.3322,21.8801
-1.3549,21.9143
-1.3771,21.9334
-1.1068,15.1472
-1.4215,21.9615
-1.4428,21.9555
-1.4879,21.9882
-1.5093,21.9819
-1.5343,22.0355
-1.5589,22.0790
-1.5818,22.0914
-1.6049,22.1059
-1.6558,22.1923
-1.6702,22.0910
-1.6917,22.0843
-1.7188,22.1421
-1.7462,22.1999
-1.7711,22.2268
-1.8158,22.2226
-1.8387,22.2254
-1.8698,22.3076
-1.8909,22.2912
-1.9162,22.3135
-1.9372,22.2961
-1.9586,22.2837
-2.0067,22.3031
-2.0349,22.3449
-2.0602,22.3618
-2.0823,22.3540
-2.1117,22.4004
-2.1379,22.4215
-2.1866,22.4348
-2.2140,22.4612
-2.2407,22.4825
-2.2640,22.4795
-2.2825,22.4464
-2.3110,22.4773
-2.3556,22.4600
-2.3828,22.4808
-2.4077,22.4867
-2.4334,22.4975
-2.4600,22.5131
-2.4868,22.5286
-2.5406,22.6911
-2.5379,22.5446
-2.5622,22.5451
-2.5855,22.5407
-2.6069,22.5264
-2.6351,22.5463
-2.6841,22.6689
-2.7398,22.8206
-2.7152,22.5809
-2.7964,22.8497
-2.7861,22.6834
-2.8194,22.7221
-2.8432,22.7169
-2.8682,22.7165
-2.8964,22.7306
-2.9578,22.7780
-2.9979,22.8404
-3.0442,22.9271
-3.0557,22.8676
-3.0860,22.8859
-3.1164,22.9041
-3.1862,22.9741
-3.2208,23.0064
-3.2644,23.0724
-3.2856,23.0518
-3.3144,23.0597
-3.3287,23.0140
-3.3781,23.0004
-3.4841,23.2826
-3.5178,23.3043
-3.5517,23.3258
-3.6081,23.4240
-3.6070,23.3244
-3.6312,23.3121
-3.6796,23.2871
-3.7037,23.2745
-3.7351,23.2857
-3.7935,23.3826
-3.8148,23.3602
-3.9202,23.6004
-3.9607,23.5453
-3.9444,23.4074
-3.9750,23.4131
-4.0026,23.4091
-4.0514,23.4676
-4.0901,23.4953
-4.1642,23.6244
-4.1457,23.4866
-4.2168,23.6045
-4.2774,23.6906
-4.3076,23.6904
-4.3440,23.7074
-4.3795,23.7210
-4.4260,23.7642
-4.4546,23.6771
-4.4742,23.6483
-4.5080,23.6567
-4.5491,23.6837
-4.6493,23.8610
-4.6986,23.9061
-4.7758,23.9399
-4.8220,23.9751
-4.9555,23.9850
-4.5020,5.5235
-4.4296,5.6354
-4.3038,5.8131
-4.1966,6.0296
-4.1272,6.1430
-4.0684,6.2283
-4.0313,6.2525
-3.9281,6.4707
-2.4770,9.0153
-2.4470,9.0646
-2.4174,9.1141
-2.3925,9.1442
-2.3500,9.1754
-2.3181,9.2399
-2.2865,9.3045
-2.2564,9.3644
-2.2267,9.4244
-2.2005,9.4699
-2.1597,9.5074
-2.1380,9.5336
-2.1156,9.5648
-2.0933,9.5960
-2.0712,9.6274
-2.0512,9.6490
-2.0152,9.6728
-1.9876,9.7388
-1.9544,9.8395
-1.9218,9.9402
-1.8998,9.9821
-1.8806,10.0092
-1.8504,10.0144
-1.8339,10.0269
-1.8166,10.0445
-1.7928,10.1065
-1.7700,10.1637
-1.7519,10.1913
-1.7224,10.2023
-1.7067,10.2152
-1.6903,10.2343
-1.6722,10.2671
-1.6600,10.2555
-1.4869,10.4971
-1.4736,10.5008
-1.4583,10.5295
-1.4460,10.5230
-1.4337,10.5169
-1.4182,10.5508
-1.4093,10.5000

