# FrameTime=1781596603.59, PointCount=682
-17.3483,26.7044
-17.3351,26.7286
-17.3261,26.7499
-15.4228,28.2070
-17.4595,26.6775
-17.3393,26.7838
-17.4098,26.7441
-15.5002,28.2423
-15.5078,28.2601
-17.4427,26.7619
-15.5407,28.2818
-15.5348,28.3104
-15.5504,28.3220
-17.6890,26.6219
-17.6956,26.6301
-17.6132,26.7110
-17.6163,26.7226
-17.6463,26.7119
-15.7482,28.3038
-17.6410,26.7446
-17.6939,26.7143
-17.6779,26.7419
-17.6545,26.7760
-17.7792,26.6835
-17.9148,26.5804
-15.8347,28.3979
-17.9391,26.5856
-18.0058,26.5403
-17.9747,26.5806
-17.8728,26.6843
-17.8200,26.7453
-17.8753,26.7096
-15.9823,28.4365
-15.9833,28.4599
-15.9938,28.4748
-16.0077,28.4865
-17.8844,26.7714
-17.8805,26.7893
-17.8694,26.8140
-16.1222,28.4776
-17.9201,26.7949
-17.9020,26.8266
-17.9381,26.8064
-17.9848,26.7757
-16.2445,28.4825
-17.9633,26.8252
-16.2248,28.5511
-16.2656,28.5355
-16.2780,28.5480
-16.3064,28.5693
-18.0176,26.8585
-18.2174,26.6694
-18.1893,26.7118
-16.4302,28.5423
-18.0748,26.8585
-17.9750,26.9775
-18.0895,26.8725
-18.1072,26.8686
-16.5438,28.5474
-16.5494,28.5663
-16.5585,28.5815
-16.5710,28.5931
-16.5574,28.6333
-16.5995,28.6125
-16.5987,28.6387
-16.6481,28.6095
-16.6607,28.6208
-16.6709,28.6349
-16.6968,28.6312
-16.6930,28.6611
-16.6623,28.7220
-16.7014,28.7032
-16.7273,28.6993
-16.7531,28.6952
-16.7692,28.7024
-16.7950,28.6982
-16.8014,28.7167
-18.5732,26.6278
-18.5990,26.6103
-16.8666,28.7174
-16.8795,28.7280
-16.9105,28.7166
-16.9118,28.7415
-16.9395,28.7337
-16.8679,28.8496
-17.0338,28.6689
-17.0528,28.6713
-17.0687,28.6775
-17.0784,28.6915
-17.0851,28.7093
-17.0828,28.7391
-18.6800,26.6878
-17.0907,28.7828
-18.6664,26.7341
-18.6794,26.7314
-18.6594,26.7726
-18.6456,26.8060
-18.6468,26.8194
-18.6363,26.8488
-17.2067,28.8197
-17.2140,28.8374
-17.2273,28.8471
-18.6773,26.8539
-18.6962,26.8429
-17.2645,28.8797
-18.6935,26.8778
-18.7210,26.8543
-18.7026,26.8963
-18.6845,26.9385
-18.7176,26.9066
-18.6068,27.0852
-17.4075,28.8735
-18.6312,27.0837
-18.6281,27.1057
-18.6335,27.1152
-17.4958,28.8570
-17.4928,28.8907
-17.5035,28.9037
-17.5116,28.9208
-17.5251,28.9295
-17.5317,28.9492
-17.5496,28.9511
-17.5765,28.9386
-17.5769,28.9682
-17.5879,28.9810
-17.5869,29.0134
-17.6059,29.0133
-17.6249,29.0133
-17.5784,29.1213
-17.6577,29.0214
-17.6910,28.9972
-17.7149,28.9882
-17.7160,29.0178
-17.7435,29.0026
-17.7437,29.0340
-17.6529,29.2234
-17.7814,29.0327
-17.8002,29.0320
-17.7846,29.0919
-17.7972,29.1024
-17.8113,29.1103
-17.8254,29.1181
-17.8123,29.1755
-17.8560,29.1293
-17.8749,29.1282
-17.8976,29.1200
-17.9150,29.1214
-17.9315,29.1245
-17.9387,29.1452
-17.9482,29.1615
-17.9639,29.1663
-17.9804,29.1692
-17.9947,29.1765
-18.0090,29.1838
-18.0265,29.1848
-18.0497,29.1741
-18.0751,29.1589
-18.0708,29.2036
-18.1036,29.1729
-18.1148,29.1862
-18.1041,29.2452
-18.1293,29.2297
-18.1587,29.2049
-18.1922,29.1711
-18.0876,29.4327
-18.2250,29.1753
-18.2393,29.1819
-18.2433,29.2112
-18.2371,29.2632
-18.2721,29.2242
-18.2946,29.2124
-18.2581,29.3344
-18.3115,29.2525
-18.3390,29.2289
-18.3594,29.2214
-18.3738,29.2276
-18.3824,29.2475
-18.4008,29.2444
-18.3907,29.3096
-18.3520,29.4451
-18.4182,29.3264
-18.4477,29.2961
-18.5032,29.2003
-18.4991,29.2523
-18.5045,29.2813
-18.5191,29.2870
-18.4129,29.6041
-18.5466,29.3030
-18.5630,29.3040
-18.5795,29.3049
-18.5942,29.3104
-18.6106,29.3112
-18.6253,29.3167
-18.5770,29.4949
-18.6547,29.3274
-18.6712,29.3280
-18.6859,29.3332
-18.6990,29.3431
-18.7318,29.2965
-18.7367,29.3299
-18.7083,29.4617
-18.7408,29.4154
-18.7481,29.4434
-18.7912,29.3640
-18.8277,29.3026
-18.8439,29.3026
-18.8540,29.3216
-18.8272,29.4572
-18.8835,29.3310
-18.8909,29.3593
-18.8852,29.4306
-18.9009,29.4330
-18.8967,29.5018
-18.9219,29.4729
-18.9095,29.5711
-18.9495,29.4914
-18.9771,29.4527
-18.9991,29.4331
-19.0195,29.4182
-19.0372,29.4128
-19.0575,29.3977
-19.0568,29.4595
-19.0489,29.5496
-19.0743,29.5158
-19.0889,29.5226
-19.1105,29.5024
-19.1388,29.4554
-19.1447,29.4957
-19.1739,29.4437
-19.1212,29.7230
-19.1935,29.4947
-19.1902,29.5759
-19.2378,29.4438
-19.2483,29.4668
-19.2069,29.7161
-19.2416,29.6370
-19.2906,29.4918
-19.1983,29.9823
-19.3063,29.5666
-19.3264,29.5483
-19.3465,29.5294
-19.3375,29.6497
-19.3786,29.5287
-19.3960,29.5220
-19.3730,29.7176
-19.4266,29.5281
-19.4439,29.5213
-19.4620,29.5095
-19.4700,29.5516
-19.4854,29.5545
-19.4960,29.5840
-19.4916,29.6992
-19.5287,29.5797
-19.5467,29.5677
-19.5639,29.5605
-19.5651,29.6494
-19.5782,29.6682
-19.5954,29.6615
-19.6030,29.7162
-19.6269,29.6664
-19.6412,29.6786
-19.6548,29.6958
-19.6700,29.7024
-19.6927,29.6559
-19.7179,29.5890
-19.7262,29.6454
-19.7238,29.7855
-19.7576,29.6495
-19.7770,29.6219
-19.9760,28.1192
-19.9889,28.1057
-19.8069,29.7741
-20.0234,27.9990
-20.0357,27.9853
-20.0481,27.9715
-20.0603,27.9577
-20.0719,27.9488
-20.0835,27.9399
-19.9290,29.6865
-20.1056,27.9320
-20.1214,27.8732
-20.1305,27.8890
-20.1372,27.9347
-20.1193,28.2944
-20.1344,28.2505
-20.1492,28.2064
-20.1598,28.2172
-20.1867,27.9886
-20.1945,28.0342
-20.2112,27.9401
-20.2224,27.9307
-20.2343,27.9064
-20.2490,27.8270
-20.2457,28.1022
-20.2704,27.8081
-20.2797,27.8285
-20.2877,27.8839
-20.2965,27.9293
-20.3067,27.9396
-20.3172,27.9400
-20.3256,28.0202
-20.3383,27.9456
-20.3489,27.9458
-20.3595,27.9460
-20.3700,27.9512
-20.3805,27.9564
-20.3911,27.9665
-20.4017,27.9716
-20.4123,27.9767
-20.4230,27.9717
-20.4338,28.0167
-20.4448,28.0566
-20.4555,28.0316
-20.4664,28.0315
-20.4781,28.0969
-20.4881,28.0312
-20.4988,28.0260
-20.5098,28.0307
-20.5206,28.0305
-20.5316,28.0352
-20.5428,28.0449
-20.5528,28.0195
-20.5646,28.0441
-20.5706,27.9245
-20.5844,27.9983
-20.5910,27.9087
-20.6022,27.9231
-20.6113,27.8965
-20.6232,27.9207
-20.6352,27.9463
-20.6448,27.9294
-20.6597,27.9948
-20.6653,27.9186
-20.6761,27.9229
-20.6864,27.9179
-20.6961,27.9072
-20.7078,27.9213
-20.7238,27.9864
-20.7341,27.9806
-20.7424,27.9527
-20.7475,27.8920
-20.7522,27.8313
-20.7615,27.8204
-20.7717,27.8194
-20.7941,27.9348
-20.7927,27.8222
-20.8073,27.8608
-20.8246,27.9215
-20.8346,27.9153
-20.8445,27.9091
-20.8501,27.8683
-20.8851,28.0637
-20.9050,28.1316
-20.9135,28.1104
-20.9606,28.3759
-20.9677,28.3396
-20.9871,28.3925
-21.0012,28.4056
-21.0168,28.4286
-21.2525,29.9196
-21.0439,28.4448
-21.0621,28.4824
-21.0728,28.4706
-21.0857,28.4736
-21.0987,28.4765
-21.3993,30.1880
-21.4259,30.2392
-21.4489,30.2679
-21.4831,30.2567
-21.5074,30.2907
-21.5195,30.2580
-21.5436,30.2890
-21.5702,30.3320
-21.5879,30.3286
-21.5978,30.2858
-21.6401,30.3130
-21.6614,30.3266
-21.6833,30.3424
-21.7131,30.3947
-21.7406,30.4348
-21.7409,30.3504
-21.7698,30.3132
-21.8145,30.4259
-21.8416,30.4606
-21.8569,30.4442
-21.8703,30.4205
-21.8812,30.3870
-21.9099,30.4263
-21.9508,30.4366
-21.5645,28.8532
-21.5766,28.8450
-22.0545,30.6113
-21.6019,28.8332
-21.6138,28.8248
-22.0701,30.4492
-21.6894,28.9959
-21.6441,28.7802
-21.6585,28.7814
-21.6619,28.7436
-21.6625,28.6971
-21.6712,28.6789
-21.6797,28.6608
-21.6896,28.6474
-21.7485,28.7968
-21.7835,28.8646
-21.7537,28.7206
-21.7180,28.5604
-21.7290,28.5517
-21.7202,28.4811
-21.7568,28.5534
-21.7415,28.4638
-21.7552,28.4646
-21.7689,28.4653
-21.7747,28.4423
-21.7820,28.4240
-21.7892,28.4058
-21.8597,28.5718
-21.8082,28.3833
-21.8184,28.3745
-21.8587,28.4504
-21.8994,28.5261
-21.9067,28.5075
-21.9001,28.4514
-21.9398,28.5221
-21.9138,28.4144
-21.9206,28.3959
-21.9325,28.3914
-21.9480,28.3962
-21.9725,28.4243
-21.9990,28.4569
-22.0239,28.4847
-22.0233,28.4474
-22.0354,28.4426
-22.0493,28.4424
-22.0633,28.4421
-22.0772,28.4418
-22.0912,28.4415
-22.1052,28.4411
-22.1498,28.5133
-22.1293,28.4309
-22.1434,28.4304
-22.1554,28.4253
-22.1674,28.4201
-22.1915,28.4423
-22.2116,28.4553
-22.2278,28.4590
-22.2461,28.4673
-22.2562,28.4573
-22.2662,28.4472
-22.2825,28.4508
-22.4185,28.7128
-23.4385,30.8644
-22.4358,28.6827
-22.4593,28.6993
-23.5094,30.8640
-23.5417,30.8818
-23.5720,30.8948
-23.6024,30.9078
-23.6329,30.9207
-23.6808,30.9192
-23.7115,30.9317
-23.7401,30.9396
-23.7710,30.9519
-23.7998,30.9596
-23.8309,30.9716
-23.8598,30.9790
-23.9085,30.9760
-23.9399,30.9875
-23.9691,30.9945
-24.0007,31.0058
-24.0325,31.0170
-24.0643,31.0280
-24.1161,31.0279
-24.1481,31.0386
-24.1803,31.0491
-24.2125,31.0595
-24.2470,31.0735
-24.2795,31.0837
-24.3323,31.0825
-24.3650,31.0923
-24.3978,31.1019
-24.4306,31.1114
-24.4636,31.1208
-24.4992,31.1343
-24.5399,31.1558
-24.5525,31.1310
-24.5884,31.1441
-24.6244,31.1570
-24.6605,31.1697
-24.6968,31.1824
-24.7331,31.1948
-24.7696,31.2071
-24.8265,31.2061
-24.8632,31.2179
-24.9001,31.2297
-24.9370,31.2412
-24.9741,31.2526
-25.0112,31.2638
-25.0541,31.2832
-25.0690,31.2610
-25.1093,31.2759
-25.1468,31.2865
-25.1872,31.3011
-25.2278,31.3155
-25.2686,31.3297
-25.3125,31.3480
-25.3302,31.3290
-25.3683,31.3387
-25.4095,31.3522
-25.4507,31.3656
-25.4921,31.3787
-25.5366,31.3957
-25.5782,31.4085
-25.6440,31.4095
-25.6859,31.4218
-25.7310,31.4379
-25.7732,31.4498
-25.8185,31.4654
-25.8610,31.4769
-25.9278,31.4757
-25.9736,31.4906
-26.0195,31.5053
-26.0656,31.5198
-26.1118,31.5341
-26.1550,31.5442
-26.2292,31.5485
-26.2348,31.5117
-26.2529,31.4904
-26.2900,31.4921
-26.3272,31.4937
-26.3741,31.5066
-26.4251,31.5240
-26.4456,31.5050
-26.4969,31.5221
-26.5466,31.5370
-26.5973,31.5526
-26.6384,31.5566
-26.8189,28.8721
-26.8410,28.8306
-26.8501,28.8085
-26.8674,28.7920
-26.8763,28.7699
-26.8894,28.7505
-26.8982,28.7283
-26.9111,28.7089
-26.9244,28.6897
-26.9326,28.6672
-26.9453,28.6477
-26.9538,28.6254
-28.5208,29.5340
-28.5344,29.4748
-28.5439,29.4469
-27.5643,28.8099
-27.5689,28.7832
-28.6060,29.3841
-27.6250,28.7584
-27.6681,28.7254
-28.6725,29.2235
-28.6869,29.1987
-28.7056,29.1764
-28.7342,29.1598
-28.7383,29.1291
-28.7481,29.1017
-28.7578,29.0743
-28.7717,29.0493
-28.7856,29.0242
-28.7994,28.9991
-28.8277,28.9819
-28.8267,28.9488
-28.8403,28.9236
-28.8582,28.9007
-28.8716,28.8754
-28.8894,28.8523
-28.9026,28.8269
-28.9262,28.8068
-28.9334,28.7783
-28.9465,28.7527
-28.9594,28.7272
-28.9768,28.7038
-28.9896,28.6781
-28.9994,28.6509
-29.0076,28.6230
-29.0237,28.5671
-29.0451,28.5456
-29.0650,28.5233
-29.0818,28.4995
-29.0986,28.4757
-29.1303,28.4588
-29.1590,28.4085
-29.1800,28.3865
-29.1965,28.3622
-29.2128,28.3380
-29.2291,28.3136
-29.2524,28.2607
-29.2685,28.2362
-29.2799,28.2097
-29.2958,28.1851
-29.3117,28.1604
-29.3275,28.1356
-29.3543,28.0841
-29.3653,28.0573
-29.3808,28.0323
-29.3963,28.0073
-29.4117,27.9822
-29.4270,27.9571
-29.4527,27.9048
-29.4725,27.8813
-29.4875,27.8559
-29.5025,27.8305
-29.5174,27.8050
-29.5322,27.7795
-29.5470,27.7539
-29.5762,27.7025
-29.5908,27.6767
-29.6052,27.6508
-29.6196,27.6249
-29.6387,27.6006
-29.6529,27.5746
-29.6812,27.5224
-29.6952,27.4962
-29.7092,27.4699
-29.7278,27.4452
-29.7416,27.4188
-29.7601,27.3939
-29.7826,27.3393
-29.8009,27.3142
-29.8143,27.2875
-29.8325,27.2622
-29.8505,27.2369
-29.8686,27.2114
-29.8900,27.1561
-29.9078,27.1305
-29.9207,27.1034
-29.9383,27.0776
-29.9559,27.0517
-29.9686,27.0244
-29.9861,26.9984
-30.0111,26.9436
-30.0283,26.9173
-30.0406,26.8898
-30.0577,26.8634
-30.0698,26.8357
-30.0867,26.8092
-30.1107,26.7535
-30.1225,26.7256
-30.1391,26.6988
-30.1557,26.6719
-30.1721,26.6450
-29.1598,25.6273
-29.1041,25.5931
-29.0367,25.5314
-28.9707,25.4967
-28.8946,25.4613
-28.8432,25.4293
-28.8363,25.4029
-28.8643,25.3805
-28.8569,25.3541
-28.8746,25.3304
-28.8873,25.3061
-28.9048,25.2822
-28.9173,25.2578
-28.9351,25.2338
-28.9471,25.2092
-28.9616,25.1589
-28.9842,25.1350
-20.6253,14.4592
-20.5651,14.4932
-20.5347,14.5478
-20.5047,14.6075
-20.4749,14.6723
-20.4456,14.7322
-20.4166,14.8072
-20.3592,14.8424
-20.3309,14.8827
-20.3030,14.9345
-20.2756,14.9998
-20.2481,15.0403
-20.2213,15.0994
-20.1671,15.1608
-20.1408,15.2066
-20.1145,15.2475
-20.0625,15.3244

# FrameTime=1781596603.69, PointCount=681
-15.3528,28.1886
-17.3632,26.7076
-17.3261,26.7499
-17.3571,26.7410
-15.4580,28.2038
-17.3473,26.7777
-15.5046,28.2152
-15.5042,28.2392
-15.5078,28.2601
-17.5212,26.7001
-17.4654,26.7585
-17.5546,26.7019
-15.5465,28.3251
-17.6462,26.6564
-15.5913,28.3370
-17.6984,26.6414
-15.6439,28.3422
-17.7080,26.6609
-17.6686,26.7074
-17.6487,26.7381
-17.6939,26.7143
-17.6894,26.7322
-15.7876,28.3661
-17.7147,26.7388
-17.9553,26.5585
-17.9768,26.5527
-17.9907,26.5535
-17.9522,26.6005
-15.9015,28.4362
-17.8237,26.7419
-17.8345,26.7464
-15.9796,28.4633
-15.9992,28.4699
-16.0097,28.4847
-16.0199,28.4998
-17.8951,26.7756
-17.8767,26.8072
-17.9057,26.7942
-17.8875,26.8259
-17.9309,26.7989
-17.9272,26.8168
-18.0495,26.7131
-16.2588,28.4686
-18.0776,26.7134
-17.9598,26.8431
-16.2479,28.5531
-16.2709,28.5551
-16.2904,28.5604
-17.9997,26.8619
-16.2187,28.6832
-18.1439,26.7443
-18.2137,26.6867
-18.1927,26.7221
-17.9882,26.9485
-17.9820,26.9703
-16.5019,28.5420
-16.5322,28.5348
-16.5378,28.5538
-16.4773,28.6435
-16.5585,28.5815
-16.5676,28.5968
-16.5836,28.6047
-16.6029,28.6088
-16.6188,28.6166
-16.6614,28.5947
-16.6616,28.6199
-16.6435,28.6656
-16.6835,28.6461
-16.7127,28.6386
-16.6860,28.6948
-16.6981,28.7069
-16.7370,28.6879
-16.7531,28.6952
-16.7267,28.7523
-16.7789,28.7172
-16.8207,28.6938
-18.5860,26.6124
-18.6246,26.5795
-16.8698,28.7135
-16.9008,28.7022
-16.8407,28.8019
-16.9055,28.7492
-16.9185,28.7598
-16.9930,28.6937
-17.0400,28.6611
-17.0528,28.6713
-17.0717,28.6736
-16.9656,28.8355
-17.0943,28.6976
-17.0858,28.7351
-17.0897,28.7570
-18.6261,26.7725
-17.1038,28.7928
-18.6764,26.7354
-18.6744,26.7526
-18.6456,26.8060
-17.1832,28.7963
-18.6392,26.8448
-17.2037,28.8238
-17.2170,28.8334
-17.2273,28.8471
-17.2406,28.8566
-17.0944,29.0900
-17.2673,28.8757
-18.7050,26.8614
-18.7067,26.8747
-18.6998,26.9004
-17.3324,28.8969
-18.6893,26.9478
-18.6547,27.0150
-18.6064,27.1031
-18.6312,27.0837
-18.6281,27.1057
-18.6362,27.1111
-17.4903,28.8653
-17.4873,28.8991
-17.4219,29.0289
-17.4981,28.9417
-17.5386,28.9086
-17.5333,28.9466
-17.5523,28.9469
-17.5845,28.9260
-17.5620,28.9920
-17.5757,29.0006
-17.6330,28.9387
-17.6622,28.9215
-17.6275,29.0090
-17.6465,29.0088
-17.6654,29.0086
-17.6987,28.9843
-17.7098,28.9968
-17.5793,29.2499
-17.7384,29.0112
-17.7422,29.0366
-17.7601,29.0377
-17.7838,29.0284
-17.7878,29.0536
-17.7782,29.1032
-17.7377,29.2084
-17.8113,29.1103
-17.8254,29.1181
-17.8419,29.1216
-17.8608,29.1205
-17.8797,29.1194
-17.9047,29.1069
-17.9197,29.1126
-17.9049,29.1747
-17.9456,29.1320
-17.9519,29.1545
-17.9708,29.1530
-17.9850,29.1604
-17.9970,29.1721
-18.0090,29.1838
-17.9741,29.2888
-18.0430,29.1875
-18.0662,29.1768
-18.0871,29.1704
-18.0917,29.1972
-18.1126,29.1907
-18.0997,29.2542
-18.0641,29.3663
-18.1502,29.2230
-18.1859,29.1846
-18.2086,29.1732
-18.2271,29.1708
-18.2247,29.2137
-18.2143,29.2748
-18.1933,29.3602
-18.2660,29.2379
-18.2906,29.2215
-18.3122,29.2117
-18.3485,29.1678
-18.3370,29.2334
-18.3574,29.2260
-18.3291,29.3325
-18.3883,29.2337
-18.4008,29.2444
-18.3885,29.3148
-18.4054,29.3157
-18.4293,29.2993
-18.4570,29.2730
-18.4976,29.2142
-18.4162,29.4603
-18.5100,29.2674
-18.5209,29.2824
-18.5319,29.2974
-18.5412,29.3170
-18.5648,29.2993
-18.5795,29.3049
-18.5016,29.5577
-18.6106,29.3112
-18.6270,29.3120
-18.6417,29.3174
-18.6564,29.3227
-18.6728,29.3233
-18.6876,29.3285
-18.6729,29.4177
-18.7236,29.3201
-18.7448,29.3063
-18.7451,29.3538
-18.7313,29.4438
-18.7432,29.4583
-18.7896,29.3687
-18.7571,29.5185
-18.8424,29.3074
-18.8555,29.3169
-18.8703,29.3216
-18.8790,29.3452
-18.8879,29.3689
-18.8844,29.4332
-18.8748,29.5190
-18.9247,29.4634
-18.9371,29.4774
-18.9523,29.4819
-18.9799,29.4432
-19.0004,29.4283
-19.0195,29.4182
-18.9706,29.6526
-19.0536,29.4122
-19.0725,29.4018
-19.0732,29.4588
-19.0762,29.5089
-19.0915,29.5129
-19.1130,29.4927
-19.1295,29.4918
-19.1698,29.3964
-19.2064,29.3132
-19.1795,29.4861
-19.1935,29.4947
-19.1682,29.6676
-19.1981,29.6115
-19.2148,29.6103
-19.2043,29.7274
-19.2401,29.6438
-19.2595,29.6308
-19.2973,29.5341
-19.3020,29.5861
-19.3269,29.5456
-19.3413,29.5538
-19.3009,29.8253
-19.3616,29.6118
-19.3970,29.5171
-19.4113,29.5251
-19.4266,29.5281
-19.4467,29.5066
-19.4592,29.5242
-19.4690,29.5565
-19.4679,29.6498
-19.4990,29.5671
-19.5115,29.5868
-19.5304,29.5699
-19.5476,29.5628
-19.5597,29.5850
-19.5591,29.6854
-19.5399,29.9051
-19.5993,29.6369
-19.6173,29.6246
-19.6336,29.6221
-19.6485,29.6294
-19.6498,29.7303
-19.6671,29.7227
-19.6859,29.7047
-19.7166,29.5989
-19.7328,29.5960
-19.7374,29.6821
-19.7607,29.6248
-19.9630,28.1328
-19.9760,28.1192
-19.9901,28.0958
-19.7947,29.8798
-19.8241,29.7660
-19.8429,29.7429
-20.0491,27.9616
-19.8790,29.7066
-20.0709,27.9588
-20.0825,27.9499
-20.0926,27.9559
-20.1074,27.9121
-20.1227,27.8582
-20.1301,27.8940
-19.9837,29.7966
-20.1454,27.9655
-20.1427,28.1408
-20.1488,28.2114
-20.1648,28.1474
-20.1864,27.9936
-20.1978,27.9843
-20.2115,27.9351
-20.2142,28.0710
-20.2329,27.9313
-20.2461,27.8820
-20.2602,27.8076
-20.2697,27.8231
-20.2788,27.8485
-20.2875,27.8889
-20.2920,28.0492
-20.3072,27.9246
-20.3171,27.9450
-20.3275,27.9503
-20.3383,27.9456
-20.3489,27.9458
-20.3595,27.9460
-20.3693,27.9962
-20.3807,27.9464
-20.3911,27.9615
-20.4016,27.9766
-20.4123,27.9767
-20.4230,27.9767
-20.4337,27.9717
-20.4450,28.0972
-20.4560,28.0971
-20.4662,28.0165
-20.4772,28.0313
-20.4880,28.0262
-20.4987,28.0210
-20.5098,28.0307
-20.5206,28.0305
-20.5352,28.1615
-20.5426,28.0399
-20.5528,28.0195
-20.5638,28.0241
-20.5732,27.9887
-20.5800,27.8992
-20.5914,27.9186
-20.6034,27.9480
-20.6128,27.9241
-20.6252,27.9569
-20.6351,27.9449
-20.6457,27.9442
-20.6550,27.9237
-20.6646,27.9087
-20.6762,27.9237
-20.6864,27.9179
-20.6957,27.9022
-20.7137,27.9953
-20.7208,27.9503
-20.7343,27.9835
-20.7401,27.9278
-20.7456,27.8721
-20.7643,27.9578
-20.4648,24.7940
-20.7727,27.8293
-20.7825,27.8233
-20.8046,27.9337
-20.8146,27.9276
-20.8246,27.9215
-20.4716,24.7932
-20.8433,27.8993
-20.8465,27.8387
-20.9131,28.2863
-20.9018,28.1068
-20.9148,28.1203
-20.9233,28.0990
-20.9745,28.3892
-21.2514,30.2715
-20.9997,28.3957
-21.0146,28.4138
-21.0303,28.4367
-21.0454,28.4546
-21.0621,28.4824
-21.0735,28.4756
-21.3630,30.1839
-21.0995,28.4815
-21.1109,28.4745
-21.4583,30.3221
-21.4620,30.2402
-21.4862,30.2742
-21.5119,30.3152
-21.5177,30.2482
-21.5492,30.3184
-21.5870,30.3237
-21.6047,30.3202
-21.6135,30.2725
-21.6502,30.3620
-21.6645,30.3413
-21.6848,30.3496
-21.7142,30.3996
-21.7398,30.3455
-21.7663,30.3805
-21.7831,30.3716
-21.8206,30.4527
-21.8433,30.4679
-21.8534,30.4296
-21.8836,30.3967
-21.9003,30.3874
-21.5439,28.8842
-21.9508,30.4366
-21.5682,28.8678
-21.5778,28.8498
-21.5899,28.8415
-22.0653,30.5774
-21.6683,29.0276
-21.6809,29.0190
-21.6907,29.0008
-21.6991,28.9777
-21.6530,28.7617
-21.7525,29.0613
-21.6625,28.6971
-21.6712,28.6789
-21.6797,28.6608
-21.6853,28.6331
-21.7658,28.8542
-21.7048,28.6063
-21.7115,28.5834
-21.7151,28.5508
-21.7290,28.5517
-21.7323,28.5192
-21.7293,28.4677
-21.7461,28.4780
-21.7536,28.4598
-21.7626,28.4463
-21.7953,28.5039
-21.7836,28.4288
-21.7908,28.4105
-21.7979,28.3922
-21.8098,28.3881
-21.8201,28.3792
-21.8603,28.4551
-21.8927,28.5073
-21.9084,28.5122
-21.9224,28.5125
-21.9018,28.4188
-21.9086,28.4003
-21.9188,28.3912
-21.9325,28.3914
-21.9551,28.4149
-21.9779,28.4383
-21.9900,28.4336
-22.0112,28.4522
-22.0251,28.4520
-22.0372,28.4472
-22.0512,28.4470
-22.0633,28.4421
-22.2307,28.8166
-22.0893,28.4369
-22.1033,28.4365
-22.1153,28.4314
-22.1293,28.4309
-22.1434,28.4304
-22.1574,28.4298
-22.3228,28.7777
-22.1875,28.4331
-22.2076,28.4461
-22.2278,28.4590
-22.2440,28.4627
-22.2562,28.4573
-22.2703,28.4563
-22.2804,28.4462
-22.4185,28.7128
-23.4364,30.8598
-22.4485,28.7099
-22.4529,28.6857
-23.5180,30.8821
-23.5482,30.8953
-23.5763,30.9038
-23.6241,30.9027
-23.6546,30.9155
-23.6830,30.9236
-23.7138,30.9361
-23.7424,30.9441
-23.7733,30.9563
-23.8085,30.9764
-23.8217,30.9538
-23.8529,30.9658
-23.8842,30.9775
-23.9132,30.9848
-23.9447,30.9963
-23.9762,31.0077
-24.0055,31.0146
-24.0571,31.0149
-24.0865,31.0214
-24.1185,31.0322
-24.1506,31.0429
-24.1827,31.0534
-24.2171,31.0676
-24.2695,31.0664
-24.3023,31.0770
-24.3349,31.0869
-24.3675,31.0966
-24.4029,31.1105
-24.4358,31.1200
-24.4889,31.1172
-24.5245,31.1305
-24.5577,31.1395
-24.5937,31.1526
-24.6297,31.1655
-24.6658,31.1782
-24.7046,31.1948
-24.7224,31.1779
-24.7561,31.1861
-24.7926,31.1982
-24.8292,31.2103
-24.8660,31.2221
-24.9055,31.2380
-24.9425,31.2495
-25.0001,31.2472
-25.0373,31.2583
-25.0774,31.2734
-25.1149,31.2842
-25.1553,31.2989
-25.1958,31.3134
-25.2571,31.3133
-25.2979,31.3274
-25.3360,31.3372
-25.3770,31.3509
-25.4182,31.3644
-25.4595,31.3777
-25.5041,31.3953
-25.5218,31.3756
-25.5634,31.3884
-25.6051,31.4011
-25.6499,31.4175
-25.6919,31.4298
-25.7370,31.4458
-25.7792,31.4577
-25.8457,31.4571
-25.8913,31.4724
-25.9370,31.4875
-25.9828,31.5024
-26.0288,31.5171
-26.0780,31.5354
-26.1331,31.5170
-26.1921,31.5464
-26.2198,31.5369
-26.2751,31.5174
-26.2907,31.4930
-26.3376,31.5061
-26.3516,31.4798
-26.4050,31.5002
-26.4553,31.5164
-26.5058,31.5325
-26.5531,31.5445
-26.6006,31.5564
-26.6361,31.5540
-26.6499,31.5267
-26.8322,28.8530
-26.8410,28.8306
-26.8501,28.8085
-26.8632,28.7892
-26.8722,28.7671
-26.8852,28.7477
-26.9070,28.7342
-26.9069,28.7061
-26.9198,28.6867
-26.9326,28.6672
-26.9453,28.6477
-26.9538,28.6254
-28.5488,29.5177
-28.5301,29.4721
-28.5609,29.4575
-27.5813,28.8204
-27.5860,28.7937
-28.6080,29.3518
-27.6335,28.7341
-27.6853,28.7356
-28.6724,29.2566
-28.6725,29.2235
-28.7012,29.1739
-28.7198,29.1515
-28.7383,29.1291
-28.7481,29.1017
-28.7621,29.0767
-28.7761,29.0517
-28.8001,29.0322
-28.7994,28.9991
-28.8131,28.9740
-28.8267,28.9488
-28.8403,28.9236
-28.8582,28.9007
-28.8716,28.8754
-28.8894,28.8523
-28.9159,28.8015
-28.9290,28.7760
-28.9465,28.7527
-28.9595,28.7272
-28.9724,28.7016
-28.9852,28.6759
-29.0106,28.6245
-29.0246,28.5994
-29.0372,28.5736
-29.0496,28.5478
-29.0650,28.5233
-29.0818,28.4995
-29.1091,28.4806
-29.1424,28.4326
-29.1590,28.4085
-29.1800,28.3865
-29.1965,28.3622
-29.2128,28.3380
-29.2246,28.3116
-29.2524,28.2607
-29.2685,28.2362
-29.2958,28.1851
-29.3117,28.1604
-29.3275,28.1356
-29.3433,28.1108
-29.3589,28.0860
-29.3745,28.0611
-29.4009,28.0092
-29.4163,27.9841
-29.4316,27.9589
-29.4469,27.9337
-29.4621,27.9084
-29.4772,27.8831
-29.5025,27.8305
-29.5174,27.8050
-29.5322,27.7795
-29.5470,27.7539
-29.5616,27.7282
-29.5762,27.7025
-29.5955,27.6784
-29.6196,27.6249
-29.6339,27.5990
-29.6529,27.5746
-29.6671,27.5485
-29.6812,27.5224
-29.7000,27.4977
-29.7231,27.4436
-29.7416,27.4188
-29.7554,27.3923
-29.7738,27.3674
-29.7921,27.3423
-29.8057,27.3157
-29.8325,27.2622
-29.8458,27.2354
-29.8638,27.2100
-29.8769,27.1831
-29.8948,27.1575
-29.9078,27.1305
-29.9335,27.0763
-29.9511,27.0504
-29.9686,27.0244
-29.9861,26.9984
-29.9986,26.9710
-30.0159,26.9449
-30.0331,26.9186
-30.0528,26.8622
-30.0698,26.8357
-30.0819,26.8080
-30.0987,26.7814
-30.1107,26.7535
-30.1274,26.7268
-30.1459,26.6697
-30.1624,26.6427
-30.1788,26.6157
-29.1796,25.6301
-29.1288,25.5964
-29.0630,25.5611
-28.9971,25.5262
-28.9612,25.4955
-28.9343,25.4662
-28.8630,25.4317
-28.8363,25.4029
-28.8442,25.3782
-28.8669,25.3552
-28.8796,25.3309
-28.8972,25.3071
-28.9173,25.2578
-28.9301,25.2333
-28.9425,25.2087
-28.9693,25.1854
-28.9666,25.1593
-20.6259,14.4292
-20.5952,14.4736
-20.5646,14.5282
-20.5343,14.5828
-20.5043,14.6475
-20.4456,14.7072
-20.4166,14.7672
-20.3879,14.8323
-20.3593,14.8540
-20.3312,14.9142
-20.3031,14.9380
-20.2751,14.9649
-20.2476,15.0103
-20.2204,15.0594
-20.1941,15.1301
-20.1678,15.1858
-20.1415,15.2316
-20.0619,15.3094
-20.0366,15.3555

# FrameTime=1781596603.79, PointCount=688
-17.3590,26.6970
-17.3259,26.7361
-15.4421,28.1695
-17.3319,26.7607
-17.4741,26.6669
-17.3381,26.7853
-17.4243,26.7335
-15.4989,28.2438
-15.5026,28.2648
-17.4532,26.7542
-15.5316,28.2896
-17.4868,26.7565
-15.5159,28.3502
-17.6877,26.6234
-17.6905,26.6348
-17.5848,26.7347
-17.6459,26.6988
-15.6968,28.3231
-17.6520,26.7218
-17.6320,26.7526
-17.6964,26.7126
-17.6766,26.7434
-17.6532,26.7776
-17.7818,26.6818
-15.8177,28.3890
-17.9502,26.5633
-17.9379,26.5872
-18.0007,26.5452
-17.9622,26.5922
-17.8566,26.6992
-17.8150,26.7502
-17.8741,26.7112
-15.9774,28.4415
-15.9895,28.4548
-16.0101,28.4847
-16.0206,28.4995
-17.8756,26.7943
-17.8754,26.8088
-16.1282,28.4723
-17.9152,26.7999
-17.9043,26.8247
-17.9224,26.8219
-18.0015,26.7599
-16.2397,28.4876
-17.9584,26.8303
-16.2306,28.5457
-16.2608,28.5406
-16.2732,28.5531
-16.2946,28.5815
-18.0128,26.8637
-18.2196,26.6674
-16.4166,28.5319
-18.1984,26.7165
-18.0770,26.8564
-17.9703,26.9827
-18.0814,26.8814
-18.1231,26.8520
-16.5391,28.5526
-16.5481,28.5679
-16.5572,28.5831
-16.5697,28.5947
-16.4973,28.6989
-16.6016,28.6104
-16.6042,28.6330
-16.6535,28.6037
-16.6570,28.6252
-16.6729,28.6327
-16.6988,28.6290
-16.6244,28.7392
-16.7045,28.6739
-16.6968,28.7085
-16.7293,28.6971
-16.7518,28.6968
-16.7615,28.7116
-16.7937,28.6998
-16.7483,28.7798
-18.5623,26.6409
-18.6074,26.6003
-16.8653,28.7189
-16.8814,28.7257
-16.9092,28.7182
-16.9105,28.7431
-16.9445,28.7276
-16.8322,28.8941
-17.0357,28.6666
-17.0515,28.6729
-17.0674,28.6791
-17.0771,28.6930
-17.0839,28.7109
-17.0815,28.7406
-17.0215,28.8457
-17.0864,28.7883
-18.6652,26.7357
-18.6721,26.7410
-18.6581,26.7742
-18.6503,26.7996
-18.6426,26.8250
-18.6350,26.8504
-17.2054,28.8213
-17.2157,28.8350
-17.2260,28.8486
-18.6119,26.9449
-17.2498,28.8718
-17.2632,28.8813
-18.7009,26.8671
-18.7197,26.8558
-18.6985,26.9020
-18.6804,26.9442
-18.7135,26.9123
-17.3788,28.8866
-18.6108,27.0964
-18.6355,27.0770
-18.6269,27.1073
-18.6294,27.1210
-17.4973,28.8544
-17.4861,28.9006
-17.4751,28.9470
-17.5049,28.9307
-17.5185,28.9395
-17.4435,29.0869
-17.5457,28.9569
-17.5752,28.9402
-17.5756,28.9698
-17.5893,28.9784
-17.5883,29.0107
-17.6073,29.0107
-17.5500,29.1357
-17.6401,29.0190
-17.6590,29.0187
-17.6897,28.9988
-17.7162,28.9855
-17.7148,29.0194
-17.7422,29.0042
-17.7409,29.0381
-17.7588,29.0393
-17.7826,29.0300
-17.7964,29.0379
-17.7834,29.0935
-17.7959,29.1040
-17.8100,29.1119
-17.8217,29.1241
-17.7918,29.2121
-17.8452,29.1484
-17.8737,29.1298
-17.8963,29.1216
-17.9161,29.1186
-17.9302,29.1261
-17.9374,29.1468
-17.9116,29.2309
-17.9626,29.1679
-17.9792,29.1708
-17.9934,29.1781
-18.0077,29.1854
-18.0252,29.1864
-18.0507,29.1712
-18.0177,29.2737
-18.0859,29.1720
-18.1023,29.1745
-18.1114,29.1923
-18.1028,29.2468
-18.1259,29.2358
-18.1575,29.2065
-18.1910,29.1726
-18.0843,29.4388
-18.2237,29.1769
-18.2380,29.1835
-18.2379,29.2218
-18.2317,29.2739
-18.2627,29.2440
-18.2934,29.2140
-18.2568,29.3360
-18.3493,29.1648
-18.3397,29.2259
-18.3561,29.2275
-18.3706,29.2337
-18.3773,29.2582
-18.3937,29.2598
-18.3875,29.3158
-18.3526,29.4421
-18.4188,29.3233
-18.4483,29.2930
-18.5019,29.2019
-18.4960,29.2585
-18.5014,29.2875
-18.4986,29.3376
-18.5307,29.2989
-18.5471,29.3000
-18.5618,29.3056
-18.5782,29.3065
-18.5946,29.3073
-18.6093,29.3128
-18.6024,29.3770
-18.6387,29.3236
-18.6552,29.3243
-18.6699,29.3296
-18.6847,29.3348
-18.6978,29.3447
-18.7322,29.2934
-18.7371,29.3267
-18.7071,29.4633
-18.7379,29.4217
-18.7485,29.4403
-18.7899,29.3656
-18.8264,29.3042
-18.8411,29.3090
-18.8512,29.3279
-18.8260,29.4588
-18.8822,29.3325
-18.8837,29.3800
-18.8840,29.4322
-18.8982,29.4394
-18.8969,29.4986
-18.9221,29.4697
-18.9082,29.5727
-18.9496,29.4882
-18.9745,29.4591
-18.9965,29.4395
-19.0156,29.4294
-19.0360,29.4144
-19.0536,29.4089
-19.0542,29.4659
-19.0074,29.7008
-19.0736,29.5153
-19.0877,29.5241
-19.1117,29.4943
-19.1363,29.4618
-19.1435,29.4973
-19.1738,29.4404
-19.1187,29.7295
-19.1934,29.4914
-19.1889,29.5774
-19.2365,29.4454
-19.2437,29.4829
-19.2056,29.7177
-19.2393,29.6434
-19.2669,29.5934
-19.3067,29.4870
-19.3061,29.5634
-19.3262,29.5450
-19.3442,29.5359
-19.3362,29.6513
-19.3774,29.5303
-19.3977,29.5089
-19.3718,29.7192
-19.4254,29.5297
-19.4435,29.5180
-19.4589,29.5209
-19.4696,29.5483
-19.4850,29.5512
-19.4969,29.5736
-19.4903,29.7008
-19.5275,29.5813
-19.5455,29.5693
-19.5626,29.5621
-19.5630,29.6559
-19.5761,29.6747
-19.5933,29.6680
-19.6017,29.7178
-19.6271,29.6581
-19.6399,29.6802
-19.6535,29.6973
-19.6673,29.7139
-19.6901,29.6674
-19.7160,29.5955
-19.7236,29.6569
-19.7225,29.7871
-19.7563,29.6511
-19.7757,29.6234
-19.9735,28.1308
-19.9882,28.1023
-19.8074,29.7608
-19.8245,29.7527
-20.0345,27.9868
-20.0457,27.9830
-20.0585,27.9643
-20.0711,27.9455
-20.0827,27.9366
-19.9282,29.6831
-20.1047,27.9286
-20.1210,27.8648
-20.1292,27.8906
-20.1364,27.9313
-20.1176,28.3010
-20.1331,28.2520
-20.1475,28.2130
-20.1582,28.2238
-20.1854,27.9902
-20.1930,28.0408
-20.2100,27.9416
-20.2208,27.9373
-20.2330,27.9079
-20.2477,27.8286
-20.2447,28.0988
-20.2687,27.8197
-20.2786,27.8251
-20.2865,27.8855
-20.2950,27.9358
-20.3056,27.9362
-20.3160,27.9416
-20.3243,28.0218
-20.3370,27.9472
-20.3476,27.9474
-20.3582,27.9476
-20.3688,27.9478
-20.3793,27.9530
-20.3898,27.9631
-20.4004,27.9732
-20.4111,27.9732
-20.4218,27.9733
-20.4325,28.0133
-20.4435,28.0482
-20.4545,28.0632
-20.4652,28.0431
-20.4760,28.0379
-20.5191,29.9622
-20.4976,28.0326
-20.5085,28.0323
-20.5195,28.0371
-20.5306,28.0468
-20.5418,28.0564
-20.5512,28.0111
-20.5635,28.0507
-20.5691,27.9211
-20.5790,27.9057
-20.5936,27.9944
-20.6007,27.9197
-20.6118,27.9306
-20.6219,27.9223
-20.6337,27.9429
-20.6436,27.9309
-20.6581,27.9914
-20.6643,27.9252
-20.6752,27.9295
-20.6851,27.9195
-20.6944,27.9038
-20.7061,27.9179
-20.7225,27.9880
-20.7328,27.9821
-20.7411,27.9543
-20.7467,27.8986
-20.7524,27.8478
-20.7602,27.8220
-20.7715,27.8309
-20.7928,27.9364
-20.7914,27.8238
-20.4681,24.7951
-20.8234,27.9231
-20.4704,24.7948
-20.8432,27.9107
-20.8476,27.8600
-20.8832,28.0603
-20.9031,28.1282
-20.9123,28.1119
-20.9593,28.3775
-20.9310,28.0842
-20.9865,28.3990
-21.0006,28.4121
-21.0162,28.4351
-21.2505,29.9163
-21.0434,28.4513
-21.0601,28.4791
-21.0715,28.4722
-21.0845,28.4752
-21.0974,28.4781
-21.3972,30.1847
-21.4254,30.2457
-21.4467,30.2646
-21.4634,30.2566
-21.4850,30.2758
-21.5034,30.2775
-21.5183,30.2596
-21.5414,30.2857
-21.5689,30.3336
-21.5867,30.3301
-21.5966,30.2874
-21.6368,30.3048
-21.6591,30.3233
-21.6810,30.3391
-21.7118,30.3963
-21.7415,30.4461
-21.7418,30.3617
-21.7798,30.4479
-21.7686,30.3148
-21.8121,30.4226
-21.8381,30.4525
-21.8556,30.4458
-21.8678,30.4172
-21.8787,30.3837
-21.9074,30.4230
-21.9496,30.4382
-21.5633,28.8548
-21.5753,28.8466
-22.0557,30.6225
-21.6006,28.8348
-21.6138,28.8312
-21.6881,28.9975
-21.7018,28.9937
-21.6612,28.7969
-21.6498,28.7071
-21.6916,28.8038
-21.6713,28.6853
-21.6785,28.6624
-21.6898,28.6538
-21.6866,28.5974
-21.7793,28.8566
-21.7058,28.5706
-21.7639,28.7134
-21.7292,28.5581
-21.7189,28.4827
-21.7556,28.5550
-21.7402,28.4654
-21.7555,28.4709
-21.7676,28.4669
-21.7750,28.4486
-21.7807,28.4256
-21.7847,28.3979
-21.8585,28.5734
-21.8085,28.3897
-21.8204,28.3855
-21.8557,28.4473
-21.8948,28.5183
-21.9054,28.5091
-21.9005,28.4577
-21.9040,28.4298
-21.9491,28.5144
-21.9193,28.3975
-21.9330,28.3976
-21.9467,28.3978
-21.9730,28.4305
-21.9978,28.4585
-22.0099,28.4537
-22.0330,28.4769
-22.0341,28.4442
-22.0480,28.4440
-22.0620,28.4437
-22.0760,28.4434
-22.0899,28.4431
-22.1020,28.4381
-22.1466,28.5103
-22.1281,28.4325
-22.1421,28.4320
-22.1541,28.4268
-22.1701,28.4308
-22.1902,28.4439
-22.2083,28.4523
-22.2245,28.4561
-22.2427,28.4643
-22.2549,28.4589
-22.2649,28.4488
-22.2791,28.4478
-23.4116,30.8614
-23.4373,30.8659
-22.4409,28.6979
-22.4601,28.7054
-23.5103,30.8701
-23.5426,30.8878
-23.5707,30.8964
-23.6011,30.9094
-23.6294,30.9178
-23.6617,30.9339
-23.6795,30.9208
-23.7080,30.9288
-23.7388,30.9412
-23.7675,30.9490
-23.7985,30.9611
-23.8273,30.9687
-23.8586,30.9806
-23.8917,30.9959
-23.9072,30.9775
-23.9387,30.9891
-23.9678,30.9961
-23.9995,31.0074
-24.0312,31.0186
-24.0630,31.0296
-24.0970,31.0442
-24.1148,31.0295
-24.1468,31.0401
-24.1786,31.0500
-24.2109,31.0605
-24.2432,31.0708
-24.2757,31.0809
-24.3107,31.0953
-24.3286,31.0798
-24.3637,31.0939
-24.3965,31.1035
-24.4319,31.1173
-24.4649,31.1266
-24.5005,31.1401
-24.5337,31.1492
-24.5898,31.1499
-24.6258,31.1628
-24.6593,31.1713
-24.6955,31.1839
-24.7318,31.1964
-24.7683,31.2087
-24.8048,31.2207
-24.8253,31.2077
-24.8619,31.2194
-24.8987,31.2312
-24.9357,31.2427
-24.9728,31.2542
-25.0099,31.2654
-25.0472,31.2765
-25.1052,31.2734
-25.1455,31.2881
-25.1860,31.3027
-25.2237,31.3130
-25.2644,31.3272
-25.3053,31.3412
-25.3670,31.3403
-25.4082,31.3538
-25.4494,31.3672
-25.4908,31.3803
-25.5323,31.3933
-25.5740,31.4061
-25.6191,31.4232
-25.6397,31.4071
-25.6816,31.4194
-25.7267,31.4355
-25.7689,31.4474
-25.8142,31.4630
-25.8566,31.4746
-25.9022,31.4898
-25.9692,31.4883
-26.0152,31.5030
-26.0612,31.5175
-26.1012,31.5239
-26.1600,31.5536
-26.2041,31.5645
-26.2367,31.5172
-26.2516,31.4920
-26.2887,31.4937
-26.3203,31.4885
-26.3696,31.5043
-26.4198,31.5208
-26.4743,31.5419
-26.4915,31.5189
-26.5421,31.5348
-26.5895,31.5466
-26.6371,31.5582
-26.8176,28.8737
-26.8529,28.8129
-26.8661,28.7936
-26.8750,28.7715
-26.8881,28.7521
-26.8969,28.7299
-26.9057,28.7077
-26.9227,28.6910
-26.9359,28.6718
-26.9398,28.6465
-26.9525,28.6270
-26.9740,28.6131
-27.0497,28.6336
-27.2775,28.7499
-28.5306,29.5086
-27.6211,28.9070
-28.5045,29.4248
-27.5418,28.7984
-27.5847,28.7953
-28.6047,29.3856
-27.6152,28.7548
-27.6410,28.7409
-28.6756,29.2276
-28.6856,29.2003
-28.7043,29.1780
-28.7229,29.1556
-28.7428,29.1340
-28.7468,29.1033
-28.7608,29.0783
-28.7704,29.0509
-28.7843,29.0258
-28.7981,29.0007
-28.8118,28.9756
-28.8401,28.9583
-28.8390,28.9252
-28.8569,28.9023
-28.8703,28.8770
-28.8837,28.8516
-28.9014,28.8285
-28.9146,28.8031
-28.9380,28.7829
-28.9452,28.7543
-28.9582,28.7288
-28.9711,28.7031
-28.9884,28.6797
-28.9981,28.6525
-29.0063,28.6246
-29.0189,28.5988
-29.0483,28.5493
-29.0637,28.5249
-29.0760,28.4990
-29.0928,28.4751
-29.1290,28.4603
-29.1457,28.4363
-29.1742,28.3860
-29.1906,28.3618
-29.2070,28.3375
-29.2233,28.3132
-29.2349,28.2868
-29.2511,28.2623
-29.2672,28.2378
-29.2832,28.2132
-29.2992,28.1886
-29.3263,28.1372
-29.3420,28.1124
-29.3577,28.0876
-29.3733,28.0626
-29.3888,28.0377
-29.3996,28.0107
-29.4150,27.9857
-29.4409,27.9335
-29.4561,27.9082
-29.4712,27.8829
-29.4909,27.8593
-29.5059,27.8339
-29.5255,27.8101
-29.5504,27.7572
-29.5651,27.7315
-29.5797,27.7057
-29.5942,27.6799
-29.6087,27.6541
-29.6231,27.6282
-29.6469,27.5746
-29.6611,27.5485
-29.6752,27.5224
-29.6940,27.4978
-29.7079,27.4715
-29.7265,27.4467
-29.7541,27.3939
-29.7677,27.3674
-29.7861,27.3424
-29.7996,27.3158
-29.8178,27.2906
-29.8312,27.2638
-29.8493,27.2385
-29.8708,27.1833
-29.8887,27.1577
-29.9065,27.1321
-29.9242,27.1063
-29.9371,27.0792
-29.9547,27.0533
-29.9800,26.9987
-29.9973,26.9726
-30.0146,26.9464
-30.0319,26.9202
-30.0442,26.8926
-30.0612,26.8662
-30.0806,26.8096
-30.0975,26.7830
-30.1094,26.7551
-30.1261,26.7284
-30.1379,26.7004
-30.1544,26.6735
-30.1775,26.6173
-29.1944,25.6607
-29.1473,25.6007
-29.0865,25.5660
-29.0206,25.5310
-28.9446,25.4952
-28.8735,25.4604
-28.8320,25.4297
-28.8379,25.3792
-28.8557,25.3557
-28.8733,25.3320
-28.8910,25.3082
-28.9035,25.2838
-28.9210,25.2599
-28.9408,25.2103
-28.9581,25.1861
-28.9753,25.1618
-28.9725,25.1357
-20.5940,14.4702
-20.5636,14.5098
-20.5333,14.5644
-20.5033,14.6241
-20.4736,14.6839
-20.4443,14.7488
-20.3866,14.8189
-20.3581,14.8590
-20.3298,14.8958
-20.3019,14.9511
-20.2745,15.0114
-20.2189,15.0474
-20.1918,15.0880
-20.1663,15.1774
-20.1395,15.2082
-20.0876,15.3000
-20.0623,15.3510

# FrameTime=1781596603.89, PointCount=688
-17.3470,26.7059
-17.3659,26.7062
-17.3209,26.7545
-17.3717,26.7305
-17.3866,26.7336
-15.4959,28.1990
-15.5033,28.2168
-15.5029,28.2408
-15.5065,28.2617
-17.4414,26.7635
-17.4837,26.7445
-17.6276,26.6443
-17.7748,26.5402
-17.6566,26.6485
-15.5784,28.3481
-17.6972,26.6430
-15.6369,28.3485
-15.6583,28.3549
-17.6596,26.7154
-17.6666,26.7237
-17.6850,26.7223
-15.7707,28.3570
-17.7065,26.7322
-17.7324,26.7241
-17.8416,26.6440
-17.9578,26.5568
-17.9793,26.5510
-17.9707,26.5716
-15.8732,28.4374
-17.9463,26.6195
-17.8225,26.7435
-17.8406,26.7413
-15.9848,28.4348
-16.0042,28.4414
-16.0310,28.4411
-16.0084,28.4863
-17.9198,26.7390
-17.8975,26.7738
-17.8682,26.8156
-17.9154,26.7855
-17.8862,26.8275
-17.9260,26.8040
-17.9296,26.8149
-16.1952,28.5062
-18.0766,26.7009
-18.0478,26.7429
-17.9407,26.8623
-16.2573,28.5441
-16.2661,28.5602
-16.2962,28.5549
-16.2946,28.5815
-18.0023,26.8743
-18.1671,26.7209
-18.2299,26.6704
-18.1810,26.7344
-17.9626,26.9753
-18.0049,26.9466
-16.5014,28.5428
-16.5310,28.5364
-16.4462,28.6514
-16.5421,28.5743
-16.5572,28.5831
-16.5664,28.5984
-16.5789,28.6099
-16.5949,28.6178
-16.6209,28.6145
-16.6276,28.6324
-16.6694,28.6113
-16.6729,28.6327
-16.6856,28.6440
-16.7115,28.6402
-16.6782,28.7039
-16.7001,28.7048
-16.7358,28.6895
-16.7320,28.7200
-16.7647,28.7078
-16.7840,28.7112
-16.8226,28.6916
-16.7710,28.7793
-16.8301,28.7351
-16.8685,28.7151
-16.8105,28.8121
-16.9092,28.7182
-16.9074,28.7469
-16.9172,28.7614
-17.0042,28.6797
-17.0357,28.6666
-17.0515,28.6729
-16.9252,28.8595
-17.0771,28.6930
-17.0900,28.7031
-17.0846,28.7367
-17.0915,28.7546
-18.6127,26.7900
-18.6712,26.7277
-18.6842,26.7250
-18.6671,26.7622
-18.6533,26.7955
-18.6188,26.8571
-18.6320,26.8545
-17.2024,28.8253
-17.2079,28.8457
-17.2231,28.8527
-17.0791,29.0816
-18.6514,26.9055
-18.6733,26.8904
-18.7038,26.8630
-18.7054,26.8763
-17.3301,28.8713
-18.7060,26.9072
-18.7022,26.9288
-18.6703,26.9918
-18.6136,27.0923
-18.6216,27.0977
-17.4486,28.8699
-17.4840,28.8456
-17.4891,28.8669
-17.3822,29.0591
-17.5022,28.9053
-17.5103,28.9224
-17.5185,28.9395
-17.5294,28.9524
-17.5510,28.9484
-17.5752,28.9402
-17.5607,28.9936
-17.5735,29.0037
-17.5856,29.0149
-17.6558,28.9316
-17.6263,29.0106
-17.6452,29.0104
-17.6642,29.0102
-17.6882,29.0013
-17.7111,28.9941
-17.7198,29.0108
-17.7397,29.0085
-17.7434,29.0338
-17.7638,29.0307
-17.7900,29.0170
-17.7817,29.0639
-17.6975,29.2454
-17.7974,29.1014
-17.8076,29.1163
-17.8241,29.1197
-17.8406,29.1231
-17.8595,29.1221
-17.8784,29.1210
-17.8469,29.2136
-17.9198,29.1116
-17.9326,29.1217
-17.9420,29.1380
-17.9493,29.1587
-17.9649,29.1634
-17.9792,29.1708
-17.9739,29.2164
-18.0055,29.1898
-18.0220,29.1926
-18.0462,29.1802
-18.0694,29.1694
-18.0859,29.1720
-18.0892,29.2014
-18.1114,29.1923
-18.0761,29.3022
-18.1130,29.2628
-18.1511,29.2201
-18.1888,29.1772
-18.2074,29.1748
-18.2258,29.1724
-18.2255,29.2107
-18.1627,29.3869
-18.2543,29.2238
-18.2565,29.2577
-18.2893,29.2231
-18.3169,29.1996
-18.3453,29.1740
-18.3377,29.2305
-18.3032,29.3507
-18.3686,29.2383
-18.3850,29.2399
-18.4015,29.2414
-18.3856,29.3204
-18.4060,29.3127
-18.4299,29.2963
-18.3941,29.4266
-18.4871,29.2389
-18.5052,29.2354
-18.5051,29.2782
-18.5197,29.2840
-18.5271,29.3082
-18.5471,29.3000
-18.5636,29.3009
-18.5167,29.4693
-18.5929,29.3120
-18.6093,29.3128
-18.6240,29.3182
-18.6387,29.3236
-18.6552,29.3243
-18.6733,29.3202
-18.6566,29.4140
-18.7011,29.3353
-18.7273,29.3075
-18.7436,29.3079
-18.7390,29.3695
-18.7252,29.4595
-18.7561,29.4173
-18.7620,29.4500
-18.8063,29.3657
-18.8426,29.3042
-18.8543,29.3184
-18.8675,29.3279
-18.8763,29.3515
-18.8793,29.3942
-18.8846,29.4300
-18.8396,29.6320
-18.8788,29.5587
-18.9249,29.4602
-18.9358,29.4790
-18.9538,29.4739
-18.9814,29.4352
-19.0019,29.4203
-18.9238,29.7556
-19.0346,29.4192
-19.0536,29.4089
-19.0712,29.4034
-19.0681,29.4748
-19.0762,29.5056
-19.0902,29.5145
-19.0175,29.8586
-19.1400,29.4473
-19.1770,29.3642
-19.1967,29.3486
-19.1770,29.4925
-19.1887,29.5108
-19.1994,29.5339
-19.1968,29.6131
-19.2675,29.3811
-19.2258,29.6301
-19.2675,29.5191
-19.3067,29.4156
-19.2960,29.5357
-19.3008,29.5877
-19.3278,29.5375
-19.2710,29.8822
-19.3494,29.5879
-19.3633,29.5987
-19.3947,29.5236
-19.4110,29.5218
-19.4263,29.5248
-19.4454,29.5082
-19.4102,29.7776
-19.4724,29.5336
-19.4841,29.5561
-19.4986,29.5638
-19.5132,29.5715
-19.5292,29.5715
-19.5463,29.5644
-19.5448,29.6681
-19.5699,29.6138
-19.5745,29.6846
-19.6004,29.6237
-19.6122,29.6508
-19.6346,29.6089
-19.6436,29.6556
-19.6478,29.7368
-19.6461,29.8624
-19.6839,29.7117
-19.7160,29.5955
-19.7302,29.6075
-19.7374,29.6738
-19.7601,29.6215
-19.9630,28.1244
-19.9759,28.1109
-19.7923,29.7509
-20.0125,27.9894
-20.0232,27.9906
-20.0356,27.9769
-19.8611,29.7135
-20.0590,27.9593
-20.0696,27.9604
-20.0822,27.9415
-20.0937,27.9326
-20.1084,27.8888
-20.1210,27.8648
-20.0922,28.3240
-20.1380,27.9114
-20.1382,28.0418
-20.1388,28.1773
-20.1457,28.2379
-20.1659,28.1141
-20.1838,28.0151
-20.1920,28.0563
-20.2084,27.9666
-20.2208,27.9373
-20.2319,27.9279
-20.2459,27.8636
-20.2589,27.8092
-20.2687,27.8197
-20.2767,27.8701
-20.2796,28.0553
-20.2965,27.8959
-20.3057,27.9312
-20.3160,27.9416
-20.3264,27.9469
-20.3371,27.9422
-20.3476,27.9474
-20.3571,28.0026
-20.3689,27.9428
-20.3794,27.9480
-20.3899,27.9581
-20.4004,27.9682
-20.4110,27.9832
-20.4218,27.9733
-20.4324,27.9733
-20.4434,28.0282
-20.4546,28.0781
-20.4652,28.0431
-20.4759,28.0329
-20.4866,28.0228
-20.4973,28.0176
-20.5084,28.0273
-20.5231,28.1783
-20.5303,28.0368
-20.5410,28.0314
-20.5515,28.0211
-20.5624,28.0207
-20.5715,27.9803
-20.5786,27.8958
-20.5899,27.9152
-20.6024,27.9546
-20.6146,27.9840
-20.6229,27.9400
-20.6340,27.9479
-20.6442,27.9408
-20.6541,27.9303
-20.6637,27.9152
-20.6749,27.9252
-20.6847,27.9145
-20.6978,27.9479
-20.7053,27.9079
-20.7220,27.9817
-20.7313,27.9652
-20.7380,27.9194
-20.7528,27.9654
-20.7533,27.8578
-20.7607,27.8269
-20.7710,27.8259
-20.7807,27.8199
-20.7914,27.8238
-20.8134,27.9292
-20.8228,27.9181
-20.8327,27.9120
-20.8560,28.0183
-20.8537,27.9095
-20.8555,27.8390
-20.8651,27.8327
-20.8721,27.8067
-20.9207,28.0907
-20.9033,27.8829
-20.9851,28.3891
-20.9985,28.3973
-21.0140,28.4203
-21.0290,28.4383
-21.0449,28.4612
-21.0609,28.4840
-21.3801,30.4125
-21.0837,28.4702
-21.0974,28.4781
-21.1071,28.4613
-21.4153,30.1867
-21.4536,30.3040
-21.4599,30.2369
-21.4876,30.2906
-21.5080,30.3021
-21.5164,30.2497
-21.5670,30.3238
-21.5987,30.3916
-21.6005,30.3070
-21.6152,30.2888
-21.6293,30.2683
-21.6622,30.3380
-21.7024,30.3523
-21.7308,30.3973
-21.7310,30.3130
-21.7607,30.3626
-21.7852,30.3878
-21.8222,30.4664
-21.8375,30.4501
-21.8792,30.5454
-21.8713,30.4318
-21.8835,30.4031
-21.9014,30.3987
-21.9303,30.4379
-21.9606,30.4818
-21.5645,28.8597
-21.5753,28.8466
-21.5873,28.8383
-22.1365,30.8514
-21.6684,29.0340
-21.6757,29.0061
-21.6908,29.0072
-21.6951,28.9696
-21.6620,28.7500
-21.6585,28.6890
-21.6685,28.6757
-21.7124,28.7775
-21.6898,28.6538
-21.6953,28.6261
-21.8026,28.9331
-21.7102,28.5849
-21.7138,28.5524
-21.7277,28.5533
-21.7250,28.5017
-21.7265,28.4645
-21.7448,28.4796
-21.7539,28.4661
-21.7833,28.5143
-21.7734,28.4439
-21.7823,28.4303
-21.7895,28.4121
-21.7966,28.3938
-21.8069,28.3849
-21.8188,28.3808
-21.8992,28.5698
-21.8813,28.4806
-21.9088,28.5185
-21.9142,28.4953
-21.9075,28.4392
-21.9091,28.4066
-21.9211,28.4021
-21.9631,28.4771
-21.9432,28.3884
-21.9677,28.4165
-21.9887,28.4352
-22.0062,28.4444
-22.0220,28.4490
-22.0359,28.4488
-22.0499,28.4486
-22.0917,28.5168
-22.0760,28.4434
-22.0899,28.4431
-22.1020,28.4381
-22.1160,28.4376
-22.1281,28.4325
-22.1421,28.4320
-22.1853,28.4992
-22.1662,28.4216
-22.1862,28.4347
-22.2063,28.4477
-22.2326,28.4743
-22.2387,28.4552
-22.2528,28.4543
-22.3541,28.6444
-22.2791,28.4478
-22.2870,28.4332
-23.4351,30.8614
-22.4494,28.7160
-23.4909,30.8794
-22.4622,28.6767
-23.5529,30.9092
-23.5664,30.8874
-23.5967,30.9004
-23.6250,30.9088
-23.6556,30.9215
-23.6840,30.9297
-23.7148,30.9422
-23.7434,30.9501
-23.7939,30.9523
-23.8227,30.9599
-23.8539,30.9718
-23.8829,30.9791
-23.9143,30.9908
-23.9434,30.9979
-23.9947,30.9986
-24.0264,31.0098
-24.0582,31.0209
-24.0901,31.0318
-24.1221,31.0426
-24.1542,31.0532
-24.1885,31.0674
-24.2063,31.0524
-24.2383,31.0621
-24.2707,31.0723
-24.3057,31.0866
-24.3383,31.0965
-24.3711,31.1063
-24.4064,31.1202
-24.4242,31.1044
-24.4597,31.1181
-24.4928,31.1273
-24.5285,31.1406
-24.5617,31.1496
-24.5976,31.1626
-24.6337,31.1755
-24.6875,31.1713
-24.7238,31.1837
-24.7602,31.1961
-24.7968,31.2082
-24.8334,31.2202
-24.8701,31.2321
-24.9125,31.2521
-24.9275,31.2303
-24.9673,31.2459
-25.0044,31.2571
-25.0416,31.2682
-25.0790,31.2791
-25.1192,31.2940
-25.1626,31.3130
-25.1775,31.2904
-25.2180,31.3048
-25.2558,31.3149
-25.2967,31.3290
-25.3376,31.3428
-25.3786,31.3565
-25.4198,31.3700
-25.4820,31.3682
-25.5235,31.3812
-25.5651,31.3940
-25.6098,31.4107
-25.6517,31.4231
-25.6966,31.4394
-25.7598,31.4354
-25.8051,31.4511
-25.8475,31.4627
-25.8931,31.4780
-25.9388,31.4931
-25.9846,31.5079
-26.0374,31.5312
-26.0519,31.5057
-26.0981,31.5200
-26.1413,31.5302
-26.1940,31.5519
-26.2027,31.5191
-26.1956,31.4669
-26.2770,31.5228
-26.3131,31.4799
-26.3568,31.4890
-26.4102,31.5094
-26.4605,31.5256
-26.5045,31.5341
-26.5583,31.5537
-26.6184,31.5367
-26.6496,31.5294
-26.8090,28.8677
-26.8397,28.8322
-26.8488,28.8101
-26.8620,28.7908
-26.8839,28.7493
-26.8969,28.7299
-26.9057,28.7077
-26.9185,28.6883
-26.9271,28.6660
-26.9440,28.6492
-26.9651,28.6074
-26.9776,28.5877
-27.5695,28.9047
-27.6084,28.8991
-27.5975,28.8031
-27.6277,28.7919
-28.4913,29.2837
-28.0491,28.9546
-28.6006,29.2498
-28.6711,29.2582
-28.6756,29.2276
-28.6900,29.2028
-28.6956,29.1730
-28.7142,29.1507
-28.7284,29.1258
-28.7425,29.1008
-28.7565,29.0759
-28.7887,29.0282
-28.7981,29.0007
-28.8162,28.9780
-28.8298,28.9528
-28.8434,28.9275
-28.8569,28.9023
-28.8806,28.8824
-28.8837,28.8516
-28.9014,28.8285
-28.9146,28.8031
-28.9277,28.7776
-28.9452,28.7543
-28.9582,28.7288
-28.9770,28.7061
-28.9839,28.6775
-28.9967,28.6518
-29.0093,28.6261
-29.0219,28.6003
-29.0359,28.5752
-29.0514,28.5508
-29.0637,28.5249
-29.0928,28.4751
-29.1200,28.4561
-29.1411,28.4342
-29.1623,28.4122
-29.1788,28.3880
-29.1952,28.3638
-29.2233,28.3132
-29.2349,28.2868
-29.2511,28.2623
-29.2672,28.2378
-29.2832,28.2132
-29.2992,28.1886
-29.3151,28.1639
-29.3374,28.1105
-29.3531,28.0857
-29.3687,28.0607
-29.3842,28.0358
-29.3996,28.0107
-29.4150,27.9857
-29.4409,27.9335
-29.4561,27.9082
-29.4712,27.8829
-29.4863,27.8575
-29.5059,27.8339
-29.5208,27.8084
-29.5457,27.7554
-29.5604,27.7298
-29.5750,27.7040
-29.5942,27.6799
-29.6087,27.6541
-29.6231,27.6282
-29.6374,27.6022
-29.6658,27.5501
-29.6799,27.5239
-29.6987,27.4993
-29.7127,27.4731
-29.7265,27.4467
-29.7451,27.4219
-29.7677,27.3674
-29.7861,27.3424
-29.8044,27.3172
-29.8178,27.2906
-29.8360,27.2653
-29.8493,27.2385
-29.8756,27.1847
-29.8935,27.1591
-29.9113,27.1334
-29.9242,27.1063
-29.9419,27.0805
-29.9547,27.0533
-29.9800,26.9987
-29.9973,26.9726
-30.0098,26.9452
-30.0270,26.9189
-30.0442,26.8926
-30.0564,26.8650
-30.0806,26.8096
-30.0926,26.7818
-30.1094,26.7551
-30.1212,26.7272
-30.1379,26.7004
-30.1544,26.6735
-30.1709,26.6466
-29.1994,25.6614
-29.1523,25.6014
-29.0964,25.5673
-29.0256,25.5317
-28.9546,25.4964
-28.8884,25.4623
-28.8320,25.4297
-28.8429,25.3798
-28.8557,25.3557
-28.8734,25.3320
-28.8910,25.3082
-28.9085,25.2843
-28.9210,25.2599
-28.9338,25.2354
-28.9408,25.2103
-28.9581,25.1861
-28.9753,25.1618
-28.9775,25.1361
-20.6247,14.4258
-20.5940,14.4702
-20.5634,14.5248
-20.5331,14.5844
-20.5031,14.6441
-20.4735,14.7039
-20.4153,14.7638
-20.3867,14.8388
-20.3581,14.8590
-20.3300,14.9158
-20.3022,14.9710
-20.2465,15.0219
-20.2195,15.0760
-20.1926,15.1217
-20.1664,15.1824
-20.1404,15.2382
-20.0611,15.3210
-20.0351,15.3521

# FrameTime=1781596603.99, PointCount=678
-17.3555,26.6994
-17.3263,26.7356
-15.4340,28.1743
-17.3243,26.7662
-17.4785,26.6634
-17.3345,26.7878
-17.4287,26.7299
-15.4909,28.2487
-15.4985,28.2666
-15.5080,28.2829
-17.4762,26.7501
-17.4910,26.7527
-17.6491,26.6542
-17.6869,26.6374
-15.6210,28.3360
-17.6578,26.6886
-15.6965,28.3218
-17.6868,26.6924
-17.6929,26.7152
-17.6654,26.7525
-17.6648,26.7672
-17.7858,26.6779
-15.8136,28.3909
-17.9429,26.5693
-17.9381,26.5866
-17.9897,26.5544
-17.9586,26.5948
-17.8343,26.7184
-17.8189,26.7461
-15.9685,28.4234
-17.8774,26.7215
-15.9540,28.4852
-15.9937,28.4734
-16.0059,28.4867
-16.0128,28.5049
-17.8720,26.7969
-16.1447,28.4307
-17.8754,26.8225
-17.9007,26.8129
-17.9043,26.8239
-17.9188,26.8245
-17.9979,26.7626
-16.2391,28.4862
-16.2263,28.5231
-17.9656,26.8369
-16.2530,28.5462
-16.2849,28.5641
-16.2974,28.5765
-18.0408,26.8343
-18.2300,26.6558
-16.3364,28.6120
-18.2018,26.7121
-18.0075,26.9276
-17.9736,26.9781
-16.4861,28.5566
-16.5233,28.5422
-16.5357,28.5539
-16.5405,28.5737
-16.5530,28.5853
-16.5074,28.6599
-16.5781,28.6085
-16.5906,28.6200
-16.6033,28.6315
-16.6493,28.6059
-16.6527,28.6274
-16.6654,28.6387
-16.6880,28.6387
-16.6340,28.7257
-16.6969,28.6799
-16.6926,28.7107
-16.7315,28.6918
-16.7476,28.6990
-16.7604,28.7101
-16.7374,28.7634
-16.8087,28.7053
-18.5716,26.6284
-18.6070,26.5994
-16.8611,28.7212
-16.8889,28.7138
-16.8955,28.7321
-16.9031,28.7492
-16.8616,28.8273
-16.9656,28.7248
-17.0345,28.6651
-17.0504,28.6713
-17.0662,28.6775
-17.0759,28.6915
-17.0735,28.7212
-16.9947,28.8497
-18.6934,26.6685
-18.6121,26.7889
-18.6676,26.7306
-18.6565,26.7598
-18.6515,26.7811
-18.6437,26.8065
-18.6509,26.8118
-18.6284,26.8574
-17.2011,28.8237
-17.2114,28.8374
-17.2217,28.8511
-17.2350,28.8606
-18.6245,26.9410
-17.2021,28.9638
-18.6973,26.8700
-18.7075,26.8711
-18.7006,26.8967
-18.6739,26.9512
-17.3403,28.9102
-18.7145,26.9245
-18.5986,27.1117
-18.6290,27.0840
-18.6204,27.1143
-18.6285,27.1197
-17.4902,28.8610
-17.4844,28.8990
-17.4761,28.9412
-17.5006,28.9333
-17.4089,29.1056
-17.5357,28.9381
-17.5546,28.9384
-17.5762,28.9343
-17.5633,28.9850
-17.6007,28.9555
-17.6457,28.9131
-17.5524,29.0955
-17.6167,29.0217
-17.6383,29.0172
-17.6572,29.0170
-17.6930,28.9885
-17.7093,28.9924
-17.7139,29.0159
-17.6133,29.2194
-17.7466,29.0235
-17.7544,29.0419
-17.7807,29.0283
-17.7871,29.0492
-17.7740,29.1047
-17.7891,29.1110
-17.8056,29.1145
-17.7632,29.2243
-17.8362,29.1258
-17.8503,29.1335
-17.8716,29.1280
-17.8943,29.1199
-17.9140,29.1168
-17.9235,29.1332
-17.8950,29.2216
-17.9462,29.1587
-17.9674,29.1528
-17.9816,29.1602
-17.9935,29.1719
-18.0033,29.1881
-18.0230,29.1846
-17.9964,29.2736
-18.0627,29.1766
-18.0836,29.1702
-18.0935,29.1862
-18.1069,29.1950
-18.0962,29.2540
-18.1279,29.2250
-18.0925,29.3370
-18.1717,29.2070
-18.2008,29.1821
-18.2214,29.1751
-18.2169,29.2226
-18.2148,29.2655
-18.2273,29.2767
-18.2705,29.2194
-18.2556,29.2916
-18.3033,29.2231
-18.3448,29.1676
-18.3313,29.2378
-18.3537,29.2258
-18.3661,29.2365
-18.3400,29.3385
-18.3912,29.2580
-18.3942,29.2916
-18.3977,29.3247
-18.4179,29.3176
-18.4475,29.2866
-18.4938,29.2140
-18.4934,29.2568
-18.4366,29.4429
-18.5170,29.2822
-18.5298,29.2925
-18.5355,29.3214
-18.5573,29.3084
-18.5737,29.3094
-18.5902,29.3102
-18.5216,29.5397
-18.6213,29.3165
-18.6360,29.3218
-18.6507,29.3272
-18.6671,29.3278
-18.6818,29.3330
-18.7032,29.3194
-18.6756,29.4463
-18.7407,29.3061
-18.7377,29.3630
-18.7302,29.4341
-18.7439,29.4432
-18.7948,29.3402
-18.8235,29.3024
-18.8366,29.3119
-18.7753,29.5535
-18.8630,29.3309
-18.8748,29.3450
-18.8718,29.4067
-18.8780,29.4399
-18.8690,29.5236
-18.9009,29.4729
-18.9299,29.4868
-18.9465,29.4864
-18.9713,29.4574
-18.9947,29.4329
-19.0138,29.4228
-19.0314,29.4174
-18.9658,29.7145
-19.0654,29.4113
-19.0661,29.4682
-19.0703,29.5135
-19.0818,29.5320
-19.1066,29.4995
-19.1429,29.4214
-19.1389,29.5003
-19.2007,29.3179
-19.1760,29.4811
-19.1889,29.4945
-19.1855,29.5757
-19.2446,29.3952
-19.2101,29.6101
-19.1995,29.7272
-19.2066,29.7699
-19.2525,29.6403
-19.2925,29.5339
-19.2962,29.5908
-19.3201,29.5552
-19.3375,29.5488
-19.3381,29.6231
-19.3303,29.7404
-19.3911,29.5219
-19.4055,29.5298
-19.4218,29.5280
-19.4399,29.5162
-19.4543,29.5241
-19.4641,29.5564
-19.4540,29.6982
-19.4941,29.5670
-19.5056,29.5916
-19.5246,29.5747
-19.5409,29.5725
-19.5555,29.5800
-19.5559,29.6739
-19.5707,29.6829
-19.5919,29.6516
-19.6129,29.6196
-19.6263,29.6368
-19.6434,29.6293
-19.6505,29.6901
-19.6605,29.7325
-19.6945,29.6065
-19.6802,29.8257
-19.7263,29.6058
-19.7321,29.6820
-19.7543,29.6346
-19.9583,28.1327
-19.9706,28.1242
-19.9847,28.1007
-19.8003,29.7854
-19.8188,29.7659
-20.0310,27.9853
-20.0433,27.9715
-20.0555,27.9577
-19.8823,29.7796
-20.0767,27.9599
-20.0893,27.9410
-20.1007,27.9320
-20.1170,27.8682
-20.1248,27.8990
-20.1303,27.9597
-20.0013,29.7104
-20.1378,28.1408
-20.1431,28.2214
-20.1566,28.1923
-20.1821,27.9836
-20.1925,27.9893
-20.2063,27.9401
-20.2171,27.9357
-20.2127,28.2059
-20.2406,27.8920
-20.2555,27.8026
-20.2647,27.8231
-20.2738,27.8485
-20.2823,27.8939
-20.2912,27.9343
-20.2981,28.0396
-20.3120,27.9450
-20.3223,27.9553
-20.3329,27.9556
-20.3436,27.9509
-20.3542,27.9511
-20.3648,27.9513
-20.3748,27.9965
-20.3859,27.9616
-20.3964,27.9767
-20.4070,27.9868
-20.4177,27.9818
-20.4284,27.9818
-20.4396,28.0917
-20.4506,28.0922
-20.4610,28.0316
-20.4720,28.0415
-20.4827,28.0313
-20.4935,28.0311
-20.5045,28.0359
-20.5154,28.0406
-20.5264,28.0453
-20.5411,28.1663
-20.5477,28.0296
-20.5585,28.0293
-20.5681,27.9989
-20.5748,27.9043
-20.5860,27.9203
-20.5972,27.9333
-20.6075,27.9292
-20.6190,27.9457
-20.6302,27.9565
-20.6402,27.9444
-20.6504,27.9388
-20.6597,27.9188
-20.6706,27.9239
-20.6807,27.9181
-20.6908,27.9124
-20.7049,27.9563
-20.7189,27.9966
-20.7277,27.9738
-20.7344,27.9280
-20.7395,27.8674
-20.7594,27.9680
-20.7563,27.8256
-20.7670,27.8296
-20.7767,27.8235
-20.4640,24.7987
-20.8094,27.9328
-20.8194,27.9267
-20.8287,27.9156
-20.8386,27.9094
-20.8419,27.8489
-20.9008,28.2370
-20.8971,28.1171
-20.9095,28.1255
-20.9173,28.0993
-20.9690,28.3945
-21.2460,30.2818
-20.9943,28.4010
-21.0084,28.4141
-21.0241,28.4371
-21.0399,28.4600
-21.0551,28.4779
-21.0681,28.4809
-21.3593,30.2041
-21.0932,28.4819
-21.1046,28.4749
-21.4539,30.3374
-21.4569,30.2506
-21.4802,30.2797
-21.5067,30.3256
-21.5116,30.2536
-21.5422,30.3190
-21.5631,30.3326
-21.5910,30.3808
-21.5996,30.3306
-21.6094,30.2878
-21.6441,30.3675
-21.6573,30.3419
-21.6787,30.3552
-21.7091,30.4100
-21.7294,30.3316
-21.7580,30.3763
-21.7803,30.3918
-21.8145,30.4583
-21.8372,30.4735
-21.8473,30.4352
-21.8798,30.4120
-21.8942,30.3930
-21.5371,28.8849
-21.9459,30.4471
-21.5614,28.8684
-21.5722,28.8553
-21.5843,28.8470
-21.6713,29.0101
-21.6864,29.0111
-21.6948,28.9880
-21.6501,28.7768
-21.7482,29.0717
-21.6556,28.6978
-21.6657,28.6845
-21.6728,28.6615
-21.6798,28.6386
-21.7602,28.8598
-21.6993,28.6119
-21.7060,28.5889
-21.7096,28.5564
-21.7235,28.5573
-21.7268,28.5248
-21.7254,28.4780
-21.7406,28.4836
-21.7513,28.4749
-21.7587,28.4566
-21.7883,28.5048
-21.7797,28.4391
-21.7853,28.4161
-21.7941,28.4025
-21.8027,28.3889
-21.8146,28.3848
-21.8532,28.4560
-21.8872,28.5129
-21.9029,28.5179
-21.9152,28.5134
-21.8998,28.4338
-21.9014,28.4013
-21.9169,28.4062
-21.9306,28.4064
-21.9515,28.4252
-21.9689,28.4346
-21.9845,28.4392
-22.0057,28.4578
-22.0196,28.4577
-22.0318,28.4529
-22.0457,28.4527
-22.0578,28.4478
-22.2251,28.8223
-22.0839,28.4425
-22.0978,28.4422
-22.1099,28.4371
-22.1239,28.4366
-22.1379,28.4361
-22.1519,28.4355
-22.3152,28.7789
-22.1800,28.4343
-22.2001,28.4473
-22.2203,28.4602
-22.2406,28.4730
-22.2507,28.4630
-22.2649,28.4621
-22.3896,28.7019
-22.2870,28.4464
-23.4301,30.8660
-22.4409,28.7111
-22.4452,28.6870
-23.5117,30.8882
-23.5419,30.9014
-23.5700,30.9100
-23.6200,30.9134
-23.6483,30.9217
-23.6790,30.9343
-23.7075,30.9424
-23.7361,30.9503
-23.7670,30.9626
-23.8154,30.9601
-23.8466,30.9720
-23.8778,30.9838
-23.9069,30.9911
-23.9383,31.0026
-23.9675,31.0096
-24.0059,31.0333
-24.0189,31.0102
-24.0507,31.0212
-24.0826,31.0322
-24.1146,31.0430
-24.1467,31.0537
-24.1788,31.0642
-24.2132,31.0783
-24.2310,31.0632
-24.2631,31.0728
-24.2956,31.0828
-24.3307,31.0971
-24.3634,31.1069
-24.3965,31.1170
-24.4317,31.1303
-24.4521,31.1187
-24.4851,31.1280
-24.5205,31.1409
-24.5540,31.1503
-24.5899,31.1633
-24.6233,31.1720
-24.6594,31.1848
-24.7160,31.1845
-24.7524,31.1969
-24.7889,31.2091
-24.8255,31.2211
-24.8623,31.2329
-24.8991,31.2447
-24.9416,31.2645
-24.9566,31.2426
-24.9937,31.2539
-25.0337,31.2692
-25.0710,31.2801
-25.1113,31.2950
-25.1488,31.3056
-25.1951,31.3286
-25.2100,31.3058
-25.2507,31.3201
-25.2915,31.3342
-25.3324,31.3480
-25.3735,31.3617
-25.4146,31.3753
-25.4559,31.3886
-25.5183,31.3865
-25.5599,31.3993
-25.6016,31.4120
-25.6464,31.4284
-25.6884,31.4407
-25.7335,31.4568
-25.7969,31.4526
-25.8423,31.4681
-25.8878,31.4834
-25.9335,31.4985
-25.9794,31.5134
-26.0254,31.5280
-26.0715,31.5425
-26.1360,31.5357
-26.1856,31.5535
-26.2195,31.5517
-26.2686,31.5245
-26.2867,31.5031
-26.3515,31.4946
-26.4017,31.5111
-26.4520,31.5274
-26.5001,31.5408
-26.5475,31.5528
-26.5973,31.5674
-26.6401,31.5302
-26.8267,28.8603
-26.8395,28.8407
-26.8486,28.8186
-26.8576,28.7965
-26.8708,28.7772
-26.8884,28.7609
-26.8926,28.7357
-26.9055,28.7162
-26.9184,28.6968
-26.9270,28.6745
-26.9398,28.6550
-26.9440,28.6300
-26.9823,28.5992
-27.5229,28.8841
-27.6041,28.9051
-28.5551,29.4654
-27.5800,28.8306
-27.6106,28.7902
-28.5638,29.3364
-27.6324,28.7444
-27.7184,28.7662
-28.6077,29.2630
-28.6523,29.2561
-28.6855,29.2092
-28.6912,29.1794
-28.7098,29.1570
-28.7240,29.1322
-28.7381,29.1072
-28.7521,29.0823
-28.7762,29.0629
-28.7843,29.0346
-28.7981,29.0095
-28.8118,28.9844
-28.8255,28.9592
-28.8391,28.9340
-28.8526,28.9087
-28.8660,28.8834
-28.8971,28.8350
-28.9103,28.8095
-28.9279,28.7863
-28.9409,28.7608
-28.9539,28.7352
-28.9668,28.7096
-28.9924,28.6583
-29.0051,28.6325
-29.0177,28.6068
-29.0347,28.5832
-29.0472,28.5573
-29.0640,28.5336
-29.0931,28.4838
-29.1203,28.4647
-29.1370,28.4407
-29.1535,28.4167
-29.1746,28.3946
-29.1910,28.3704
-29.2074,28.3461
-29.2470,28.2689
-29.2631,28.2444
-29.2745,28.2178
-29.2905,28.1932
-29.3064,28.1685
-29.3333,28.1171
-29.3490,28.0923
-29.3646,28.0674
-29.3801,28.0424
-29.3956,28.0174
-29.4110,27.9923
-29.4369,27.9401
-29.4521,27.9149
-29.4672,27.8895
-29.4870,27.8660
-29.5019,27.8405
-29.5168,27.8150
-29.5417,27.7621
-29.5564,27.7364
-29.5758,27.7124
-29.5903,27.6866
-29.6048,27.6608
-29.6192,27.6349
-29.6430,27.5813
-29.6572,27.5552
-29.6761,27.5307
-29.6901,27.5045
-29.7041,27.4782
-29.7227,27.4535
-29.7365,27.4271
-29.7639,27.3742
-29.7823,27.3491
-29.7958,27.3225
-29.8140,27.2973
-29.8322,27.2720
-29.8455,27.2452
-29.8719,27.1915
-29.8850,27.1645
-29.9028,27.1389
-29.9205,27.1131
-29.9334,27.0860
-29.9510,27.0601
-29.9763,27.0055
-29.9937,26.9794
-30.0110,26.9533
-30.0282,26.9270
-30.0405,26.8994
-30.0576,26.8730
-30.0770,26.8164
-30.0890,26.7886
-30.1058,26.7620
-30.1176,26.7341
-30.1343,26.7073
-30.1508,26.6804
-30.1740,26.6242
-29.1863,25.6666
-29.1392,25.6066
-29.0833,25.5725
-29.0075,25.5362
-28.9464,25.5023
-28.8704,25.4669
-28.8289,25.4361
-28.8398,25.3862
-28.8575,25.3626
-28.8702,25.3384
-28.8879,25.3146
-28.9054,25.2908
-28.9229,25.2668
-28.9381,25.2168
-28.9554,25.1926
-28.9673,25.1678
-28.9749,25.1426
-20.6252,14.4394
-20.5944,14.4888
-20.5638,14.5433
-20.5335,14.6029
-20.4743,14.6624
-20.4449,14.7273
-20.4159,14.7873
-20.3872,14.8473
-20.3586,14.8691
-20.3306,14.9293
-20.2746,14.9899
-20.2470,15.0303
-20.2200,15.0808
-20.1935,15.1451
-20.1675,15.2108
-20.1410,15.2466
-20.0876,15.2934

# FrameTime=1781596604.09, PointCount=680
-17.3501,26.7025
-17.3130,26.7446
-15.4367,28.1713
-17.3310,26.7602
-17.4652,26.6725
-17.3292,26.7909
-17.4234,26.7329
-15.4935,28.2457
-15.4971,28.2666
-15.5009,28.2875
-17.4945,26.7346
-17.4858,26.7559
-17.6439,26.6574
-17.6895,26.6342
-15.6235,28.3329
-17.6565,26.6887
-15.6952,28.3219
-17.6817,26.6956
-17.6916,26.7152
-17.6717,26.7460
-17.6635,26.7672
-17.7845,26.6779
-15.8160,28.3877
-17.9454,26.5660
-17.9405,26.5833
-17.9997,26.5446
-17.9573,26.5948
-17.8405,26.7118
-17.8176,26.7462
-15.9710,28.4201
-17.8835,26.7148
-15.9490,28.4886
-15.9961,28.4701
-16.0046,28.4867
-17.8856,26.7689
-17.8780,26.7901
-16.1470,28.4273
-17.8668,26.8293
-17.8958,26.8164
-17.9102,26.8170
-17.9174,26.8245
-18.0110,26.7487
-16.2485,28.4758
-16.2285,28.5197
-17.9679,26.8334
-16.2588,28.5392
-16.2836,28.5641
-16.2961,28.5765
-18.0465,26.8272
-18.2252,26.6594
-16.4076,28.5376
-18.2005,26.7121
-18.0305,26.9024
-17.9792,26.9709
-18.0799,26.8805
-16.5254,28.5386
-16.5336,28.5548
-16.5426,28.5701
-16.5551,28.5817
-16.5061,28.6599
-16.5767,28.6085
-16.5927,28.6163
-16.6053,28.6278
-16.6546,28.5985
-16.6514,28.6274
-16.6674,28.6350
-16.6900,28.6350
-16.6261,28.7332
-16.6890,28.6874
-16.6912,28.7108
-16.7302,28.6918
-16.7495,28.6953
-16.7591,28.7101
-16.7328,28.7672
-16.8042,28.7091
-18.5767,26.6208
-18.6153,26.5879
-16.8597,28.7212
-16.8813,28.7215
-16.8942,28.7321
-16.8986,28.7531
-16.8665,28.8195
-16.9643,28.7248
-17.0332,28.6651
-17.0460,28.6752
-17.0649,28.6775
-17.0746,28.6915
-17.0752,28.7172
-16.9903,28.8537
-17.0828,28.7609
-18.6624,26.7214
-18.6663,26.7307
-18.6612,26.7519
-18.6562,26.7731
-18.6483,26.7985
-18.6376,26.8279
-18.6301,26.8534
-17.1998,28.8237
-17.2101,28.8374
-17.2204,28.8511
-17.2337,28.8607
-17.2442,28.8743
-17.2008,28.9639
-18.6988,26.8659
-18.7148,26.8588
-18.6936,26.9050
-18.6698,26.9554
-17.3390,28.9102
-18.7104,26.9287
-18.5973,27.1117
-18.6305,27.0799
-18.6218,27.1102
-18.6327,27.1114
-17.4862,28.8652
-17.4831,28.8990
-17.4776,28.9370
-17.4992,28.9333
-17.4048,29.1099
-17.5344,28.9381
-17.5533,28.9384
-17.5749,28.9343
-17.5620,28.9851
-17.5994,28.9556
-17.6418,28.9174
-17.5511,29.0955
-17.6180,29.0174
-17.6370,29.0173
-17.6559,29.0170
-17.6866,28.9971
-17.7054,28.9967
-17.7101,29.0202
-17.6070,29.2281
-17.7453,29.0235
-17.7531,29.0419
-17.7794,29.0283
-17.7883,29.0448
-17.7752,29.1004
-17.7877,29.1110
-17.8043,29.1145
-17.7595,29.2286
-17.8373,29.1214
-17.8538,29.1248
-17.8727,29.1237
-17.8977,29.1111
-17.9127,29.1169
-17.9222,29.1332
-17.8937,29.2216
-17.9412,29.1658
-17.9523,29.1794
-17.9757,29.1691
-17.9877,29.1808
-18.0042,29.1837
-18.0217,29.1846
-17.9973,29.2691
-18.0592,29.1811
-18.0823,29.1702
-18.0922,29.1862
-18.1056,29.1950
-18.0970,29.2496
-18.1244,29.2295
-18.1539,29.2048
-18.0846,29.3893
-18.2016,29.1776
-18.2201,29.1752
-18.2344,29.1817
-18.2362,29.2155
-18.2301,29.2676
-18.2671,29.2240
-18.2523,29.2962
-18.3020,29.2232
-18.3475,29.1585
-18.3320,29.2333
-18.3484,29.2349
-18.3668,29.2320
-18.3754,29.2519
-18.2973,29.4784
-18.3929,29.2917
-18.3964,29.3247
-18.4147,29.3222
-18.4444,29.2913
-18.4925,29.2140
-18.4902,29.2614
-18.4353,29.4429
-18.5121,29.2915
-18.5231,29.3065
-18.5350,29.3194
-18.5560,29.3085
-18.5724,29.3094
-18.5906,29.3056
-18.5221,29.5351
-18.6200,29.3165
-18.6347,29.3219
-18.6494,29.3272
-18.6658,29.3278
-18.6822,29.3284
-18.7019,29.3195
-18.6759,29.4416
-18.7410,29.3014
-18.7412,29.3489
-18.7289,29.4341
-18.7426,29.4432
-18.7935,29.3402
-18.8238,29.2977
-18.8369,29.3072
-18.7740,29.5535
-18.8617,29.3309
-18.8734,29.3450
-18.8823,29.3687
-18.8767,29.4399
-18.8662,29.5284
-18.8982,29.4777
-18.9314,29.4772
-18.9438,29.4912
-18.9728,29.4478
-18.9920,29.4378
-19.0111,29.4276
-19.0301,29.4175
-18.9658,29.7097
-19.0654,29.4065
-19.0661,29.4635
-19.0703,29.5087
-19.0805,29.5321
-19.1059,29.4974
-19.1440,29.4118
-19.1388,29.4955
-19.1994,29.3179
-19.1735,29.4860
-19.1876,29.4945
-19.1830,29.5806
-19.2445,29.3904
-19.2100,29.6053
-19.1982,29.7272
-19.2042,29.7748
-19.2523,29.6355
-19.2933,29.5242
-19.2959,29.5860
-19.3234,29.5335
-19.3362,29.5488
-19.3378,29.6182
-19.3310,29.7306
-19.3898,29.5219
-19.4051,29.5250
-19.4214,29.5231
-19.4377,29.5212
-19.4521,29.5290
-19.4637,29.5515
-19.4527,29.6983
-19.4945,29.5572
-19.5100,29.5599
-19.5216,29.5845
-19.5396,29.5725
-19.5542,29.5800
-19.5538,29.6789
-19.5686,29.6878
-19.5898,29.6565
-19.6101,29.6294
-19.6257,29.6319
-19.6421,29.6293
-19.6484,29.6951
-19.6578,29.7424
-19.6835,29.6756
-19.6803,29.8158
-19.7256,29.6009
-19.7308,29.6820
-19.7523,29.6396
-19.9576,28.1278
-19.9693,28.1242
-19.9828,28.1057
-19.8175,29.7659
-20.0308,27.9753
-20.0420,27.9715
-20.0532,27.9677
-19.8810,29.7797
-20.0754,27.9599
-20.0879,27.9410
-20.0994,27.9320
-20.1162,27.8633
-20.1235,27.8990
-20.1282,27.9697
-20.1122,28.3044
-20.1372,28.1309
-20.1425,28.2115
-20.1553,28.1924
-20.1794,28.0036
-20.1905,27.9993
-20.2049,27.9401
-20.2158,27.9358
-20.2116,28.2009
-20.2393,27.8920
-20.2542,27.8027
-20.2631,27.8281
-20.2723,27.8536
-20.2810,27.8940
-20.2899,27.9343
-20.2966,28.0446
-20.3105,27.9501
-20.3210,27.9554
-20.3317,27.9507
-20.3423,27.9509
-20.3529,27.9511
-20.3634,27.9563
-20.3735,27.9915
-20.3845,27.9666
-20.3951,27.9767
-20.4057,27.9868
-20.4164,27.9818
-20.4271,27.9768
-20.4383,28.0868
-20.4493,28.0973
-20.4597,28.0316
-20.4707,28.0415
-20.4814,28.0313
-20.4922,28.0311
-20.5030,28.0309
-20.5140,28.0356
-20.5248,28.0353
-20.5398,28.1663
-20.5462,28.0247
-20.5568,28.0193
-20.5670,28.0039
-20.5735,27.9043
-20.5846,27.9188
-20.5964,27.9433
-20.6067,27.9392
-20.6177,27.9457
-20.6295,27.9665
-20.6395,27.9544
-20.6491,27.9388
-20.6584,27.9189
-20.6696,27.9289
-20.6798,27.9231
-20.6895,27.9124
-20.7032,27.9514
-20.7176,27.9966
-20.7269,27.9788
-20.7336,27.9330
-20.7382,27.8674
-20.7577,27.9631
-20.7555,27.8306
-20.7662,27.8346
-20.7764,27.8335
-20.7861,27.8275
-20.8081,27.9329
-20.8175,27.9218
-20.8274,27.9156
-20.8373,27.9095
-20.8412,27.8538
-20.8989,28.2321
-20.8952,28.1121
-20.9082,28.1255
-20.9160,28.0993
-20.9677,28.3945
-21.2447,30.2819
-20.9930,28.4010
-21.0078,28.4191
-21.0235,28.4420
-21.0386,28.4600
-21.0553,28.4878
-21.0660,28.4760
-21.3564,30.1943
-21.0911,28.4770
-21.1041,28.4799
-21.4509,30.3276
-21.4555,30.2506
-21.4797,30.2846
-21.5045,30.3207
-21.5112,30.2586
-21.5399,30.3141
-21.5786,30.3243
-21.5983,30.3306
-21.6071,30.2829
-21.6417,30.3626
-21.6570,30.3468
-21.6794,30.3650
-21.7078,30.4100
-21.7324,30.3511
-21.7567,30.3764
-21.7790,30.3918
-21.8121,30.4534
-21.8370,30.4784
-21.8459,30.4352
-21.8773,30.4072
-21.8917,30.3882
-21.9217,30.4323
-21.9434,30.4423
-21.5589,28.8636
-21.5722,28.8602
-21.5830,28.8470
-21.5939,28.7303
-21.6122,28.7460
-21.6921,28.9832
-21.6461,28.7672
-21.6524,28.7399
-21.6543,28.6978
-21.6629,28.6797
-21.6715,28.6616
-21.6785,28.6386
-21.7531,28.8407
-21.6980,28.6119
-21.7047,28.5889
-21.7083,28.5564
-21.7222,28.5573
-21.7240,28.5200
-21.7225,28.4733
-21.7409,28.4884
-21.7469,28.4654
-21.7574,28.4566
-21.7869,28.5048
-21.7768,28.4344
-21.7856,28.4208
-21.7911,28.3978
-21.8031,28.3937
-21.8133,28.3848
-21.8502,28.4513
-21.8859,28.5129
-21.9016,28.5179
-21.9173,28.5228
-21.8968,28.4292
-21.9019,28.4060
-21.9138,28.4015
-21.9258,28.3970
-21.9519,28.4299
-21.9694,28.4393
-21.9850,28.4439
-22.0026,28.4532
-22.0183,28.4577
-22.0304,28.4529
-22.0444,28.4527
-22.0565,28.4478
-22.2238,28.8223
-22.0825,28.4426
-22.0965,28.4422
-22.1105,28.4417
-22.1226,28.4367
-22.1366,28.4361
-22.1486,28.4310
-22.3139,28.7789
-22.1787,28.4343
-22.1988,28.4473
-22.2190,28.4602
-22.2372,28.4685
-22.2514,28.4676
-22.2615,28.4575
-22.3904,28.7064
-22.2836,28.4419
-23.4309,30.8705
-22.4438,28.7202
-22.4481,28.6961
-23.5104,30.8882
-23.5406,30.9015
-23.5687,30.9100
-23.6187,30.9134
-23.6470,30.9217
-23.6776,30.9343
-23.7062,30.9424
-23.7370,30.9548
-23.7657,30.9626
-23.8164,30.9646
-23.8452,30.9721
-23.8765,30.9839
-23.9056,30.9911
-23.9370,31.0027
-23.9686,31.0141
-24.0022,31.0290
-24.0200,31.0146
-24.0494,31.0213
-24.0813,31.0322
-24.1133,31.0430
-24.1453,31.0537
-24.1775,31.0642
-24.2119,31.0783
-24.2297,31.0632
-24.2621,31.0734
-24.2968,31.0872
-24.3294,31.0971
-24.3624,31.1074
-24.3952,31.1170
-24.4329,31.1346
-24.4482,31.1145
-24.4838,31.1280
-24.5169,31.1371
-24.5527,31.1503
-24.5886,31.1634
-24.6246,31.1763
-24.6608,31.1890
-24.7174,31.1888
-24.7511,31.1969
-24.7876,31.2091
-24.8242,31.2211
-24.8610,31.2330
-24.8978,31.2447
-24.9375,31.2604
-24.9553,31.2427
-24.9924,31.2539
-25.0324,31.2692
-25.0697,31.2801
-25.1100,31.2950
-25.1475,31.3056
-25.1910,31.3245
-25.2087,31.3059
-25.2494,31.3201
-25.2902,31.3342
-25.3311,31.3481
-25.3722,31.3618
-25.4133,31.3753
-25.4517,31.3846
-25.5140,31.3825
-25.5556,31.3953
-25.6003,31.4120
-25.6421,31.4245
-25.6871,31.4407
-25.7292,31.4528
-25.7956,31.4526
-25.8410,31.4681
-25.8865,31.4834
-25.9322,31.4985
-25.9781,31.5134
-26.0241,31.5281
-26.0739,31.5473
-26.0915,31.5255
-26.1316,31.5319
-26.1843,31.5536
-26.2151,31.5479
-26.2704,31.5284
-26.2854,31.5031
-26.3502,31.4946
-26.4004,31.5112
-26.4507,31.5275
-26.4988,31.5408
-26.5485,31.5556
-26.5970,31.5685
-26.6355,31.5265
-26.8079,28.8766
-26.8294,28.8631
-26.8341,28.8379
-26.8391,28.8130
-26.8563,28.7966
-26.8653,28.7744
-26.8829,28.7582
-26.8913,28.7357
-26.9042,28.7163
-26.9129,28.6941
-26.9257,28.6746
-26.9385,28.6550
-26.9511,28.6355
-26.9684,28.6189
-26.9810,28.5992
-27.5428,28.8974
-27.6027,28.9051
-28.5580,29.4680
-27.5830,28.8332
-28.5839,29.4165
-27.5965,28.7824
-28.5454,29.3261
-27.6354,28.7470
-27.7514,28.7867
-28.6107,29.2656
-28.6639,29.2637
-28.6799,29.2067
-28.6985,29.1844
-28.7128,29.1595
-28.7270,29.1346
-28.7367,29.1073
-28.7508,29.0823
-28.7786,29.0322
-28.7924,29.0071
-28.8061,28.9820
-28.8198,28.9568
-28.8334,28.9316
-28.8513,28.9087
-28.8750,28.8888
-28.8780,28.8581
-28.8958,28.8350
-28.9090,28.8095
-28.9221,28.7841
-28.9396,28.7608
-28.9526,28.7352
-28.9655,28.7096
-28.9911,28.6583
-29.0038,28.6326
-29.0178,28.6075
-29.0334,28.5832
-29.0458,28.5573
-29.0582,28.5314
-29.0873,28.4817
-29.1190,28.4648
-29.1357,28.4408
-29.1522,28.4167
-29.1733,28.3946
-29.1897,28.3704
-29.2178,28.3197
-29.2295,28.2933
-29.2503,28.2709
-29.2618,28.2444
-29.2892,28.1932
-29.3051,28.1686
-29.3209,28.1438
-29.3366,28.1190
-29.3523,28.0942
-29.3679,28.0693
-29.3943,28.0174
-29.4097,27.9923
-29.4250,27.9672
-29.4403,27.9419
-29.4555,27.9167
-29.4706,27.8914
-29.4959,27.8388
-29.5108,27.8133
-29.5304,27.7895
-29.5451,27.7639
-29.5598,27.7382
-29.5744,27.7124
-29.5890,27.6866
-29.6131,27.6332
-29.6275,27.6073
-29.6417,27.5813
-29.6606,27.5568
-29.6747,27.5307
-29.6888,27.5045
-29.7166,27.4519
-29.7352,27.4271
-29.7490,27.4007
-29.7674,27.3757
-29.7810,27.3492
-29.7993,27.3240
-29.8261,27.2706
-29.8394,27.2438
-29.8574,27.2184
-29.8706,27.1915
-29.8885,27.1659
-29.9063,27.1403
-29.9192,27.1132
-29.9448,27.0588
-29.9623,27.0329
-29.9798,27.0068
-29.9972,26.9807
-30.0145,26.9546
-30.0269,26.9270
-30.0514,26.8718
-30.0636,26.8442
-30.0757,26.8164
-30.0926,26.7898
-30.1045,26.7620
-30.1212,26.7353
-30.1398,26.6781
-30.1563,26.6512
-30.1727,26.6242
-29.1738,25.6382
-29.1230,25.6046
-29.0573,25.5692
-28.9914,25.5343
-28.9154,25.4985
-28.8523,25.4391
-28.8306,25.4109
-28.8385,25.3863
-28.8612,25.3632
-28.8739,25.3390
-28.8915,25.3152
-28.9067,25.2654
-28.9241,25.2413
-28.9414,25.2172
-28.9541,25.1926
-28.9560,25.1670
-28.9536,25.1410
-20.6236,14.4544
-20.5930,14.4938
-20.5624,14.5483
-20.5027,14.6077
-20.4729,14.6725
-20.4436,14.7323
-20.4146,14.8023
-20.3859,14.8524
-20.3574,14.8875
-20.3008,14.9281
-20.2734,14.9999
-20.2457,15.0289
-20.2186,15.0795
-20.1923,15.1501
-20.1665,15.2208
-20.1120,15.2425

# FrameTime=1781596604.19, PointCount=686
-17.3334,26.7148
-17.3523,26.7150
-15.4280,28.1777
-15.4313,28.1987
-17.3492,26.7608
-15.4898,28.2012
-17.3792,26.7669
-15.3684,28.3427
-15.5043,28.2608
-17.4358,26.7664
-17.4664,26.7568
-17.6885,26.5944
-15.5469,28.3227
-17.7328,26.5857
-17.6772,26.6441
-17.6916,26.6460
-15.6307,28.3508
-15.6714,28.3413
-17.6387,26.7312
-15.7334,28.3377
-17.6794,26.7253
-17.6825,26.7367
-17.6780,26.7547
-17.7496,26.7076
-17.8550,26.6308
-17.9485,26.5631
-17.9323,26.5903
-17.9952,26.5483
-17.9641,26.5886
-17.8996,26.6591
-17.8057,26.7565
-17.8462,26.7343
-17.9014,26.6984
-15.9980,28.4438
-15.9844,28.4806
-16.0022,28.4887
-17.9105,26.7455
-17.8883,26.7803
-17.8480,26.8323
-17.9025,26.7954
-17.8770,26.8340
-16.1284,28.5177
-17.9528,26.7903
-17.9492,26.8081
-16.2192,28.5040
-18.0028,26.7845
-16.2244,28.5481
-16.2582,28.5396
-16.2670,28.5556
-16.2865,28.5610
-16.2884,28.5840
-18.0142,26.8597
-18.1896,26.6955
-18.1720,26.7273
-18.1371,26.7771
-16.3513,28.6455
-17.9646,26.9858
-16.5055,28.5345
-16.5371,28.5507
-16.5351,28.5777
-16.5510,28.5857
-16.5635,28.5973
-16.5794,28.6052
-16.5819,28.6278
-16.4967,28.7472
-16.6406,28.6137
-16.6598,28.6176
-16.6667,28.6354
-16.6860,28.6392
-16.6986,28.6503
-16.6620,28.7179
-16.6573,28.7494
-16.7132,28.7110
-16.7521,28.6919
-16.7584,28.7105
-16.7874,28.7025
-16.8099,28.7019
-16.7615,28.7858
-16.8334,28.7263
-16.7718,28.8270
-16.8783,28.7246
-16.8881,28.7391
-16.9042,28.7458
-16.9288,28.7419
-17.0042,28.6747
-17.0356,28.6616
-16.8466,28.9261
-17.0642,28.6779
-17.0709,28.6958
-17.0837,28.7059
-17.0783,28.7395
-17.0852,28.7574
-18.6800,26.6980
-18.6566,26.7430
-18.6816,26.7243
-18.6585,26.7695
-18.6417,26.8069
-18.6310,26.8363
-17.1888,28.8104
-17.1961,28.8282
-17.1271,28.9510
-17.2120,28.8622
-18.6704,26.8588
-18.6748,26.8682
-18.6850,26.8693
-17.2846,28.8733
-18.7084,26.8674
-18.6986,26.8971
-18.6890,26.9270
-18.7078,26.9157
-18.6224,27.0571
-18.6107,27.0915
-17.4122,28.8886
-18.6184,27.1147
-18.6237,27.1243
-17.4910,28.8573
-17.4961,28.8786
-17.5013,28.8998
-17.5067,28.9211
-17.5310,28.9131
-17.5284,28.9469
-17.5526,28.9388
-17.4652,29.1076
-17.5745,28.9643
-17.5655,29.0094
-17.5793,29.0179
-17.5983,29.0179
-17.6199,29.0136
-17.6363,29.0177
-17.5926,29.1215
-17.6690,29.0257
-17.7098,28.9885
-17.7084,29.0224
-17.7358,29.0072
-17.7385,29.0343
-17.7624,29.0250
-17.7449,29.0875
-17.7974,29.0279
-17.7794,29.0922
-17.7846,29.1158
-17.8036,29.1149
-17.8201,29.1184
-17.8366,29.1218
-17.8555,29.1208
-17.8861,29.1317
-17.9111,29.1191
-17.9261,29.1248
-17.9333,29.1455
-17.9429,29.1618
-17.9585,29.1665
-17.8242,29.4623
-17.9870,29.1812
-18.0013,29.1885
-18.0188,29.1895
-18.0442,29.1744
-18.0674,29.1636
-18.0794,29.1751
-18.0404,29.2912
-18.1006,29.2044
-18.1085,29.2248
-18.1087,29.2614
-18.1489,29.2142
-18.1867,29.1713
-18.2051,29.1689
-18.1474,29.3310
-18.2316,29.1867
-18.2314,29.2250
-18.2232,29.2816
-18.2542,29.2518
-18.2829,29.2263
-18.3246,29.1709
-18.2571,29.3640
-18.3412,29.2108
-18.3497,29.2308
-18.3622,29.2415
-18.3747,29.2523
-18.3931,29.2492
-18.3791,29.3237
-18.3995,29.3159
-18.4048,29.3451
-18.4381,29.3055
-18.4881,29.2237
-18.4932,29.2526
-18.4986,29.2815
-18.5132,29.2872
-18.5224,29.3069
-18.4907,29.4330
-18.5553,29.3089
-18.5717,29.3098
-18.5864,29.3153
-18.6029,29.3161
-18.6175,29.3216
-18.6323,29.3269
-18.6359,29.3630
-18.6617,29.3376
-18.6782,29.3382
-18.6830,29.3716
-18.7224,29.3062
-18.7355,29.3160
-18.7228,29.4012
-18.7157,29.4717
-18.7388,29.4531
-18.7756,29.3926
-18.8153,29.3218
-18.8362,29.3076
-18.8478,29.3218
-18.8610,29.3313
-18.8698,29.3549
-18.8270,29.5446
-18.8818,29.4213
-18.8961,29.4285
-18.8549,29.6195
-18.9155,29.4731
-18.9265,29.4920
-18.9501,29.4677
-18.9548,29.5084
-18.9927,29.4334
-19.0104,29.4280
-19.0281,29.4227
-19.0471,29.4124
-19.0542,29.4453
-19.0525,29.5120
-19.0645,29.5284
-19.0768,29.5442
-19.1002,29.5171
-19.1347,29.4460
-19.1803,29.3291
-19.1770,29.4053
-19.1705,29.4961
-19.1481,29.6543
-19.1893,29.5519
-19.2162,29.5071
-19.2542,29.4137
-19.2103,29.6726
-19.2852,29.4157
-19.2926,29.4532
-19.2862,29.5538
-19.2390,29.8445
-19.3123,29.5827
-19.3391,29.5323
-19.3347,29.6304
-19.3658,29.5583
-19.3882,29.5272
-19.4045,29.5254
-19.3666,29.7995
-19.4351,29.5314
-19.4542,29.5147
-19.4621,29.5568
-19.4784,29.5548
-19.4912,29.5723
-19.5037,29.5920
-19.5226,29.5751
-19.5045,29.7740
-19.5560,29.5657
-19.5569,29.6567
-19.5687,29.6833
-19.5953,29.6175
-19.6033,29.6692
-19.6288,29.6076
-19.6238,29.7475
-19.6491,29.6862
-19.6636,29.6978
-19.6842,29.6661
-19.7101,29.5943
-19.7210,29.6309
-19.7314,29.6725
-19.7339,29.7780
-19.7691,29.6271
-19.9680,28.1296
-19.9810,28.1160
-19.9955,28.0875
-19.8190,29.7465
-20.0290,27.9857
-20.0402,27.9819
-20.0525,27.9681
-20.0651,27.9493
-20.0767,27.9404
-20.0868,27.9464
-20.1029,27.8876
-20.0757,28.3118
-20.1254,27.8695
-20.1308,27.9302
-20.1338,28.0257
-20.1289,28.2310
-20.1407,28.2268
-20.1648,28.0481
-20.1747,28.0644
-20.1869,28.0446
-20.2030,27.9605
-20.2145,27.9461
-20.2262,27.9268
-20.2410,27.8475
-20.2527,27.8180
-20.2510,28.0732
-20.2729,27.8240
-20.2805,27.8894
-20.2894,27.9297
-20.2996,27.9401
-20.3098,27.9505
-20.3204,27.9508
-20.3310,27.9511
-20.3402,28.0113
-20.3522,27.9515
-20.3628,27.9517
-20.3733,27.9569
-20.3838,27.9670
-20.3944,27.9821
-20.4050,27.9872
-20.4157,27.9822
-20.4264,27.9922
-20.4373,28.0272
-20.4486,28.0871
-20.4590,28.0320
-20.4700,28.0419
-20.4807,28.0317
-20.4947,28.1977
-20.5023,28.0313
-20.5133,28.0360
-20.5242,28.0357
-20.5353,28.0454
-20.5459,28.0351
-20.5560,28.0147
-20.5635,27.9351
-20.5732,27.9147
-20.5844,27.9292
-20.5962,27.9551
-20.6061,27.9396
-20.6156,27.9213
-20.6271,27.9370
-20.6376,27.9350
-20.6491,27.9491
-20.6591,27.9400
-20.6685,27.9235
-20.6791,27.9235
-20.6892,27.9178
-20.6993,27.9120
-20.7167,27.9950
-20.7272,27.9911
-20.7346,27.9534
-20.7402,27.8976
-20.7455,27.8419
-20.4586,24.7995
-20.7650,27.8300
-20.7747,27.8240
-20.7974,27.9394
-20.7984,27.8516
-20.8322,28.0591
-20.8285,27.9309
-20.8384,27.9247
-20.8441,27.8839
-20.8735,28.0347
-20.8573,27.8220
-20.9062,28.1160
-20.9465,28.3321
-20.9664,28.3899
-20.9797,28.3982
-20.9930,28.4064
-21.0086,28.4294
-21.0236,28.4474
-21.2618,29.9279
-21.0524,28.4733
-21.0645,28.4714
-21.0783,28.4793
-21.0921,28.4872
-21.3920,30.1988
-21.4161,30.2353
-21.4425,30.2836
-21.4540,30.2461
-21.4782,30.2801
-21.5151,30.2835
-21.5309,30.2704
-21.5611,30.3330
-21.5769,30.3198
-21.5888,30.2869
-21.6040,30.2713
-21.6502,30.3179
-21.6721,30.3337
-21.6987,30.3713
-21.7282,30.4212
-21.7306,30.3466
-21.7473,30.3378
-21.7911,30.4482
-21.8007,30.4076
-21.8300,30.4520
-21.8464,30.4405
-21.8621,30.4265
-21.8742,30.3978
-21.8982,30.4177
-21.9234,30.4424
-21.5569,28.8592
-21.5702,28.8557
-21.5823,28.8474
-22.0283,30.4746
-21.6620,29.0383
-21.6680,29.0057
-21.6941,28.9933
-21.6589,28.8157
-21.6449,28.7163
-21.6509,28.6886
-21.6958,28.7953
-21.6736,28.6715
-21.6835,28.6582
-21.7686,28.8466
-21.6996,28.5750
-21.7106,28.5664
-21.7660,28.6995
-21.7157,28.4966
-21.7203,28.4689
-21.7602,28.5506
-21.7493,28.4753
-21.7614,28.4713
-21.7688,28.4530
-21.7745,28.4300
-21.7801,28.4070
-21.7904,28.3982
-21.9134,28.7137
-21.8110,28.3805
-21.8496,28.4517
-21.8835,28.5086
-21.9008,28.5180
-21.8995,28.4762
-21.9047,28.4530
-21.9012,28.4064
-21.9570,28.5190
-21.9268,28.4021
-21.9370,28.3929
-21.9633,28.4257
-21.9862,28.4490
-22.0037,28.4582
-22.0176,28.4581
-22.0608,28.5312
-22.0437,28.4531
-22.0577,28.4528
-22.0698,28.4479
-22.0838,28.4476
-22.0978,28.4472
-22.1098,28.4421
-22.1585,28.5234
-22.1359,28.4365
-22.1480,28.4314
-22.1620,28.4308
-22.1840,28.4484
-22.2001,28.4523
-22.2183,28.4606
-22.2366,28.4689
-22.2508,28.4680
-22.2608,28.4579
-22.4023,28.7341
-23.4067,30.8709
-23.4324,30.8755
-22.4219,28.6754
-22.4560,28.7145
-22.4452,28.6588
-23.5334,30.8884
-23.5637,30.9015
-23.5919,30.9099
-23.6224,30.9228
-23.6507,30.9311
-23.6792,30.9392
-23.7295,30.9418
-23.7582,30.9496
-23.7892,30.9618
-23.8180,30.9694
-23.8492,30.9813
-23.8782,30.9887
-23.9293,30.9898
-23.9608,31.0013
-23.9924,31.0126
-24.0241,31.0238
-24.0535,31.0304
-24.0854,31.0413
-24.1195,31.0558
-24.1373,31.0410
-24.1695,31.0516
-24.2013,31.0614
-24.2337,31.0717
-24.2661,31.0819
-24.3011,31.0962
-24.3338,31.1061
-24.3567,31.0992
-24.3891,31.1083
-24.4220,31.1179
-24.4575,31.1315
-24.4908,31.1412
-24.5240,31.1503
-24.5598,31.1635
-24.6134,31.1597
-24.6495,31.1725
-24.6857,31.1851
-24.7220,31.1976
-24.7585,31.2099
-24.7950,31.2221
-24.8343,31.2382
-24.8521,31.2208
-24.8889,31.2325
-24.9286,31.2483
-24.9656,31.2597
-25.0028,31.2709
-25.0400,31.2820
-25.0831,31.3013
-25.0980,31.2789
-25.1383,31.2937
-25.1760,31.3042
-25.2166,31.3186
-25.2573,31.3328
-25.2981,31.3468
-25.3391,31.3607
-25.3981,31.3554
-25.4393,31.3688
-25.4807,31.3820
-25.5222,31.3950
-25.5638,31.4078
-25.6085,31.4244
-25.6568,31.4454
-25.6714,31.4211
-25.7165,31.4373
-25.7617,31.4532
-25.8040,31.4649
-25.8494,31.4804
-25.8950,31.4956
-25.9475,31.5193
-25.9620,31.4941
-26.0079,31.5088
-26.0540,31.5234
-26.0971,31.5337
-26.1403,31.5439
-26.1930,31.5656
-26.2050,31.5366
-26.2483,31.5027
-26.2847,31.5035
-26.3123,31.4936
-26.3592,31.5065
-26.4094,31.5230
-26.4597,31.5393
-26.5316,31.5370
-26.5823,31.5527
-26.6243,31.5579
-26.8113,28.8799
-26.8247,28.8607
-26.8334,28.8383
-26.8553,28.8250
-26.8598,28.7998
-26.8646,28.7748
-26.8777,28.7555
-26.8865,28.7333
-26.8952,28.7111
-26.9122,28.6945
-26.9378,28.6554
-26.9463,28.6332
-26.9635,28.6166
-27.0351,28.6345
-27.2713,28.7562
-27.6055,28.9376
-28.4852,29.4237
-27.5227,28.7969
-27.5870,28.8069
-28.6024,29.3950
-27.6089,28.7612
-27.6347,28.7474
-28.6603,29.2624
-28.6691,29.2344
-28.6835,29.2096
-28.6979,29.1848
-28.7165,29.1624
-28.7364,29.1408
-28.7404,29.1101
-28.7544,29.0851
-28.7640,29.0577
-28.7779,29.0326
-28.7917,29.0075
-28.8054,28.9824
-28.8191,28.9572
-28.8506,28.9091
-28.8640,28.8838
-28.8818,28.8608
-28.8951,28.8354
-28.9127,28.8122
-28.9259,28.7867
-28.9448,28.7642
-28.9519,28.7356
-28.9648,28.7100
-28.9776,28.6844
-28.9904,28.6587
-29.0000,28.6315
-29.0126,28.6057
-29.0297,28.5821
-29.0452,28.5577
-29.0575,28.5318
-29.0653,28.5038
-29.0866,28.4821
-29.1183,28.4652
-29.1395,28.4432
-29.1561,28.4192
-29.1845,28.3687
-29.2009,28.3445
-29.2172,28.3201
-29.2334,28.2957
-29.2611,28.2448
-29.2771,28.2202
-29.2931,28.1956
-29.3090,28.1709
-29.3202,28.1442
-29.3359,28.1194
-29.3626,28.0678
-29.3781,28.0428
-29.3936,28.0178
-29.4090,27.9927
-29.4243,27.9676
-29.4396,27.9423
-29.4548,27.9171
-29.4803,27.8646
-29.4953,27.8392
-29.5148,27.8154
-29.5297,27.7899
-29.5444,27.7642
-29.5591,27.7386
-29.5836,27.6854
-29.5981,27.6595
-29.6125,27.6336
-29.6315,27.6093
-29.6458,27.5833
-29.6647,27.5588
-29.6881,27.5049
-29.7068,27.4802
-29.7207,27.4539
-29.7393,27.4290
-29.7530,27.4026
-29.7667,27.3761
-29.7938,27.3229
-29.8073,27.2963
-29.8254,27.2710
-29.8435,27.2457
-29.8567,27.2188
-29.8747,27.1933
-29.9008,27.1393
-29.9185,27.1136
-29.9314,27.0864
-29.9490,27.0605
-29.9617,27.0333
-29.9791,27.0072
-29.9917,26.9799
-30.0165,26.9249
-30.0337,26.8986
-30.0508,26.8722
-30.0678,26.8458
-30.0847,26.8192
-30.0967,26.7914
-30.1205,26.7357
-30.1323,26.7077
-30.1488,26.6808
-30.1604,26.6527
-29.1633,25.6373
-29.1125,25.6036
-29.0417,25.5676
-28.9692,25.5058
-28.9080,25.4722
-28.8467,25.4389
-28.8249,25.4107
-28.8477,25.3878
-28.8555,25.3631
-28.8809,25.3145
-28.8935,25.2902
-28.9110,25.2662
-28.9238,25.2418
-28.9457,25.2181
-28.9481,25.1925
-28.9707,25.1687
-28.9547,25.1157
-20.6230,14.4498
-20.5923,14.4942
-20.5618,14.5437
-20.5021,14.6031
-20.4723,14.6679
-20.4429,14.7327
-20.4139,14.7927
-20.3852,14.8428
-20.3565,14.8529
-20.3281,14.8797
-20.3002,14.9400
-20.2727,15.0003
-20.2449,15.0257
-20.2176,15.0663
-20.1917,15.1505
-20.1658,15.2212
-20.1116,15.2529
-20.0852,15.2838

# FrameTime=1781596604.29, PointCount=679
-17.3575,26.6969
-15.3848,28.1867
-17.3193,26.7543
-17.3343,26.7576
-17.4646,26.6729
-17.3325,26.7882
-17.4465,26.7150
-15.4928,28.2461
-15.4965,28.2670
-15.5099,28.2803
-17.4664,26.7568
-17.5164,26.7314
-15.5391,28.3289
-17.6394,26.6609
-17.6888,26.6346
-15.6190,28.3364
-15.6365,28.3461
-17.6896,26.6751
-17.6656,26.7088
-17.6303,26.7523
-17.6794,26.7253
-17.6749,26.7432
-15.7802,28.3701
-17.6737,26.7726
-17.8019,26.6765
-17.9523,26.5599
-17.9512,26.5738
-17.9877,26.5549
-17.9454,26.6052
-17.8137,26.7354
-15.9248,28.4371
-17.8276,26.7510
-15.9102,28.4990
-15.9870,28.4538
-15.9954,28.4705
-15.9985,28.4921
-16.0088,28.5072
-16.0868,28.4591
-17.8771,26.8050
-17.8843,26.8126
-17.8879,26.8236
-17.9096,26.8174
-17.9132,26.8284
-18.0282,26.7317
-16.2478,28.4762
-18.0815,26.7076
-17.9565,26.8443
-16.2670,28.5556
-16.2865,28.5610
-16.2954,28.5769
-16.2007,28.6980
-18.0915,26.7955
-18.2243,26.6736
-18.1928,26.7197
-18.0020,26.9316
-17.9716,26.9785
-16.4944,28.5462
-16.5239,28.5399
-16.5303,28.5579
-16.5385,28.5741
-16.4961,28.6449
-16.5601,28.6010
-16.5761,28.6089
-16.5920,28.6167
-16.6080,28.6245
-16.6539,28.5989
-16.6574,28.6204
-16.6667,28.6354
-16.6125,28.7222
-16.7019,28.6466
-16.6850,28.6916
-16.6873,28.7149
-16.7230,28.6997
-16.7456,28.6995
-16.7617,28.7067
-16.7354,28.7638
-16.8099,28.7019
-18.5824,26.6135
-18.6114,26.5921
-16.8591,28.7216
-16.8901,28.7103
-16.8881,28.7391
-16.8621,28.7976
-16.9109,28.7641
-16.9761,28.7097
-17.0294,28.6694
-17.0453,28.6756
-17.0642,28.6779
-17.0709,28.6958
-16.9426,28.8871
-17.0813,28.7355
-17.0852,28.7574
-18.6526,26.7337
-18.6687,26.7271
-18.6304,26.7922
-18.6645,26.7615
-18.6387,26.8109
-17.1786,28.7967
-18.6590,26.8135
-17.1991,28.8241
-17.2094,28.8378
-17.2197,28.8515
-17.2301,28.8651
-17.1739,28.9723
-17.2569,28.8842
-18.6982,26.8663
-18.7112,26.8633
-18.6957,26.9012
-17.3220,28.9054
-18.6795,26.9569
-18.7069,26.9332
-18.6022,27.1039
-18.6243,27.0886
-18.6212,27.1106
-18.6292,27.1160
-17.4855,28.8656
-17.4825,28.8994
-17.4741,28.9416
-17.4254,29.0466
-17.5121,28.9424
-17.5337,28.9385
-17.5526,28.9388
-17.5742,28.9347
-17.5613,28.9855
-17.6066,28.9433
-17.5793,29.0179
-17.6520,28.9304
-17.6147,29.0221
-17.6337,29.0219
-17.6552,29.0174
-17.6910,28.9889
-17.7047,28.9971
-17.7145,29.0120
-17.5962,29.2457
-17.7446,29.0239
-17.7499,29.0466
-17.7762,29.0330
-17.7827,29.0539
-17.7730,29.1035
-17.7895,29.1071
-17.7274,29.2516
-17.8201,29.1184
-17.8366,29.1218
-17.8507,29.1295
-17.8696,29.1285
-17.8970,29.1115
-17.9097,29.1217
-17.9261,29.1248
-17.9184,29.1737
-17.9405,29.1662
-17.9539,29.1754
-17.9704,29.1783
-17.9870,29.1812
-18.0036,29.1841
-18.0188,29.1895
-18.0344,29.1940
-18.0585,29.1815
-18.0816,29.1706
-18.0915,29.1866
-18.1071,29.1910
-18.0920,29.2590
-18.1259,29.2254
-18.0712,29.3781
-18.1697,29.2074
-18.2030,29.1735
-18.2215,29.1710
-18.2337,29.1821
-18.2356,29.2159
-18.2294,29.2680
-18.2045,29.3625
-18.2788,29.2354
-18.3013,29.2236
-18.3468,29.1589
-18.3313,29.2337
-18.3497,29.2308
-18.3641,29.2370
-18.3361,29.3435
-18.3911,29.2538
-18.3884,29.3013
-18.3957,29.3251
-18.4196,29.3088
-18.4437,29.2917
-18.4899,29.2190
-18.4479,29.3663
-18.5041,29.2676
-18.5150,29.2826
-18.5278,29.2929
-18.5335,29.3218
-18.5535,29.3135
-18.5717,29.3098
-18.5882,29.3106
-18.5196,29.5402
-18.6193,29.3169
-18.6340,29.3223
-18.6487,29.3276
-18.6651,29.3282
-18.6798,29.3335
-18.6979,29.3293
-18.6703,29.4562
-18.7387,29.3065
-18.7405,29.3493
-18.7235,29.4487
-18.7419,29.4436
-18.7912,29.3453
-18.8200,29.3076
-18.8362,29.3076
-18.7748,29.5491
-18.8625,29.3265
-18.8743,29.3407
-18.8698,29.4071
-18.8766,29.4382
-18.8678,29.5212
-18.8975,29.4781
-18.9307,29.4776
-18.9445,29.4869
-18.9693,29.4578
-18.9927,29.4334
-19.0104,29.4280
-19.0308,29.4131
-18.9625,29.7198
-19.0647,29.4069
-19.0641,29.4687
-19.0696,29.5091
-19.0798,29.5325
-19.1040,29.5026
-19.1409,29.4219
-19.1381,29.4959
-19.1999,29.3135
-19.1729,29.4864
-19.1869,29.4949
-19.1812,29.5858
-19.2415,29.4005
-19.2093,29.6057
-19.1953,29.7374
-19.1991,29.7946
-19.2505,29.6408
-19.2916,29.5295
-19.2963,29.5815
-19.3238,29.5290
-19.3366,29.5443
-19.3351,29.6284
-19.3293,29.7359
-19.3901,29.5174
-19.4045,29.5253
-19.4198,29.5284
-19.4389,29.5117
-19.4514,29.5294
-19.4612,29.5617
-19.4757,29.5695
-19.4864,29.5991
-19.5037,29.5920
-19.5226,29.5751
-19.5389,29.5729
-19.5535,29.5804
-19.5531,29.6793
-19.5695,29.6784
-19.5891,29.6569
-19.6102,29.6249
-19.6235,29.6421
-19.6422,29.6248
-19.6485,29.6906
-19.6578,29.7378
-19.6835,29.6710
-19.6878,29.7567
-19.7250,29.6013
-19.7308,29.6775
-19.7516,29.6400
-19.9563,28.1332
-19.9693,28.1197
-19.9815,28.1111
-19.7988,29.7809
-19.8162,29.7713
-20.0301,27.9757
-20.0408,27.9769
-20.0525,27.9681
-19.8808,29.7751
-20.0747,27.9603
-20.0873,27.9414
-20.0987,27.9324
-20.1155,27.8637
-20.1228,27.8994
-20.1279,27.9651
-20.1111,28.3098
-20.1373,28.1213
-20.1422,28.2069
-20.1535,28.2077
-20.1791,27.9990
-20.1889,28.0147
-20.2043,27.9405
-20.2151,27.9362
-20.2115,28.1913
-20.2386,27.8924
-20.2530,27.8131
-20.2627,27.8235
-20.2722,27.8390
-20.2805,27.8894
-20.2892,27.9347
-20.2961,28.0400
-20.3100,27.9455
-20.3204,27.9508
-20.3310,27.9511
-20.3416,27.9513
-20.3522,27.9515
-20.3627,27.9567
-20.3733,27.9619
-20.3836,27.9920
-20.3944,27.9721
-20.4051,27.9772
-20.4157,27.9822
-20.4264,27.9822
-20.4376,28.0872
-20.4482,28.0321
-20.4795,30.0016
-20.4699,28.0369
-20.4808,28.0367
-20.4916,28.0365
-20.5026,28.0413
-20.5134,28.0410
-20.5243,28.0407
-20.5391,28.1667
-20.5457,28.0301
-20.5565,28.0297
-20.5661,27.9993
-20.5732,27.9147
-20.5835,27.9108
-20.5954,27.9387
-20.6055,27.9296
-20.6167,27.9411
-20.6282,27.9569
-20.6388,27.9548
-20.6481,27.9343
-20.6577,27.9193
-20.6686,27.9243
-20.6787,27.9185
-20.6888,27.9128
-20.7017,27.9418
-20.7171,28.0000
-20.7257,27.9742
-20.7329,27.9334
-20.7375,27.8678
-20.7445,27.8320
-20.4586,24.7995
-20.7650,27.8300
-20.7752,27.8289
-20.7855,27.8279
-20.8074,27.9333
-20.8168,27.9222
-20.8273,27.9210
-20.8366,27.9099
-20.8399,27.8493
-20.4689,24.7984
-20.9274,28.3699
-20.9075,28.1259
-20.9166,28.1096
-20.9657,28.3850
-20.9790,28.3932
-21.2313,30.0683
-21.0064,28.4145
-21.0221,28.4375
-21.0379,28.4604
-21.0547,28.4882
-21.0669,28.4862
-21.0791,28.4843
-21.3731,30.1919
-21.1034,28.4803
-21.4359,30.3507
-21.4557,30.2559
-21.4786,30.2823
-21.5052,30.3283
-21.5096,30.2541
-21.5383,30.3096
-21.5611,30.3330
-21.5798,30.3345
-21.6419,30.5540
-21.6054,30.2784
-21.6421,30.3679
-21.6543,30.3375
-21.6803,30.3728
-21.7050,30.4007
-21.7442,30.4945
-21.7392,30.3856
-21.7550,30.3719
-21.7673,30.3435
-21.8114,30.4538
-21.8391,30.4909
-21.8464,30.4405
-21.8598,30.4168
-21.8922,30.3934
-21.5339,28.8804
-21.9402,30.4330
-22.0227,30.6803
-21.5690,28.8509
-21.5810,28.8426
-21.5904,28.8246
-21.6062,28.8307
-21.6706,29.0153
-21.6831,29.0067
-21.6432,28.8103
-21.6481,28.7772
-21.6571,28.7591
-21.6550,28.7030
-21.6623,28.6801
-21.6708,28.6620
-21.6807,28.6486
-21.6861,28.6209
-21.7815,28.8891
-21.7055,28.5941
-21.7091,28.5616
-21.7230,28.5625
-21.7294,28.5395
-21.7234,28.4784
-21.7356,28.4745
-21.7477,28.4705
-21.7552,28.4523
-21.7641,28.4388
-21.8129,28.5437
-21.7849,28.4212
-21.7921,28.4029
-21.8024,28.3941
-21.8126,28.3852
-21.8479,28.4470
-21.8869,28.5180
-21.8992,28.5136
-21.9148,28.5183
-21.8978,28.4343
-21.9029,28.4111
-21.9149,28.4066
-21.9251,28.3974
-21.9477,28.4209
-21.9669,28.4350
-22.0042,28.4956
-22.0019,28.4536
-22.0158,28.4535
-22.0279,28.4487
-22.0419,28.4485
-22.0558,28.4482
-22.0698,28.4479
-22.2421,28.8311
-22.0939,28.4380
-22.1079,28.4375
-22.1200,28.4325
-22.1339,28.4319
-22.1460,28.4268
-22.1640,28.4354
-22.1940,28.4713
-22.1961,28.4431
-22.2203,28.4652
-22.2366,28.4689
-22.2487,28.4634
-22.2629,28.4625
-22.4089,28.7145
-22.4346,28.7025
-22.4475,28.6965
-23.5075,30.8841
-23.5377,30.8974
-23.5681,30.9104
-23.5963,30.9189
-23.6441,30.9176
-23.6747,30.9303
-23.7032,30.9383
-23.7318,30.9463
-23.7627,30.9585
-23.7915,30.9662
-23.8423,30.9680
-23.8712,30.9754
-23.9025,30.9871
-23.9316,30.9942
-23.9632,31.0057
-23.9948,31.0170
-24.0265,31.0281
-24.0782,31.0282
-24.1102,31.0390
-24.1422,31.0497
-24.1744,31.0603
-24.2066,31.0707
-24.2390,31.0809
-24.2936,31.0833
-24.3262,31.0932
-24.3592,31.1035
-24.3920,31.1131
-24.4274,31.1269
-24.4604,31.1362
-24.4984,31.1536
-24.5162,31.1375
-24.5494,31.1464
-24.5853,31.1595
-24.6187,31.1682
-24.6548,31.1810
-24.6910,31.1936
-24.7274,31.2060
-24.7842,31.2053
-24.8208,31.2173
-24.8576,31.2292
-24.8944,31.2409
-24.9313,31.2525
-24.9712,31.2680
-25.0289,31.2654
-25.0662,31.2764
-25.1065,31.2913
-25.1440,31.3019
-25.1845,31.3165
-25.2223,31.3268
-25.2837,31.3264
-25.3246,31.3403
-25.3657,31.3540
-25.4068,31.3676
-25.4481,31.3809
-25.4895,31.3941
-25.5343,31.4115
-25.5520,31.3917
-25.5937,31.4044
-25.6355,31.4168
-25.6804,31.4331
-25.7225,31.4452
-25.7677,31.4611
-25.8131,31.4768
-25.8797,31.4759
-25.9254,31.4910
-25.9712,31.5059
-26.0172,31.5206
-26.0664,31.5390
-26.1033,31.5416
-26.1742,31.5423
-26.2238,31.5599
-26.2634,31.5211
-26.2815,31.4997
-26.3219,31.5051
-26.3792,31.5304
-26.3868,31.4963
-26.4403,31.5164
-26.4949,31.5374
-26.5413,31.5484
-26.5921,31.5640
-26.6233,31.5568
-26.8247,28.8607
-26.8334,28.8383
-26.8466,28.8191
-26.8557,28.7970
-26.8646,28.7748
-26.8777,28.7555
-26.8906,28.7361
-26.9082,28.7197
-26.9122,28.6945
-26.9250,28.6750
-26.9378,28.6554
-26.9463,28.6332
-28.5367,29.5233
-28.5223,29.4804
-28.5404,29.4579
-27.5653,28.8231
-27.5784,28.8017
-28.5939,29.3898
-27.6303,28.7447
-27.6775,28.7435
-28.6689,29.2675
-28.6605,29.2293
-28.6792,29.2071
-28.7078,29.1575
-28.7306,29.1375
-28.7404,29.1101
-28.7544,29.0851
-28.7684,29.0601
-28.7823,29.0350
-28.7961,29.0099
-28.8235,28.9596
-28.8371,28.9344
-28.8506,28.9091
-28.8640,28.8838
-28.8818,28.8608
-28.8951,28.8354
-28.9214,28.7845
-28.9389,28.7612
-28.9519,28.7356
-28.9648,28.7100
-28.9776,28.6844
-28.9904,28.6587
-29.0157,28.6072
-29.0252,28.5799
-29.0421,28.5563
-29.0575,28.5318
-29.0743,28.5080
-29.1016,28.4891
-29.1229,28.4673
-29.1515,28.4171
-29.1726,28.3950
-29.1890,28.3708
-29.2054,28.3465
-29.2217,28.3222
-29.2496,28.2713
-29.2725,28.2183
-29.2885,28.1936
-29.3044,28.1690
-29.3202,28.1442
-29.3359,28.1194
-29.3516,28.0946
-29.3781,28.0428
-29.3936,28.0178
-29.4090,27.9927
-29.4243,27.9676
-29.4396,27.9423
-29.4548,27.9171
-29.4803,27.8646
-29.4999,27.8409
-29.5148,27.8154
-29.5297,27.7899
-29.5444,27.7642
-29.5591,27.7386
-29.5836,27.6854
-29.5981,27.6595
-29.6172,27.6353
-29.6315,27.6093
-29.6458,27.5833
-29.6600,27.5572
-29.6788,27.5327
-29.7021,27.4786
-29.7207,27.4539
-29.7345,27.4275
-29.7530,27.4026
-29.7667,27.3761
-29.7851,27.3510
-29.8073,27.2963
-29.8254,27.2710
-29.8387,27.2442
-29.8567,27.2188
-29.8699,27.1919
-29.8878,27.1663
-29.9056,27.1407
-29.9266,27.0851
-29.9441,27.0592
-29.9568,27.0319
-29.9743,27.0059
-29.9917,26.9799
-30.0090,26.9537
-30.0288,26.8974
-30.0459,26.8710
-30.0581,26.8433
-30.0750,26.8168
-30.0870,26.7890
-30.1038,26.7624
-30.1274,26.7065
-30.1440,26.6797
-30.1604,26.6527
-29.1732,25.6386
-29.1125,25.6036
-29.0516,25.5690
-28.9758,25.5328
-28.9130,25.4728
-28.8467,25.4389
-28.8299,25.4113
-28.8477,25.3878
-28.8605,25.3636
-28.8782,25.3399
-28.8935,25.2902
-28.9110,25.2662
-28.9284,25.2422
-28.9407,25.2176
-28.9580,25.1934
-28.9454,25.1665
-28.9480,25.1410
-28.9696,25.1170
-20.6232,14.4398
-20.5925,14.4842
-20.5620,14.5287
-20.5317,14.5884
-20.5017,14.6481
-20.4429,14.7127
-20.4139,14.7727
-20.3852,14.8428
-20.3567,14.8729
-20.3285,14.9197
-20.3004,14.9535
-20.2724,14.9803
-20.2449,15.0208
-20.2185,15.1062
-20.1913,15.1355
-20.1652,15.2012
-20.1390,15.2470
-20.0586,15.3049
-20.0336,15.3609

# FrameTime=1781596604.39, PointCount=680
-17.3540,26.6975
-15.3813,28.1873
-17.3158,26.7550
-17.3387,26.7522
-17.4531,26.6797
-17.3290,26.7889
-17.4351,26.7219
-15.4933,28.2438
-15.4970,28.2647
-15.5065,28.2810
-17.4708,26.7513
-17.5248,26.7228
-15.5396,28.3266
-17.6399,26.6586
-17.6893,26.6323
-15.6195,28.3341
-15.6370,28.3437
-17.6824,26.6791
-17.6661,26.7065
-17.6346,26.7468
-17.6914,26.7133
-17.6792,26.7376
-17.6671,26.7621
-15.7964,28.3784
-17.7986,26.6774
-17.9528,26.5576
-17.9517,26.5715
-17.9844,26.5558
-17.9421,26.6062
-17.8216,26.7264
-15.9253,28.4347
-17.8169,26.7587
-15.9754,28.4382
-15.9922,28.4715
-16.0027,28.4864
-16.0076,28.5064
-16.0910,28.4534
-17.8776,26.8026
-17.8666,26.8274
-17.8920,26.8179
-17.9028,26.8220
-17.9173,26.8226
-18.0180,26.7398
-16.2483,28.4738
-16.2212,28.5247
-17.9534,26.8455
-16.2639,28.5568
-16.2834,28.5622
-16.2924,28.5781
-18.0674,26.8039
-16.2839,28.6370
-18.2108,26.6856
-18.1863,26.7245
-17.9921,26.9401
-17.9859,26.9618
-16.4880,28.5511
-16.5252,28.5367
-16.5334,28.5529
-16.5390,28.5718
-16.5034,28.6352
-16.5640,28.5950
-16.5766,28.6066
-16.5925,28.6144
-16.6051,28.6259
-16.6544,28.5966
-16.6512,28.6255
-16.6705,28.6293
-16.6991,28.6480
-16.6855,28.6892
-16.6943,28.7051
-16.7300,28.6899
-16.7461,28.6971
-16.7557,28.7119
-16.7391,28.7577
-16.8072,28.7034
-18.5701,26.6265
-18.6119,26.5898
-16.8627,28.7155
-16.8842,28.7157
-16.8886,28.7368
-16.8626,28.7953
-16.9114,28.7618
-16.9766,28.7074
-17.0330,28.6632
-17.0489,28.6694
-17.0647,28.6756
-17.0744,28.6896
-16.9687,28.8518
-17.0788,28.7372
-17.0827,28.7590
-18.6713,26.7076
-18.6661,26.7287
-18.6550,26.7579
-18.6500,26.7792
-18.6392,26.8086
-18.6536,26.8192
-17.1996,28.8218
-17.2099,28.8355
-17.2202,28.8492
-17.2335,28.8587
-18.6288,26.9309
-17.1851,28.9838
-18.7015,26.8599
-18.7089,26.8651
-18.6934,26.9030
-18.6667,26.9576
-17.3360,28.9124
-18.6595,27.0011
-18.5971,27.1098
-18.6192,27.0945
-18.6244,27.1041
-18.6297,27.1136
-17.4832,28.8675
-17.4829,28.8971
-17.4746,28.9393
-17.4259,29.0443
-17.5126,28.9401
-17.5342,28.9362
-17.5531,28.9364
-17.5773,28.9282
-17.5592,28.9873
-17.5992,28.9536
-17.6416,28.9155
-17.5509,29.0936
-17.6178,29.0155
-17.6368,29.0153
-17.6583,29.0108
-17.6890,28.9909
-17.7052,28.9948
-17.7099,29.0183
-17.6068,29.2262
-17.7426,29.0259
-17.7529,29.0400
-17.7767,29.0307
-17.7881,29.0429
-17.7750,29.0985
-17.7900,29.1047
-17.7668,29.1794
-17.8206,29.1161
-17.8371,29.1195
-17.8536,29.1228
-17.8725,29.1217
-17.8951,29.1136
-17.9125,29.1149
-17.9243,29.1268
-17.8912,29.2241
-17.9424,29.1612
-17.9590,29.1642
-17.9778,29.1627
-17.9898,29.1745
-18.0040,29.1817
-18.0193,29.1872
-17.9949,29.2717
-18.0612,29.1747
-18.0799,29.1728
-18.0920,29.1843
-18.1098,29.1842
-18.0968,29.2476
-18.1264,29.2231
-18.1145,29.2854
-18.1702,29.2051
-18.2014,29.1757
-18.2220,29.1687
-18.2238,29.2025
-18.2340,29.2182
-18.2278,29.2702
-18.2070,29.3556
-18.2813,29.2285
-18.3018,29.2212
-18.3473,29.1566
-18.3298,29.2359
-18.3522,29.2239
-18.3646,29.2346
-18.3371,29.3399
-18.3916,29.2515
-18.3908,29.2943
-18.3962,29.3228
-18.4145,29.3203
-18.4479,29.2801
-18.4941,29.2075
-18.4901,29.2595
-18.4333,29.4456
-18.5155,29.2803
-18.5229,29.3045
-18.5340,29.3195
-18.5540,29.3112
-18.5705,29.3121
-18.5887,29.3083
-18.5184,29.5425
-18.6180,29.3192
-18.6345,29.3199
-18.6492,29.3253
-18.6656,29.3259
-18.6803,29.3311
-18.6984,29.3269
-18.6757,29.4397
-18.7392,29.3042
-18.7362,29.3611
-18.7240,29.4464
-18.7408,29.4461
-18.7902,29.3477
-18.8205,29.3052
-18.8367,29.3053
-18.7753,29.5468
-18.8615,29.3290
-18.8748,29.3384
-18.8703,29.4048
-18.8757,29.4407
-18.8849,29.4644
-18.8966,29.4806
-18.8349,29.7431
-18.9298,29.4801
-18.9450,29.4845
-18.9698,29.4554
-18.9918,29.4358
-19.0123,29.4209
-19.0299,29.4155
-18.9789,29.6596
-19.0652,29.4046
-19.0646,29.4663
-19.0676,29.5164
-19.0791,29.5350
-19.1057,29.4955
-19.1389,29.4292
-19.1881,29.2978
-19.0531,29.9013
-19.1769,29.4695
-19.1874,29.4926
-19.1794,29.5932
-19.2408,29.4030
-19.2172,29.5714
-19.1980,29.7253
-19.1829,29.8655
-19.3105,29.3731
-19.2932,29.5223
-19.2968,29.5792
-19.3232,29.5316
-19.3303,29.5740
-19.3376,29.6163
-19.3753,29.5119
-19.3586,29.6736
-19.4050,29.5230
-19.4203,29.5261
-19.4384,29.5143
-19.4500,29.5369
-19.4617,29.5594
-19.4771,29.5623
-19.4462,29.8222
-19.5041,29.5897
-19.5222,29.5777
-19.5386,29.5755
-19.5450,29.6321
-19.5553,29.6671
-19.5715,29.6668
-19.5716,29.7675
-19.6030,29.6718
-19.6218,29.6546
-19.6338,29.6816
-19.6475,29.6981
-19.6591,29.7301
-19.6840,29.6687
-19.6883,29.7544
-19.7255,29.5990
-19.7306,29.6801
-19.7515,29.6426
-19.7684,29.6347
-19.9698,28.1173
-19.9826,28.1038
-19.8001,29.7721
-19.7936,29.9738
-20.0295,27.9834
-20.0413,27.9746
-20.0530,27.9658
-20.0651,27.9519
-19.9044,29.7029
-20.0878,27.9391
-20.0997,27.9251
-20.1160,27.8613
-20.1237,27.8921
-20.1288,27.9578
-20.1275,28.1081
-20.1263,28.2685
-20.1423,28.2096
-20.1632,28.0763
-20.1792,28.0017
-20.1894,28.0124
-20.2048,27.9382
-20.2153,27.9388
-20.2106,28.2140
-20.2386,27.9001
-20.2532,27.8157
-20.2632,27.8212
-20.2721,27.8516
-20.2808,27.8920
-20.2897,27.9324
-20.2999,27.9428
-20.3076,28.0331
-20.3208,27.9534
-20.3315,27.9487
-20.3421,27.9490
-20.3527,27.9492
-20.3633,27.9494
-20.3737,27.9596
-20.3841,27.9897
-20.3949,27.9748
-20.4055,27.9799
-20.4162,28.0099
-20.4269,27.9799
-20.4381,28.0904
-20.4488,28.0498
-20.4798,29.9843
-20.4705,28.0396
-20.4813,28.0344
-20.4920,28.0292
-20.5030,28.0340
-20.5138,28.0337
-20.5248,28.0384
-20.5357,28.0381
-20.5469,28.0477
-20.5574,28.0373
-20.5668,28.0020
-20.5737,27.9124
-20.5838,27.9035
-20.5957,27.9314
-20.6060,27.9273
-20.6169,27.9339
-20.6287,27.9531
-20.6430,28.0131
-20.6489,27.9369
-20.6582,27.9169
-20.6694,27.9269
-20.6792,27.9162
-20.6897,27.9154
-20.7014,27.9295
-20.7172,27.9927
-20.7271,27.9819
-20.7343,27.9411
-20.7389,27.8754
-20.7450,27.8297
-20.7553,27.8287
-20.7772,27.9442
-20.7752,27.8216
-20.7865,27.8305
-20.8079,27.9309
-20.8179,27.9248
-20.8278,27.9187
-20.8377,27.9125
-20.8404,27.8469
-20.4694,24.7960
-20.9146,28.2634
-20.9080,28.1236
-20.9165,28.1023
-20.9648,28.3727
-20.9802,28.3959
-20.9978,28.4338
-21.0069,28.4122
-21.0219,28.4302
-21.0369,28.4482
-21.0505,28.4562
-21.0666,28.4790
-21.0780,28.4721
-21.3720,30.1797
-21.3909,30.1867
-21.4318,30.3215
-21.4571,30.2585
-21.4782,30.2751
-21.5007,30.2992
-21.5111,30.2566
-21.5379,30.3024
-21.5607,30.3258
-21.5803,30.3322
-21.6069,30.2810
-21.6385,30.3460
-21.6558,30.3400
-21.6798,30.3656
-21.7065,30.4032
-21.7314,30.4311
-21.7544,30.3647
-21.7645,30.3266
-21.8113,30.4490
-21.8362,30.4740
-21.8492,30.4479
-21.8615,30.4193
-21.8921,30.3887
-21.9203,30.4255
-21.5478,28.8748
-21.5587,28.8617
-22.1414,31.0571
-21.5815,28.8403
-21.5909,28.8223
-21.5990,28.7994
-21.6121,28.7959
-21.6239,28.7875
-21.6424,28.8031
-21.6500,28.7797
-21.6548,28.7472
-21.6624,28.7247
-21.6683,28.6970
-21.6727,28.6644
-21.6812,28.6463
-21.6866,28.6186
-21.6934,28.5956
-21.7452,28.7195
-21.7096,28.5593
-21.7235,28.5601
-21.7359,28.5562
-21.7239,28.4761
-21.7361,28.4722
-21.7482,28.4682
-21.7635,28.4737
-21.7662,28.4412
-21.7734,28.4230
-21.8338,28.5608
-21.7942,28.4053
-21.8029,28.3917
-21.8115,28.3781
-21.8501,28.4494
-21.8874,28.5157
-21.9014,28.5160
-21.9154,28.5162
-21.9018,28.4413
-21.9017,28.4041
-21.9136,28.3996
-21.9238,28.3904
-21.9411,28.3999
-21.9656,28.4280
-21.9903,28.4560
-22.0188,28.4931
-22.0181,28.4558
-22.0303,28.4510
-22.0442,28.4508
-22.0563,28.4459
-22.0703,28.4456
-22.0843,28.4453
-22.1286,28.5177
-22.1084,28.4352
-22.1224,28.4347
-22.1344,28.4296
-22.1484,28.4291
-22.1645,28.4330
-22.1845,28.4461
-22.2067,28.4637
-22.2168,28.4537
-22.2391,28.4711
-22.2492,28.4611
-22.2634,28.4602
-22.2734,28.4501
-22.4073,28.7076
-23.4428,30.8946
-22.4330,28.6957
-22.4501,28.6986
-23.5080,30.8818
-23.5382,30.8950
-23.5664,30.9036
-23.5968,30.9166
-23.6290,30.9329
-23.6446,30.9153
-23.6730,30.9235
-23.7015,30.9315
-23.7323,30.9439
-23.7610,30.9518
-23.7920,30.9639
-23.8208,30.9715
-23.8717,30.9731
-23.9007,30.9804
-23.9321,30.9919
-23.9636,31.0033
-23.9953,31.0146
-24.0270,31.0258
-24.0787,31.0259
-24.1106,31.0367
-24.1403,31.0430
-24.1724,31.0536
-24.2046,31.0640
-24.2370,31.0743
-24.2741,31.0925
-24.2894,31.0729
-24.3245,31.0871
-24.3571,31.0969
-24.3899,31.1065
-24.4253,31.1203
-24.4583,31.1296
-24.4939,31.1431
-24.5472,31.1399
-24.5831,31.1529
-24.6192,31.1659
-24.6553,31.1786
-24.6915,31.1913
-24.7279,31.2037
-24.7820,31.1988
-24.8186,31.2108
-24.8553,31.2227
-24.8922,31.2344
-24.9318,31.2501
-24.9689,31.2615
-25.0088,31.2769
-25.0266,31.2590
-25.0639,31.2699
-25.1041,31.2849
-25.1417,31.2955
-25.1821,31.3101
-25.2199,31.3203
-25.2606,31.3346
-25.3222,31.3339
-25.3633,31.3476
-25.4044,31.3612
-25.4457,31.3745
-25.4871,31.3877
-25.5315,31.4047
-25.5942,31.4020
-25.6360,31.4145
-25.6809,31.4308
-25.7230,31.4429
-25.7682,31.4588
-25.8105,31.4705
-25.8560,31.4860
-25.9228,31.4847
-25.9687,31.4997
-26.0146,31.5144
-26.0607,31.5289
-26.1038,31.5392
-26.1533,31.5572
-26.2212,31.5537
-26.2671,31.5226
-26.2820,31.4974
-26.3192,31.4989
-26.3661,31.5118
-26.4376,31.5103
-26.4880,31.5264
-26.5386,31.5423
-26.5893,31.5579
-26.6271,31.5582
-26.8118,28.8776
-26.8339,28.8360
-26.8471,28.8167
-26.8603,28.7974
-26.8693,28.7753
-26.8781,28.7532
-26.8911,28.7338
-26.9127,28.6921
-26.9297,28.6754
-26.9425,28.6558
-26.9509,28.6335
-26.9682,28.6169
-28.5092,29.5373
-28.5271,29.4808
-28.5281,29.4477
-27.5615,28.8182
-27.5747,28.7967
-28.5987,29.3901
-27.6136,28.7615
-27.6653,28.7336
-28.6694,29.2652
-28.6696,29.2320
-28.6840,29.2073
-28.6984,29.1825
-28.7227,29.1634
-28.7268,29.1327
-28.7409,29.1078
-28.7549,29.0828
-28.7645,29.0554
-28.7784,29.0303
-28.7922,29.0052
-28.8161,28.9856
-28.8196,28.9549
-28.8332,28.9297
-28.8467,28.9044
-28.8645,28.8815
-28.8779,28.8561
-28.8956,28.8331
-28.9146,28.8107
-28.9219,28.7821
-28.9394,28.7589
-28.9524,28.7333
-28.9653,28.7077
-28.9781,28.6821
-28.9879,28.6549
-28.9961,28.6269
-29.0086,28.6012
-29.0287,28.5791
-29.0381,28.5518
-29.0580,28.5295
-29.0703,28.5036
-29.0916,28.4819
-29.1234,28.4650
-29.1400,28.4409
-29.1685,28.3906
-29.1850,28.3664
-29.2013,28.3421
-29.2177,28.3178
-29.2339,28.2934
-29.2501,28.2690
-29.2616,28.2425
-29.2890,28.1913
-29.3049,28.1666
-29.3207,28.1419
-29.3364,28.1171
-29.3521,28.0923
-29.3677,28.0673
-29.3941,28.0155
-29.4095,27.9904
-29.4248,27.9652
-29.4401,27.9400
-29.4553,27.9148
-29.4704,27.8894
-29.4958,27.8368
-29.5107,27.8114
-29.5302,27.7875
-29.5449,27.7619
-29.5596,27.7362
-29.5743,27.7105
-29.5888,27.6847
-29.6130,27.6313
-29.6273,27.6054
-29.6463,27.5810
-29.6604,27.5549
-29.6793,27.5304
-29.6933,27.5041
-29.7212,27.4516
-29.7350,27.4252
-29.7535,27.4003
-29.7672,27.3738
-29.7856,27.3487
-29.7991,27.3221
-29.8211,27.2672
-29.8392,27.2419
-29.8524,27.2151
-29.8704,27.1896
-29.8835,27.1626
-29.9013,27.1370
-29.9270,27.0827
-29.9446,27.0569
-29.9622,27.0309
-29.9796,27.0049
-29.9970,26.9788
-30.0095,26.9514
-30.0342,26.8963
-30.0464,26.8687
-30.0634,26.8422
-30.0804,26.8157
-30.0924,26.7879
-30.1092,26.7612
-30.1210,26.7333
-30.1445,26.6774
-30.1609,26.6504
-29.1786,25.6370
-29.1228,25.6026
-29.0571,25.5673
-28.9912,25.5324
-28.9553,25.5017
-28.9234,25.4717
-28.8571,25.4378
-28.8254,25.4084
-28.8432,25.3849
-28.8560,25.3607
-28.8737,25.3371
-28.8913,25.3133
-28.9115,25.2639
-28.9243,25.2395
-28.9466,25.2158
-28.9585,25.1911
-28.9608,25.1655
-20.6240,14.4225
-20.5931,14.4769
-20.5625,14.5314
-20.5321,14.5910
-20.5022,14.6457
-20.4434,14.7104
-20.4144,14.7704
-20.3857,14.8404
-20.3571,14.8706
-20.3289,14.9124
-20.3010,14.9626
-20.2453,15.0134
-20.2184,15.0739
-20.1918,15.1332
-20.1657,15.1989
-20.1395,15.2447
-20.1136,15.2955
-20.0597,15.3175

# FrameTime=1781596604.49, PointCount=686
-17.3416,26.7074
-17.3285,26.7316
-17.3194,26.7529
-15.4196,28.2063
-17.4647,26.6714
-15.4820,28.2059
-17.4150,26.7380
-15.4890,28.2477
-15.4966,28.2655
-17.4556,26.7495
-15.5335,28.2842
-15.5275,28.3128
-15.5431,28.3244
-17.6862,26.6218
-17.6851,26.6363
-17.6143,26.7077
-17.6289,26.7098
-17.6435,26.7118
-15.7410,28.3062
-17.6266,26.7541
-17.6795,26.7238
-17.6674,26.7482
-17.6478,26.7791
-17.7802,26.6801
-17.9119,26.5804
-15.8274,28.4004
-17.9400,26.5822
-17.9991,26.5435
-17.9680,26.5839
-17.8699,26.6842
-17.8245,26.7384
-17.8649,26.7161
-15.9750,28.4391
-15.9760,28.4625
-15.9882,28.4758
-17.8887,26.7644
-17.8775,26.7891
-17.8445,26.8343
-16.1149,28.4802
-17.9134,26.7981
-17.8989,26.8263
-17.9349,26.8062
-17.9853,26.7719
-16.2336,28.4886
-17.9637,26.8215
-16.2210,28.5502
-16.2619,28.5346
-16.2636,28.5577
-16.2956,28.5755
-18.0038,26.8689
-18.2072,26.6762
-18.1826,26.7151
-16.4195,28.5486
-18.0577,26.8725
-17.9821,26.9663
-18.0621,26.8975
-18.1177,26.8537
-16.5365,28.5501
-16.5353,28.5763
-16.5512,28.5843
-16.5637,28.5959
-16.5500,28.6360
-16.5955,28.6116
-16.5947,28.6378
-16.6474,28.6049
-16.6567,28.6199
-16.6635,28.6377
-16.6828,28.6414
-16.6889,28.6601
-16.6516,28.7285
-16.6940,28.7060
-16.7232,28.6983
-16.7490,28.6942
-16.7554,28.7128
-16.7908,28.6972
-16.7940,28.7195
-18.5762,26.6197
-18.6052,26.5983
-16.8560,28.7240
-16.8721,28.7309
-16.9031,28.7195
-16.9012,28.7482
-16.9321,28.7366
-16.8604,28.8525
-17.0234,28.6757
-17.0454,28.6742
-17.0644,28.6765
-17.0710,28.6944
-17.0777,28.7123
-17.0754,28.7420
-17.0153,28.8470
-17.0833,28.7857
-18.6597,26.7376
-18.6727,26.7349
-18.6497,26.7801
-18.6359,26.8134
-18.6401,26.8228
-18.6266,26.8563
-17.2022,28.8187
-17.2095,28.8364
-17.2170,28.8541
-18.6618,26.8696
-18.6750,26.8667
-17.2599,28.8787
-18.7012,26.8608
-18.7114,26.8618
-18.6959,26.8998
-18.6749,26.9461
-18.7080,26.9142
-18.5944,27.0969
-17.3972,28.8806
-18.6300,27.0788
-18.6185,27.1133
-18.6211,27.1270
-17.4911,28.8558
-17.4853,28.8938
-17.4961,28.9067
-17.5014,28.9280
-17.5150,28.9368
-17.5215,28.9565
-17.5421,28.9541
-17.5664,28.9459
-17.5668,28.9756
-17.5804,28.9841
-17.5794,29.0164
-17.6011,29.0122
-17.6201,29.0121
-17.5735,29.1201
-17.6502,29.0245
-17.6835,29.0003
-17.7075,28.9913
-17.7060,29.0252
-17.7360,29.0058
-17.7387,29.0328
-17.6429,29.2309
-17.7739,29.0359
-17.7877,29.0438
-17.7747,29.0994
-17.7897,29.1056
-17.8013,29.1178
-17.8154,29.1257
-17.8047,29.1786
-17.8389,29.1500
-17.8674,29.1314
-17.8924,29.1188
-17.9098,29.1202
-17.9263,29.1233
-17.9311,29.1484
-17.9407,29.1647
-17.9540,29.1739
-17.9729,29.1724
-17.9872,29.1798
-18.0015,29.1870
-18.0189,29.1880
-18.0422,29.1774
-18.0653,29.1666
-18.0611,29.2113
-18.0961,29.1762
-18.1029,29.1985
-18.1000,29.2413
-18.1175,29.2419
-18.1512,29.2082
-18.1847,29.1744
-18.0800,29.4360
-18.2175,29.1786
-18.2318,29.1852
-18.2337,29.2190
-18.2254,29.2756
-18.2584,29.2412
-18.2891,29.2112
-18.2505,29.3377
-18.3450,29.1620
-18.3334,29.2276
-18.3498,29.2293
-18.3643,29.2355
-18.3729,29.2554
-18.3894,29.2569
-18.3793,29.3222
-18.3444,29.4484
-18.4125,29.3251
-18.4420,29.2948
-18.4957,29.2037
-18.4916,29.2557
-18.4933,29.2939
-18.5097,29.2950
-18.4052,29.6074
-18.5408,29.3018
-18.5555,29.3074
-18.5719,29.3083
-18.5883,29.3092
-18.6030,29.3147
-18.6177,29.3201
-18.5694,29.4983
-18.6472,29.3308
-18.6636,29.3314
-18.6767,29.3414
-18.6898,29.3513
-18.7259,29.2953
-18.7308,29.3286
-18.7007,29.4651
-18.7316,29.4236
-18.7421,29.4422
-18.7820,29.3722
-18.8201,29.3061
-18.8348,29.3109
-18.8480,29.3204
-18.8612,29.3298
-18.8148,29.5288
-18.8833,29.3629
-18.8776,29.4341
-18.8933,29.4366
-18.8862,29.5148
-18.9128,29.4812
-18.9280,29.4857
-18.8959,29.6526
-18.9681,29.4611
-18.9901,29.4415
-19.0119,29.4218
-19.0296,29.4164
-19.0473,29.4109
-19.0479,29.4679
-19.0412,29.5532
-19.0660,29.5221
-19.0813,29.5262
-19.1041,29.5012
-19.1287,29.4687
-19.1371,29.4993
-19.1687,29.4377
-19.1134,29.7266
-19.1859,29.4983
-19.1848,29.5698
-19.2290,29.4523
-19.2430,29.4607
-19.2037,29.7003
-19.2339,29.6406
-19.2851,29.4857
-19.1862,30.0055
-19.2997,29.5654
-19.3187,29.5520
-19.3388,29.5331
-19.3328,29.6387
-19.3720,29.5275
-19.3903,29.5159
-19.3663,29.7164
-19.4190,29.5318
-19.4362,29.5250
-19.4543,29.5132
-19.4632,29.5505
-19.4786,29.5533
-19.4905,29.5758
-19.4830,29.7078
-19.5210,29.5835
-19.5382,29.5763
-19.5562,29.5642
-19.5566,29.6581
-19.5696,29.6769
-19.5861,29.6751
-19.6042,29.6628
-19.5921,29.8475
-19.6327,29.6874
-19.6471,29.6996
-19.6609,29.7161
-19.6836,29.6696
-19.7103,29.5928
-19.7185,29.6492
-19.7154,29.7943
-19.7499,29.6534
-19.7699,29.6207
-19.9682,28.1281
-19.9817,28.1096
-19.8015,29.7581
-19.8186,29.7500
-20.0292,27.9842
-20.0404,27.9804
-20.0526,27.9666
-20.0643,27.9578
-20.0773,27.9339
-19.9218,29.6854
-20.0984,27.9359
-20.1156,27.8622
-20.1243,27.8830
-20.1305,27.9337
-20.1121,28.2984
-20.1275,28.2494
-20.1420,28.2104
-20.1526,28.2212
-20.1789,28.0025
-20.1868,28.0482
-20.2041,27.9441
-20.2147,27.9447
-20.2269,27.9153
-20.2416,27.8360
-20.2380,28.1162
-20.2633,27.8121
-20.2726,27.8325
-20.2806,27.8879
-20.2894,27.9333
-20.2996,27.9436
-20.3101,27.9440
-20.3184,28.0243
-20.3312,27.9496
-20.3419,27.9449
-20.3525,27.9451
-20.3630,27.9503
-20.3734,27.9604
-20.3839,27.9706
-20.3945,27.9856
-20.4052,27.9757
-20.4159,27.9708
-20.4266,28.0157
-20.4376,28.0507
-20.4486,28.0656
-20.4593,28.0405
-20.4701,28.0354
-20.5125,29.9647
-20.4917,28.0301
-20.5025,28.0298
-20.5135,28.0346
-20.5245,28.0393
-20.5356,28.0490
-20.5455,28.0186
-20.5576,28.0532
-20.5635,27.9287
-20.5734,27.9132
-20.5875,27.9919
-20.5953,27.9322
-20.6060,27.9332
-20.6161,27.9248
-20.6283,27.9539
-20.6377,27.9335
-20.6519,27.9890
-20.6582,27.9228
-20.6690,27.9271
-20.6792,27.9221
-20.6890,27.9113
-20.6999,27.9155
-20.7169,27.9936
-20.7269,27.9847
-20.7344,27.9469
-20.7399,27.8912
-20.7456,27.8405
-20.7540,27.8196
-20.7652,27.8285
-20.7870,27.9390
-20.4622,24.7977
-20.8008,27.8700
-20.8175,27.9257
-20.8275,27.9195
-20.8374,27.9134
-20.8430,27.8725
-20.8780,28.0679
-20.8555,27.8057
-20.9064,28.1146
-20.9526,28.3752
-20.9591,28.3340
-20.9777,28.3819
-20.9932,28.4049
-21.0088,28.4279
-21.2447,29.9240
-21.0366,28.4490
-21.0541,28.4818
-21.0670,28.4848
-21.0784,28.4779
-21.0922,28.4858
-21.3914,30.1924
-21.4230,30.2732
-21.4418,30.2772
-21.4576,30.2643
-21.4757,30.2639
-21.5071,30.3367
-21.5126,30.2673
-21.5338,30.2836
-21.5622,30.3365
-21.5800,30.3330
-21.5899,30.2903
-21.6322,30.3175
-21.6535,30.3311
-21.6743,30.3420
-21.7041,30.3943
-21.7327,30.4393
-21.7340,30.3598
-21.7731,30.4508
-21.7630,30.3226
-21.8043,30.4207
-21.8325,30.4603
-21.8477,30.4439
-21.8600,30.4153
-21.8732,30.3915
-21.9019,30.4308
-21.5462,28.8708
-21.5583,28.8625
-21.5704,28.8543
-22.0490,30.6256
-21.5932,28.8328
-21.6103,28.8438
-21.6832,29.0053
-21.6956,28.9966
-21.6550,28.7998
-21.6423,28.7052
-21.6855,28.8067
-21.6652,28.6882
-21.6710,28.6605
-21.6837,28.6567
-21.6791,28.5955
-21.7746,28.8643
-21.6997,28.5735
-21.7578,28.7164
-21.7216,28.5562
-21.7129,28.4856
-21.7480,28.5531
-21.7326,28.4635
-21.7479,28.4691
-21.7632,28.4746
-21.7690,28.4516
-21.7747,28.4286
-21.7787,28.4008
-21.8540,28.5811
-21.8025,28.3926
-21.8128,28.3837
-21.8497,28.4502
-21.8904,28.5259
-21.8993,28.5121
-21.8962,28.4654
-21.9049,28.4516
-21.9431,28.5174
-21.9133,28.4005
-21.9270,28.4006
-21.9389,28.3961
-21.9652,28.4289
-21.9917,28.4615
-22.0020,28.4521
-22.0270,28.4799
-22.0281,28.4472
-22.0420,28.4470
-22.0560,28.4468
-22.0699,28.4465
-22.0839,28.4461
-22.0979,28.4457
-22.1424,28.5180
-22.1240,28.4402
-22.1361,28.4351
-22.1501,28.4345
-22.1641,28.4339
-22.1842,28.4470
-22.2023,28.4554
-22.2185,28.4592
-22.2367,28.4674
-22.2509,28.4665
-22.2610,28.4565
-22.2731,28.4509
-23.4068,30.8694
-23.4346,30.8785
-22.4241,28.6784
-22.4519,28.7040
-23.5056,30.8782
-23.5357,30.8914
-23.5639,30.9000
-23.5942,30.9130
-23.6225,30.9213
-23.6570,30.9420
-23.6727,30.9244
-23.7011,30.9324
-23.7320,30.9448
-23.7606,30.9526
-23.7916,30.9648
-23.8205,30.9724
-23.8517,30.9843
-23.8848,30.9996
-23.9003,30.9812
-23.9294,30.9884
-23.9609,30.9998
-23.9902,31.0067
-24.0219,31.0179
-24.0537,31.0290
-24.0901,31.0479
-24.1055,31.0289
-24.1375,31.0396
-24.1696,31.0501
-24.2018,31.0605
-24.2342,31.0708
-24.2691,31.0853
-24.3038,31.0991
-24.3216,31.0836
-24.3543,31.0934
-24.3896,31.1074
-24.4224,31.1169
-24.4554,31.1262
-24.4910,31.1397
-24.5267,31.1531
-24.5802,31.1496
-24.6162,31.1625
-24.6523,31.1753
-24.6885,31.1879
-24.7249,31.2004
-24.7613,31.2127
-24.8005,31.2289
-24.8183,31.2117
-24.8550,31.2235
-24.8918,31.2353
-24.9288,31.2468
-24.9658,31.2582
-25.0030,31.2695
-25.0402,31.2805
-25.0982,31.2775
-25.1385,31.2922
-25.1790,31.3068
-25.2196,31.3212
-25.2603,31.3354
-25.3011,31.3495
-25.3629,31.3485
-25.4041,31.3621
-25.4424,31.3714
-25.4838,31.3845
-25.5253,31.3975
-25.5669,31.4104
-25.6327,31.4114
-25.6746,31.4237
-25.7196,31.4398
-25.7648,31.4557
-25.8072,31.4674
-25.8526,31.4829
-25.8952,31.4942
-25.9622,31.4927
-26.0081,31.5074
-26.0572,31.5258
-26.1035,31.5401
-26.1467,31.5503
-26.1963,31.5680
-26.2296,31.5217
-26.2541,31.5081
-26.2817,31.4982
-26.3132,31.4930
-26.3657,31.5127
-26.4159,31.5292
-26.4672,31.5465
-26.4877,31.5273
-26.5350,31.5394
-26.5867,31.5561
-26.6300,31.5629
-26.8244,28.8589
-26.8509,28.8204
-26.8558,28.7955
-26.8689,28.7762
-26.8778,28.7540
-26.8908,28.7346
-26.9037,28.7152
-26.9166,28.6957
-26.9340,28.6793
-26.9379,28.6540
-26.9506,28.6344
-26.9632,28.6148
-27.0563,28.6464
-27.2756,28.7574
-28.5284,29.5166
-27.6149,28.9120
-28.5108,29.4380
-27.5399,28.8059
-27.5829,28.8028
-28.6026,29.3935
-27.6090,28.7598
-27.6392,28.7485
-27.6605,28.7318
-28.6591,29.2601
-28.6693,29.2329
-28.6794,29.2056
-28.7023,29.1858
-28.7123,29.1585
-28.7406,29.1086
-28.7546,29.0837
-28.7642,29.0562
-28.7781,29.0312
-28.7919,29.0061
-28.8056,28.9810
-28.8328,28.9306
-28.8463,28.9053
-28.8642,28.8824
-28.8775,28.8570
-28.8952,28.8339
-28.9084,28.8085
-28.9319,28.7883
-28.9391,28.7598
-28.9521,28.7342
-28.9650,28.7086
-28.9778,28.6829
-28.9906,28.6572
-29.0002,28.6300
-29.0038,28.5999
-29.0423,28.5548
-29.0577,28.5304
-29.0700,28.5044
-29.0913,28.4827
-29.1185,28.4637
-29.1397,28.4418
-29.1682,28.3915
-29.1846,28.3673
-29.2010,28.3430
-29.2173,28.3187
-29.2290,28.2923
-29.2451,28.2678
-29.2567,28.2413
-29.2840,28.1902
-29.2999,28.1656
-29.3157,28.1408
-29.3315,28.1161
-29.3472,28.0912
-29.3628,28.0663
-29.3891,28.0145
-29.4045,27.9894
-29.4245,27.9661
-29.4398,27.9409
-29.4550,27.9156
-29.4701,27.8903
-29.5001,27.8395
-29.5150,27.8140
-29.5298,27.7884
-29.5446,27.7628
-29.5593,27.7371
-29.5739,27.7114
-29.5982,27.6581
-29.6126,27.6322
-29.6270,27.6062
-29.6459,27.5818
-29.6601,27.5558
-29.6742,27.5296
-29.7022,27.4772
-29.7161,27.4509
-29.7347,27.4261
-29.7484,27.3996
-29.7669,27.3746
-29.7852,27.3496
-29.8074,27.2948
-29.8256,27.2695
-29.8389,27.2428
-29.8569,27.2173
-29.8701,27.1904
-29.8879,27.1649
-29.9009,27.1378
-29.9267,27.0836
-29.9443,27.0577
-29.9618,27.0318
-29.9793,27.0058
-29.9918,26.9784
-30.0091,26.9522
-30.0338,26.8972
-30.0509,26.8708
-30.0631,26.8431
-30.0800,26.8166
-30.0969,26.7900
-30.1088,26.7621
-30.1324,26.7062
-30.1490,26.6794
-30.1655,26.6524
-29.1684,25.6365
-29.1176,25.6028
-29.0518,25.5675
-28.9859,25.5326
-28.9131,25.4713
-28.8469,25.4375
-28.8300,25.4099
-28.8479,25.3863
-28.8557,25.3616
-28.8734,25.3379
-28.8936,25.2887
-28.9111,25.2648
-28.9285,25.2408
-28.9413,25.2162
-28.9536,25.1915
-28.9555,25.1659
-28.9432,25.1391
-28.9648,25.1151
-20.6229,14.4583
-20.5925,14.4928
-20.5323,14.5469
-20.5022,14.6066
-20.4724,14.6714
-20.4430,14.7363
-20.4140,14.8063
-20.3854,14.8513
-20.3284,14.8917
-20.3005,14.9435
-20.2727,14.9889
-20.2454,15.0379
-20.2185,15.0984
-20.1918,15.1490
-20.1385,15.2255
-20.1113,15.2364

# FrameTime=1781596604.59, PointCount=684
-17.3324,26.7148
-17.3513,26.7150
-17.3103,26.7603
-17.3850,26.7183
-17.3681,26.7456
-17.3592,26.7669
-15.4883,28.2252
-15.4879,28.2491
-17.4190,26.7788
-17.4810,26.7443
-17.6641,26.6131
-17.7487,26.5588
-15.5478,28.3452
-17.6723,26.6472
-17.7022,26.6365
-15.6589,28.3508
-17.6453,26.7248
-17.6599,26.7267
-15.7441,28.3518
-17.6815,26.7367
-17.6884,26.7449
-17.7448,26.7108
-17.8501,26.6340
-17.9437,26.5664
-17.9878,26.5410
-17.9566,26.5812
-17.9706,26.5820
-17.9098,26.6491
-17.8084,26.7532
-17.8452,26.7343
-15.9776,28.4372
-15.9933,28.4471
-15.9944,28.4705
-16.0049,28.4853
-17.9022,26.7523
-17.8909,26.7769
-17.8542,26.8255
-17.8978,26.7989
-17.8723,26.8374
-17.9266,26.8001
-16.1273,28.5425
-17.9373,26.8185
-18.0125,26.7740
-16.2163,28.5551
-16.2571,28.5396
-16.2624,28.5591
-16.2819,28.5645
-16.2275,28.6443
-18.0132,26.8596
-18.1640,26.7205
-18.2023,26.6950
-18.1605,26.7520
-17.9629,26.9712
-16.4672,28.5488
-16.4976,28.5417
-16.5306,28.5317
-16.5353,28.5515
-16.5375,28.5741
-16.5534,28.5821
-16.5625,28.5973
-16.5784,28.6052
-16.5943,28.6130
-16.5876,28.6458
-16.6329,28.6211
-16.6522,28.6250
-16.6656,28.6354
-16.6816,28.6429
-16.6976,28.6503
-16.6610,28.7178
-16.6961,28.7036
-16.6987,28.7266
-16.7478,28.6957
-16.7606,28.7067
-16.7800,28.7100
-16.8089,28.7019
-16.7605,28.7858
-16.8324,28.7263
-16.7740,28.8231
-16.8773,28.7246
-16.9019,28.7209
-16.9000,28.7496
-16.9099,28.7641
-17.0000,28.6786
-17.0346,28.6616
-16.8890,28.8713
-17.0601,28.6818
-17.0729,28.6919
-17.0827,28.7058
-17.0803,28.7355
-17.0872,28.7534
-18.6091,26.7893
-18.6586,26.7390
-18.6776,26.7283
-18.6545,26.7735
-18.6377,26.8109
-18.6300,26.8363
-17.1878,28.8104
-18.6268,26.8712
-17.1976,28.8526
-17.0636,29.0662
-18.6489,26.8872
-18.6854,26.8519
-18.6840,26.8693
-18.7000,26.8622
-17.2980,28.8812
-18.7004,26.8930
-18.6908,26.9228
-18.7011,26.9239
-18.6298,27.0447
-18.6096,27.0914
-18.6093,27.1093
-17.4468,28.8645
-18.6144,27.1368
-17.3718,29.0361
-17.4951,28.8786
-17.4976,28.9040
-17.5029,28.9253
-17.5138,28.9382
-17.5273,28.9469
-17.5463,28.9472
-17.5210,29.0175
-17.5788,28.9559
-17.5687,29.0025
-17.5756,29.0221
-17.6406,28.9473
-17.6189,29.0135
-17.6352,29.0176
-17.6542,29.0174
-17.6568,29.0445
-17.7063,28.9928
-17.7073,29.0224
-17.7323,29.0115
-17.7335,29.0411
-17.7539,29.0380
-17.7826,29.0200
-17.6706,29.2489
-17.7808,29.0878
-17.7860,29.1114
-17.8025,29.1149
-17.8191,29.1184
-17.8332,29.1262
-17.8521,29.1251
-17.8274,29.2045
-17.8851,29.1317
-17.9100,29.1190
-17.9251,29.1247
-17.9323,29.1455
-17.9418,29.1618
-17.9552,29.1709
-17.8300,29.4490
-17.9860,29.1812
-17.9980,29.1929
-18.0146,29.1957
-18.0388,29.1833
-18.0619,29.1725
-18.0784,29.1751
-18.0795,29.2090
-18.0974,29.2089
-18.1096,29.2203
-18.1055,29.2659
-18.1457,29.2187
-18.1814,29.1803
-18.2020,29.1734
-18.2205,29.1710
-18.1340,29.3969
-18.2366,29.2114
-18.2469,29.2270
-18.2531,29.2517
-18.2859,29.2172
-18.3175,29.1846
-18.3258,29.2045
-18.2749,29.3612
-18.3467,29.2353
-18.3631,29.2369
-18.3717,29.2569
-18.3940,29.2446
-18.3781,29.3236
-18.3985,29.3159
-18.4018,29.3497
-18.4370,29.3055
-18.4870,29.2236
-18.4941,29.2479
-18.4957,29.2861
-18.5122,29.2872
-18.5268,29.2929
-18.5261,29.3384
-18.5560,29.3042
-18.5725,29.3051
-18.5871,29.3106
-18.6018,29.3161
-18.6182,29.3169
-18.6329,29.3222
-18.6477,29.3276
-18.6257,29.4355
-18.6788,29.3334
-18.6820,29.3715
-18.7230,29.3015
-18.7328,29.3207
-18.7250,29.3917
-18.7146,29.4717
-18.7377,29.4531
-18.7730,29.3973
-18.8174,29.3123
-18.8336,29.3123
-18.8468,29.3218
-18.8600,29.3313
-18.8702,29.3502
-18.8260,29.5446
-18.8837,29.4118
-18.8950,29.4285
-18.8778,29.5401
-18.9159,29.4683
-18.9269,29.4872
-18.9504,29.4629
-18.9524,29.5132
-18.9875,29.4477
-19.0094,29.4280
-19.0284,29.4178
-19.0487,29.4028
-19.0637,29.4069
-19.0528,29.5071
-19.0660,29.5187
-19.0770,29.5393
-19.1004,29.5123
-19.1337,29.4460
-19.1781,29.3339
-19.1783,29.3956
-19.1694,29.4960
-19.1729,29.5482
-19.1476,29.7213
-19.2152,29.5071
-19.2060,29.6154
-19.2092,29.6726
-19.2842,29.4157
-19.2938,29.4434
-19.2863,29.5489
-19.2369,29.8494
-19.3108,29.5848
-19.3381,29.5323
-19.3336,29.6304
-19.3628,29.5680
-19.3881,29.5223
-19.4034,29.5253
-19.4187,29.5284
-19.4233,29.5874
-19.4531,29.5147
-19.4620,29.5519
-19.4774,29.5547
-19.4919,29.5625
-19.5030,29.5898
-19.5224,29.5702
-19.5026,29.7789
-19.5550,29.5657
-19.5575,29.6469
-19.5685,29.6784
-19.5841,29.6815
-19.6038,29.6594
-19.6180,29.6716
-19.6235,29.7426
-19.6481,29.6862
-19.6625,29.6978
-19.6825,29.6710
-19.7091,29.5943
-19.7193,29.6359
-19.7310,29.6676
-19.7329,29.7780
-19.7687,29.6222
-19.9664,28.1345
-19.9799,28.1160
-20.0049,27.9981
-19.8180,29.7465
-20.0274,27.9906
-20.0397,27.9769
-20.0520,27.9631
-20.0636,27.9542
-20.0757,27.9404
-20.0853,27.9513
-20.1014,27.8926
-20.0746,28.3118
-20.1235,27.8795
-20.1298,27.9302
-20.1327,28.0257
-20.1286,28.2210
-20.1400,28.2218
-20.1645,28.0381
-20.1733,28.0694
-20.1856,28.0496
-20.2023,27.9555
-20.2141,27.9361
-20.2249,27.9318
-20.2399,27.8475
-20.2522,27.8080
-20.2502,28.0682
-20.2723,27.8140
-20.2792,27.8943
-20.2880,27.9397
-20.2984,27.9451
-20.3088,27.9504
-20.3194,27.9508
-20.3300,27.9510
-20.3392,28.0113
-20.3512,27.9515
-20.3617,27.9567
-20.3723,27.9569
-20.3828,27.9670
-20.3934,27.9771
-20.4040,27.9872
-20.4147,27.9872
-20.4254,27.9872
-20.4363,28.0322
-20.4474,28.0671
-20.4580,28.0370
-20.4689,28.0419
-20.4796,28.0317
-20.4937,28.1977
-20.5013,28.0313
-20.5123,28.0360
-20.5233,28.0407
-20.5343,28.0454
-20.5445,28.0251
-20.5545,28.0047
-20.5625,27.9351
-20.5718,27.9047
-20.5829,27.9192
-20.5957,27.9650
-20.6055,27.9495
-20.6164,27.9539
-20.6268,27.9504
-20.6365,27.9349
-20.6477,27.9442
-20.6583,27.9442
-20.6675,27.9235
-20.6777,27.9185
-20.6882,27.9177
-20.6987,27.9169
-20.7153,27.9900
-20.7253,27.9812
-20.7341,27.9583
-20.7396,27.9026
-20.7449,27.8469
-20.7533,27.8260
-20.7640,27.8300
-20.7742,27.8289
-20.7958,27.9344
-20.7968,27.8466
-20.8312,28.0591
-20.8263,27.9210
-20.8368,27.9197
-20.8437,27.8888
-20.8725,28.0346
-20.8966,28.1373
-20.9058,28.1210
-20.9455,28.3321
-20.9653,28.3899
-20.9786,28.3982
-20.9927,28.4113
-21.0083,28.4343
-21.0233,28.4523
-21.2615,29.9328
-21.0529,28.4832
-21.0658,28.4862
-21.0764,28.4744
-21.0910,28.4872
-21.0983,28.4556
-21.4176,30.2500
-21.4406,30.2787
-21.4538,30.2510
-21.4780,30.2850
-21.5141,30.2835
-21.5308,30.2753
-21.5610,30.3379
-21.5769,30.3247
-21.5887,30.2917
-21.6019,30.2664
-21.6492,30.3179
-21.6721,30.3386
-21.6977,30.3713
-21.7304,30.4358
-21.7296,30.3466
-21.7452,30.3329
-21.7911,30.4531
-21.7986,30.4027
-21.8313,30.4617
-21.8442,30.4356
-21.8611,30.4265
-21.8732,30.3978
-21.8983,30.4226
-21.9236,30.4472
-21.5571,28.8640
-21.5680,28.8509
-21.5813,28.8474
-22.0260,30.4698
-21.6597,29.0335
-21.6683,29.0105
-21.6958,29.0029
-21.6593,28.8205
-21.6425,28.7115
-21.6843,28.8082
-21.6626,28.6849
-21.6726,28.6715
-21.6825,28.6582
-21.6851,28.6209
-21.7690,28.8514
-21.6985,28.5750
-21.7095,28.5663
-21.7650,28.6995
-21.7132,28.4918
-21.7208,28.4736
-21.7576,28.5458
-21.7482,28.4753
-21.7635,28.4808
-21.7678,28.4530
-21.7735,28.4300
-21.7791,28.4070
-21.7894,28.3982
-21.8685,28.5873
-21.8133,28.3899
-21.8485,28.4517
-21.8859,28.5180
-21.9015,28.5227
-21.8985,28.4762
-21.9037,28.4530
-21.9436,28.5235
-21.9121,28.4019
-21.9240,28.3974
-21.9395,28.4022
-21.9640,28.4303
-21.9851,28.4490
-22.0009,28.4536
-22.0185,28.4627
-22.0598,28.5312
-22.0408,28.4484
-22.0548,28.4482
-22.0688,28.4479
-22.0827,28.4476
-22.0948,28.4426
-22.1088,28.4421
-22.1555,28.5188
-22.1329,28.4319
-22.1469,28.4314
-22.1590,28.4262
-22.1790,28.4392
-22.1991,28.4523
-22.2193,28.4652
-22.2355,28.4689
-22.2518,28.4725
-22.2619,28.4625
-22.2698,28.4478
-23.4036,30.8663
-23.4313,30.8754
-22.4315,28.6980
-22.4550,28.7145
-22.4528,28.6768
-23.5324,30.8883
-23.5627,30.9014
-23.5909,30.9099
-23.6191,30.9183
-23.6497,30.9310
-23.6821,30.9471
-23.6977,30.9294
-23.7285,30.9418
-23.7572,30.9496
-23.7882,30.9618
-23.8170,30.9694
-23.8482,30.9813
-23.8771,30.9887
-23.9282,30.9898
-23.9574,30.9969
-23.9890,31.0082
-24.0207,31.0194
-24.0525,31.0304
-24.0844,31.0413
-24.1363,31.0410
-24.1684,31.0515
-24.2007,31.0620
-24.2330,31.0723
-24.2679,31.0867
-24.3004,31.0968
-24.3353,31.1104
-24.3556,31.0992
-24.3881,31.1083
-24.4212,31.1183
-24.4567,31.1320
-24.4898,31.1412
-24.5255,31.1545
-24.5612,31.1674
-24.5790,31.1510
-24.6150,31.1639
-24.6511,31.1767
-24.6873,31.1893
-24.7210,31.1976
-24.7574,31.2099
-24.7940,31.2221
-24.8538,31.2250
-24.8906,31.2367
-24.9248,31.2441
-24.9618,31.2555
-24.9990,31.2668
-25.0362,31.2778
-25.0942,31.2748
-25.1345,31.2896
-25.1749,31.3041
-25.2155,31.3185
-25.2562,31.3328
-25.2971,31.3468
-25.3382,31.3609
-25.3588,31.3459
-25.4000,31.3594
-25.4412,31.3728
-25.4826,31.3860
-25.5241,31.3990
-25.5661,31.4122
-25.6108,31.4289
-25.6315,31.4128
-25.6734,31.4251
-25.7185,31.4412
-25.7606,31.4531
-25.8060,31.4688
-25.8514,31.4843
-25.8940,31.4956
-25.9610,31.4941
-26.0069,31.5088
-26.0530,31.5233
-26.0992,31.5376
-26.1486,31.5556
-26.1951,31.5695
-26.2284,31.5231
-26.2433,31.4979
-26.2837,31.5035
-26.3113,31.4936
-26.3613,31.5103
-26.4092,31.5240
-26.4595,31.5403
-26.5338,31.5408
-26.5845,31.5564
-26.6288,31.5643
-26.8144,28.8827
-26.8277,28.8635
-26.8415,28.8162
-26.8546,28.7969
-26.8677,28.7776
-26.8808,28.7583
-26.8896,28.7361
-26.9025,28.7166
-26.9154,28.6972
-26.9328,28.6807
-26.9367,28.6554
-26.9452,28.6331
-26.9578,28.6135
-27.0551,28.6479
-27.2871,28.7669
-28.5188,29.5127
-27.6180,28.9161
-28.5139,29.4421
-27.5429,28.8100
-27.5731,28.7990
-28.5972,29.3924
-27.6119,28.7637
-27.6337,28.7474
-27.6593,28.7333
-28.6593,29.2624
-28.6724,29.2369
-28.6782,29.2071
-28.6925,29.1823
-28.7068,29.1574
-28.7350,29.1076
-28.7491,29.0827
-28.7630,29.0577
-28.7769,29.0326
-28.7907,29.0075
-28.8044,28.9824
-28.8316,28.9320
-28.8495,28.9091
-28.8630,28.8838
-28.8808,28.8608
-28.8940,28.8354
-28.9117,28.8122
-28.9379,28.7612
-28.9509,28.7356
-28.9638,28.7100
-28.9766,28.6844
-28.9863,28.6572
-28.9945,28.6293
-29.0071,28.6035
-29.0366,28.5541
-29.0565,28.5318
-29.0778,28.5102
-29.0961,28.4870
-29.1173,28.4652
-29.1339,28.4411
-29.1670,28.3929
-29.1835,28.3687
-29.1998,28.3444
-29.2161,28.3201
-29.2601,28.2448
-29.2761,28.2202
-29.2920,28.1956
-29.3079,28.1709
-29.3192,28.1442
-29.3349,28.1194
-29.3616,28.0678
-29.3771,28.0428
-29.3926,28.0178
-29.4080,27.9927
-29.4233,27.9675
-29.4386,27.9423
-29.4642,27.8899
-29.4839,27.8664
-29.4989,27.8409
-29.5138,27.8154
-29.5287,27.7899
-29.5434,27.7642
-29.5581,27.7386
-29.5826,27.6853
-29.5970,27.6595
-29.6114,27.6336
-29.6305,27.6093
-29.6447,27.5833
-29.6637,27.5588
-29.6871,27.5049
-29.7058,27.4802
-29.7197,27.4539
-29.7383,27.4290
-29.7520,27.4026
-29.7704,27.3776
-29.7928,27.3229
-29.8110,27.2977
-29.8244,27.2710
-29.8425,27.2456
-29.8557,27.2188
-29.8737,27.1933
-29.8997,27.1393
-29.9127,27.1122
-29.9303,27.0864
-29.9479,27.0605
-29.9606,27.0332
-29.9781,27.0072
-29.9955,26.9811
-30.0155,26.9249
-30.0327,26.8986
-30.0497,26.8722
-30.0667,26.8458
-30.0788,26.8180
-30.0957,26.7914
-30.1146,26.7345
-30.1312,26.7077
-30.1429,26.6797
-30.1594,26.6527
-29.1573,25.6365
-29.1015,25.6022
-29.0611,25.5703
-29.0392,25.5411
-28.9682,25.5058
-28.9020,25.4716
-28.8357,25.4377
-28.8288,25.4113
-28.8467,25.3878
-28.8647,25.3642
-28.8672,25.3388
-28.8799,25.3145
-28.8974,25.2907
-28.9149,25.2667
-28.9323,25.2427
-28.9447,25.2181
-28.9470,25.1925
-28.9718,25.1430
-20.5917,14.4692
-20.5611,14.5187
-20.5308,14.5733
-20.5008,14.6330
-20.4711,14.6928
-20.4418,14.7577
-20.3841,14.8228
-20.3555,14.8579
-20.3273,14.9047
-20.2994,14.9549
-20.2719,15.0153
-20.2443,15.0443
-20.2167,15.0712
-20.1900,15.1255
-20.1638,15.1862
-20.1376,15.2370
-20.0857,15.3238
-20.0602,15.3698

# FrameTime=1781596604.69, PointCount=677
-17.3378,26.7090
-17.3366,26.7242
-17.3156,26.7545
-15.4237,28.2019
-15.4549,28.2017
-17.3328,26.7854
-17.3874,26.7579
-15.4928,28.2672
-17.4125,26.7820
-15.5296,28.2858
-17.7084,26.5759
-15.5432,28.3229
-17.7097,26.6015
-17.6774,26.6411
-17.6569,26.6714
-17.5787,26.7495
-17.6319,26.7198
-15.7372,28.3079
-17.6343,26.7461
-17.6872,26.7158
-17.6788,26.7369
-17.6591,26.7678
-17.7611,26.6948
-17.8740,26.6114
-17.9373,26.5699
-17.9287,26.5904
-17.9953,26.5452
-17.9680,26.5822
-17.8810,26.6725
-17.8169,26.7434
-17.8500,26.7278
-17.9051,26.6919
-15.9685,28.4675
-15.9881,28.4740
-16.0022,28.4855
-17.9032,26.7491
-17.8846,26.7805
-17.8406,26.8359
-17.9134,26.7819
-16.1233,28.4947
-17.8878,26.8349
-17.9347,26.8043
-17.9563,26.7979
-16.2227,28.4972
-17.9777,26.8056
-16.2172,28.5518
-16.2509,28.5433
-16.2598,28.5593
-16.2793,28.5647
-18.0070,26.8634
-18.1964,26.6850
-18.1823,26.7131
-18.1230,26.7880
-16.4419,28.5479
-17.9610,26.9859
-16.3799,28.6628
-16.5142,28.5464
-16.5300,28.5545
-16.5348,28.5743
-16.5473,28.5859
-16.5598,28.5975
-16.5758,28.6054
-16.4666,28.7504
-16.5942,28.6357
-16.6369,28.6139
-16.6529,28.6215
-16.6630,28.6356
-16.6856,28.6356
-16.6884,28.6580
-16.6617,28.7143
-16.6836,28.7151
-16.7161,28.7037
-16.7452,28.6959
-16.7515,28.7144
-16.7838,28.7026
-16.7966,28.7135
-16.7655,28.7769
-16.7326,28.8431
-16.8490,28.7295
-16.8651,28.7363
-16.9024,28.7172
-16.8974,28.7498
-16.9252,28.7421
-17.0068,28.6671
-17.0447,28.6719
-17.0605,28.6781
-17.0703,28.6921
-17.0739,28.7139
-17.0746,28.7397
-18.6816,26.6771
-18.6034,26.7935
-18.6589,26.7352
-18.6719,26.7325
-18.6489,26.7777
-18.6320,26.8151
-18.6363,26.8244
-18.6198,26.8620
-17.1611,28.8713
-17.2057,28.8380
-17.2131,28.8557
-18.6667,26.8590
-18.6682,26.8724
-17.2647,28.8681
-18.6916,26.8706
-18.7104,26.8594
-18.6921,26.9014
-18.6768,26.9395
-18.7070,26.9117
-18.6046,27.0779
-17.3990,28.8740
-18.6178,27.0929
-18.6175,27.1108
-18.6311,27.1078
-17.4846,28.8616
-17.4897,28.8829
-17.4950,28.9042
-17.5003,28.9255
-17.5138,28.9342
-17.5274,28.9429
-17.4582,29.0820
-17.5625,28.9475
-17.5709,28.9645
-17.5713,28.9942
-17.5756,29.0181
-17.5972,29.0138
-17.6162,29.0137
-17.5697,29.1218
-17.6464,29.0262
-17.6695,29.0190
-17.7087,28.9844
-17.7047,29.0226
-17.7296,29.0117
-17.7349,29.0344
-17.7373,29.0623
-17.7700,29.0375
-17.7913,29.0324
-17.7733,29.0967
-17.7858,29.1072
-17.7999,29.1151
-17.8140,29.1229
-17.8305,29.1264
-17.7913,29.2320
-17.8636,29.1330
-17.8839,29.1292
-17.9051,29.1236
-17.9225,29.1249
-17.9296,29.1457
-17.9383,29.1637
-17.8676,29.3349
-17.9691,29.1741
-17.9833,29.1814
-17.9976,29.1887
-18.0151,29.1897
-18.0383,29.1790
-18.0615,29.1682
-18.0243,29.2797
-18.0900,29.1823
-18.0991,29.2001
-18.0983,29.2384
-18.1115,29.2481
-18.1474,29.2099
-18.1830,29.1715
-18.1994,29.1736
-18.1038,29.4174
-18.2279,29.1869
-18.2298,29.2207
-18.2237,29.2727
-18.2566,29.2383
-18.2833,29.2173
-18.2896,29.2420
-18.3372,29.1728
-18.3316,29.2247
-18.3460,29.2309
-18.3585,29.2417
-18.3691,29.2570
-18.3894,29.2494
-18.3793,29.3146
-18.3959,29.3161
-18.4035,29.3393
-18.4344,29.3057
-18.4918,29.2053
-18.4877,29.2574
-18.4894,29.2956
-18.5077,29.2920
-18.4738,29.4227
-18.5370,29.3034
-18.5516,29.3090
-18.5663,29.3146
-18.5828,29.3155
-18.5974,29.3210
-18.6122,29.3264
-18.6123,29.3719
-18.6433,29.3325
-18.6581,29.3378
-18.6745,29.3383
-18.6876,29.3482
-18.7204,29.3017
-18.7269,29.3303
-18.7160,29.4108
-18.7136,29.4672
-18.7383,29.4438
-18.7766,29.3786
-18.8163,29.3077
-18.8325,29.3078
-18.8441,29.3220
-18.8543,29.3410
-18.8110,29.5305
-18.8809,29.3598
-18.8723,29.4405
-18.8895,29.4382
-18.8852,29.5069
-18.9104,29.4781
-18.9228,29.4921
-18.9330,29.5137
-18.9629,29.4675
-18.9849,29.4479
-19.0067,29.4282
-19.0258,29.4180
-19.0447,29.4078
-19.0440,29.4695
-19.0455,29.5245
-19.0616,29.5258
-19.0762,29.5326
-19.0990,29.5076
-19.1249,29.4703
-19.1345,29.4961
-19.1661,29.4345
-19.1084,29.7331
-19.1832,29.4951
-19.1810,29.5714
-19.2252,29.4540
-19.2380,29.4672
-19.1998,29.7019
-19.2290,29.6471
-19.2824,29.4825
-19.1813,30.0120
-19.2979,29.5573
-19.3138,29.5585
-19.3339,29.5396
-19.3280,29.6452
-19.3672,29.5340
-19.3855,29.5225
-19.3615,29.7229
-19.4142,29.5384
-19.4324,29.5266
-19.4496,29.5198
-19.4585,29.5570
-19.4739,29.5598
-19.4845,29.5894
-19.4969,29.6097
-19.5172,29.5851
-19.5344,29.5780
-19.5524,29.5659
-19.5527,29.6598
-19.5650,29.6835
-19.5823,29.6768
-19.6004,29.6645
-19.5928,29.8194
-19.6304,29.6791
-19.6433,29.7012
-19.6578,29.7128
-19.6798,29.6712
-19.7064,29.5944
-19.7140,29.6558
-19.7129,29.7860
-19.7461,29.6550
-19.7655,29.6273
-19.9644,28.1298
-19.9773,28.1162
-19.7977,29.7597
-20.0124,28.0045
-20.0248,27.9908
-20.0371,27.9771
-20.0493,27.9633
-20.0610,27.9544
-20.0735,27.9356
-19.9175,29.6920
-20.0942,27.9426
-20.1105,27.8788
-20.1209,27.8797
-20.1267,27.9354
-20.1082,28.3000
-20.1229,28.2610
-20.1381,28.2121
-20.1485,28.2278
-20.1747,28.0092
-20.1832,28.0448
-20.1997,27.9557
-20.2114,27.9363
-20.2237,27.9070
-20.2383,27.8277
-20.2347,28.1078
-20.2593,27.8187
-20.2688,27.8342
-20.2768,27.8895
-20.2855,27.9349
-20.2957,27.9453
-20.3061,27.9506
-20.3146,28.0259
-20.3273,27.9512
-20.3379,27.9515
-20.3485,27.9517
-20.3591,27.9519
-20.3696,27.9571
-20.3801,27.9722
-20.3907,27.9823
-20.4014,27.9773
-20.4121,27.9774
-20.4228,28.0174
-20.4338,28.0573
-20.4446,28.0473
-20.4554,28.0372
-20.4662,28.0371
-20.4796,28.1882
-20.4878,28.0317
-20.4987,28.0315
-20.5096,28.0362
-20.5206,28.0409
-20.5317,28.0456
-20.5424,28.0402
-20.5538,28.0548
-20.5595,27.9253
-20.5698,27.9199
-20.5842,28.0035
-20.5915,27.9339
-20.6024,27.9398
-20.6125,27.9314
-20.6242,27.9506
-20.6339,27.9351
-20.6452,27.9458
-20.6547,27.9294
-20.6649,27.9237
-20.6747,27.9137
-20.6855,27.9179
-20.6964,27.9221
-20.7128,27.9922
-20.7231,27.9864
-20.7310,27.9535
-20.7366,27.8978
-20.7418,27.8421
-20.7506,27.8262
-20.7618,27.8351
-20.7836,27.9456
-20.7813,27.8231
-20.4600,24.8041
-20.8137,27.9273
-20.8242,27.9261
-20.8330,27.9100
-20.8380,27.8643
-20.8748,28.0745
-20.8921,28.1226
-20.9025,28.1162
-20.9488,28.3769
-20.9566,28.3455
-20.9760,28.3984
-20.9901,28.4115
-21.0057,28.4345
-21.2409,29.9256
-21.0320,28.4457
-21.0502,28.4834
-21.0616,28.4765
-21.0738,28.4746
-21.3637,30.1575
-21.3876,30.1941
-21.4141,30.2453
-21.4371,30.2740
-21.4713,30.2628
-21.4957,30.2968
-21.5078,30.2640
-21.5328,30.3000
-21.5594,30.3430
-21.5762,30.3347
-21.5851,30.2870
-21.6303,30.3289
-21.6496,30.3327
-21.6715,30.3486
-21.7013,30.4008
-21.7309,30.4507
-21.7313,30.3663
-21.7581,30.3194
-21.8038,30.4369
-21.8298,30.4668
-21.8450,30.4504
-21.8561,30.4169
-21.8694,30.3932
-21.8969,30.4276
-21.9378,30.4380
-21.5533,28.8593
-21.5653,28.8511
-22.0426,30.6175
-21.5880,28.8296
-21.6052,28.8406
-22.0583,30.4554
-21.6807,29.0117
-21.6355,28.7960
-21.6473,28.7875
-21.6493,28.7449
-21.6513,28.7032
-21.6614,28.6899
-21.6685,28.6669
-21.6784,28.6536
-21.6753,28.5971
-21.7737,28.8755
-21.7411,28.7220
-21.7054,28.5618
-21.7178,28.5579
-21.7317,28.5587
-21.7243,28.4929
-21.7288,28.4652
-21.7425,28.4660
-21.7593,28.4762
-21.7620,28.4437
-21.7693,28.4255
-21.7764,28.4072
-21.8502,28.5827
-21.7987,28.3942
-21.8106,28.3901
-21.8459,28.4519
-21.8883,28.5323
-21.8955,28.5138
-21.8873,28.4529
-21.9270,28.5236
-21.9027,28.4206
-21.9095,28.4021
-21.9214,28.3976
-21.9369,28.4024
-21.9614,28.4305
-21.9825,28.4491
-22.0128,28.4910
-22.0140,28.4583
-22.0261,28.4535
-22.0400,28.4533
-22.0540,28.4530
-22.0680,28.4527
-22.0801,28.4478
-22.2631,28.8535
-22.1062,28.4423
-22.1182,28.4372
-22.1322,28.4367
-22.1443,28.4316
-22.1563,28.4264
-22.1803,28.4486
-22.1985,28.4570
-22.2146,28.4608
-22.2329,28.4691
-22.2471,28.4682
-22.2572,28.4581
-22.2693,28.4526
-22.4094,28.7238
-23.4308,30.8802
-22.4246,28.6891
-22.4481,28.7057
-23.5039,30.8843
-23.5319,30.8930
-23.5622,30.9061
-23.5904,30.9146
-23.6209,30.9275
-23.6688,30.9260
-23.6973,30.9340
-23.7281,30.9464
-23.7568,30.9543
-23.7878,30.9664
-23.8166,30.9740
-23.8478,30.9859
-23.8965,30.9829
-23.9280,30.9944
-23.9595,31.0058
-23.9911,31.0171
-24.0228,31.0283
-24.0547,31.0393
-24.1041,31.0349
-24.1361,31.0455
-24.1682,31.0561
-24.2005,31.0665
-24.2328,31.0768
-24.2674,31.0907
-24.3200,31.0891
-24.3552,31.1032
-24.3883,31.1133
-24.4234,31.1266
-24.4567,31.1364
-24.4897,31.1456
-24.5279,31.1629
-24.5457,31.1466
-24.5790,31.1554
-24.6150,31.1684
-24.6485,31.1769
-24.6847,31.1895
-24.7210,31.2020
-24.7601,31.2183
-24.7778,31.2013
-24.8171,31.2173
-24.8538,31.2292
-24.8907,31.2410
-24.9276,31.2526
-24.9647,31.2640
-25.0019,31.2753
-25.0597,31.2724
-25.1000,31.2874
-25.1375,31.2980
-25.1780,31.3125
-25.2186,31.3269
-25.2593,31.3411
-25.3181,31.3364
-25.3591,31.3501
-25.4002,31.3637
-25.4415,31.3770
-25.4829,31.3902
-25.5244,31.4032
-25.5694,31.4205
-25.5900,31.4045
-25.6318,31.4170
-25.6768,31.4333
-25.7188,31.4454
-25.7640,31.4613
-25.8064,31.4730
-25.8518,31.4885
-25.9187,31.4872
-25.9645,31.5022
-26.0104,31.5169
-26.0565,31.5314
-26.1027,31.5456
-26.1491,31.5597
-26.2139,31.5523
-26.2597,31.5213
-26.2778,31.4999
-26.3126,31.4985
-26.3651,31.5181
-26.4343,31.5138
-26.4838,31.5289
-26.5344,31.5448
-26.5884,31.5642
-26.6262,31.5645
-26.7901,28.8963
-26.8210,28.8609
-26.8384,28.8445
-26.8429,28.8192
-26.8561,28.7999
-26.8651,28.7778
-26.8740,28.7557
-26.8870,28.7363
-26.9086,28.6946
-26.9214,28.6751
-26.9299,28.6529
-26.9426,28.6333
-26.9552,28.6137
-28.5331,29.5235
-28.5229,29.4833
-28.5452,29.4633
-27.5658,28.8259
-27.5833,28.8071
-28.5902,29.3900
-27.6225,28.7424
-27.6741,28.7438
-28.6553,29.2618
-28.6698,29.2370
-28.6755,29.2073
-28.7086,29.1932
-28.7084,29.1601
-28.7226,29.1352
-28.7367,29.1103
-28.7508,29.0853
-28.7647,29.0603
-28.7786,29.0352
-28.7924,29.0101
-28.8198,28.9598
-28.8334,28.9346
-28.8469,28.9093
-28.8648,28.8863
-28.8781,28.8610
-28.8958,28.8379
-28.9222,28.7869
-28.9352,28.7614
-28.9527,28.7381
-28.9656,28.7124
-28.9784,28.6868
-28.9882,28.6596
-29.0090,28.6059
-29.0125,28.5757
-29.0339,28.5543
-29.0553,28.5327
-29.0752,28.5103
-29.0980,28.4893
-29.1192,28.4675
-29.1479,28.4173
-29.1689,28.3952
-29.1854,28.3710
-29.2017,28.3467
-29.2135,28.3203
-29.2297,28.2959
-29.2413,28.2695
-29.2574,28.2450
-29.2802,28.1919
-29.2961,28.1672
-29.3119,28.1425
-29.3276,28.1177
-29.3433,28.0929
-29.3589,28.0679
-29.3745,28.0430
-29.4007,27.9910
-29.4160,27.9659
-29.4313,27.9407
-29.4465,27.9155
-29.4616,27.8901
-29.4813,27.8665
-29.5065,27.8139
-29.5213,27.7883
-29.5408,27.7644
-29.5555,27.7387
-29.5701,27.7130
-29.5846,27.6872
-29.6088,27.6338
-29.6231,27.6079
-29.6421,27.5835
-29.6563,27.5574
-29.6704,27.5313
-29.6892,27.5066
-29.7123,27.4525
-29.7261,27.4262
-29.7446,27.4013
-29.7583,27.3748
-29.7766,27.3497
-29.7902,27.3231
-29.8170,27.2697
-29.8351,27.2444
-29.8483,27.2175
-29.8662,27.1921
-29.8841,27.1665
-29.9019,27.1408
-29.9148,27.1137
-29.9405,27.0594
-29.9580,27.0334
-29.9754,27.0074
-29.9928,26.9813
-30.0053,26.9539
-30.0225,26.9276
-30.0471,26.8724
-30.0593,26.8447
-30.0762,26.8182
-30.0882,26.7904
-30.1050,26.7637
-30.1168,26.7358
-30.1403,26.6799
-30.1568,26.6529
-29.1744,25.6395
-29.1187,25.6051
-29.0579,25.5705
-28.9870,25.5349
-28.9160,25.4997
-28.8529,25.4403
-28.8212,25.4109
-28.8391,25.3874
-28.8568,25.3638
-28.8695,25.3396
-28.8872,25.3158
-28.9073,25.2664
-28.9201,25.2419
-28.9371,25.2178
-28.9548,25.1936
-28.9517,25.1675
-28.9638,25.1428
-20.6195,14.4400
-20.5888,14.4844
-20.5582,14.5389
-20.5279,14.5985
-20.4980,14.6532
-20.4393,14.7129
-20.4102,14.7779
-20.3815,14.8429
-20.3530,14.8681
-20.3248,14.9199
-20.2687,14.9755
-20.2414,15.0309
-20.2140,15.0701
-20.1879,15.1457
-20.1620,15.2164
-20.1351,15.2422

# FrameTime=1781596604.79, PointCount=682
-17.3297,26.7150
-17.3326,26.7272
-17.3116,26.7575
-15.4118,28.2109
-15.4629,28.1957
-15.4861,28.2014
-17.4032,26.7457
-15.4892,28.2463
-15.4967,28.2641
-17.4439,26.7573
-15.5257,28.2889
-15.5276,28.3113
-15.5432,28.3229
-17.6785,26.6266
-17.6813,26.6380
-17.5988,26.7188
-17.6212,26.7146
-17.6397,26.7134
-15.7333,28.3111
-17.6228,26.7557
-17.6834,26.7190
-17.6636,26.7498
-17.6477,26.7775
-17.7687,26.6883
-17.8930,26.5951
-15.8236,28.4020
-17.9287,26.5904
-17.9991,26.5419
-17.9642,26.5855
-17.8735,26.6792
-17.8132,26.7467
-17.8574,26.7211
-15.9675,28.4440
-15.9722,28.4641
-15.9917,28.4707
-17.8739,26.7762
-17.8700,26.7941
-17.8406,26.8359
-16.1184,28.4749
-17.9060,26.8032
-17.8986,26.8245
-17.9239,26.8147
-17.9814,26.7736
-16.2298,28.4902
-17.9563,26.8266
-16.2136,28.5553
-16.2545,28.5398
-16.2669,28.5523
-16.2917,28.5771
-18.0105,26.8598
-18.2034,26.6779
-18.1788,26.7167
-16.4191,28.5466
-18.0885,26.8381
-17.9783,26.9679
-18.0721,26.8847
-18.1138,26.8554
-16.5326,28.5517
-16.5348,28.5743
-16.5507,28.5823
-16.5598,28.5975
-16.5495,28.6339
-16.5917,28.6132
-16.5909,28.6394
-16.6436,28.6065
-16.6529,28.6215
-16.6630,28.6356
-16.6856,28.6356
-16.6884,28.6580
-16.6934,28.7038
-16.7193,28.6999
-16.7419,28.6996
-16.7548,28.7107
-16.7870,28.6988
-16.7934,28.7173
-18.5723,26.6213
-18.5918,26.6115
-16.8522,28.7257
-16.8683,28.7325
-16.8993,28.7211
-16.8943,28.7537
-16.9314,28.7344
-16.9203,28.7748
-17.0226,28.6735
-17.0416,28.6758
-17.0575,28.6820
-17.0703,28.6921
-17.0739,28.7139
-17.0746,28.7397
-17.0247,28.8314
-18.6611,26.7180
-18.6529,26.7432
-18.6689,26.7365
-18.6549,26.7697
-18.6350,26.8111
-18.6273,26.8365
-18.6227,26.8580
-17.1954,28.8243
-17.2057,28.8380
-17.2073,28.8638
-18.6492,26.8834
-18.6798,26.8561
-17.2618,28.8722
-18.6858,26.8788
-18.7104,26.8594
-18.6892,26.9055
-18.6683,26.9518
-18.7070,26.9117
-18.5933,27.0944
-17.3990,28.8740
-18.6206,27.0888
-18.6175,27.1108
-18.6145,27.1328
-17.4873,28.8575
-17.4788,28.8996
-17.4922,28.9084
-17.5003,28.9255
-17.5138,28.9342
-17.5204,28.9539
-17.5410,28.9516
-17.5679,28.9391
-17.5656,28.9730
-17.5766,28.9857
-17.5756,29.0181
-17.5946,29.0181
-17.6162,29.0137
-17.5671,29.1260
-17.6490,29.0219
-17.6771,29.0062
-17.7062,28.9887
-17.7047,29.0226
-17.7296,29.0117
-17.7349,29.0344
-17.6415,29.2282
-17.7676,29.0418
-17.7913,29.0324
-17.7718,29.0993
-17.7858,29.1072
-17.7999,29.1151
-17.8116,29.1273
-17.8185,29.1482
-17.7865,29.2407
-17.8636,29.1330
-17.8886,29.1205
-17.9060,29.1218
-17.9201,29.1293
-17.9296,29.1457
-17.9392,29.1619
-17.9525,29.1711
-17.9691,29.1741
-17.9833,29.1814
-17.9976,29.1887
-18.0151,29.1897
-18.0383,29.1790
-18.0593,29.1727
-18.0572,29.2129
-18.0944,29.1733
-18.0991,29.2001
-18.0918,29.2519
-18.1093,29.2526
-18.1452,29.2144
-18.1787,29.1805
-18.0846,29.4195
-18.2157,29.1757
-18.2279,29.1869
-18.2298,29.2207
-18.2216,29.2773
-18.2566,29.2383
-18.2833,29.2173
-18.2487,29.3347
-18.3372,29.1728
-18.3316,29.2247
-18.3460,29.2309
-18.3605,29.2371
-18.3710,29.2525
-18.3875,29.2540
-18.3773,29.3192
-18.3386,29.4547
-18.4087,29.3267
-18.4325,29.3103
-18.4918,29.2053
-18.4896,29.2527
-18.4894,29.2956
-18.5077,29.2920
-18.4756,29.4180
-18.5352,29.3081
-18.5516,29.3090
-18.5663,29.3146
-18.5828,29.3155
-18.5992,29.3163
-18.6139,29.3217
-18.5656,29.5000
-18.6450,29.3278
-18.6597,29.3331
-18.6728,29.3430
-18.6843,29.3576
-18.7204,29.3017
-18.7269,29.3303
-18.7144,29.4155
-18.7120,29.4719
-18.7367,29.4486
-18.7766,29.3786
-18.8147,29.3125
-18.8310,29.3125
-18.8441,29.3220
-18.8558,29.3362
-18.8110,29.5305
-18.8794,29.3645
-18.8782,29.4215
-18.8895,29.4382
-18.8809,29.5212
-18.9104,29.4781
-18.9242,29.4874
-18.9302,29.5233
-18.9643,29.4627
-18.9849,29.4479
-19.0054,29.4330
-19.0244,29.4228
-19.0434,29.4126
-19.0440,29.4695
-19.0455,29.5245
-19.0628,29.5210
-19.0762,29.5326
-19.0990,29.5076
-19.1236,29.4751
-19.1779,29.3244
-19.1673,29.4296
-19.1072,29.7380
-19.1832,29.4951
-19.1787,29.5811
-19.2229,29.4637
-19.2437,29.4430
-19.1998,29.7019
-19.2301,29.6423
-19.2835,29.4776
-19.1791,30.0217
-19.2969,29.5622
-19.3128,29.5634
-19.3350,29.5347
-19.3290,29.6404
-19.3641,29.5487
-19.3865,29.5176
-19.3998,29.5304
-19.3927,29.6482
-19.4324,29.5266
-19.4486,29.5247
-19.4585,29.5570
-19.4739,29.5598
-19.4866,29.5774
-19.4986,29.5998
-19.5172,29.5851
-19.5361,29.5682
-19.5524,29.5659
-19.5535,29.6548
-19.5658,29.6785
-19.5823,29.6768
-19.6011,29.6595
-19.5920,29.8244
-19.6296,29.6841
-19.6440,29.6963
-19.6585,29.7079
-19.6805,29.6663
-19.7064,29.5944
-19.7153,29.6459
-19.7116,29.7959
-19.7448,29.6649
-19.7661,29.6224
-19.9650,28.1248
-19.9773,28.1162
-19.7959,29.7746
-19.8154,29.7467
-20.0253,27.9858
-20.0366,27.9820
-20.0493,27.9633
-20.0610,27.9544
-20.0735,27.9356
-19.9175,29.6920
-20.0942,27.9426
-20.1109,27.8738
-20.1209,27.8797
-20.1267,27.9354
-20.1082,28.3000
-20.1237,28.2511
-20.1374,28.2220
-20.1488,28.2228
-20.1751,28.0042
-20.1823,28.0598
-20.2000,27.9507
-20.2109,27.9463
-20.2228,27.9220
-20.2378,27.8377
-20.2342,28.1178
-20.2593,27.8187
-20.2690,27.8292
-20.2764,27.8995
-20.2855,27.9349
-20.2957,27.9453
-20.3063,27.9456
-20.3167,27.9509
-20.3257,28.0162
-20.3379,27.9515
-20.3485,27.9517
-20.3590,27.9569
-20.3696,27.9621
-20.3801,27.9722
-20.3907,27.9773
-20.4013,27.9873
-20.4121,27.9774
-20.4228,28.0174
-20.4337,28.0423
-20.4447,28.0623
-20.4555,28.0472
-20.4663,28.0421
-20.4796,28.1931
-20.4878,28.0317
-20.4987,28.0315
-20.5096,28.0362
-20.5206,28.0409
-20.5317,28.0456
-20.5425,28.0452
-20.5521,28.0099
-20.5599,27.9353
-20.5693,27.9099
-20.5837,27.9935
-20.5913,27.9289
-20.6021,27.9348
-20.6120,27.9215
-20.6246,27.9571
-20.6333,27.9252
-20.6487,28.0006
-20.6547,27.9294
-20.6652,27.9287
-20.6754,27.9237
-20.6855,27.9179
-20.6960,27.9171
-20.7128,27.9922
-20.7231,27.9864
-20.7314,27.9585
-20.7366,27.8978
-20.7423,27.8471
-20.7511,27.8312
-20.7608,27.8252
-20.7710,27.8241
-20.7932,27.9346
-20.7958,27.8617
-20.8418,28.1760
-20.8236,27.9212
-20.8347,27.9249
-20.8386,27.8692
-20.8717,28.0497
-20.8530,27.8172
-20.9025,28.1162
-20.9428,28.3323
-20.9200,28.0786
-20.9732,28.3786
-20.9886,28.4016
-21.0042,28.4246
-21.2401,29.9207
-21.0312,28.4408
-21.0502,28.4834
-21.0616,28.4765
-21.0754,28.4845
-21.3621,30.1477
-21.3867,30.1892
-21.4158,30.2551
-21.4380,30.2789
-21.4529,30.2610
-21.4921,30.2771
-21.5096,30.2739
-21.5309,30.2902
-21.5575,30.3332
-21.5752,30.3298
-21.5851,30.2870
-21.6087,30.3129
-21.6486,30.3279
-21.6694,30.3388
-21.6961,30.3764
-21.7246,30.4214
-21.7291,30.3565
-21.7426,30.3331
-21.7993,30.4175
-21.8298,30.4668
-21.8462,30.4553
-21.8573,30.4218
-21.8694,30.3932
-21.8945,30.4179
-21.5448,28.8821
-21.5557,28.8690
-21.5653,28.8511
-21.5773,28.8428
-22.0144,30.4362
-21.6052,28.8406
-21.6643,29.0058
-22.0883,30.4938
-21.6945,29.0079
-21.6539,28.8111
-21.6399,28.7117
-21.6802,28.8036
-21.6600,28.6851
-21.6685,28.6669
-21.6799,28.6584
-21.6810,28.6163
-21.7693,28.8612
-21.6959,28.5752
-21.7525,28.7132
-21.7178,28.5579
-21.7106,28.4920
-21.7442,28.5548
-21.7273,28.4604
-21.7441,28.4707
-21.7578,28.4715
-21.7652,28.4532
-21.7725,28.4349
-21.7781,28.4119
-21.8470,28.5733
-21.7987,28.3942
-21.8073,28.3806
-21.8459,28.4519
-21.8832,28.5182
-21.9005,28.5276
-21.8941,28.4717
-21.9011,28.4532
-21.9410,28.5237
-21.9112,28.4068
-21.9232,28.4023
-21.9369,28.4024
-21.9632,28.4352
-21.9879,28.4631
-22.0019,28.4631
-22.0232,28.4815
-22.0261,28.4535
-22.0382,28.4486
-22.0521,28.4484
-22.0661,28.4481
-22.0782,28.4431
-22.0922,28.4427
-22.2416,28.7650
-22.1182,28.4372
-22.1303,28.4321
-22.1443,28.4316
-22.1623,28.4401
-22.1803,28.4486
-22.1985,28.4570
-22.2146,28.4608
-22.2329,28.4691
-22.2450,28.4636
-22.2592,28.4627
-22.2693,28.4526
-23.4009,30.8665
-23.4287,30.8756
-22.4267,28.6936
-22.4524,28.7147
-22.4458,28.6680
-23.5297,30.8885
-23.5600,30.9016
-23.5882,30.9101
-23.6187,30.9230
-23.6471,30.9312
-23.6795,30.9473
-23.6951,30.9296
-23.7259,30.9420
-23.7545,30.9498
-23.7855,30.9620
-23.8143,30.9696
-23.8455,30.9815
-23.8768,30.9933
-23.9256,30.9900
-23.9571,31.0014
-23.9864,31.0084
-24.0181,31.0195
-24.0499,31.0306
-24.0818,31.0415
-24.1361,31.0455
-24.1682,31.0561
-24.2001,31.0659
-24.2325,31.0762
-24.2649,31.0864
-24.2975,31.0964
-24.3501,31.0946
-24.3855,31.1085
-24.4186,31.1185
-24.4541,31.1321
-24.4872,31.1414
-24.5229,31.1547
-24.5585,31.1676
-24.5764,31.1512
-24.6124,31.1641
-24.6458,31.1727
-24.6820,31.1853
-24.7184,31.1978
-24.7548,31.2101
-24.7913,31.2223
-24.8484,31.2210
-24.8880,31.2369
-24.9249,31.2485
-24.9620,31.2599
-24.9991,31.2711
-25.0364,31.2822
-25.0794,31.3014
-25.0943,31.2791
-25.1347,31.2939
-25.1723,31.3043
-25.2129,31.3187
-25.2536,31.3330
-25.2944,31.3470
-25.3385,31.3652
-25.3562,31.3461
-25.3973,31.3596
-25.4386,31.3730
-25.4800,31.3862
-25.5215,31.3992
-25.5631,31.4120
-25.6049,31.4246
-25.6708,31.4253
-25.7128,31.4374
-25.7580,31.4533
-25.8003,31.4650
-25.8457,31.4805
-25.8883,31.4919
-25.9583,31.4943
-26.0043,31.5090
-26.0503,31.5235
-26.0965,31.5378
-26.1366,31.5441
-26.1893,31.5658
-26.2083,31.5455
-26.2226,31.5194
-26.2471,31.5058
-26.2810,31.5037
-26.3086,31.4938
-26.3587,31.5105
-26.4089,31.5270
-26.4593,31.5433
-26.5279,31.5372
-26.5819,31.5566
-26.6229,31.5607
-26.8164,28.8577
-26.8429,28.8192
-26.8561,28.7999
-26.8609,28.7750
-26.8740,28.7557
-26.8870,28.7363
-26.8999,28.7168
-26.9086,28.6946
-26.9341,28.6556
-26.9426,28.6333
-26.9641,28.6194
-27.0314,28.6347
-27.2760,28.7617
-27.5934,28.9325
-28.4773,29.4212
-27.5105,28.7918
-27.5748,28.8018
-28.5945,29.3926
-27.6050,28.7613
-27.6311,28.7475
-28.6524,29.2601
-28.6654,29.2345
-28.6712,29.2048
-28.6899,29.1825
-28.7041,29.1576
-28.7183,29.1327
-28.7464,29.0829
-28.7604,29.0579
-28.7742,29.0328
-28.7880,29.0077
-28.8018,28.9826
-28.8154,28.9574
-28.8425,28.9069
-28.8603,28.8840
-28.8737,28.8586
-28.8914,28.8356
-28.9046,28.8101
-28.9222,28.7869
-28.9482,28.7358
-28.9611,28.7102
-28.9740,28.6846
-28.9867,28.6589
-28.9919,28.6294
-28.9955,28.5993
-29.0215,28.5801
-29.0415,28.5579
-29.0494,28.5299
-29.0616,28.5039
-29.0648,28.4738
-29.1147,28.4653
-29.1358,28.4434
-29.1524,28.4193
-29.1808,28.3689
-29.1972,28.3446
-29.2135,28.3203
-29.2252,28.2939
-29.2413,28.2695
-29.2574,28.2450
-29.2689,28.2184
-29.2961,28.1672
-29.3119,28.1425
-29.3276,28.1177
-29.3433,28.0929
-29.3589,28.0679
-29.3791,28.0449
-29.4053,27.9929
-29.4207,27.9677
-29.4359,27.9425
-29.4511,27.9173
-29.4662,27.8919
-29.4813,27.8665
-29.5065,27.8139
-29.5213,27.7883
-29.5408,27.7644
-29.5555,27.7387
-29.5701,27.7130
-29.5846,27.6872
-29.5991,27.6614
-29.6231,27.6079
-29.6374,27.5819
-29.6563,27.5574
-29.6704,27.5313
-29.6844,27.5051
-29.7031,27.4804
-29.7261,27.4262
-29.7446,27.4013
-29.7583,27.3748
-29.7766,27.3497
-29.7902,27.3231
-29.8084,27.2979
-29.8351,27.2444
-29.8483,27.2175
-29.8662,27.1921
-29.8841,27.1665
-29.8971,27.1395
-29.9148,27.1137
-29.9405,27.0594
-29.9532,27.0321
-29.9706,27.0061
-29.9880,26.9800
-30.0053,26.9539
-30.0225,26.9276
-30.0349,26.9000
-30.0593,26.8447
-30.0713,26.8170
-30.0882,26.7904
-30.1001,26.7626
-30.1168,26.7358
-30.1286,26.7079
-30.1519,26.6518
-29.1843,25.6409
-29.1286,25.6065
-29.0628,25.5711
-29.0019,25.5368
-28.9309,25.5016
-28.8998,25.4718
-28.8628,25.4415
-28.8262,25.4115
-28.8391,25.3874
-28.8519,25.3632
-28.8695,25.3396
-28.8872,25.3158
-28.9047,25.2919
-28.9197,25.2419
-28.9275,25.2169
-28.9494,25.1931
-28.9666,25.1689
-28.9592,25.1424
-20.5891,14.4694
-20.5585,14.5189
-20.5282,14.5735
-20.4982,14.6332
-20.4685,14.6930
-20.4392,14.7579
-20.3814,14.8229
-20.3529,14.8581
-20.3248,14.9149
-20.2967,14.9551
-20.2691,15.0005
-20.2416,15.0445
-20.2135,15.0465
-20.1858,15.0621
-20.1609,15.1764
-20.1347,15.2272
-20.0825,15.3090
-20.0571,15.3600

# FrameTime=1781596604.89, PointCount=684
-17.3477,26.7021
-17.3346,26.7263
-17.3175,26.7535
-15.4376,28.1919
-17.4668,26.6691
-15.4841,28.2035
-17.4170,26.7356
-15.4911,28.2453
-15.4947,28.2662
-17.4458,26.7564
-15.5237,28.2911
-15.5256,28.3135
-15.5412,28.3251
-17.6532,26.6476
-17.6793,26.6402
-17.5930,26.7242
-17.6231,26.7137
-15.6889,28.3247
-17.6446,26.7240
-17.6170,26.7612
-17.6891,26.7149
-17.6693,26.7457
-17.6496,26.7766
-17.7744,26.6841
-15.8098,28.3906
-17.9203,26.5853
-17.9381,26.5829
-17.9935,26.5475
-17.9624,26.5879
-17.8568,26.6948
-17.8114,26.7491
-17.8593,26.7202
-15.9694,28.4431
-15.9704,28.4665
-15.9846,28.4780
-15.9985,28.4898
-17.8831,26.7685
-17.8792,26.7863
-16.1409,28.4303
-16.1239,28.4706
-17.9151,26.7953
-17.8933,26.8305
-17.9258,26.8138
-17.9870,26.7692
-16.2353,28.4858
-17.9511,26.8326
-16.2191,28.5509
-16.2600,28.5353
-16.2652,28.5548
-16.2972,28.5726
-18.0195,26.8518
-18.2018,26.6805
-18.1842,26.7122
-16.4210,28.5457
-18.0627,26.8660
-17.9733,26.9742
-18.0499,26.9091
-18.1192,26.8508
-16.5320,28.5535
-16.5368,28.5733
-16.5492,28.5850
-16.5618,28.5966
-16.5481,28.6367
-16.5903,28.6160
-16.5928,28.6385
-16.6422,28.6093
-16.6515,28.6243
-16.6649,28.6346
-16.6842,28.6384
-16.6903,28.6571
-16.6497,28.7292
-16.6953,28.7029
-16.7278,28.6914
-16.7471,28.6949
-16.7535,28.7135
-16.7889,28.6979
-16.7435,28.7779
-18.5807,26.6127
-18.6033,26.5990
-16.8573,28.7209
-16.8734,28.7277
-16.9012,28.7201
-16.9025,28.7450
-16.9334,28.7334
-16.8554,28.8571
-17.0214,28.6764
-17.0435,28.6749
-17.0594,28.6811
-17.0660,28.6990
-17.0728,28.7169
-17.0735,28.7427
-18.6714,26.6920
-17.0814,28.7864
-18.6609,26.7343
-18.6618,26.7475
-18.6508,26.7768
-18.6429,26.8021
-18.6412,26.8195
-18.6217,26.8610
-17.1973,28.8234
-17.2076,28.8371
-17.2151,28.8548
-18.6686,26.8581
-18.6818,26.8552
-17.2551,28.8834
-18.6993,26.8615
-18.7124,26.8584
-18.6883,26.9087
-18.6759,26.9427
-18.7033,26.9190
-18.5953,27.0935
-17.3981,28.8772
-18.6225,27.0878
-18.6166,27.1140
-18.6220,27.1235
-17.4865,28.8607
-17.4862,28.8903
-17.4942,28.9074
-17.5022,28.9245
-17.5158,28.9333
-17.5196,28.9572
-17.5402,28.9548
-17.5645,28.9466
-17.5675,28.9720
-17.5759,28.9890
-17.5801,29.0129
-17.5992,29.0129
-17.6181,29.0128
-17.5690,29.1251
-17.6509,29.0210
-17.6765,29.0095
-17.7081,28.9878
-17.7041,29.0259
-17.7316,29.0108
-17.7368,29.0335
-17.6410,29.2315
-17.7720,29.0366
-17.7883,29.0402
-17.7752,29.0957
-17.7853,29.1107
-17.8018,29.1142
-17.8159,29.1220
-17.8028,29.1793
-17.8466,29.1332
-17.8679,29.1277
-17.8882,29.1239
-17.9079,29.1209
-17.9221,29.1284
-17.9292,29.1491
-17.9365,29.1699
-17.9544,29.1702
-17.9687,29.1776
-17.9853,29.1805
-17.9995,29.1877
-18.0170,29.1887
-18.0403,29.1781
-18.0634,29.1673
-18.0614,29.2075
-18.0942,29.1769
-18.1032,29.1947
-18.0946,29.2492
-18.1134,29.2471
-18.1493,29.2089
-18.1849,29.1705
-18.0760,29.4412
-18.2135,29.1839
-18.2278,29.1905
-18.2297,29.2243
-18.2235,29.2763
-18.2565,29.2419
-18.2872,29.2118
-18.2486,29.3384
-18.3411,29.1673
-18.3355,29.2192
-18.3499,29.2254
-18.3604,29.2408
-18.3730,29.2515
-18.3894,29.2531
-18.3812,29.3137
-18.3406,29.4538
-18.4125,29.3212
-18.4363,29.3048
-18.4937,29.2044
-18.4915,29.2518
-18.4914,29.2946
-18.5096,29.2911
-18.4015,29.6128
-18.5371,29.3071
-18.5536,29.3081
-18.5700,29.3090
-18.5847,29.3145
-18.6011,29.3154
-18.6158,29.3208
-18.5658,29.5037
-18.6452,29.3315
-18.6600,29.3368
-18.6731,29.3468
-18.6862,29.3567
-18.7207,29.3054
-18.7321,29.3199
-18.6988,29.4658
-18.7297,29.4243
-18.7370,29.4524
-18.7801,29.3729
-18.8167,29.3115
-18.8329,29.3116
-18.8461,29.3211
-18.8578,29.3353
-18.8114,29.5343
-18.8814,29.3636
-18.8757,29.4348
-18.8914,29.4373
-18.8843,29.5155
-18.9138,29.4724
-18.9261,29.4864
-18.8940,29.6533
-18.9648,29.4666
-18.9868,29.4470
-19.0087,29.4273
-19.0264,29.4219
-19.0480,29.4020
-19.0473,29.4638
-19.0393,29.5539
-19.0660,29.5153
-19.0794,29.5269
-19.1010,29.5067
-19.1280,29.4645
-19.1352,29.5000
-19.1680,29.4335
-19.1103,29.7322
-19.1851,29.4942
-19.1818,29.5754
-19.2259,29.4579
-19.2433,29.4517
-19.2007,29.7059
-19.2320,29.6413
-19.2854,29.4767
-19.1810,30.0208
-19.2977,29.5661
-19.3147,29.5625
-19.3359,29.5387
-19.3299,29.6443
-19.3671,29.5428
-19.3884,29.5166
-19.3644,29.7171
-19.4180,29.5276
-19.4353,29.5208
-19.4515,29.5188
-19.4604,29.5561
-19.4767,29.5540
-19.4895,29.5715
-19.5014,29.5940
-19.5200,29.5793
-19.5372,29.5721
-19.5543,29.5649
-19.5546,29.6588
-19.5669,29.6825
-19.5850,29.6709
-19.6031,29.6586
-19.5955,29.8136
-19.6316,29.6831
-19.6452,29.7002
-19.6604,29.7069
-19.6817,29.6703
-19.7070,29.6034
-19.7179,29.6401
-19.7128,29.7999
-19.7473,29.6590
-19.7674,29.6264
-19.9663,28.1288
-19.9792,28.1153
-19.9949,28.0768
-19.8167,29.7507
-20.0273,27.9849
-20.0385,27.9811
-20.0507,27.9673
-20.0629,27.9535
-20.0754,27.9346
-19.9194,29.6911
-20.0961,27.9416
-20.1128,27.8729
-20.1228,27.8787
-20.1290,27.9294
-20.1098,28.3041
-20.1252,28.2551
-20.1393,28.2211
-20.1504,28.2269
-20.1729,28.0637
-20.1661,28.3382
-20.2019,27.9497
-20.2128,27.9454
-20.2253,27.9111
-20.2403,27.8267
-20.2364,28.1119
-20.2607,27.8278
-20.2709,27.8282
-20.2789,27.8836
-20.2876,27.9290
-20.2976,27.9443
-20.3081,27.9497
-20.3187,27.9500
-20.3276,28.0153
-20.3399,27.9506
-20.3504,27.9508
-20.3610,27.9510
-20.3716,27.9561
-20.3821,27.9663
-20.3926,27.9763
-20.4033,27.9864
-20.4140,27.9714
-20.4247,27.9964
-20.4356,28.0364
-20.4466,28.0613
-20.4574,28.0412
-20.4682,28.0361
-20.4816,28.1922
-20.4898,28.0308
-20.5006,28.0305
-20.5116,28.0353
-20.5226,28.0400
-20.5337,28.0496
-20.5445,28.0443
-20.5538,28.0039
-20.5616,27.9294
-20.5715,27.9139
-20.5856,27.9926
-20.5929,27.9229
-20.6040,27.9339
-20.6139,27.9206
-20.6262,27.9512
-20.6355,27.9292
-20.6470,27.9434
-20.6569,27.9335
-20.6668,27.9228
-20.6773,27.9228
-20.6871,27.9120
-20.6980,27.9162
-20.7147,27.9913
-20.7246,27.9805
-20.7333,27.9576
-20.7385,27.8969
-20.7442,27.8461
-20.4569,24.7987
-20.7633,27.8292
-20.7851,27.9397
-20.7832,27.8221
-20.7988,27.8707
-20.8431,28.1701
-20.8256,27.9202
-20.8355,27.9140
-20.8411,27.8732
-20.8736,28.0488
-20.8562,27.8262
-20.9051,28.1202
-20.9434,28.3214
-20.9646,28.3892
-20.9779,28.3974
-20.9913,28.4056
-21.0069,28.4286
-21.2413,29.9148
-21.0332,28.4399
-21.0514,28.4775
-21.0643,28.4805
-21.0765,28.4786
-21.3648,30.1517
-21.3886,30.1882
-21.4177,30.2542
-21.4408,30.2829
-21.4540,30.2552
-21.4940,30.2762
-21.5116,30.2729
-21.5310,30.2794
-21.5603,30.3372
-21.5781,30.3337
-21.5880,30.2910
-21.6116,30.3169
-21.6516,30.3318
-21.6724,30.3427
-21.6969,30.3706
-21.7254,30.4156
-21.7310,30.3556
-21.7456,30.3370
-21.8001,30.4117
-21.8294,30.4561
-21.8481,30.4543
-21.8604,30.4257
-21.8713,30.3922
-21.8988,30.4267
-21.9409,30.4419
-21.5552,28.8584
-21.5672,28.8501
-21.5793,28.8418
-22.0176,30.4401
-21.6071,28.8396
-21.6662,29.0049
-22.0889,30.4881
-21.6951,29.0021
-21.6558,28.8101
-21.6418,28.7107
-21.6849,28.8122
-21.6633,28.6889
-21.6705,28.6660
-21.6818,28.6574
-21.6815,28.6105
-21.7698,28.8554
-21.6964,28.5694
-21.7574,28.7218
-21.7182,28.5522
-21.7140,28.4958
-21.7476,28.5586
-21.7323,28.4690
-21.7460,28.4698
-21.7613,28.4753
-21.7655,28.4475
-21.7728,28.4293
-21.7800,28.4110
-21.7887,28.3974
-21.8678,28.5866
-21.8109,28.3844
-21.8478,28.4509
-21.8852,28.5172
-21.9007,28.5220
-21.8926,28.4614
-21.9030,28.4523
-21.9429,28.5228
-21.9131,28.4058
-21.9251,28.4013
-21.9388,28.4015
-21.9633,28.4296
-21.9844,28.4482
-22.0020,28.4575
-22.0251,28.4806
-22.0280,28.4525
-22.0401,28.4477
-22.0541,28.4475
-22.0680,28.4472
-22.0820,28.4468
-22.0941,28.4418
-22.1081,28.4414
-22.1567,28.5227
-22.1322,28.4312
-22.1462,28.4306
-22.1622,28.4346
-22.1803,28.4431
-22.1984,28.4515
-22.2166,28.4599
-22.2328,28.4636
-22.2490,28.4672
-22.2591,28.4572
-22.2733,28.4562
-23.4028,30.8656
-23.4306,30.8747
-22.4329,28.7017
-22.4564,28.7183
-23.4993,30.8699
-23.5317,30.8876
-23.5620,30.9007
-23.5923,30.9137
-23.6206,30.9220
-23.6512,30.9348
-23.6836,30.9508
-23.6992,30.9331
-23.7278,30.9411
-23.7587,30.9533
-23.7874,30.9610
-23.8162,30.9686
-23.8474,30.9805
-23.8764,30.9879
-23.9275,30.9891
-23.9567,30.9961
-23.9883,31.0074
-24.0200,31.0186
-24.0518,31.0297
-24.0837,31.0406
-24.1356,31.0402
-24.1677,31.0508
-24.1999,31.0612
-24.2323,31.0715
-24.2672,31.0860
-24.2997,31.0960
-24.3346,31.1097
-24.3549,31.0984
-24.3877,31.1081
-24.4228,31.1214
-24.4560,31.1312
-24.4914,31.1443
-24.5248,31.1538
-24.5581,31.1627
-24.6143,31.1632
-24.6477,31.1717
-24.6840,31.1844
-24.7203,31.1968
-24.7567,31.2092
-24.7933,31.2213
-24.8326,31.2374
-24.8504,31.2201
-24.8872,31.2318
-24.9241,31.2434
-24.9611,31.2548
-24.9983,31.2660
-25.0383,31.2812
-25.0813,31.3005
-25.0963,31.2782
-25.1366,31.2929
-25.1742,31.3034
-25.2148,31.3178
-25.2527,31.3279
-25.2935,31.3420
-25.3344,31.3559
-25.3963,31.3546
-25.4376,31.3680
-25.4790,31.3812
-25.5205,31.3942
-25.5621,31.4070
-25.6068,31.4237
-25.6550,31.4446
-25.6697,31.4204
-25.7147,31.4365
-25.7599,31.4524
-25.8022,31.4641
-25.8477,31.4796
-25.8933,31.4949
-25.9396,31.5107
-25.9603,31.4934
-26.0031,31.5042
-26.0491,31.5187
-26.0922,31.5291
-26.1416,31.5471
-26.1881,31.5610
-26.2102,31.5445
-26.2245,31.5185
-26.2490,31.5049
-26.2829,31.5028
-26.3042,31.4851
-26.3606,31.5096
-26.4108,31.5261
-26.4612,31.5423
-26.5298,31.5363
-26.5782,31.5492
-26.6258,31.5609
-26.8270,28.8628
-26.8316,28.8376
-26.8580,28.7990
-26.8670,28.7769
-26.8801,28.7575
-26.8889,28.7353
-26.9018,28.7159
-26.9105,28.6937
-26.9233,28.6742
-26.9407,28.6577
-26.9445,28.6324
-26.9576,28.6131
-26.9697,28.5932
-27.2653,28.7528
-27.5910,28.9289
-27.3334,28.7380
-28.4283,29.3887
-27.4869,28.7751
-27.5852,28.8061
-28.6007,29.3942
-27.6027,28.7578
-27.6287,28.7440
-28.6457,29.2541
-28.6717,29.2361
-28.6775,29.2063
-28.6875,29.1790
-28.7060,29.1567
-28.7202,29.1318
-28.7527,29.0844
-28.7623,29.0569
-28.7762,29.0319
-28.7900,29.0068
-28.8037,28.9816
-28.8173,28.9565
-28.8455,28.9391
-28.8488,28.9084
-28.8623,28.8830
-28.8800,28.8600
-28.8933,28.8346
-28.9110,28.8115
-28.9241,28.7860
-28.9372,28.7604
-28.9631,28.7093
-28.9759,28.6836
-28.9887,28.6579
-29.0013,28.6322
-29.0109,28.6050
-29.0279,28.5813
-29.0558,28.5311
-29.0726,28.5073
-29.0893,28.4834
-29.1166,28.4644
-29.1332,28.4404
-29.1543,28.4184
-29.1827,28.3680
-29.1991,28.3437
-29.2154,28.3194
-29.2478,28.2705
-29.2593,28.2440
-29.2754,28.2195
-29.2867,28.1929
-29.3138,28.1415
-29.3296,28.1168
-29.3452,28.0919
-29.3609,28.0670
-29.3764,28.0420
-29.3965,28.0189
-29.4226,27.9668
-29.4379,27.9416
-29.4530,27.9163
-29.4682,27.8910
-29.4832,27.8656
-29.4982,27.8402
-29.5131,27.8147
-29.5380,27.7618
-29.5527,27.7361
-29.5673,27.7104
-29.5819,27.6846
-29.5963,27.6588
-29.6154,27.6345
-29.6393,27.5809
-29.6535,27.5548
-29.6676,27.5287
-29.6864,27.5041
-29.7003,27.4779
-29.7190,27.4531
-29.7465,27.4003
-29.7602,27.3738
-29.7786,27.3488
-29.7969,27.3237
-29.8103,27.2970
-29.8285,27.2717
-29.8502,27.2166
-29.8682,27.1911
-29.8860,27.1656
-29.8990,27.1385
-29.9168,27.1128
-29.9344,27.0870
-29.9599,27.0325
-29.9725,27.0052
-29.9899,26.9791
-30.0072,26.9529
-30.0196,26.9254
-30.0368,26.8991
-30.0490,26.8715
-30.0733,26.8161
-30.0853,26.7883
-30.1021,26.7616
-30.1139,26.7337
-30.1305,26.7069
-30.1471,26.6800
-30.1702,26.6238
-29.1912,25.6406
-29.1404,25.6069
-29.0845,25.5728
-29.0087,25.5365
-28.9427,25.5019
-28.8716,25.4671
-28.8301,25.4364
-28.8360,25.3859
-28.8488,25.3617
-28.8665,25.3381
-28.8841,25.3143
-28.9017,25.2904
-28.9191,25.2665
-28.9344,25.2164
-28.9517,25.1922
-28.9635,25.1675
-28.9662,25.1419
-20.5909,14.4735
-20.5604,14.5230
-20.5301,14.5776
-20.5000,14.6373
-20.4704,14.6971
-20.4411,14.7620
-20.3834,14.8320
-20.3548,14.8622
-20.3266,14.9089
-20.2988,14.9642
-20.2709,14.9945
-20.2435,15.0386
-20.2160,15.0705
-20.1631,15.1855
-20.1366,15.2262

# FrameTime=1781596604.99, PointCount=687
-17.3305,26.7129
-17.3615,26.7042
-15.4003,28.1927
-17.3752,26.7225
-17.3623,26.7467
-17.3534,26.7681
-15.4815,28.2252
-15.4890,28.2431
-15.4670,28.2840
-17.4368,26.7615
-17.4674,26.7518
-17.6388,26.6300
-15.5392,28.3228
-15.5450,28.3422
-17.6510,26.6613
-17.6888,26.6443
-15.6522,28.3511
-17.6435,26.7231
-17.6696,26.7154
-15.7413,28.3489
-17.6682,26.7447
-17.6790,26.7497
-17.7315,26.7189
-17.8332,26.6455
-17.9457,26.5616
-17.9823,26.5428
-17.9511,26.5830
-17.9651,26.5838
-17.9080,26.6475
-17.8103,26.7483
-17.8321,26.7427
-15.9710,28.4378
-15.9941,28.4411
-15.9915,28.4678
-15.9983,28.4860
-17.9223,26.7304
-17.8854,26.7787
-17.8414,26.8341
-17.8850,26.8076
-17.8813,26.8255
-17.9283,26.7952
-16.1440,28.5210
-17.9318,26.8205
-16.2367,28.4805
-18.0178,26.7655
-16.2098,28.5561
-16.2471,28.5441
-16.2595,28.5566
-16.2790,28.5620
-16.2174,28.6489
-17.9937,26.8759
-18.1692,26.7120
-18.1970,26.6972
-18.1412,26.7685
-17.9678,26.9625
-16.4574,28.5536
-16.4878,28.5466
-16.5208,28.5366
-16.5353,28.5709
-16.5470,28.5834
-16.5595,28.5950
-16.5721,28.6065
-16.5846,28.6180
-16.6140,28.6111
-16.5290,28.7306
-16.6592,28.6116
-16.6660,28.6293
-16.6753,28.6443
-16.6979,28.6443
-16.6645,28.7080
-16.6930,28.7014
-16.6891,28.7319
-16.7415,28.6972
-16.7544,28.7082
-16.7737,28.7116
-16.7448,28.7720
-16.7606,28.7798
-16.8197,28.7356
-16.8550,28.7195
-16.8195,28.7889
-16.8957,28.7226
-16.8970,28.7475
-16.9100,28.7580
-16.9939,28.6804
-17.0285,28.6634
-17.0443,28.6697
-16.9024,28.8758
-17.0699,28.6898
-17.0766,28.7077
-17.0742,28.7374
-17.0841,28.7514
-18.6042,26.7922
-18.6627,26.7299
-18.6787,26.7232
-18.6526,26.7724
-18.6417,26.8018
-18.6251,26.8392
-18.6323,26.8446
-17.1891,28.8302
-17.1945,28.8506
-17.0662,29.0560
-18.5974,26.9552
-17.2422,28.8686
-18.6763,26.8764
-18.7009,26.8571
-17.2891,28.8875
-18.6985,26.8919
-18.6917,26.9177
-18.6935,26.9311
-18.6531,27.0064
-18.6019,27.0986
-18.6100,27.1040
-17.4409,28.8668
-17.4735,28.8467
-17.4786,28.8680
-17.2974,29.1729
-17.4944,28.9022
-17.5052,28.9151
-17.5268,28.9113
-17.5188,28.9535
-17.5404,28.9496
-17.5700,28.9330
-17.4829,29.1019
-17.5612,29.0076
-17.6343,28.9203
-17.6452,28.9329
-17.6130,29.0161
-17.6294,29.0202
-17.6510,29.0157
-17.6127,29.1111
-17.7005,28.9954
-17.7067,29.0164
-17.7291,29.0099
-17.7328,29.0352
-17.7506,29.0363
-17.7719,29.0314
-17.7472,29.1069
-17.7776,29.0862
-17.7867,29.1028
-17.7993,29.1133
-17.8134,29.1211
-17.8299,29.1246
-17.8488,29.1236
-17.8677,29.1225
-17.7009,29.4659
-17.9091,29.1131
-17.9218,29.1232
-17.9313,29.1395
-17.9385,29.1602
-17.9541,29.1650
-17.9684,29.1724
-17.9396,29.2638
-17.9947,29.1914
-18.0113,29.1942
-18.0354,29.1818
-18.0586,29.1710
-18.0751,29.1736
-18.0819,29.1960
-18.0550,29.2878
-18.1106,29.2099
-18.1043,29.2600
-18.1424,29.2173
-18.1781,29.1789
-18.1966,29.1766
-18.2130,29.1787
-18.2189,29.2034
-18.1497,29.3932
-18.2435,29.2257
-18.2518,29.2458
-18.2805,29.2204
-18.3061,29.2015
-18.3305,29.1850
-18.3289,29.2278
-18.2209,29.5178
-18.3597,29.2357
-18.3723,29.2464
-18.3906,29.2434
-18.3733,29.3257
-18.3932,29.3192
-18.4190,29.2983
-18.3812,29.4332
-18.4800,29.2317
-18.4944,29.2375
-18.4942,29.2803
-18.5070,29.2907
-18.5144,29.3149
-18.5255,29.3299
-18.4977,29.4469
-18.5638,29.3179
-18.5802,29.3188
-18.5967,29.3196
-18.6131,29.3204
-18.6278,29.3258
-18.6442,29.3265
-18.6623,29.3224
-18.6373,29.4397
-18.6885,29.3423
-18.7180,29.3051
-18.7327,29.3102
-18.7248,29.3812
-18.7126,29.4665
-18.7499,29.4055
-18.7509,29.4524
-18.7985,29.3586
-18.8333,29.3019
-18.8449,29.3161
-18.8566,29.3303
-18.8668,29.3492
-18.8683,29.3966
-18.8765,29.4229
-18.8865,29.4440
-18.8618,29.5803
-18.9139,29.4626
-18.9233,29.4862
-18.9427,29.4764
-18.9717,29.4329
-18.9723,29.4878
-19.0059,29.4271
-19.0236,29.4218
-19.0413,29.4163
-19.0589,29.4108
-19.0544,29.4870
-19.0638,29.5131
-19.0816,29.5074
-19.0926,29.5280
-19.1277,29.4548
-19.1698,29.3524
-19.1822,29.3658
-19.1659,29.4952
-19.1753,29.5232
-19.1894,29.5317
-19.1703,29.6805
-19.2013,29.6195
-19.2135,29.6377
-19.2664,29.4781
-19.2957,29.4184
-19.2849,29.5385
-19.2907,29.5856
-19.2547,29.8277
-19.3217,29.5923
-19.3387,29.5886
-19.3592,29.5674
-19.3786,29.5510
-19.3999,29.5247
-19.4152,29.5277
-19.4343,29.5111
-19.3970,29.7903
-19.4603,29.5415
-19.4730,29.5590
-19.4884,29.5619
-19.5012,29.5794
-19.5180,29.5745
-19.5360,29.5625
-19.5283,29.7022
-19.5563,29.6316
-19.5648,29.6778
-19.5899,29.6219
-19.6009,29.6539
-19.6234,29.6120
-19.6316,29.6636
-19.6314,29.7741
-19.6531,29.7373
-19.6740,29.7051
-19.7041,29.6037
-19.7177,29.6206
-19.7255,29.6819
-19.7483,29.6296
-19.9538,28.1229
-19.7602,29.7915
-19.9766,28.1207
-20.0017,28.0028
-20.0135,27.9941
-19.8334,29.7201
-20.0366,27.9816
-20.0499,27.9578
-20.0600,27.9639
-20.0716,27.9550
-20.0837,27.9411
-20.0993,27.8874
-20.1119,27.8634
-20.0822,28.3275
-20.1280,27.9200
-20.1293,28.0355
-20.1286,28.1859
-20.1362,28.2366
-20.1576,28.0978
-20.1727,28.0387
-20.1819,28.0650
-20.1988,27.9703
-20.2109,27.9460
-20.2223,27.9316
-20.2363,27.8673
-20.2497,27.8079
-20.2589,27.8284
-20.2672,27.8738
-20.2701,28.0540
-20.2867,27.9046
-20.2958,27.9450
-20.3062,27.9503
-20.3166,27.9556
-20.3274,27.9509
-20.3380,27.9512
-20.3475,28.0064
-20.3592,27.9516
-20.3697,27.9568
-20.3802,27.9669
-20.3908,27.9770
-20.4014,27.9921
-20.4121,27.9821
-20.4228,27.9771
-20.4337,28.0371
-20.4449,28.0870
-20.4555,28.0520
-20.4663,28.0418
-20.4770,28.0317
-20.4878,28.0315
-20.5022,28.1925
-20.5096,28.0360
-20.5206,28.0407
-20.5317,28.0454
-20.5419,28.0251
-20.5525,28.0197
-20.5625,27.9993
-20.5688,27.8964
-20.5808,27.9292
-20.5928,27.9587
-20.6119,28.1222
-20.6120,27.9214
-20.6243,27.9520
-20.6342,27.9400
-20.6451,27.9443
-20.6560,27.9485
-20.6646,27.9186
-20.6751,27.9186
-20.6897,27.9710
-20.6957,27.9121
-20.7127,27.9902
-20.7204,27.9544
-20.7334,27.9804
-20.7375,27.9077
-20.7433,27.8570
-20.7512,27.8311
-20.4580,24.7994
-20.7717,27.8291
-20.7830,27.8380
-20.8038,27.9334
-20.8138,27.9273
-20.8231,27.9162
-20.8804,28.3100
-20.8423,27.8989
-20.8472,27.8531
-20.8550,27.8321
-20.9038,28.1262
-20.9420,28.3274
-20.8992,27.9267
-20.9758,28.3984
-20.9891,28.4067
-21.0040,28.4247
-21.0189,28.4427
-21.0355,28.4706
-21.3177,30.2105
-21.0606,28.4717
-21.0751,28.4846
-21.0881,28.4876
-21.3904,30.2190
-21.4036,30.1915
-21.4401,30.2990
-21.4481,30.2417
-21.4785,30.3102
-21.4943,30.2972
-21.5169,30.3207
-21.5240,30.2612
-21.5551,30.3287
-21.5877,30.4015
-21.5877,30.3071
-21.6043,30.2987
-21.6205,30.2880
-21.6569,30.3747
-21.6681,30.3393
-21.6905,30.3574
-21.7210,30.4122
-21.7213,30.3278
-21.7488,30.3678
-21.7755,30.4027
-21.8113,30.4765
-21.8436,30.4510
-21.8570,30.4273
-21.8715,30.4084
-21.8895,30.4040
-21.9195,30.4481
-21.9522,30.5017
-21.5540,28.8646
-21.5673,28.8612
-21.5769,28.8432
-22.0845,30.7072
-21.6551,29.0294
-21.6664,29.0160
-21.6788,29.0074
-21.6845,28.9747
-21.6408,28.7170
-21.6482,28.6941
-21.6568,28.6760
-21.7048,28.7921
-21.6795,28.6589
-21.7454,28.8322
-21.8100,28.9485
-21.7051,28.5623
-21.7190,28.5632
-21.7163,28.5116
-21.7179,28.4744
-21.7332,28.4800
-21.7655,28.5378
-21.7559,28.4673
-21.7633,28.4490
-21.7722,28.4355
-21.7778,28.4125
-21.7866,28.3989
-21.7969,28.3901
-21.8088,28.3860
-21.8873,28.5703
-21.8729,28.4906
-21.8986,28.5238
-21.9041,28.5006
-21.8974,28.4445
-21.8990,28.4119
-21.9093,28.4027
-21.9530,28.4825
-21.9331,28.3937
-21.9576,28.4218
-21.9804,28.4452
-21.9998,28.4591
-22.0137,28.4590
-22.0277,28.4588
-22.1106,28.6303
-22.0519,28.4491
-22.0659,28.4488
-22.0799,28.4485
-22.0919,28.4435
-22.1059,28.4431
-22.1180,28.4380
-22.1320,28.4375
-22.1771,28.5093
-22.1581,28.4317
-22.1761,28.4403
-22.1962,28.4533
-22.2205,28.4753
-22.2306,28.4654
-22.2448,28.4645
-22.3500,28.6638
-22.2711,28.4580
-22.4048,28.7156
-23.4249,30.8727
-23.4506,30.8772
-22.4498,28.7112
-22.4541,28.6870
-23.5561,30.8988
-23.5865,30.9118
-23.6148,30.9202
-23.6431,30.9285
-23.6716,30.9366
-23.7001,30.9447
-23.7349,30.9650
-23.7505,30.9471
-23.7792,30.9549
-23.8103,30.9669
-23.8391,30.9744
-23.8704,30.9863
-23.8994,30.9935
-23.9375,31.0175
-23.9506,30.9945
-23.9822,31.0059
-24.0139,31.0171
-24.0457,31.0282
-24.0776,31.0391
-24.1095,31.0499
-24.1416,31.0606
-24.1937,31.0598
-24.2260,31.0702
-24.2609,31.0847
-24.2934,31.0947
-24.3261,31.1046
-24.3588,31.1144
-24.4116,31.1121
-24.4446,31.1215
-24.4801,31.1350
-24.5132,31.1441
-24.5491,31.1574
-24.5850,31.1704
-24.6235,31.1873
-24.6413,31.1707
-24.6748,31.1792
-24.7111,31.1917
-24.7475,31.2040
-24.7841,31.2162
-24.8234,31.2325
-24.8602,31.2443
-24.9175,31.2426
-24.9545,31.2540
-24.9916,31.2653
-25.0289,31.2764
-25.0662,31.2874
-25.1065,31.3023
-25.1647,31.2987
-25.2052,31.3132
-25.2459,31.3274
-25.2867,31.3415
-25.3276,31.3554
-25.3687,31.3691
-25.4130,31.3871
-25.4308,31.3677
-25.4721,31.3809
-25.5136,31.3939
-25.5552,31.4068
-25.5969,31.4194
-25.6417,31.4359
-25.6837,31.4482
-25.7499,31.4483
-25.7952,31.4641
-25.8376,31.4756
-25.8832,31.4910
-25.9289,31.5061
-25.9747,31.5210
-26.0420,31.5188
-26.0913,31.5371
-26.1251,31.5356
-26.1778,31.5573
-26.1898,31.5284
-26.1953,31.4917
-26.2679,31.5370
-26.2758,31.5031
-26.3034,31.4932
-26.3470,31.5023
-26.3972,31.5189
-26.4475,31.5352
-26.4980,31.5513
-26.5421,31.5596
-26.6152,31.5578
-26.8108,28.8862
-26.8246,28.8673
-26.8292,28.8421
-26.8425,28.8228
-26.8515,28.8007
-26.8692,28.7845
-26.8736,28.7593
-26.8865,28.7399
-26.8995,28.7205
-26.9082,28.6983
-26.9210,28.6788
-26.9337,28.6593
-26.9549,28.6174
-26.9716,28.6005
-27.5759,28.9259
-27.5894,28.9044
-28.5528,29.4732
-27.5871,28.8137
-27.6259,28.8078
-27.5918,28.7576
-27.6262,28.7489
-28.1974,29.0604
-28.6026,29.2690
-28.6645,29.2724
-28.6734,29.2443
-28.6748,29.2120
-28.6935,29.1897
-28.7078,29.1648
-28.7220,29.1399
-28.7361,29.1150
-28.7603,29.0957
-28.7598,29.0626
-28.7737,29.0376
-28.7875,29.0125
-28.8012,28.9874
-28.8149,28.9622
-28.8329,28.9394
-28.8566,28.9196
-28.8598,28.8888
-28.8732,28.8635
-28.8909,28.8404
-28.9042,28.8150
-28.9173,28.7895
-28.9348,28.7662
-28.9478,28.7407
-28.9781,28.6917
-28.9878,28.6645
-29.0005,28.6387
-29.0131,28.6130
-29.0287,28.5887
-29.0412,28.5628
-29.0641,28.5419
-29.0659,28.5110
-29.0826,28.4872
-29.1099,28.4682
-29.1265,28.4442
-29.1476,28.4222
-29.1642,28.3981
-29.1852,28.3760
-29.2133,28.3253
-29.2296,28.3010
-29.2412,28.2745
-29.2573,28.2500
-29.2687,28.2235
-29.2847,28.1989
-29.3118,28.1476
-29.3276,28.1228
-29.3433,28.0980
-29.3589,28.0731
-29.3745,28.0481
-29.3900,28.0231
-29.4161,27.9710
-29.4313,27.9459
-29.4465,27.9206
-29.4617,27.8953
-29.4814,27.8717
-29.4964,27.8463
-29.5113,27.8208
-29.5363,27.7679
-29.5510,27.7423
-29.5656,27.7166
-29.5801,27.6908
-29.5946,27.6650
-29.6138,27.6407
-29.6376,27.5871
-29.6518,27.5611
-29.6707,27.5366
-29.6848,27.5104
-29.7035,27.4857
-29.7174,27.4594
-29.7450,27.4066
-29.7587,27.3801
-29.7770,27.3551
-29.7954,27.3300
-29.8088,27.3033
-29.8270,27.2780
-29.8488,27.2230
-29.8667,27.1975
-29.8798,27.1705
-29.8976,27.1449
-29.9106,27.1178
-29.9283,27.0920
-29.9459,27.0662
-29.9712,27.0116
-29.9886,26.9855
-30.0059,26.9594
-30.0184,26.9319
-30.0355,26.9055
-30.0478,26.8779
-30.0721,26.8225
-30.0841,26.7948
-30.1009,26.7681
-30.1128,26.7402
-30.1294,26.7134
-30.1460,26.6866
-30.1692,26.6304
-29.1907,25.6466
-29.1399,25.6128
-29.0742,25.5774
-29.0034,25.5417
-28.9373,25.5071
-28.8613,25.4716
-28.8248,25.4415
-28.8307,25.3910
-28.8535,25.3680
-28.8662,25.3438
-28.8838,25.3201
-28.8915,25.2952
-28.9189,25.2723
-28.9338,25.2222
-28.9515,25.1980
-28.9610,25.1473
-20.6280,14.4249
-20.5968,14.4893
-20.5663,14.5388
-20.5360,14.5934
-20.5060,14.6530
-20.4472,14.7077
-20.4181,14.7777
-20.3894,14.8427
-20.3608,14.8694
-20.3327,14.9246
-20.3049,14.9798
-20.2491,15.0256
-20.2219,15.0761
-20.1959,15.1603
-20.1692,15.2010
-20.1428,15.2418
-20.0628,15.3096
-20.0375,15.3606

# FrameTime=1781596605.09, PointCount=683
-17.3538,26.6959
-15.3802,28.1844
-17.3116,26.7563
-17.3345,26.7535
-17.4410,26.6871
-17.3288,26.7872
-17.4745,26.6896
-15.4882,28.2439
-15.4919,28.2649
-17.5343,26.6852
-17.4588,26.7589
-17.5127,26.7304
-15.5344,28.3268
-17.6396,26.6569
-17.6852,26.6338
-15.6143,28.3344
-15.6319,28.3440
-17.6936,26.6679
-17.6619,26.7080
-17.6381,26.7418
-17.6834,26.7180
-17.6864,26.7295
-15.7756,28.3681
-17.6700,26.7718
-17.8021,26.6724
-17.9487,26.5592
-17.9664,26.5568
-17.9879,26.5509
-17.9418,26.6045
-17.8137,26.7313
-15.9201,28.4352
-17.8239,26.7503
-15.9091,28.4938
-15.9675,28.4654
-15.9870,28.4720
-15.9938,28.4902
-17.8775,26.7720
-16.0894,28.4505
-17.8698,26.8077
-17.8442,26.8462
-17.8841,26.8229
-17.9022,26.8202
-17.9130,26.8242
-18.0354,26.7207
-16.2431,28.4745
-18.0814,26.7035
-17.9385,26.8577
-16.1341,28.6558
-16.2658,28.5504
-16.2817,28.5593
-16.2941,28.5717
-16.1958,28.6963
-18.0878,26.7949
-18.2241,26.6695
-18.1856,26.7227
-17.9739,26.9561
-17.9781,26.9671
-16.4862,28.5483
-16.5234,28.5338
-16.5247,28.5573
-16.5337,28.5726
-16.5553,28.5995
-16.5679,28.6111
-16.5872,28.6152
-16.6065,28.6193
-16.6458,28.6012
-16.6459,28.6264
-16.5774,28.7286
-16.6778,28.6415
-16.6971,28.6452
-16.6769,28.6939
-16.6857,28.7097
-16.7246,28.6908
-16.7342,28.7056
-16.7142,28.7551
-16.7632,28.7239
-16.8051,28.7006
-18.5627,26.6323
-18.6078,26.5918
-16.8574,28.7165
-16.8884,28.7052
-16.8801,28.7416
-16.8858,28.7611
-16.9060,28.7628
-16.9744,28.7045
-17.0246,28.6682
-17.0435,28.6705
-17.0594,28.6767
-17.0629,28.6985
-16.9038,28.9292
-17.0734,28.7383
-17.0803,28.7562
-18.6581,26.7216
-18.6650,26.7268
-18.6237,26.7959
-18.6578,26.7653
-18.6380,26.8066
-17.1737,28.7956
-18.6226,26.8575
-17.1912,28.8270
-17.2044,28.8367
-17.2148,28.8504
-17.2281,28.8600
-18.6187,26.9411
-17.2548,28.8790
-18.6944,26.8661
-18.7046,26.8672
-18.6919,26.9010
-17.3198,28.9003
-18.6729,26.9608
-18.6410,27.0238
-18.5983,27.1036
-18.6148,27.0966
-18.6200,27.1062
-18.6225,27.1199
-17.4723,28.8771
-17.4802,28.8943
-17.4119,29.0282
-17.4854,28.9453
-17.5260,28.9122
-17.5234,28.9460
-17.5396,28.9505
-17.5718,28.9296
-17.5467,28.9999
-17.6095,28.9297
-17.5418,29.0693
-17.6470,28.9295
-17.6122,29.0169
-17.6312,29.0168
-17.6502,29.0166
-17.6809,28.9966
-17.6997,28.9963
-17.6299,29.1459
-17.7232,29.0193
-17.7295,29.0404
-17.7473,29.0415
-17.7736,29.0279
-17.7751,29.0575
-17.7654,29.1071
-17.7819,29.1106
-17.7781,29.1506
-17.8126,29.1220
-17.8291,29.1254
-17.8432,29.1332
-17.8645,29.1277
-17.8919,29.1108
-17.9046,29.1210
-17.8430,29.2711
-17.9305,29.1404
-17.9391,29.1584
-17.9556,29.1614
-17.9676,29.1732
-17.9818,29.1806
-17.9939,29.1923
-17.9612,29.2928
-18.0302,29.1916
-18.0556,29.1764
-18.0765,29.1700
-18.0798,29.1994
-18.1019,29.1904
-18.0868,29.2584
-18.0511,29.3704
-18.1373,29.2272
-18.1730,29.1888
-18.1979,29.1729
-18.2122,29.1796
-18.2098,29.2225
-18.2014,29.2790
-18.1803,29.3644
-18.2510,29.2467
-18.2736,29.2349
-18.2973,29.2206
-18.3357,29.1722
-18.3261,29.2332
-18.3445,29.2303
-18.3161,29.3368
-18.3753,29.2381
-18.3840,29.2580
-18.3774,29.3146
-18.3924,29.3201
-18.4144,29.3084
-18.4516,29.2590
-18.4810,29.2279
-18.4050,29.4601
-18.4989,29.2672
-18.5080,29.2869
-18.5208,29.2972
-18.5354,29.3029
-18.5501,29.3086
-18.5665,29.3095
-18.4884,29.5622
-18.5959,29.3205
-18.6123,29.3213
-18.6270,29.3267
-18.6434,29.3273
-18.6615,29.3233
-18.6746,29.3332
-18.6582,29.4271
-18.7156,29.3107
-18.7319,29.3111
-18.7337,29.3538
-18.7168,29.4526
-18.7332,29.4536
-18.7797,29.3640
-18.7454,29.5185
-18.8309,29.3075
-18.8441,29.3170
-18.8558,29.3312
-18.8660,29.3501
-18.8749,29.3737
-18.8728,29.4333
-18.8587,29.5334
-18.9116,29.4683
-18.9240,29.4823
-18.9391,29.4868
-18.9682,29.4434
-18.9874,29.4333
-19.0078,29.4184
-19.0405,29.4172
-19.0594,29.4069
-19.0614,29.4590
-19.0643,29.5091
-19.0783,29.5180
-19.1131,29.4469
-19.1163,29.4969
-19.1604,29.3871
-19.1910,29.3280
-19.1663,29.4913
-19.1792,29.5047
-19.1805,29.5665
-19.1849,29.6167
-19.2027,29.6106
-19.1954,29.7133
-19.2334,29.6198
-19.2462,29.6360
-19.2830,29.5442
-19.2888,29.5914
-19.3137,29.5509
-19.3271,29.5640
-19.2864,29.8355
-19.3503,29.6074
-19.3818,29.5322
-19.3981,29.5304
-19.4144,29.5286
-19.4326,29.5169
-19.4451,29.5345
-19.4188,29.7598
-19.4713,29.5648
-19.4867,29.5676
-19.5021,29.5704
-19.5172,29.5754
-19.5335,29.5732
-19.5465,29.5905
-19.5450,29.6958
-19.5271,29.9056
-19.5876,29.6326
-19.6024,29.6400
-19.6211,29.6227
-19.6338,29.6448
-19.6364,29.7358
-19.6538,29.7283
-19.6718,29.7153
-19.7033,29.6045
-19.7189,29.6066
-19.7240,29.6877
-19.7475,29.6305
-19.9536,28.1188
-19.9647,28.1202
-19.9788,28.0967
-19.7947,29.7699
-20.0127,27.9950
-19.8295,29.7487
-20.0374,27.9675
-19.8651,29.7174
-20.0587,27.9698
-20.0703,27.9609
-20.0809,27.9619
-20.0957,27.9181
-20.1102,27.8742
-20.1176,27.9100
-19.9703,29.8025
-20.1329,27.9815
-20.1305,28.1518
-20.1324,28.2773
-20.1522,28.1635
-20.1740,28.0096
-20.1867,27.9804
-20.1995,27.9462
-20.2024,28.0772
-20.2215,27.9325
-20.2347,27.8831
-20.2489,27.8088
-20.2583,27.8242
-20.2668,27.8647
-20.2759,27.8951
-20.2804,28.0504
-20.2953,27.9358
-20.3054,27.9512
-20.3160,27.9515
-20.3266,27.9518
-20.3372,27.9521
-20.3478,27.9523
-20.3575,28.0025
-20.3688,27.9627
-20.3794,27.9678
-20.3899,27.9829
-20.4006,27.9880
-20.4113,27.9880
-20.4220,27.9880
-20.4331,28.0935
-20.4441,28.0985
-20.4546,28.0428
-20.4762,28.0326
-20.4870,28.0274
-20.4980,28.0371
-20.5088,28.0369
-20.5235,28.1729
-20.5302,28.0263
-20.5410,28.0260
-20.5520,28.0306
-20.5615,27.9952
-20.5684,27.9056
-20.5798,27.9251
-20.5913,27.9446
-20.6014,27.9355
-20.6132,27.9584
-20.6235,27.9514
-20.6337,27.9458
-20.6437,27.9352
-20.6529,27.9152
-20.6642,27.9252
-20.6747,27.9245
-20.6848,27.9187
-20.7017,27.9989
-20.7107,27.9768
-20.7209,27.9702
-20.7280,27.9295
-20.7424,27.9704
-20.7430,27.8628
-20.4561,24.8003
-20.7607,27.8310
-20.7709,27.8299
-20.7811,27.8289
-20.8030,27.9343
-20.8130,27.9282
-20.8223,27.9171
-20.8322,27.9109
-20.8804,28.2201
-20.8452,27.8441
-20.8919,28.1285
-20.9030,28.1270
-20.9108,28.1008
-20.9651,28.4158
-20.9743,28.3944
-20.9876,28.4026
-21.0025,28.4206
-21.0181,28.4436
-21.0340,28.4665
-21.0515,28.4992
-21.3529,30.3270
-21.0735,28.4805
-21.0873,28.4884
-21.0987,28.4815
-21.4011,30.1825
-21.4295,30.2435
-21.4473,30.2426
-21.4724,30.2816
-21.4971,30.3177
-21.5038,30.2555
-21.5375,30.3379
-21.5549,30.3323
-21.5721,30.3262
-21.5888,30.3178
-21.6025,30.2946
-21.6147,30.2644
-21.6495,30.3439
-21.6708,30.3571
-21.6976,30.3950
-21.7144,30.3862
-21.7216,30.3336
-21.7524,30.3881
-21.7725,30.3938
-21.8099,30.4749
-21.8281,30.4707
-21.8586,30.4379
-21.8695,30.4044
-21.8887,30.4048
-21.9163,30.4392
-21.9417,30.4638
-21.5520,28.8606
-21.5665,28.8621
-21.5761,28.8441
-22.0512,30.5852
-21.6556,29.0351
-21.6655,29.0169
-21.6793,29.0131
-21.6837,28.9756
-21.6392,28.7644
-21.6488,28.6997
-21.6560,28.6768
-21.6660,28.6635
-21.7200,28.7987
-21.6871,28.6416
-21.7128,28.6808
-21.7051,28.6100
-21.7028,28.5584
-21.7182,28.5641
-21.7170,28.5172
-21.7171,28.4752
-21.7339,28.4856
-21.7430,28.4721
-21.7739,28.5251
-21.7625,28.4499
-21.7714,28.4364
-21.7754,28.4086
-21.7874,28.4045
-21.7977,28.3957
-21.8080,28.3868
-21.8532,28.4769
-21.8821,28.5197
-21.8978,28.5247
-21.9084,28.5155
-21.8983,28.4500
-21.8982,28.4127
-21.9102,28.4083
-21.9222,28.4038
-21.9590,28.4647
-21.9568,28.4227
-21.9778,28.4414
-21.9953,28.4507
-22.0111,28.4552
-22.0250,28.4551
-22.0390,28.4549
-22.0530,28.4546
-22.0949,28.5227
-22.0791,28.4494
-22.0911,28.4444
-22.1051,28.4440
-22.1172,28.4389
-22.1312,28.4384
-22.1452,28.4378
-22.1985,28.5278
-22.1753,28.4411
-22.1954,28.4541
-22.2156,28.4671
-22.2318,28.4708
-22.2440,28.4653
-22.2582,28.4644
-22.3911,28.7224
-22.3998,28.7074
-23.4241,30.8735
-22.4361,28.7181
-23.4777,30.8870
-22.4490,28.6788
-23.5359,30.9090
-23.5835,30.9082
-23.6140,30.9210
-23.6423,30.9293
-23.6708,30.9375
-23.6993,30.9456
-23.7301,30.9580
-23.7784,30.9557
-23.8095,30.9678
-23.8383,30.9753
-23.8696,30.9871
-23.8986,30.9944
-23.9301,31.0060
-23.9659,31.0254
-23.9790,31.0023
-24.0107,31.0136
-24.0425,31.0246
-24.0743,31.0356
-24.1063,31.0464
-24.1384,31.0571
-24.1705,31.0677
-24.2228,31.0667
-24.2573,31.0806
-24.2898,31.0907
-24.3224,31.1007
-24.3554,31.1110
-24.3882,31.1206
-24.4437,31.1223
-24.4768,31.1316
-24.5124,31.1450
-24.5483,31.1582
-24.5842,31.1713
-24.6200,31.1839
-24.6562,31.1967
-24.6767,31.1843
-24.7103,31.1925
-24.7467,31.2049
-24.7833,31.2171
-24.8199,31.2291
-24.8566,31.2410
-24.8935,31.2527
-24.9510,31.2507
-24.9908,31.2662
-25.0281,31.2773
-25.0654,31.2882
-25.1029,31.2990
-25.1432,31.3138
-25.2016,31.3099
-25.2422,31.3242
-25.2830,31.3383
-25.3240,31.3522
-25.3650,31.3659
-25.4062,31.3795
-25.4684,31.3777
-25.5098,31.3908
-25.5514,31.4036
-25.5931,31.4163
-25.6379,31.4328
-25.6799,31.4451
-25.7284,31.4657
-25.7461,31.4452
-25.7884,31.4570
-25.8338,31.4725
-25.8793,31.4879
-25.9250,31.5030
-25.9708,31.5179
-26.0168,31.5326
-26.0905,31.5379
-26.1243,31.5365
-26.1840,31.5669
-26.1921,31.5331
-26.1913,31.4887
-26.2632,31.5331
-26.3026,31.4941
-26.3462,31.5032
-26.3964,31.5198
-26.4435,31.5323
-26.4939,31.5484
-26.5478,31.5680
-26.5865,31.5696
-26.6200,31.5651
-26.6358,31.5400
-26.8059,28.8842
-26.8193,28.8650
-26.8284,28.8430
-26.8376,28.8209
-26.8507,28.8016
-26.8728,28.7601
-26.8857,28.7408
-26.8945,28.7186
-26.9074,28.6991
-26.9202,28.6797
-26.9287,28.6574
-26.9540,28.6183
-26.9923,28.6151
-27.5624,28.9188
-27.6055,28.9159
-28.5520,29.4741
-27.5863,28.8146
-27.6208,28.8061
-28.4668,29.2883
-28.1236,29.0178
-28.5932,29.2648
-28.6594,29.2707
-28.6639,29.2401
-28.6827,29.2178
-28.6884,29.1880
-28.7070,29.1657
-28.7212,29.1408
-28.7353,29.1159
-28.7493,29.0909
-28.7772,29.0408
-28.7910,29.0158
-28.8048,28.9906
-28.8185,28.9654
-28.8321,28.9402
-28.8500,28.9173
-28.8768,28.8666
-28.8901,28.8413
-28.9078,28.8181
-28.9209,28.7926
-28.9340,28.7671
-28.9470,28.7415
-28.9773,28.6925
-28.9900,28.6668
-29.0027,28.6411
-29.0154,28.6153
-29.0279,28.5895
-29.0404,28.5637
-29.0678,28.5450
-29.0696,28.5140
-29.0864,28.4902
-29.1136,28.4712
-29.1303,28.4472
-29.1468,28.4231
-29.1679,28.4010
-29.1844,28.3768
-29.2125,28.3262
-29.2242,28.2998
-29.2404,28.2754
-29.2565,28.2509
-29.2839,28.1997
-29.2952,28.1731
-29.3110,28.1484
-29.3268,28.1237
-29.3425,28.0988
-29.3581,28.0739
-29.3845,28.0221
-29.3999,27.9970
-29.4199,27.9737
-29.4352,27.9485
-29.4504,27.9233
-29.4655,27.8980
-29.4909,27.8454
-29.5058,27.8199
-29.5207,27.7944
-29.5354,27.7688
-29.5501,27.7431
-29.5648,27.7174
-29.5938,27.6658
-29.6082,27.6399
-29.6273,27.6156
-29.6416,27.5896
-29.6558,27.5635
-29.6699,27.5374
-29.6887,27.5128
-29.7118,27.4587
-29.7304,27.4339
-29.7442,27.4075
-29.7626,27.3825
-29.7762,27.3559
-29.7946,27.3308
-29.8166,27.2760
-29.8347,27.2507
-29.8480,27.2238
-29.8659,27.1983
-29.8838,27.1728
-29.8968,27.1458
-29.9227,27.0915
-29.9403,27.0657
-29.9530,27.0384
-29.9704,27.0125
-29.9878,26.9864
-30.0051,26.9602
-30.0299,26.9052
-30.0421,26.8776
-30.0592,26.8511
-30.0761,26.8246
-30.0881,26.7968
-30.1049,26.7702
-30.1237,26.7132
-30.1403,26.6863
-30.1568,26.6594
-29.1652,25.6440
-29.1094,25.6096
-29.0486,25.5749
-28.9827,25.5400
-28.9100,25.4787
-28.8487,25.4454
-28.8270,25.4171
-28.8399,25.3931
-28.8576,25.3695
-28.8704,25.3452
-28.8933,25.3220
-28.8907,25.2961
-28.9081,25.2721
-28.9256,25.2481
-28.9383,25.2236
-28.9552,25.1993
-28.9476,25.1728
-28.9669,25.1229
-20.6263,14.4657
-20.5957,14.5101
-20.5356,14.5642
-20.5055,14.6239
-20.4757,14.6837
-20.4463,14.7486
-20.4173,14.8135
-20.3600,14.8587
-20.3315,14.8855
-20.3036,14.9392
-20.2759,14.9896
-20.2485,15.0414
-20.2218,15.1069
-20.1954,15.1712
-20.1667,15.1382
-20.1415,15.2276
-20.0896,15.3194
-20.0637,15.3554

# FrameTime=1781596605.19, PointCount=685
-17.3364,26.7086
-17.3553,26.7089
-17.3730,26.7242
-17.3720,26.7394
-15.4838,28.1999
-15.4794,28.2269
-15.4869,28.2448
-15.4905,28.2657
-17.4622,26.7416
-17.4652,26.7535
-17.6170,26.6473
-15.5331,28.3277
-15.5448,28.3423
-17.6488,26.6630
-17.6827,26.6492
-15.6500,28.3528
-17.6528,26.7152
-17.6597,26.7235
-17.6667,26.7317
-15.7585,28.3582
-17.6882,26.7417
-17.7294,26.7206
-17.8272,26.6504
-17.9435,26.5633
-17.9726,26.5510
-17.9639,26.5715
-15.8759,28.4254
-17.9170,26.6393
-17.8155,26.7433
-17.8411,26.7344
-15.9688,28.4395
-15.9883,28.4461
-16.0188,28.4425
-15.9924,28.4911
-17.9238,26.7287
-17.8868,26.7770
-17.8465,26.8290
-17.8792,26.8127
-17.8755,26.8306
-17.9261,26.7969
-16.1454,28.5193
-17.9260,26.8256
-18.0660,26.7043
-18.0299,26.7532
-17.9407,26.8550
-16.2413,28.5493
-16.2608,28.5548
-16.2768,28.5637
-16.3639,28.5009
-17.9950,26.8741
-18.1600,26.7208
-18.1948,26.6989
-18.1599,26.7487
-17.9587,26.9713
-16.4552,28.5553
-16.4856,28.5483
-16.5186,28.5383
-16.4303,28.6569
-16.5297,28.5762
-16.5448,28.5851
-16.5573,28.5967
-16.5732,28.6046
-16.5824,28.6197
-16.6118,28.6128
-16.5235,28.7360
-16.6570,28.6133
-16.6571,28.6385
-16.6764,28.6423
-16.6957,28.6460
-16.6624,28.7097
-16.6876,28.7068
-16.6869,28.7336
-16.7328,28.7065
-16.7522,28.7099
-16.7715,28.7133
-16.7458,28.7699
-16.7584,28.7815
-16.8207,28.7334
-16.8560,28.7173
-16.8236,28.7829
-16.8999,28.7166
-16.8948,28.7492
-16.9288,28.7337
-16.9948,28.6782
-17.0263,28.6651
-17.0452,28.6675
-16.9002,28.8775
-17.0677,28.6915
-17.0775,28.7055
-17.0720,28.7391
-17.0820,28.7531
-18.6050,26.7899
-18.6545,26.7396
-18.6765,26.7249
-18.6564,26.7661
-18.6396,26.8035
-18.6288,26.8329
-18.6391,26.8342
-17.1898,28.8279
-17.2001,28.8416
-17.1080,28.9969
-18.5923,26.9609
-17.2400,28.8703
-18.6886,26.8577
-18.6988,26.8588
-17.2840,28.8933
-18.6963,26.8936
-18.6923,26.9152
-18.6942,26.9287
-18.6425,27.0205
-18.6026,27.0961
-18.6078,27.1057
-17.4387,28.8685
-18.6295,27.1082
-18.6375,27.1136
-17.2952,29.1746
-17.4923,28.9039
-17.4976,28.9252
-17.5057,28.9423
-17.5166,28.9552
-17.5382,28.9513
-17.5625,28.9431
-17.4781,29.1079
-17.5617,29.0050
-17.5728,29.0178
-17.6404,28.9388
-17.6135,29.0135
-17.6298,29.0176
-17.6488,29.0174
-17.6131,29.1085
-17.7009,28.9928
-17.7045,29.0181
-17.7269,29.0116
-17.7306,29.0369
-17.7509,29.0337
-17.7747,29.0244
-17.7450,29.1086
-17.7803,29.0792
-17.7845,29.1045
-17.7971,29.1150
-17.8112,29.1228
-17.8277,29.1263
-17.8466,29.1253
-17.8631,29.1286
-17.8787,29.1336
-17.9093,29.1104
-17.9196,29.1249
-17.9314,29.1368
-17.9377,29.1593
-17.9519,29.1667
-17.9662,29.1741
-17.9534,29.2343
-17.9948,29.1887
-18.0091,29.1959
-18.0332,29.1835
-18.0564,29.1727
-18.0707,29.1798
-18.0797,29.1977
-18.0528,29.2895
-18.1105,29.2071
-18.0956,29.2752
-18.1381,29.2235
-18.1737,29.1851
-18.1965,29.1738
-18.2108,29.1804
-18.1743,29.2972
-18.2311,29.2117
-18.2413,29.2274
-18.2476,29.2521
-18.2783,29.2221
-18.3100,29.1895
-18.3243,29.1958
-18.2679,29.3648
-18.3411,29.2357
-18.3556,29.2419
-18.3681,29.2527
-18.3884,29.2451
-18.3725,29.3241
-18.3910,29.3209
-18.4187,29.2954
-18.3809,29.4303
-18.4778,29.2334
-18.4904,29.2438
-18.4938,29.2773
-18.5066,29.2877
-18.5140,29.3120
-18.5340,29.3038
-18.4365,29.6027
-18.5651,29.3103
-18.5816,29.3112
-18.5962,29.3167
-18.6109,29.3221
-18.6273,29.3228
-18.6421,29.3282
-18.6318,29.4031
-18.6732,29.3341
-18.6764,29.3722
-18.7158,29.3068
-18.7305,29.3119
-18.7226,29.3829
-18.7106,29.4676
-18.7321,29.4538
-18.7673,29.3980
-18.8087,29.3224
-18.8296,29.3083
-18.8412,29.3225
-18.8544,29.3320
-18.8631,29.3557
-18.8646,29.4031
-18.8356,29.5501
-18.8879,29.4340
-18.8539,29.6011
-18.9102,29.4691
-18.9226,29.4832
-18.9420,29.4733
-18.9682,29.4394
-18.9464,29.5726
-19.0051,29.4240
-19.0214,29.4235
-19.0417,29.4084
-19.0567,29.4125
-19.0497,29.4983
-19.0629,29.5099
-19.0270,29.7087
-19.0935,29.5180
-19.1268,29.4517
-19.1712,29.3396
-19.1751,29.3869
-19.1637,29.4969
-19.1719,29.5297
-19.1884,29.5286
-19.1693,29.6773
-19.2002,29.6163
-19.2079,29.6540
-19.2719,29.4458
-19.2881,29.4444
-19.2816,29.5450
-19.2895,29.5825
-19.2157,30.0005
-19.3195,29.5940
-19.3330,29.6070
-19.3540,29.5837
-19.3764,29.5527
-19.3987,29.5215
-19.4130,29.5294
-19.3588,29.8920
-19.4474,29.5157
-19.4572,29.5481
-19.4708,29.5607
-19.4844,29.5734
-19.4981,29.5860
-19.5167,29.5713
-19.5190,29.6505
-19.5476,29.5766
-19.5517,29.6480
-19.5602,29.6943
-19.5878,29.6236
-19.5972,29.6654
-19.6220,29.6088
-19.6223,29.7126
-19.6423,29.6874
-19.6560,29.7039
-19.6739,29.6920
-19.7033,29.5955
-19.7148,29.6272
-19.7246,29.6737
-19.7474,29.6215
-19.9510,28.1296
-19.7719,29.6798
-19.9751,28.1174
-19.9890,28.0939
-20.0130,27.9809
-19.8329,29.7070
-20.0344,27.9833
-20.0472,27.9645
-20.0588,27.9557
-20.0709,27.9418
-20.0810,27.9478
-20.0976,27.8841
-20.0696,28.3133
-20.1188,27.8810
-20.1258,27.9217
-20.1291,28.0123
-20.1237,28.2225
-20.1347,28.2283
-20.1582,28.0596
-20.1688,28.0659
-20.1804,28.0561
-20.1978,27.9520
-20.2096,27.9327
-20.2207,27.9233
-20.2355,27.8440
-20.2475,27.8096
-20.2572,27.8201
-20.2568,28.0603
-20.2747,27.8909
-20.2842,27.9163
-20.2939,27.9367
-20.3042,27.9470
-20.3146,27.9523
-20.3252,27.9526
-20.3345,28.0079
-20.3464,27.9531
-20.3570,27.9533
-20.3675,27.9585
-20.3780,27.9686
-20.3886,27.9787
-20.3992,27.9938
-20.4099,27.9788
-20.4206,27.9888
-20.4315,28.0338
-20.4426,28.0738
-20.4532,28.0387
-20.4641,28.0435
-20.4748,28.0334
-20.4857,28.0332
-20.5000,28.1942
-20.5073,28.0327
-20.5183,28.0374
-20.5293,28.0421
-20.5397,28.0268
-20.5501,28.0164
-20.5581,27.9468
-20.5674,27.9164
-20.5784,27.9259
-20.6910,30.0169
-20.6003,27.9413
-20.6098,27.9231
-20.6219,27.9487
-20.6315,27.9318
-20.6429,27.9460
-20.6532,27.9410
-20.6627,27.9253
-20.6747,27.9445
-20.6831,27.9146
-20.6939,27.9187
-20.7106,27.9939
-20.7209,27.9880
-20.7284,27.9502
-20.7345,27.8995
-20.7397,27.8438
-20.7486,27.8279
-20.7593,27.8318
-20.7690,27.8258
-20.7824,27.8546
-20.8016,27.9351
-20.8116,27.9290
-20.8456,28.1320
-20.8320,27.9216
-20.8389,27.8907
-20.8664,28.0267
-20.8917,28.1392
-20.9010,28.1229
-20.9405,28.3340
-20.9596,28.3869
-20.9729,28.3952
-20.9869,28.4084
-21.0025,28.4314
-21.0168,28.4444
-21.2556,29.9349
-21.0462,28.4753
-21.0600,28.4833
-21.0721,28.4814
-21.3595,30.1546
-21.3849,30.2010
-21.4056,30.2178
-21.4362,30.2908
-21.4477,30.2533
-21.4718,30.2873
-21.4970,30.3257
-21.5079,30.2858
-21.5227,30.2678
-21.5539,30.3353
-21.5865,30.4081
-21.5826,30.2941
-21.5978,30.2786
-21.6388,30.3899
-21.6430,30.3203
-21.6659,30.3410
-21.6893,30.3640
-21.7199,30.4187
-21.7223,30.3442
-21.7423,30.3500
-21.7766,30.4190
-21.8227,30.4545
-21.8368,30.4333
-21.8549,30.4290
-21.8670,30.4003
-21.8909,30.4202
-21.9173,30.4498
-21.5506,28.8615
-21.5627,28.8532
-21.5747,28.8449
-22.0261,30.4965
-21.6542,29.0359
-21.6629,29.0129
-21.6779,29.0139
-22.0935,30.4576
-21.6567,28.8325
-21.6373,28.7139
-21.6446,28.6910
-21.6909,28.8025
-21.6660,28.6691
-21.6759,28.6558
-21.6799,28.6233
-21.7623,28.8491
-21.6905,28.5678
-21.7014,28.5592
-21.7613,28.7067
-21.7081,28.4942
-21.7142,28.4713
-21.7494,28.5388
-21.7416,28.4730
-21.7553,28.4737
-21.7627,28.4555
-21.7684,28.4325
-21.7740,28.4095
-21.7827,28.3959
-21.8066,28.3877
-21.8435,28.4542
-21.8774,28.5111
-21.8964,28.5255
-21.8951,28.4835
-21.8986,28.4555
-21.8951,28.4089
-21.9491,28.5168
-21.9190,28.4000
-21.9345,28.4048
-21.9590,28.4329
-21.9801,28.4515
-21.9958,28.4562
-22.0115,28.4607
-22.0565,28.5385
-22.0358,28.4511
-22.0497,28.4508
-22.0618,28.4459
-22.0758,28.4456
-22.0897,28.4452
-22.1018,28.4402
-22.1484,28.5169
-22.1279,28.4346
-22.1419,28.4340
-22.1559,28.4334
-22.1759,28.4465
-22.1940,28.4550
-22.2122,28.4633
-22.2284,28.4671
-22.2755,28.5391
-22.2547,28.4607
-22.2647,28.4506
-22.2747,28.4405
-23.4227,30.8744
-22.4262,28.7008
-22.4519,28.7219
-22.4540,28.6932
-23.5280,30.8963
-23.5561,30.9050
-23.5865,30.9180
-23.6148,30.9264
-23.6454,30.9391
-23.6738,30.9473
-23.7220,30.9454
-23.7529,30.9577
-23.7816,30.9655
-23.8127,30.9775
-23.8416,30.9850
-23.8705,30.9924
-23.9061,31.0120
-23.9216,30.9936
-23.9508,31.0006
-23.9824,31.0120
-24.0141,31.0232
-24.0459,31.0342
-24.0778,31.0452
-24.1118,31.0597
-24.1297,31.0449
-24.1618,31.0554
-24.1940,31.0659
-24.2263,31.0762
-24.2588,31.0864
-24.2935,31.1002
-24.3261,31.1101
-24.3814,31.1124
-24.4143,31.1219
-24.4498,31.1356
-24.4829,31.1449
-24.5163,31.1544
-24.5521,31.1676
-24.6057,31.1639
-24.6418,31.1767
-24.6780,31.1893
-24.7143,31.2018
-24.7507,31.2141
-24.7873,31.2263
-24.8266,31.2424
-24.8444,31.2251
-24.8812,31.2369
-24.9181,31.2484
-24.9551,31.2599
-24.9950,31.2753
-25.0323,31.2864
-25.0696,31.2973
-25.1305,31.2981
-25.1682,31.3086
-25.2087,31.3231
-25.2494,31.3373
-25.2903,31.3514
-25.3312,31.3653
-25.3932,31.3641
-25.4344,31.3775
-25.4729,31.3866
-25.5143,31.3997
-25.5560,31.4125
-25.6007,31.4292
-25.6429,31.4421
-25.6636,31.4259
-25.7086,31.4421
-25.7538,31.4580
-25.7961,31.4697
-25.8415,31.4852
-25.8871,31.5006
-25.9395,31.5243
-25.9510,31.4951
-25.9969,31.5099
-26.0429,31.5244
-26.0891,31.5388
-26.1354,31.5529
-26.1882,31.5746
-26.2072,31.5543
-26.2247,31.5321
-26.2460,31.5146
-26.2768,31.5087
-26.3044,31.4987
-26.3544,31.5155
-26.4046,31.5320
-26.4550,31.5483
-26.5269,31.5461
-26.5753,31.5591
-26.6196,31.5670
-26.8049,28.8853
-26.8224,28.8690
-26.8403,28.8245
-26.8535,28.8053
-26.8625,28.7831
-26.8755,28.7638
-26.8844,28.7416
-26.8931,28.7194
-26.9060,28.7000
-26.9232,28.6555
-26.9400,28.6387
-26.9527,28.6191
-27.0373,28.6454
-27.2565,28.7566
-27.5949,28.9409
-28.4955,29.4407
-27.5249,28.8080
-27.5764,28.8102
-28.5915,29.3989
-27.6026,28.7672
-27.6284,28.7533
-28.6581,29.2715
-28.6625,29.2409
-28.6770,29.2162
-28.6870,29.1889
-28.7056,29.1665
-28.7255,29.1449
-28.7296,29.1143
-28.7436,29.0893
-28.7576,29.0643
-28.7715,29.0393
-28.7853,29.0142
-28.7990,28.9891
-28.8273,28.9718
-28.8263,28.9387
-28.8442,28.9158
-28.8576,28.8905
-28.8754,28.8675
-28.8887,28.8421
-28.9064,28.8190
-28.9254,28.7965
-28.9326,28.7679
-28.9456,28.7424
-28.9586,28.7168
-28.9714,28.6911
-28.9842,28.6655
-28.9983,28.6404
-29.0064,28.6125
-29.0359,28.5631
-29.0559,28.5408
-29.0727,28.5170
-29.0955,28.4959
-29.1122,28.4720
-29.1334,28.4501
-29.1620,28.3998
-29.1784,28.3756
-29.1948,28.3514
-29.2111,28.3270
-29.2551,28.2517
-29.2666,28.2252
-29.2825,28.2006
-29.2984,28.1759
-29.3143,28.1512
-29.3300,28.1264
-29.3457,28.1016
-29.3723,28.0498
-29.3878,28.0248
-29.4032,27.9997
-29.4185,27.9746
-29.4338,27.9494
-29.4490,27.9241
-29.4745,27.8717
-29.4895,27.8462
-29.5091,27.8225
-29.5240,27.7970
-29.5388,27.7713
-29.5535,27.7457
-29.5780,27.6925
-29.5924,27.6667
-29.6116,27.6424
-29.6259,27.6165
-29.6402,27.5905
-29.6544,27.5644
-29.6826,27.5121
-29.6965,27.4858
-29.7152,27.4611
-29.7290,27.4347
-29.7476,27.4098
-29.7612,27.3833
-29.7884,27.3302
-29.8066,27.3050
-29.8200,27.2783
-29.8381,27.2529
-29.8514,27.2261
-29.8645,27.1992
-29.8907,27.1452
-29.9036,27.1181
-29.9213,27.0924
-29.9389,27.0665
-29.9564,27.0406
-29.9690,27.0133
-29.9864,26.9872
-30.0113,26.9323
-30.0285,26.9060
-30.0456,26.8796
-30.0626,26.8532
-30.0747,26.8254
-30.0916,26.7988
-30.1106,26.7419
-30.1272,26.7151
-30.1389,26.6871
-30.1554,26.6602
-29.1588,25.6441
-29.1031,25.6098
-29.0324,25.5738
-28.9698,25.5132
-28.8987,25.4783
-28.8374,25.4450
-28.8306,25.4186
-28.8385,25.3939
-28.8562,25.3703
-28.8767,25.3212
-28.8893,25.2969
-28.9068,25.2730
-28.9242,25.2489
-28.9370,25.2244
-28.9493,25.1997
-28.9534,25.1485
-28.9605,25.1233
-20.6248,14.4715
-20.5645,14.5155
-20.5341,14.5701
-20.5040,14.6298
-20.4743,14.6945
-20.4449,14.7594
-20.3872,14.8294
-20.3586,14.8645
-20.3304,14.9113
-20.3025,14.9665
-20.2749,15.0168
-20.2474,15.0572
-20.1928,15.1220
-20.1666,15.1877
-20.1408,15.2485
-20.1142,15.2793
-20.0881,15.3152

# FrameTime=1781596605.29, PointCount=677
-17.3388,26.7075
-17.3377,26.7227
-17.3127,26.7559
-15.4124,28.2089
-15.4556,28.1997
-17.3258,26.7898
-17.3884,26.7564
-15.4819,28.2503
-15.4895,28.2682
-17.4174,26.7773
-15.5184,28.2930
-15.5204,28.3154
-17.7236,26.5762
-17.7145,26.5968
-17.6706,26.6458
-17.6501,26.6761
-17.5835,26.7447
-17.6252,26.7245
-15.7300,28.3121
-17.6198,26.7572
-17.6804,26.7206
-17.6683,26.7449
-17.6524,26.7726
-17.7582,26.6963
-17.8787,26.6064
-15.8165,28.4064
-17.9295,26.5888
-17.9924,26.5468
-17.9688,26.5805
-17.8706,26.6807
-17.8103,26.7483
-17.8507,26.7260
-17.9096,26.6868
-15.9984,28.4383
-15.9810,28.4785
-17.8893,26.7609
-17.8780,26.7855
-17.8413,26.8341
-17.8995,26.7938
-16.1127,28.5027
-17.8812,26.8399
-17.9245,26.8129
-17.9641,26.7891
-16.2193,28.4984
-17.9748,26.8072
-16.2138,28.5530
-16.2475,28.5445
-16.2599,28.5570
-16.2759,28.5659
-18.0005,26.8686
-18.2005,26.6795
-18.1723,26.7220
-16.4122,28.5514
-18.0890,26.8362
-17.9683,26.9767
-16.4736,28.5620
-16.5108,28.5477
-16.5266,28.5557
-16.5314,28.5755
-16.5439,28.5872
-16.5564,28.5988
-16.5757,28.6030
-16.4665,28.7479
-16.5908,28.6370
-16.6368,28.6115
-16.6461,28.6265
-16.6563,28.6406
-16.6789,28.6406
-16.6849,28.6593
-16.6769,28.7201
-16.7289,28.6861
-16.7417,28.6972
-16.7546,28.7082
-16.7803,28.7039
-16.7932,28.7148
-18.5662,26.6269
-18.5952,26.6056
-16.8456,28.7308
-16.8680,28.7300
-16.8958,28.7224
-16.8908,28.7550
-16.9217,28.7435
-17.0065,28.6646
-17.0413,28.6733
-17.0571,28.6795
-17.0668,28.6935
-17.0705,28.7153
-17.0712,28.7410
-17.0690,28.7708
-16.9332,28.9754
-18.6651,26.7251
-18.6690,26.7343
-18.6549,26.7675
-18.6321,26.8128
-18.6273,26.8343
-18.6168,26.8638
-17.1300,28.9103
-17.1993,28.8434
-17.2038,28.8652
-18.6666,26.8567
-18.6943,26.8335
-17.2584,28.8736
-18.6857,26.8765
-18.7103,26.8571
-18.6891,26.9032
-18.6766,26.9372
-18.7012,26.9176
-18.5959,27.0880
-17.3927,28.8796
-18.6176,27.0905
-18.6117,27.1167
-18.6281,27.1096
-18.6499,27.0941
-17.4808,28.8927
-17.4887,28.9099
-17.4941,28.9312
-17.5103,28.9357
-17.5239,28.9444
-17.4519,29.0877
-17.5617,28.9448
-17.5647,28.9702
-17.5678,28.9957
-17.5694,29.0238
-17.5911,29.0196
-17.6101,29.0195
-17.5635,29.1275
-17.6403,29.0320
-17.6711,29.0120
-17.7027,28.9902
-17.7012,29.0241
-17.7286,29.0089
-17.7314,29.0360
-17.7337,29.0639
-17.7665,29.0391
-17.7853,29.0383
-17.7697,29.0982
-17.7823,29.1088
-17.7964,29.1167
-17.8105,29.1245
-17.8270,29.1279
-17.7853,29.2379
-17.8600,29.1346
-17.8803,29.1308
-17.9025,29.1234
-17.9166,29.1309
-17.9237,29.1517
-17.9347,29.1653
-17.8616,29.3409
-17.9632,29.1801
-17.9775,29.1874
-17.9918,29.1947
-18.0115,29.1913
-18.0370,29.1762
-18.0557,29.1743
-18.0230,29.2768
-18.0887,29.1794
-18.0955,29.2017
-18.0926,29.2446
-18.1079,29.2497
-18.1417,29.2160
-18.1731,29.1867
-18.0810,29.4211
-18.2101,29.1819
-18.2223,29.1931
-18.2242,29.2269
-18.2180,29.2789
-18.2510,29.2445
-18.2777,29.2236
-18.2840,29.2483
-18.3356,29.1699
-18.3260,29.2310
-18.3444,29.2281
-18.3569,29.2388
-18.3675,29.2542
-18.3839,29.2557
-18.3738,29.3209
-18.3904,29.3224
-18.3961,29.3502
-18.4345,29.2982
-18.4883,29.2071
-18.4842,29.2591
-18.4858,29.2973
-18.5059,29.2892
-18.4720,29.4198
-18.5352,29.3005
-18.5498,29.3061
-18.5645,29.3117
-18.5809,29.3126
-18.5956,29.3181
-18.6103,29.3235
-18.5619,29.5017
-18.6414,29.3296
-18.6561,29.3349
-18.6692,29.3448
-18.6807,29.3594
-18.7168,29.3035
-18.7250,29.3274
-18.7107,29.4173
-18.7084,29.4737
-18.7346,29.4456
-18.7730,29.3804
-18.8096,29.3190
-18.8289,29.3096
-18.8405,29.3238
-18.8537,29.3333
-18.8073,29.5323
-18.8758,29.3664
-18.8745,29.4233
-18.8844,29.4448
-18.8787,29.5183
-18.9082,29.4752
-18.9192,29.4940
-18.9294,29.5156
-18.9607,29.4646
-18.9826,29.4450
-19.0018,29.4349
-19.0208,29.4247
-19.0398,29.4145
-19.0404,29.4714
-19.0419,29.5264
-19.0592,29.5229
-19.0738,29.5297
-19.0954,29.5095
-19.1225,29.4674
-19.1296,29.5028
-19.1624,29.4364
-19.1047,29.7350
-19.1796,29.4970
-19.1762,29.5782
-19.2204,29.4607
-19.2378,29.4546
-19.1973,29.6990
-19.2253,29.6491
-19.2788,29.4844
-19.1775,30.0139
-19.2943,29.5593
-19.3102,29.5605
-19.3313,29.5367
-19.3253,29.6423
-19.3625,29.5409
-19.3818,29.5244
-19.3578,29.7249
-19.4115,29.5354
-19.4287,29.5286
-19.4469,29.5168
-19.4557,29.5541
-19.4711,29.5569
-19.4830,29.5794
-19.4950,29.6018
-19.5136,29.5871
-19.5316,29.5751
-19.5487,29.5679
-19.5482,29.6667
-19.5621,29.6806
-19.5794,29.6739
-19.5974,29.6616
-19.5853,29.8462
-19.6259,29.6861
-19.6396,29.7032
-19.6548,29.7099
-19.6768,29.6683
-19.7028,29.5965
-19.7110,29.6529
-19.7085,29.7930
-19.7417,29.6620
-19.7618,29.6294
-19.9611,28.1319
-19.9746,28.1134
-19.7934,29.7667
-20.0097,28.0017
-19.8236,29.7868
-20.0344,27.9742
-20.0466,27.9604
-20.0572,27.9615
-20.0668,27.9725
-19.9133,29.6991
-20.0914,27.9397
-20.1077,27.8759
-20.1172,27.8868
-20.1230,27.9425
-20.1248,28.0530
-20.1208,28.2482
-20.1348,28.2142
-20.1554,28.0859
-20.1725,27.9964
-20.1796,28.0520
-20.1967,27.9529
-20.2079,27.9435
-20.2199,27.9192
-20.2356,27.8199
-20.2309,28.1200
-20.2560,27.8209
-20.2662,27.8214
-20.2738,27.8867
-20.2823,27.9371
-20.2926,27.9425
-20.3029,27.9528
-20.3113,28.0281
-20.3241,27.9534
-20.3347,27.9537
-20.3453,27.9539
-20.3558,27.9591
-20.3663,27.9643
-20.3768,27.9744
-20.3875,27.9795
-20.3981,27.9846
-20.4088,27.9796
-20.4195,28.0196
-20.4303,28.0196
-20.4414,28.0595
-20.4522,28.0444
-20.4630,28.0393
-20.4763,28.1954
-20.4846,28.0339
-20.4954,28.0337
-20.5064,28.0385
-20.5174,28.0432
-20.5285,28.0528
-20.5384,28.0225
-20.5505,28.0571
-20.5564,27.9326
-20.5663,27.9172
-20.5753,27.8834
-20.5880,27.9311
-20.5991,27.9420
-20.6090,27.9287
-20.6213,27.9594
-20.6300,27.9275
-20.6451,27.9979
-20.6508,27.9217
-20.6616,27.9260
-20.6722,27.9260
-20.6823,27.9202
-20.6932,27.9244
-20.7095,27.9945
-20.7198,27.9887
-20.7268,27.9459
-20.7319,27.8852
-20.7376,27.8345
-20.7474,27.8285
-20.7581,27.8325
-20.7799,27.9430
-20.7780,27.8254
-20.7953,27.8889
-20.8099,27.9247
-20.8215,27.9334
-20.8303,27.9173
-20.8354,27.8716
-20.8715,28.0768
-20.8504,27.8245
-20.8986,28.1136
-20.9461,28.3842
-20.9532,28.3479
-20.9726,28.4007
-20.9867,28.4139
-21.0023,28.4369
-21.2371,29.9281
-21.0286,28.4481
-21.0468,28.4858
-21.0590,28.4839
-21.0712,28.4819
-21.3591,30.1551
-21.3837,30.1966
-21.4179,30.2921
-21.4324,30.2715
-21.4491,30.2635
-21.4698,30.2779
-21.5003,30.3457
-21.5049,30.2715
-21.5280,30.2976
-21.5545,30.3406
-21.5723,30.3372
-21.5813,30.2896
-21.6245,30.3216
-21.6448,30.3304
-21.6676,30.3511
-21.6953,30.3936
-21.7260,30.4484
-21.7274,30.3689
-21.7542,30.3219
-21.7965,30.4249
-21.8248,30.4645
-21.8412,30.4530
-21.8534,30.4244
-21.8655,30.3957
-21.8942,30.4351
-21.5401,28.8798
-21.5510,28.8667
-21.5618,28.8536
-22.0387,30.6202
-21.5871,28.8418
-21.6017,28.8431
-21.6759,29.0094
-21.6307,28.7937
-21.6452,28.7949
-21.6472,28.7522
-21.6493,28.7105
-21.6566,28.6876
-21.6651,28.6695
-21.6764,28.6609
-21.6733,28.6044
-21.7687,28.8733
-21.6896,28.5682
-21.7490,28.7158
-21.7129,28.5557
-21.7087,28.4993
-21.7407,28.5573
-21.7285,28.4772
-21.7391,28.4685
-21.7544,28.4740
-21.7586,28.4463
-21.7659,28.4280
-21.7747,28.4145
-21.8452,28.5806
-21.7953,28.3968
-21.8056,28.3879
-21.8442,28.4592
-21.8849,28.5349
-21.8938,28.5211
-21.8873,28.4649
-21.9236,28.5262
-21.9028,28.4326
-21.9079,28.4094
-21.9198,28.4049
-21.9335,28.4050
-21.9580,28.4331
-21.9791,28.4518
-21.9967,28.4610
-22.0216,28.4888
-22.0227,28.4561
-22.0367,28.4559
-22.0488,28.4510
-22.0627,28.4507
-22.0767,28.4504
-22.0907,28.4500
-22.1352,28.5223
-22.1149,28.4399
-22.1289,28.4394
-22.1409,28.4342
-22.1529,28.4290
-22.1770,28.4513
-22.1951,28.4597
-22.2113,28.4635
-22.2295,28.4718
-22.2417,28.4663
-22.2558,28.4654
-22.2659,28.4553
-22.4060,28.7265
-23.4247,30.8786
-22.4233,28.6964
-22.4468,28.7129
-23.4977,30.8828
-23.5279,30.8960
-23.5582,30.9091
-23.5864,30.9176
-23.6169,30.9305
-23.6648,30.9290
-23.6933,30.9371
-23.7241,30.9495
-23.7528,30.9573
-23.7838,30.9695
-23.8126,30.9771
-23.8438,30.9890
-23.8948,30.9904
-23.9239,30.9975
-23.9555,31.0090
-23.9847,31.0159
-24.0164,31.0271
-24.0482,31.0381
-24.1000,31.0380
-24.1321,31.0487
-24.1642,31.0593
-24.1964,31.0697
-24.2309,31.0837
-24.2637,31.0945
-24.3163,31.0928
-24.3489,31.1026
-24.3817,31.1122
-24.4171,31.1260
-24.4501,31.1354
-24.4857,31.1489
-24.5238,31.1661
-24.5416,31.1499
-24.5749,31.1587
-24.6109,31.1717
-24.6444,31.1802
-24.6806,31.1928
-24.7170,31.2053
-24.7534,31.2176
-24.8104,31.2166
-24.8471,31.2285
-24.8866,31.2444
-24.9236,31.2560
-24.9606,31.2674
-24.9978,31.2786
-25.0557,31.2758
-25.0959,31.2908
-25.1334,31.3014
-25.1739,31.3160
-25.2145,31.3304
-25.2552,31.3446
-25.3169,31.3440
-25.3579,31.3577
-25.3990,31.3712
-25.4403,31.3846
-25.4788,31.3937
-25.5203,31.4067
-25.5682,31.4280
-25.5829,31.4041
-25.6277,31.4206
-25.6696,31.4329
-25.7147,31.4490
-25.7569,31.4609
-25.8022,31.4766
-25.8477,31.4921
-25.9145,31.4909
-25.9603,31.5058
-26.0032,31.5166
-26.0524,31.5350
-26.0924,31.5415
-26.1418,31.5595
-26.2129,31.5599
-26.2556,31.5250
-26.2705,31.4997
-26.3084,31.5022
-26.3545,31.5142
-26.4120,31.5394
-26.4293,31.5166
-26.4797,31.5327
-26.5312,31.5496
-26.5810,31.5642
-26.6187,31.5645
-26.8041,28.8839
-26.8308,28.8455
-26.8395,28.8231
-26.8527,28.8038
-26.8616,28.7817
-26.8705,28.7595
-26.8835,28.7401
-26.9051,28.6985
-26.9179,28.6790
-26.9307,28.6595
-26.9392,28.6372
-28.5056,29.5468
-28.5235,29.4902
-28.5331,29.4623
-27.5581,28.8273
-27.5798,28.8111
-28.5952,29.3995
-27.6103,28.7706
-27.6274,28.7515
-27.6618,28.7426
-28.6617,29.2720
-28.6619,29.2388
-28.6763,29.2141
-28.6906,29.1893
-28.7234,29.1420
-28.7332,29.1146
-28.7472,29.0896
-28.7612,29.0646
-28.7751,29.0396
-28.7845,29.0121
-28.8119,28.9618
-28.8299,28.9389
-28.8434,28.9137
-28.8613,28.8907
-28.8746,28.8653
-28.8924,28.8422
-28.9187,28.7913
-28.9318,28.7658
-28.9448,28.7402
-28.9577,28.7146
-28.9705,28.6889
-28.9833,28.6633
-28.9930,28.6360
-29.0086,28.6118
-29.0181,28.5845
-29.0336,28.5601
-29.0460,28.5343
-29.0628,28.5105
-29.0840,28.4888
-29.1158,28.4719
-29.1490,28.4238
-29.1656,28.3996
-29.1820,28.3754
-29.1984,28.3511
-29.2147,28.3268
-29.2264,28.3004
-29.2587,28.2514
-29.2701,28.2249
-29.2861,28.2002
-29.2974,28.1736
-29.3132,28.1489
-29.3290,28.1241
-29.3447,28.0992
-29.3712,28.0475
-29.3867,28.0225
-29.4021,27.9974
-29.4174,27.9722
-29.4327,27.9470
-29.4479,27.9218
-29.4734,27.8693
-29.4930,27.8456
-29.5080,27.8201
-29.5228,27.7946
-29.5376,27.7690
-29.5523,27.7433
-29.5767,27.6901
-29.5912,27.6643
-29.6056,27.6384
-29.6200,27.6124
-29.6389,27.5880
-29.6531,27.5620
-29.6813,27.5096
-29.6953,27.4834
-29.7092,27.4571
-29.7277,27.4323
-29.7415,27.4058
-29.7599,27.3809
-29.7871,27.3277
-29.8005,27.3011
-29.8187,27.2758
-29.8368,27.2504
-29.8500,27.2236
-29.8680,27.1981
-29.8859,27.1725
-29.9118,27.1184
-29.9247,27.0912
-29.9423,27.0653
-29.9598,27.0394
-29.9724,27.0121
-29.9898,26.9860
-30.0099,26.9297
-30.0270,26.9034
-30.0393,26.8758
-30.0563,26.8494
-30.0684,26.8217
-30.0852,26.7951
-30.1042,26.7382
-30.1208,26.7114
-30.1374,26.6845
-30.1539,26.6576
-29.1569,25.6419
-29.0962,25.6069
-29.0453,25.5735
-28.9997,25.5413
-28.9728,25.5117
-28.9017,25.4767
-28.8354,25.4429
-28.8236,25.4158
-28.8365,25.3918
-28.8542,25.3682
-28.8697,25.3186
-28.8872,25.2947
-28.9047,25.2708
-28.9221,25.2468
-28.9395,25.2227
-28.9522,25.1980
-28.9392,25.1711
-28.9435,25.1199
-20.6195,14.4523
-20.5888,14.4967
-20.5582,14.5512
-20.4984,14.6155
-20.4687,14.6753
-20.4393,14.7402
-20.4103,14.8101
-20.3816,14.8602
-20.3532,14.8969
-20.2967,14.9523
-20.2694,15.0226
-20.2415,15.0417
-20.2147,15.1022
-20.1885,15.1728
-20.1621,15.2235
-20.1086,15.2752
-20.0569,15.3571

# FrameTime=1781596605.39, PointCount=683
-17.3509,26.6985
-15.3858,28.1818
-17.3166,26.7529
-17.3396,26.7501
-17.4420,26.6867
-17.3298,26.7868
-17.4557,26.7045
-15.4858,28.2472
-15.4895,28.2682
-17.5550,26.6692
-17.4519,26.7646
-17.5216,26.7237
-15.5360,28.3270
-17.6211,26.6720
-17.6783,26.6395
-15.6119,28.3376
-15.6295,28.3473
-17.6791,26.6800
-17.6628,26.7073
-17.6275,26.7508
-17.6766,26.7238
-17.6606,26.7514
-17.6448,26.7791
-15.7889,28.3820
-17.7878,26.6847
-17.9457,26.5617
-17.9446,26.5756
-17.9811,26.5567
-17.9426,26.6036
-17.8070,26.7372
-15.9214,28.4350
-17.8098,26.7628
-15.9678,28.4418
-15.9847,28.4752
-15.9915,28.4934
-17.8672,26.7812
-16.0798,28.4604
-17.8705,26.8067
-17.8522,26.8384
-17.8885,26.8185
-17.9102,26.8123
-17.9065,26.8302
-18.0180,26.7370
-16.2408,28.4775
-18.0713,26.7129
-17.9499,26.8461
-16.2511,28.5410
-16.1729,28.6435
-16.2829,28.5588
-16.2813,28.5854
-18.0427,26.8259
-16.2693,28.6478
-18.2142,26.6790
-18.1827,26.7251
-17.9850,26.9442
-17.9614,26.9839
-16.4770,28.5584
-16.5177,28.5404
-16.5258,28.5566
-16.5314,28.5755
-16.5277,28.6046
-16.5530,28.6024
-16.5690,28.6103
-16.5849,28.6182
-16.6009,28.6259
-16.6435,28.6041
-16.6470,28.6256
-16.6596,28.6368
-16.6948,28.6481
-16.6812,28.6893
-16.6834,28.7126
-16.7224,28.6937
-16.7417,28.6972
-16.7513,28.7120
-16.7283,28.7653
-16.8028,28.7034
-18.5726,26.6193
-18.5920,26.6094
-16.8551,28.7193
-16.8798,28.7157
-16.8864,28.7340
-16.8550,28.7991
-16.9038,28.7656
-16.9659,28.7151
-17.0254,28.6670
-17.0444,28.6694
-17.0571,28.6795
-17.0638,28.6974
-16.9580,28.8596
-17.0742,28.7371
-17.0781,28.7590
-18.6582,26.7198
-18.6590,26.7330
-18.6539,26.7542
-18.6369,26.7915
-18.6410,26.8008
-18.6346,26.8396
-17.1919,28.8257
-17.2022,28.8394
-17.2155,28.8490
-17.2259,28.8627
-18.6159,26.9434
-17.1803,28.9836
-18.6944,26.8642
-18.7046,26.8653
-18.6891,26.9032
-18.6653,26.9536
-17.3311,28.9122
-18.7058,26.9269
-18.5899,27.1141
-18.6231,27.0822
-18.6144,27.1125
-18.6198,27.1221
-17.4783,28.8673
-17.4726,28.9052
-17.4670,28.9432
-17.4182,29.0483
-17.5049,28.9441
-17.5239,28.9444
-17.5428,28.9447
-17.5644,28.9406
-17.5541,28.9871
-17.5942,28.9534
-17.6340,28.9195
-17.5432,29.0976
-17.6101,29.0195
-17.6291,29.0194
-17.6480,29.0192
-17.6838,28.9906
-17.6976,28.9988
-17.7047,29.0181
-17.6016,29.2259
-17.7349,29.0299
-17.7452,29.0440
-17.7715,29.0304
-17.7779,29.0513
-17.7658,29.1052
-17.7823,29.1088
-17.7567,29.1878
-17.8105,29.1245
-17.8270,29.1279
-17.8459,29.1269
-17.8648,29.1258
-17.8898,29.1133
-17.9048,29.1190
-17.9142,29.1354
-17.8858,29.2237
-17.9370,29.1609
-17.9558,29.1595
-17.9723,29.1624
-17.9843,29.1741
-17.9941,29.1903
-18.0138,29.1868
-17.9894,29.2713
-18.0535,29.1788
-18.0744,29.1724
-18.0909,29.1749
-18.0977,29.1973
-18.0869,29.2563
-18.1165,29.2317
-18.1068,29.2896
-18.1624,29.2093
-18.1937,29.1798
-18.2101,29.1819
-18.2098,29.2203
-18.2055,29.2678
-18.2221,29.2698
-18.1972,29.3644
-18.2736,29.2327
-18.2941,29.2254
-18.3396,29.1608
-18.3240,29.2355
-18.3444,29.2281
-18.3588,29.2343
-18.3294,29.3441
-18.3839,29.2557
-18.3850,29.2940
-18.3885,29.3270
-18.4067,29.3245
-18.4402,29.2843
-18.4845,29.2163
-18.4823,29.2637
-18.4273,29.4452
-18.5041,29.2938
-18.5115,29.3181
-18.5244,29.3284
-18.5480,29.3108
-18.5645,29.3117
-18.5827,29.3079
-18.5123,29.5421
-18.6120,29.3188
-18.6267,29.3242
-18.6431,29.3249
-18.6595,29.3255
-18.6742,29.3307
-18.6939,29.3218
-18.6679,29.4440
-18.7315,29.3085
-18.7284,29.3654
-18.7209,29.4365
-18.7315,29.4551
-18.7808,29.3568
-18.8127,29.3096
-18.8274,29.3144
-18.7660,29.5559
-18.8552,29.3285
-18.8685,29.3380
-18.8640,29.4044
-18.8687,29.4424
-18.8771,29.4687
-18.8888,29.4849
-18.8270,29.7475
-18.9220,29.4844
-18.9372,29.4889
-18.9620,29.4598
-18.9840,29.4402
-19.0045,29.4253
-19.0208,29.4247
-18.9697,29.6688
-19.0561,29.4138
-19.0568,29.4707
-19.0623,29.5112
-19.0738,29.5297
-19.0991,29.4950
-19.1348,29.4191
-19.1792,29.3070
-19.0439,29.9105
-19.1667,29.4836
-19.1796,29.4970
-19.1750,29.5830
-19.2330,29.4074
-19.2037,29.6001
-19.1891,29.7346
-19.1739,29.8748
-19.3017,29.3824
-19.2864,29.5219
-19.2911,29.5739
-19.3165,29.5312
-19.3293,29.5464
-19.3288,29.6257
-19.3685,29.5115
-19.3527,29.6683
-19.3971,29.5275
-19.4115,29.5354
-19.4306,29.5188
-19.4459,29.5217
-19.4548,29.5590
-19.4711,29.5569
-19.4374,29.8316
-19.4958,29.5969
-19.5144,29.5822
-19.5316,29.5751
-19.5371,29.6366
-19.5466,29.6765
-19.5636,29.6713
-19.5638,29.7720
-19.6044,29.6173
-19.6162,29.6443
-19.6267,29.6812
-19.6404,29.6977
-19.6505,29.7396
-19.6754,29.6782
-19.6804,29.7590
-19.7170,29.6085
-19.7228,29.6846
-19.7436,29.6472
-19.7606,29.6393
-19.9623,28.1219
-19.9746,28.1134
-19.7928,29.7717
-19.7862,29.9734
-19.8276,29.7505
-20.0344,27.9742
-20.0455,27.9704
-19.8729,29.7823
-20.0683,27.9576
-20.0780,27.9686
-20.0923,27.9298
-20.1090,27.8610
-20.1163,27.8968
-20.1214,27.9624
-20.1204,28.1078
-20.1188,28.2732
-20.1348,28.2142
-20.1451,28.2300
-20.1725,27.9964
-20.1819,28.0170
-20.1973,27.9429
-20.2079,27.9435
-20.2045,28.1937
-20.2314,27.8998
-20.2453,27.8304
-20.2560,27.8209
-20.2656,27.8363
-20.2738,27.8867
-20.2825,27.9321
-20.2890,28.0474
-20.3031,27.9478
-20.3135,27.9531
-20.3241,27.9534
-20.3347,27.9537
-20.3452,27.9589
-20.3558,27.9591
-20.3663,27.9693
-20.3767,27.9894
-20.3875,27.9745
-20.3981,27.9896
-20.4088,27.9796
-20.4195,27.9796
-20.4305,28.0646
-20.4410,28.0095
-20.4528,28.1094
-20.4630,28.0393
-20.4737,28.0291
-20.4845,28.0289
-20.4954,28.0337
-20.5064,28.0385
-20.5172,28.0382
-20.5323,28.1741
-20.5386,28.0275
-20.5498,28.0371
-20.5592,28.0017
-20.5665,27.9221
-20.5762,27.9033
-20.5885,27.9411
-20.5984,27.9271
-20.6101,27.9485
-20.6212,27.9579
-20.6349,28.0079
-20.6409,27.9318
-20.6514,27.9317
-20.6613,27.9218
-20.6722,27.9260
-20.6819,27.9152
-20.6948,27.9443
-20.7091,27.9896
-20.7197,27.9867
-20.7260,27.9359
-20.7315,27.8802
-20.7372,27.8295
-20.7479,27.8335
-20.7693,27.9440
-20.7683,27.8314
-20.7780,27.8254
-20.7999,27.9308
-20.8099,27.9247
-20.8198,27.9185
-20.8303,27.9173
-20.8330,27.8518
-20.8752,28.1065
-20.9065,28.2633
-20.9012,28.1334
-20.9090,28.1072
-20.9580,28.3826
-20.9733,28.4057
-20.9902,28.4386
-20.9994,28.4171
-21.0143,28.4351
-21.0286,28.4481
-21.0438,28.4660
-21.0598,28.4888
-21.0720,28.4869
-21.3640,30.1847
-21.3829,30.1916
-21.4263,30.3413
-21.4491,30.2635
-21.4702,30.2801
-21.4967,30.3260
-21.5031,30.2616
-21.5299,30.3074
-21.5536,30.3357
-21.5723,30.3372
-21.5989,30.2860
-21.6315,30.3559
-21.6478,30.3451
-21.6707,30.3658
-21.6974,30.4034
-21.7223,30.4313
-21.7452,30.3649
-21.7575,30.3365
-21.8038,30.4566
-21.8304,30.4888
-21.8400,30.4481
-21.8511,30.4147
-21.8834,30.3914
-21.9134,30.4354
-21.9351,30.4455
-21.5498,28.8619
-22.1332,31.0622
-21.5764,28.8550
-21.5846,28.8321
-21.6004,28.8383
-21.5914,28.7527
-21.5924,28.7057
-21.6146,28.7359
-21.6437,28.7896
-21.6432,28.7382
-21.6479,28.7057
-21.6566,28.6876
-21.6651,28.6695
-21.6721,28.6465
-21.6791,28.6236
-21.7714,28.8822
-21.6984,28.5968
-21.7020,28.5643
-21.7159,28.5652
-21.7283,28.5613
-21.7163,28.4812
-21.7270,28.4725
-21.7407,28.4733
-21.7560,28.4788
-21.7602,28.4510
-21.7659,28.4280
-21.8262,28.5659
-21.7850,28.4057
-21.7953,28.3968
-21.8039,28.3832
-21.8408,28.4497
-21.8782,28.5161
-21.8921,28.5164
-21.9095,28.5260
-21.8925,28.4417
-21.8959,28.4138
-21.9061,28.4047
-21.9180,28.4002
-21.9353,28.4097
-21.9580,28.4331
-21.9954,28.4937
-21.9967,28.4610
-22.0069,28.4516
-22.0209,28.4515
-22.0348,28.4513
-22.0488,28.4510
-22.0627,28.4507
-22.0767,28.4504
-22.1155,28.5097
-22.1009,28.4404
-22.1149,28.4399
-22.1269,28.4348
-22.1409,28.4342
-22.1589,28.4428
-22.1790,28.4559
-22.1971,28.4643
-22.2113,28.4635
-22.2316,28.4763
-22.2417,28.4663
-22.2558,28.4654
-22.2638,28.4507
-22.3976,28.7083
-22.4275,28.7054
-22.4446,28.7084
-23.5020,30.8918
-23.5301,30.9005
-23.5604,30.9136
-23.5886,30.9221
-23.6386,30.9253
-23.6671,30.9335
-23.6978,30.9460
-23.7264,30.9540
-23.7550,30.9618
-23.7838,30.9695
-23.8149,30.9815
-23.8635,30.9787
-23.8948,30.9904
-23.9239,30.9975
-23.9555,31.0090
-23.9871,31.0203
-24.0188,31.0315
-24.0705,31.0316
-24.1025,31.0424
-24.1345,31.0531
-24.1667,31.0636
-24.1989,31.0740
-24.2313,31.0843
-24.2837,31.0829
-24.3163,31.0928
-24.3489,31.1026
-24.3842,31.1165
-24.4171,31.1260
-24.4526,31.1397
-24.4857,31.1489
-24.5416,31.1499
-24.5749,31.1587
-24.6109,31.1717
-24.6470,31.1844
-24.6833,31.1971
-24.7196,31.2095
-24.7765,31.2088
-24.8131,31.2208
-24.8498,31.2327
-24.8866,31.2444
-24.9236,31.2560
-24.9606,31.2674
-25.0184,31.2649
-25.0557,31.2758
-25.0959,31.2908
-25.1334,31.3014
-25.1739,31.3160
-25.2145,31.3304
-25.2611,31.3530
-25.2760,31.3300
-25.3169,31.3440
-25.3579,31.3577
-25.3990,31.3712
-25.4403,31.3846
-25.4817,31.3978
-25.5233,31.4108
-25.5859,31.4081
-25.6277,31.4206
-25.6696,31.4329
-25.7147,31.4490
-25.7569,31.4609
-25.8022,31.4766
-25.8512,31.4967
-25.8689,31.4757
-25.9145,31.4909
-25.9603,31.5058
-26.0063,31.5205
-26.0555,31.5389
-26.0955,31.5454
-26.1488,31.5682
-26.1663,31.5462
-26.2160,31.5638
-26.2556,31.5250
-26.2737,31.5036
-26.3116,31.5061
-26.3610,31.5219
-26.4325,31.5204
-26.4829,31.5365
-26.5335,31.5523
-26.5842,31.5680
-26.6220,31.5683
-26.7989,28.9088
-26.8175,28.8647
-26.8262,28.8423
-26.8395,28.8231
-26.8485,28.8010
-26.8616,28.7817
-26.8705,28.7595
-26.8835,28.7401
-26.9051,28.6985
-26.9137,28.6763
-26.9265,28.6568
-26.9392,28.6372
-26.9565,28.6206
-28.5294,29.5278
-28.5278,29.4928
-28.5288,29.4597
-27.5581,28.8273
-27.5713,28.8059
-28.5866,29.3943
-27.6060,28.7680
-27.6274,28.7515
-27.6661,28.7452
-28.6560,29.2686
-28.6662,29.2414
-28.6720,29.2116
-28.7007,29.1951
-28.7092,29.1669
-28.7191,29.1395
-28.7332,29.1146
-28.7429,29.0872
-28.7568,29.0622
-28.7707,29.0371
-28.7845,29.0121
-28.8119,28.9618
-28.8299,28.9389
-28.8434,28.9137
-28.8569,28.8883
-28.8746,28.8653
-28.8879,28.8399
-28.9187,28.7913
-28.9318,28.7658
-28.9448,28.7402
-28.9577,28.7146
-28.9705,28.6889
-28.9833,28.6633
-28.9930,28.6360
-29.0086,28.6118
-29.0091,28.5802
-29.0125,28.5500
-29.0474,28.5350
-29.0628,28.5105
-29.0840,28.4888
-29.1158,28.4719
-29.1445,28.4217
-29.1656,28.3996
-29.1820,28.3754
-29.1984,28.3511
-29.2147,28.3268
-29.2264,28.3004
-29.2541,28.2494
-29.2655,28.2229
-29.2815,28.1983
-29.2974,28.1736
-29.3086,28.1470
-29.3244,28.1222
-29.3400,28.0973
-29.3666,28.0456
-29.3820,28.0206
-29.3974,27.9955
-29.4128,27.9704
-29.4280,27.9452
-29.4479,27.9218
-29.4734,27.8693
-29.4930,27.8456
-29.5080,27.8201
-29.5228,27.7946
-29.5423,27.7707
-29.5570,27.7450
-29.5814,27.6918
-29.5959,27.6659
-29.6103,27.6400
-29.6247,27.6141
-29.6389,27.5880
-29.6531,27.5620
-29.6720,27.5374
-29.6953,27.4834
-29.7139,27.4586
-29.7277,27.4323
-29.7462,27.4074
-29.7599,27.3809
-29.7783,27.3558
-29.8005,27.3011
-29.8187,27.2758
-29.8320,27.2490
-29.8500,27.2236
-29.8632,27.1967
-29.8811,27.1711
-29.9022,27.1156
-29.9199,27.0899
-29.9374,27.0640
-29.9502,27.0368
-29.9676,27.0108
-29.9850,26.9847
-30.0099,26.9297
-30.0270,26.9034
-30.0393,26.8758
-30.0563,26.8494
-30.0684,26.8217
-30.0852,26.7951
-30.0972,26.7672
-30.1208,26.7114
-30.1374,26.6845
-30.1539,26.6576
-29.1619,25.6426
-29.1111,25.6089
-29.0354,25.5722
-29.0096,25.5426
-28.9778,25.5123
-28.9116,25.4780
-28.8454,25.4441
-28.8236,25.4158
-28.8365,25.3918
-28.8542,25.3682
-28.8772,25.3450
-28.8697,25.3186
-28.8872,25.2947
-28.9047,25.2708
-28.9172,25.2463
-28.9345,25.2222
-28.9468,25.1975
-28.9441,25.1715
-28.9584,25.1211
-20.6197,14.4423
-20.5890,14.4867
-20.5585,14.5312
-20.5281,14.5908
-20.4981,14.6555
-20.4393,14.7202
-20.4103,14.7901
-20.3816,14.8502
-20.3531,14.8853
-20.3250,14.9370
-20.2970,14.9708
-20.2690,14.9977
-20.2415,15.0381
-20.2146,15.0986
-20.1880,15.1529
-20.1621,15.2235
-20.1354,15.2543
-20.0565,15.3471
-20.0312,15.3932

# FrameTime=1781596605.49, PointCount=684
-15.3565,28.1802
-17.3637,26.7033
-17.3107,26.7575
-17.3536,26.7397
-17.4162,26.7064
-17.3358,26.7823
-15.4883,28.2219
-15.4878,28.2458
-15.4915,28.2667
-17.4902,26.7203
-17.4500,26.7663
-17.5705,26.6849
-17.7608,26.5466
-17.6231,26.6706
-15.5634,28.3532
-17.6870,26.6463
-15.6354,28.3427
-17.6889,26.6722
-17.6533,26.7155
-17.6449,26.7366
-17.6748,26.7256
-17.6855,26.7306
-15.7752,28.3699
-17.7032,26.7437
-17.8277,26.6507
-17.9515,26.5570
-17.9579,26.5643
-17.9756,26.5618
-17.9333,26.6121
-15.8965,28.4333
-17.8086,26.7502
-17.8230,26.7513
-15.9671,28.4671
-15.9867,28.4737
-15.9935,28.4919
-16.0074,28.5036
-17.8800,26.7840
-17.8543,26.8224
-17.8833,26.8095
-17.8796,26.8274
-17.9013,26.8212
-17.9085,26.8288
-16.1660,28.5260
-18.0413,26.7288
-18.0590,26.7254
-17.9483,26.8482
-16.2318,28.5606
-16.2655,28.5520
-16.2814,28.5609
-18.0023,26.8528
-16.2061,28.6872
-18.1079,26.7745
-18.2092,26.6847
-18.1743,26.7344
-17.9835,26.9463
-17.9876,26.9572
-16.4859,28.5498
-16.5197,28.5390
-16.5286,28.5543
-16.4647,28.6477
-16.5459,28.5857
-16.5551,28.6010
-16.5710,28.6089
-16.5903,28.6131
-16.6062,28.6208
-16.6455,28.6027
-16.6490,28.6241
-16.6276,28.6736
-16.6776,28.6429
-16.6968,28.6466
-16.6734,28.6991
-16.6855,28.7112
-16.7244,28.6922
-16.7405,28.6995
-16.7140,28.7566
-16.7694,28.7177
-16.8113,28.6944
-18.5714,26.6217
-18.6069,26.5926
-16.8571,28.7179
-16.8850,28.7104
-16.8249,28.8102
-16.8991,28.7459
-16.9090,28.7603
-16.9585,28.7253
-17.0243,28.6695
-17.0402,28.6758
-17.0560,28.6820
-16.9591,28.8321
-17.0786,28.7060
-17.0732,28.7396
-17.0801,28.7575
-18.6571,26.7223
-18.6701,26.7197
-18.6348,26.7807
-18.6599,26.7621
-18.6341,26.8114
-18.6115,26.8569
-18.6188,26.8623
-17.1910,28.8283
-17.2013,28.8420
-17.2117,28.8557
-17.2250,28.8653
-18.6237,26.9338
-17.2517,28.8844
-18.6906,26.8710
-18.7009,26.8720
-18.6911,26.9018
-17.3197,28.9015
-18.6777,26.9533
-18.6430,27.0205
-18.5947,27.1085
-18.6196,27.0891
-18.6137,27.1153
-18.6301,27.1082
-17.4803,28.8659
-17.4773,28.8996
-17.4118,29.0295
-17.4853,28.9465
-17.5312,28.9050
-17.5178,28.9556
-17.5405,28.9500
-17.5690,28.9350
-17.5492,28.9968
-17.6067,28.9351
-17.5417,29.0705
-17.6521,28.9221
-17.6121,29.0181
-17.6311,29.0179
-17.6500,29.0177
-17.6807,28.9978
-17.6996,28.9974
-17.6324,29.1428
-17.7231,29.0204
-17.7294,29.0415
-17.7472,29.0426
-17.7735,29.0290
-17.7775,29.0542
-17.7629,29.1125
-17.7819,29.1117
-17.7756,29.1561
-17.8125,29.1231
-17.8290,29.1265
-17.8479,29.1255
-17.8644,29.1288
-17.8941,29.1075
-17.9045,29.1220
-17.8406,29.2765
-17.9304,29.1414
-17.9376,29.1621
-17.9578,29.1580
-17.9698,29.1698
-17.9840,29.1772
-17.9961,29.1889
-17.9634,29.2894
-18.0301,29.1926
-18.0533,29.1818
-18.0764,29.1710
-18.0797,29.2004
-18.1019,29.1914
-18.0889,29.2549
-18.0446,29.3850
-18.1372,29.2281
-18.1729,29.1898
-18.1957,29.1784
-18.2121,29.1805
-18.2118,29.2189
-18.2034,29.2754
-18.2344,29.2457
-18.2113,29.3359
-18.2797,29.2222
-18.2972,29.2215
-18.3376,29.1685
-18.3241,29.2387
-18.3464,29.2267
-18.3608,29.2328
-18.2450,29.5465
-18.3878,29.2497
-18.3774,29.3155
-18.3924,29.3210
-18.4125,29.3139
-18.4440,29.2783
-18.4847,29.2195
-18.4050,29.4610
-18.4988,29.2681
-18.5098,29.2831
-18.5226,29.2934
-18.5282,29.3223
-18.5518,29.3047
-18.5665,29.3103
-18.5644,29.3604
-18.5976,29.3166
-18.6140,29.3174
-18.6287,29.3228
-18.6434,29.3281
-18.6598,29.3288
-18.6746,29.3340
-18.6582,29.4279
-18.7106,29.3256
-18.7318,29.3118
-18.7337,29.3546
-18.7182,29.4492
-18.7351,29.4489
-18.7875,29.3411
-18.8147,29.3081
-18.7449,29.5732
-18.8441,29.3177
-18.8557,29.3319
-18.8690,29.3413
-18.8778,29.3649
-18.8728,29.4340
-18.8602,29.5294
-18.8376,29.6599
-18.9102,29.4737
-18.9240,29.4830
-18.9406,29.4827
-18.9668,29.4488
-18.9874,29.4340
-19.0065,29.4239
-19.0127,29.4595
-19.0392,29.4226
-19.0594,29.4075
-19.0601,29.4645
-19.0630,29.5146
-19.0758,29.5283
-19.0999,29.4984
-19.1406,29.4032
-19.0368,29.8759
-19.1946,29.3141
-19.1664,29.4919
-19.1816,29.4956
-19.1562,29.6685
-19.1872,29.6076
-19.2051,29.6015
-19.1911,29.7332
-19.2103,29.7224
-19.2463,29.6366
-19.2863,29.5302
-19.2910,29.5822
-19.3117,29.5612
-19.3292,29.5548
-19.2927,29.8067
-19.3484,29.6177
-19.3828,29.5279
-19.3982,29.5310
-19.4145,29.5291
-19.4336,29.5125
-19.4461,29.5301
-19.4568,29.5576
-19.4087,29.9059
-19.4859,29.5731
-19.4975,29.5977
-19.5164,29.5808
-19.5344,29.5687
-19.5490,29.5763
-19.5470,29.6850
-19.5641,29.6791
-19.5845,29.6528
-19.6048,29.6257
-19.6197,29.6330
-19.6361,29.6305
-19.6380,29.7264
-19.6539,29.7288
-19.6879,29.6028
-19.6728,29.8269
-19.7190,29.6071
-19.7241,29.6881
-19.7463,29.6408
-19.9513,28.1340
-19.9643,28.1205
-19.9778,28.1020
-19.8114,29.7672
-20.0246,27.9816
-20.0364,27.9728
-20.0486,27.9590
-19.8749,29.7809
-20.0698,27.9612
-20.0823,27.9423
-20.0943,27.9283
-20.1106,27.8646
-20.1175,27.9053
-20.1234,27.9610
-20.1061,28.3107
-20.1312,28.1372
-20.1368,28.2128
-20.1496,28.1937
-20.1748,27.9900
-20.1849,28.0006
-20.1990,27.9464
-20.2105,27.9321
-20.2060,28.2022
-20.2340,27.8884
-20.2481,27.8140
-20.2578,27.8245
-20.2669,27.8499
-20.2756,27.8903
-20.2845,27.9307
-20.2912,28.0410
-20.3049,27.9514
-20.3156,27.9467
-20.3261,27.9520
-20.3367,27.9523
-20.3472,27.9575
-20.3577,27.9627
-20.3678,27.9978
-20.3789,27.9680
-20.3895,27.9781
-20.4001,27.9782
-20.4108,27.9882
-20.4215,27.9832
-20.4326,28.0931
-20.4437,28.0936
-20.4541,28.0330
-20.4650,28.0379
-20.4758,28.0377
-20.4867,28.0375
-20.4975,28.0373
-20.5085,28.0420
-20.5192,28.0368
-20.5342,28.1677
-20.5407,28.0311
-20.5520,28.0407
-20.5612,28.0003
-20.5681,27.9107
-20.5790,27.9202
-20.5903,27.9347
-20.6006,27.9307
-20.6118,27.9422
-20.6239,27.9679
-20.6336,27.9508
-20.6432,27.9353
-20.6524,27.9153
-20.6643,27.9345
-20.6735,27.9146
-20.6843,27.9188
-20.6972,27.9479
-20.7122,28.0011
-20.7212,27.9803
-20.7271,27.9245
-20.7326,27.8688
-20.7392,27.8281
-20.7622,27.9585
-20.7596,27.8261
-20.7698,27.8250
-20.7806,27.8289
-20.8030,27.9393
-20.8136,27.9381
-20.8224,27.9221
-20.8317,27.9110
-20.8350,27.8504
-20.8784,28.1150
-20.9224,28.3710
-20.9025,28.1270
-20.9110,28.1058
-20.9613,28.3910
-20.9753,28.4043
-20.9859,28.3927
-21.0007,28.4107
-21.0163,28.4337
-21.0321,28.4566
-21.0496,28.4893
-21.0610,28.4824
-21.0740,28.4854
-21.3692,30.2029
-21.0992,28.4863
-21.4295,30.3470
-21.4332,30.2630
-21.4494,30.2522
-21.4739,30.2885
-21.5010,30.3371
-21.5051,30.2602
-21.5328,30.3109
-21.5547,30.3294
-21.5911,30.3274
-21.5999,30.2797
-21.6355,30.3643
-21.6498,30.3436
-21.6758,30.3790
-21.7015,30.4117
-21.7408,30.5056
-21.7348,30.3918
-21.7483,30.3683
-21.7629,30.3497
-21.8058,30.4551
-21.8205,30.4363
-21.8386,30.4321
-21.8531,30.4132
-21.9211,30.6151
-21.8855,30.3899
-21.5300,28.8866
-21.9347,30.4344
-22.0196,30.6913
-21.5651,28.8570
-21.5771,28.8487
-21.5879,28.8355
-21.5998,28.8272
-21.5908,28.7416
-21.6156,28.7814
-21.6876,28.9898
-21.6443,28.7833
-21.6507,28.7561
-21.6527,28.7139
-21.6614,28.6958
-21.6671,28.6680
-21.6756,28.6499
-21.6811,28.6222
-21.7778,28.8952
-21.7004,28.5954
-21.7040,28.5629
-21.7179,28.5638
-21.7303,28.5599
-21.7183,28.4797
-21.7305,28.4758
-21.7427,28.4719
-21.7580,28.4774
-21.7622,28.4496
-21.8062,28.5403
-21.7799,28.4225
-21.7870,28.4042
-21.7957,28.3907
-21.8060,28.3818
-21.8429,28.4483
-21.8818,28.5193
-21.8924,28.5102
-21.9098,28.5199
-21.8945,28.4403
-21.8996,28.4171
-21.9081,28.4033
-21.9218,28.4035
-21.9391,28.4129
-21.9618,28.4364
-21.9974,28.4923
-21.9950,28.4503
-22.0108,28.4548
-22.0247,28.4547
-22.0387,28.4545
-22.0527,28.4542
-22.0666,28.4539
-22.2369,28.8326
-22.0908,28.4440
-22.1048,28.4435
-22.1169,28.4385
-22.1289,28.4334
-22.1429,28.4328
-22.1609,28.4414
-22.1890,28.4728
-22.1931,28.4491
-22.2112,28.4575
-22.2336,28.4749
-22.2437,28.4649
-22.2579,28.4639
-22.2658,28.4493
-22.3996,28.7069
-22.4338,28.7130
-22.4445,28.7025
-23.5019,30.8859
-23.5321,30.8991
-23.5602,30.9077
-23.5906,30.9207
-23.6384,30.9194
-23.6691,30.9321
-23.6976,30.9401
-23.7284,30.9525
-23.7571,30.9604
-23.7881,30.9725
-23.8389,30.9743
-23.8678,30.9817
-23.8992,30.9934
-23.9283,31.0005
-23.9598,31.0119
-23.9891,31.0189
-24.0208,31.0300
-24.0725,31.0301
-24.1045,31.0410
-24.1365,31.0516
-24.1687,31.0622
-24.2009,31.0726
-24.2333,31.0829
-24.2857,31.0815
-24.3205,31.0952
-24.3532,31.1050
-24.3885,31.1189
-24.4214,31.1285
-24.4546,31.1382
-24.4926,31.1556
-24.5105,31.1395
-24.5436,31.1485
-24.5795,31.1615
-24.6129,31.1702
-24.6491,31.1830
-24.6853,31.1956
-24.7216,31.2081
-24.7785,31.2074
-24.8151,31.2194
-24.8518,31.2313
-24.8887,31.2430
-24.9256,31.2546
-24.9626,31.2660
-25.0231,31.2676
-25.0605,31.2785
-25.1007,31.2935
-25.1382,31.3041
-25.1787,31.3187
-25.2165,31.3290
-25.2631,31.3516
-25.2780,31.3286
-25.3189,31.3425
-25.3599,31.3563
-25.4010,31.3698
-25.4423,31.3832
-25.4837,31.3963
-25.5285,31.4138
-25.5462,31.3940
-25.5879,31.4067
-25.6297,31.4191
-25.6746,31.4354
-25.7167,31.4475
-25.7619,31.4634
-25.8042,31.4752
-25.8709,31.4743
-25.9165,31.4894
-25.9654,31.5083
-26.0083,31.5191
-26.0581,31.5383
-26.0944,31.5401
-26.1539,31.5706
-26.1746,31.5525
-26.2117,31.5546
-26.2576,31.5235
-26.2757,31.5021
-26.3129,31.5037
-26.3670,31.5253
-26.3810,31.4988
-26.4345,31.5189
-26.4849,31.5350
-26.5323,31.5471
-26.5862,31.5665
-26.6175,31.5593
-26.8236,28.8661
-26.8283,28.8409
-26.8374,28.8188
-26.8547,28.8024
-26.8636,28.7802
-26.8767,28.7609
-26.8855,28.7387
-26.9113,28.6998
-26.9199,28.6776
-26.9332,28.6584
-26.9412,28.6358
-26.9580,28.6189
-28.5314,29.5264
-28.5128,29.4808
-28.5351,29.4609
-27.5601,28.8259
-27.5690,28.8019
-28.5929,29.3954
-27.6166,28.7718
-27.6294,28.7501
-27.6640,28.7413
-28.6637,29.2706
-28.6596,29.2349
-28.6740,29.2102
-28.7070,29.1961
-28.7069,29.1630
-28.7254,29.1406
-28.7352,29.1132
-28.7492,29.0882
-28.7632,29.0632
-28.7771,29.0381
-28.7909,29.0130
-28.8183,28.9627
-28.8319,28.9375
-28.8454,28.9122
-28.8589,28.8869
-28.8766,28.8639
-28.8899,28.8385
-28.9207,28.7899
-28.9338,28.7643
-28.9512,28.7410
-28.9642,28.7154
-28.9770,28.6897
-28.9868,28.6626
-28.9950,28.6346
-29.0151,28.6125
-29.0111,28.5787
-29.0100,28.5464
-29.0449,28.5314
-29.0693,28.5112
-29.0860,28.4874
-29.1178,28.4705
-29.1465,28.4203
-29.1630,28.3961
-29.1795,28.3719
-29.1958,28.3477
-29.2122,28.3233
-29.2400,28.2725
-29.2515,28.2460
-29.2675,28.2215
-29.2835,28.1969
-29.2994,28.1722
-29.3152,28.1475
-29.3420,28.0959
-29.3577,28.0710
-29.3732,28.0461
-29.3887,28.0210
-29.4041,27.9959
-29.4194,27.9708
-29.4452,27.9185
-29.4603,27.8932
-29.4754,27.8679
-29.4904,27.8424
-29.5100,27.8187
-29.5248,27.7932
-29.5496,27.7402
-29.5642,27.7144
-29.5788,27.6887
-29.5932,27.6628
-29.6123,27.6386
-29.6267,27.6126
-29.6457,27.5882
-29.6693,27.5344
-29.6833,27.5082
-29.7020,27.4835
-29.7159,27.4572
-29.7297,27.4308
-29.7483,27.4059
-29.7708,27.3514
-29.7891,27.3263
-29.8025,27.2996
-29.8207,27.2744
-29.8388,27.2490
-29.8520,27.2222
-29.8783,27.1683
-29.8961,27.1427
-29.9138,27.1169
-29.9267,27.0898
-29.9443,27.0639
-29.9618,27.0380
-29.9744,27.0106
-29.9995,26.9558
-30.0167,26.9296
-30.0339,26.9033
-30.0461,26.8756
-30.0631,26.8492
-30.0752,26.8214
-30.0992,26.7658
-30.1110,26.7379
-30.1228,26.7100
-30.1394,26.6831
-30.1559,26.6562
-29.1540,25.6398
-29.0883,25.6041
-29.0260,25.5430
-28.9600,25.5083
-28.8839,25.4729
-28.8325,25.4408
-28.8256,25.4144
-28.8487,25.3915
-28.8463,25.3656
-28.8640,25.3420
-28.8766,25.3177
-28.8942,25.2938
-28.9117,25.2699
-28.9195,25.2449
-28.9415,25.2212
-28.9561,25.1709
-28.9583,25.1453
-20.6214,14.4558
-20.5908,14.4952
-20.5602,14.5548
-20.5004,14.6141
-20.4707,14.6739
-20.4413,14.7387
-20.4123,14.8087
-20.3836,14.8437
-20.3551,14.8855
-20.2987,14.9459
-20.2712,15.0112
-20.2437,15.0467
-20.2164,15.0872
-20.1905,15.1714
-20.1644,15.2321
-20.1102,15.2638
-20.0848,15.3197

# FrameTime=1781596605.59, PointCount=679
-17.3350,26.7093
-17.3579,26.7065
-15.4013,28.1927
-17.3717,26.7249
-17.3787,26.7340
-15.4870,28.1983
-15.4826,28.2252
-15.4901,28.2431
-15.4937,28.2640
-17.4019,26.7886
-17.4679,26.7512
-17.6353,26.6324
-17.7591,26.5470
-15.5480,28.3406
-17.6476,26.6637
-17.6892,26.6436
-15.6494,28.3543
-17.6440,26.7223
-17.6586,26.7242
-17.6693,26.7293
-15.7656,28.3532
-17.6871,26.7425
-17.7320,26.7182
-17.8374,26.6414
-17.9424,26.5641
-17.9790,26.5452
-17.9666,26.5690
-15.8642,28.4368
-17.9309,26.6268
-17.8145,26.7442
-17.8364,26.7386
-15.9758,28.4343
-15.9878,28.4476
-16.0220,28.4407
-15.9994,28.4858
-17.9191,26.7329
-17.8822,26.7813
-17.8565,26.8197
-17.9073,26.7862
-17.8746,26.8316
-17.9325,26.7909
-16.1451,28.5208
-17.9324,26.8196
-18.0722,26.6982
-18.0362,26.7472
-17.9327,26.8630
-16.2482,28.5438
-16.2641,28.5528
-16.2766,28.5653
-16.2150,28.6522
-18.0048,26.8644
-18.1381,26.7432
-18.1835,26.7106
-18.1765,26.7317
-17.9580,26.9724
-16.4620,28.5497
-16.4916,28.5435
-16.5219,28.5363
-16.4337,28.6549
-16.5391,28.5677
-16.5481,28.5830
-16.5573,28.5983
-16.5698,28.6098
-16.5858,28.6177
-16.6151,28.6107
-16.6085,28.6434
-16.6570,28.6149
-16.6638,28.6327
-16.6765,28.6439
-16.6991,28.6439
-16.6690,28.7039
-16.6909,28.7047
-16.7266,28.6895
-16.7195,28.7238
-16.7555,28.7078
-16.7781,28.7074
-16.8135,28.6916
-16.7586,28.7832
-16.8209,28.7351
-16.8594,28.7152
-16.7980,28.8159
-16.8820,28.7403
-16.9013,28.7432
-16.9112,28.7576
-16.9920,28.6838
-17.0296,28.6629
-17.0455,28.6691
-16.9129,28.8635
-17.0680,28.6932
-17.0808,28.7033
-17.0754,28.7369
-17.0853,28.7509
-18.6077,26.7871
-18.6572,26.7368
-18.6762,26.7261
-18.6591,26.7634
-18.6423,26.8007
-18.6316,26.8301
-18.6299,26.8475
-17.1932,28.8256
-17.2006,28.8433
-17.2110,28.8570
-18.5659,26.9988
-17.2405,28.8721
-18.6681,26.8875
-18.7015,26.8560
-18.7002,26.8734
-17.3180,28.8758
-18.6979,26.9083
-18.6912,26.9341
-18.6509,27.0095
-18.5997,27.1017
-18.6106,27.1030
-18.6187,27.1084
-17.4720,28.8502
-18.6348,27.1191
-17.3728,29.0595
-17.4957,28.9015
-17.4929,28.9354
-17.5092,28.9399
-17.5227,28.9487
-17.5444,28.9447
-17.5712,28.9323
-17.5461,29.0025
-17.5668,29.0000
-17.6329,28.9238
-17.6439,28.9364
-17.6117,29.0196
-17.6333,29.0152
-17.6523,29.0150
-17.6712,29.0147
-17.6992,28.9989
-17.7105,29.0114
-17.7303,29.0091
-17.7316,29.0387
-17.7519,29.0356
-17.7782,29.0219
-17.7747,29.0601
-17.6880,29.2460
-17.7816,29.1134
-17.8021,29.1099
-17.8171,29.1160
-17.8336,29.1194
-17.8501,29.1228
-17.8690,29.1217
-17.8879,29.1205
-17.9104,29.1123
-17.9231,29.1224
-17.9326,29.1387
-17.9398,29.1594
-17.9555,29.1642
-17.9697,29.1715
-17.9817,29.1833
-17.9510,29.2793
-18.0104,29.1978
-18.0345,29.1854
-18.0577,29.1746
-18.0764,29.1728
-18.0832,29.1951
-18.0997,29.1976
-18.0666,29.3030
-18.1057,29.2591
-18.1394,29.2254
-18.1773,29.1825
-18.1979,29.1757
-18.2164,29.1733
-18.2202,29.2025
-18.1531,29.3877
-18.2449,29.2247
-18.2511,29.2495
-18.2839,29.2149
-18.3075,29.2005
-18.3358,29.1749
-18.3283,29.2314
-18.2936,29.3516
-18.3591,29.2393
-18.3775,29.2363
-18.3900,29.2470
-18.3741,29.3260
-18.3946,29.3183
-18.4223,29.2927
-18.4594,29.2433
-18.4014,29.4290
-18.4976,29.2318
-18.4974,29.2746
-18.5083,29.2896
-18.5157,29.3139
-18.5286,29.3243
-18.5505,29.3113
-18.5053,29.4750
-18.5816,29.3178
-18.5981,29.3186
-18.6145,29.3194
-18.6292,29.3247
-18.6456,29.3254
-18.6637,29.3213
-18.6470,29.4151
-18.6915,29.3365
-18.7194,29.3040
-18.7341,29.3091
-18.7310,29.3660
-18.7156,29.4607
-18.7418,29.4327
-18.7539,29.4465
-18.7952,29.3717
-18.8331,29.3055
-18.8463,29.3150
-18.8580,29.3291
-18.8682,29.3481
-18.8682,29.4002
-18.8750,29.4313
-18.8299,29.6333
-18.8734,29.5456
-18.9153,29.4615
-18.9262,29.4803
-18.9470,29.4656
-18.9676,29.4509
-18.9909,29.4265
-18.9723,29.5500
-19.0250,29.4206
-19.0414,29.4199
-19.0616,29.4048
-19.0585,29.4762
-19.0665,29.5070
-19.0805,29.5159
-19.0340,29.7583
-19.1304,29.4487
-19.1675,29.3657
-19.1884,29.3452
-19.1662,29.4988
-19.1779,29.5171
-19.1874,29.5450
-19.2430,29.3790
-19.1728,29.7462
-19.2183,29.6219
-19.2523,29.5448
-19.2993,29.4074
-19.2863,29.5372
-19.2911,29.5892
-19.3171,29.5439
-19.2580,29.8984
-19.3407,29.5845
-19.3516,29.6101
-19.3841,29.5301
-19.4014,29.5233
-19.4157,29.5313
-19.4367,29.5049
-19.4473,29.5323
-19.4101,29.8166
-19.4735,29.5626
-19.4881,29.5703
-19.5035,29.5731
-19.5212,29.5633
-19.5366,29.5660
-19.5471,29.5981
-19.5228,29.8415
-19.5655,29.6813
-19.5899,29.6303
-19.6047,29.6377
-19.6249,29.6106
-19.6346,29.6524
-19.6387,29.7336
-19.6362,29.8641
-19.6734,29.7184
-19.7063,29.5973
-19.7212,29.6043
-19.7263,29.6854
-19.7498,29.6282
-19.9542,28.1263
-19.9671,28.1128
-19.7819,29.7577
-20.0032,27.9963
-20.0150,27.9876
-20.0268,27.9789
-19.8519,29.7104
-20.0503,27.9613
-20.0609,27.9624
-20.0725,27.9535
-20.0850,27.9346
-20.0983,27.9057
-20.1124,27.8668
-20.0837,28.3210
-20.1297,27.9085
-20.1298,28.0389
-20.1307,28.1693
-20.1350,28.2649
-20.1561,28.1311
-20.1750,28.0172
-20.1884,27.9780
-20.1932,28.0740
-20.2121,27.9394
-20.2232,27.9300
-20.2370,27.8707
-20.2506,27.8063
-20.2598,27.8267
-20.2685,27.8622
-20.2708,28.0574
-20.2878,27.8980
-20.2969,27.9383
-20.3071,27.9487
-20.3177,27.9490
-20.3283,27.9493
-20.3390,27.9445
-20.3496,27.9448
-20.3593,27.9950
-20.3706,27.9551
-20.3811,27.9653
-20.3916,27.9854
-20.4023,27.9904
-20.4130,27.9755
-20.4237,27.9755
-20.4349,28.1010
-20.4459,28.1009
-20.4563,28.0353
-20.4672,28.0351
-20.4779,28.0250
-20.4889,28.0348
-20.4997,28.0346
-20.5144,28.1856
-20.5216,28.0390
-20.5326,28.0437
-20.5428,28.0234
-20.5536,28.0230
-20.5632,27.9926
-20.5701,27.9030
-20.5812,27.9175
-20.5937,27.9569
-20.6031,27.9329
-20.6226,28.0949
-20.6255,27.9552
-20.6349,27.9333
-20.6454,27.9326
-20.6546,27.9126
-20.6662,27.9276
-20.6760,27.9169
-20.6895,27.9552
-20.6966,27.9103
-20.7116,27.9642
-20.7222,27.9626
-20.7289,27.9168
-20.7445,27.9727
-20.7437,27.8502
-20.7516,27.8244
-20.4578,24.7977
-20.7720,27.8223
-20.7828,27.8262
-20.8047,27.9316
-20.8141,27.9205
-20.8240,27.9144
-20.8339,27.9082
-20.8822,28.2174
-20.8475,27.8464
-20.8936,28.1258
-20.9035,28.1144
-20.9119,28.0932
-20.9663,28.4081
-20.9769,28.3966
-20.9902,28.4048
-21.0043,28.4179
-21.0200,28.4408
-21.0358,28.4637
-21.0526,28.4915
-21.3676,30.4005
-21.0754,28.4778
-21.0884,28.4807
-21.0989,28.4688
-21.4027,30.1747
-21.4443,30.3117
-21.4498,30.2397
-21.4775,30.2934
-21.4996,30.3148
-21.5054,30.2477
-21.5559,30.3217
-21.5866,30.3847
-21.5913,30.3148
-21.6041,30.2868
-21.6172,30.2614
-21.6520,30.3409
-21.6734,30.3541
-21.7022,30.4018
-21.7180,30.3881
-21.7241,30.3306
-21.7527,30.3754
-21.7750,30.3908
-21.8114,30.4670
-21.8296,30.4628
-21.8611,30.4348
-21.8745,30.4110
-21.8912,30.4018
-21.9176,30.4313
-21.9455,30.4656
-21.5552,28.8625
-21.5673,28.8543
-21.5794,28.8460
-22.0525,30.5773
-21.6590,29.0369
-21.6689,29.0187
-21.6788,29.0005
-21.6885,28.9822
-21.6412,28.7614
-21.6493,28.6920
-21.6580,28.6739
-21.6679,28.6605
-21.7206,28.7909
-21.6876,28.6338
-21.7119,28.6683
-21.7070,28.6070
-21.7062,28.5602
-21.7201,28.5611
-21.7205,28.5190
-21.7190,28.4722
-21.7327,28.4731
-21.7433,28.4644
-21.7743,28.5173
-21.7644,28.4469
-21.7733,28.4334
-21.7805,28.4151
-21.7893,28.4015
-21.7963,28.3832
-21.8098,28.3838
-21.8551,28.4739
-21.8824,28.5119
-21.8980,28.5169
-21.9137,28.5218
-21.8933,28.4282
-21.8984,28.4050
-21.9103,28.4005
-21.9223,28.3961
-21.9609,28.4616
-21.9569,28.4150
-21.9779,28.4336
-21.9972,28.4476
-22.0130,28.4521
-22.0251,28.4473
-22.0390,28.4471
-22.0530,28.4469
-22.0987,28.5242
-22.0790,28.4416
-22.0930,28.4413
-22.1070,28.4408
-22.1191,28.4357
-22.1331,28.4352
-22.1471,28.4347
-22.1964,28.5155
-22.1752,28.4334
-22.1953,28.4464
-22.2155,28.4593
-22.2337,28.4676
-22.2438,28.4576
-22.2601,28.4612
-22.3889,28.7101
-22.2822,28.4455
-23.4268,30.8699
-22.4381,28.7148
-23.4804,30.8834
-22.4531,28.6801
-23.5365,30.9009
-23.5863,30.9045
-23.6145,30.9129
-23.6451,30.9257
-23.6735,30.9338
-23.7020,30.9419
-23.7329,30.9543
-23.7615,30.9621
-23.8122,30.9641
-23.8411,30.9716
-23.8724,30.9834
-23.9014,30.9906
-23.9328,31.0022
-23.9620,31.0092
-24.0135,31.0098
-24.0453,31.0208
-24.0771,31.0318
-24.1091,31.0426
-24.1412,31.0533
-24.1733,31.0638
-24.2256,31.0628
-24.2601,31.0768
-24.2926,31.0868
-24.3252,31.0968
-24.3582,31.1070
-24.3910,31.1167
-24.4440,31.1141
-24.4796,31.1277
-24.5127,31.1368
-24.5485,31.1500
-24.5844,31.1631
-24.6204,31.1760
-24.6566,31.1888
-24.7132,31.1885
-24.7496,31.2009
-24.7834,31.2088
-24.8200,31.2209
-24.8568,31.2327
-24.8936,31.2445
-24.9510,31.2425
-24.9909,31.2579
-25.0281,31.2690
-25.0655,31.2800
-25.1057,31.2949
-25.1433,31.3055
-25.1867,31.3243
-25.2045,31.3057
-25.2423,31.3159
-25.2830,31.3300
-25.3240,31.3439
-25.3650,31.3576
-25.4062,31.3711
-25.4475,31.3845
-25.5098,31.3824
-25.5543,31.3993
-25.5960,31.4120
-25.6409,31.4284
-25.6828,31.4407
-25.7279,31.4568
-25.7913,31.4526
-25.8367,31.4681
-25.8823,31.4834
-25.9280,31.4985
-25.9738,31.5134
-26.0167,31.5242
-26.0659,31.5426
-26.1273,31.5320
-26.1831,31.5575
-26.2147,31.5528
-26.2661,31.5285
-26.2811,31.5033
-26.3435,31.4919
-26.3961,31.5113
-26.4432,31.5238
-26.4904,31.5361
-26.5442,31.5558
-26.5894,31.5649
-26.6421,31.5391
-26.8120,28.8823
-26.8217,28.8606
-26.8263,28.8354
-26.8437,28.8189
-26.8569,28.7996
-26.8658,28.7775
-26.8919,28.7388
-26.9007,28.7166
-26.9135,28.6971
-26.9263,28.6776
-26.9349,28.6553
-26.9434,28.6331
-26.9685,28.5938
-28.5336,29.5236
-27.6076,28.9109
-28.5543,29.4687
-27.5751,28.8311
-27.5755,28.8017
-28.5886,29.3553
-27.6275,28.7449
-27.7647,28.7973
-28.6573,29.2628
-28.6618,29.2322
-28.6905,29.1826
-28.7134,29.1628
-28.7233,29.1354
-28.7374,29.1105
-28.7471,29.0830
-28.7611,29.0580
-28.7887,29.0079
-28.8025,28.9828
-28.8161,28.9576
-28.8341,28.9348
-28.8476,28.9095
-28.8611,28.8842
-28.8891,28.8666
-28.8921,28.8358
-28.9054,28.8103
-28.9229,28.7871
-28.9360,28.7616
-28.9490,28.7360
-28.9619,28.7104
-28.9792,28.6870
-29.0017,28.6341
-29.0143,28.6083
-29.0268,28.5825
-29.0423,28.5582
-29.0592,28.5344
-29.0715,28.5085
-29.1004,28.4586
-29.1276,28.4395
-29.1487,28.4175
-29.1652,28.3934
-29.1817,28.3692
-29.1981,28.3449
-29.2306,28.2962
-29.2583,28.2453
-29.2743,28.2207
-29.2857,28.1941
-29.3016,28.1695
-29.3174,28.1447
-29.3332,28.1199
-29.3489,28.0951
-29.3754,28.0433
-29.3909,28.0183
-29.4063,27.9932
-29.4216,27.9681
-29.4369,27.9429
-29.4521,27.9176
-29.4776,27.8651
-29.4926,27.8397
-29.5122,27.8160
-29.5270,27.7904
-29.5418,27.7648
-29.5565,27.7391
-29.5810,27.6859
-29.5954,27.6601
-29.6098,27.6342
-29.6242,27.6083
-29.6384,27.5823
-29.6573,27.5578
-29.6715,27.5317
-29.6995,27.4792
-29.7134,27.4529
-29.7320,27.4281
-29.7457,27.4017
-29.7641,27.3767
-29.7825,27.3517
-29.8047,27.2969
-29.8229,27.2716
-29.8410,27.2463
-29.8542,27.2194
-29.8722,27.1939
-29.8853,27.1670
-29.9112,27.1128
-29.9241,27.0857
-29.9417,27.0599
-29.9592,27.0339
-29.9766,27.0079
-29.9940,26.9818
-30.0189,26.9269
-30.0361,26.9005
-30.0532,26.8742
-30.0653,26.8465
-30.0774,26.8187
-30.0895,26.7909
-30.1063,26.7643
-30.1250,26.7073
-30.1416,26.6804
-30.1581,26.6535
-29.1661,25.6384
-29.1103,25.6041
-29.0396,25.5681
-29.0039,25.5371
-28.9770,25.5075
-28.9059,25.4726
-28.8397,25.4387
-28.8278,25.4117
-28.8407,25.3876
-28.8584,25.3640
-28.8864,25.3414
-28.8739,25.3144
-28.8914,25.2906
-28.9089,25.2666
-28.9214,25.2421
-28.9441,25.2185
-28.9461,25.1929
-28.9484,25.1673
-20.6236,14.4531
-20.5931,14.4875
-20.5624,14.5470
-20.5027,14.6063
-20.4729,14.6711
-20.4435,14.7360
-20.4145,14.8110
-20.3858,14.8560
-20.3574,14.8912
-20.3009,14.9432
-20.2735,15.0085
-20.2459,15.0475
-20.2191,15.1081
-20.1927,15.1687
-20.1667,15.2344
-20.1126,15.2660
-20.0861,15.2920

# FrameTime=1781596605.69, PointCount=678
-17.3527,26.6978
-17.3396,26.7219
-17.3145,26.7552
-15.4143,28.2082
-17.4598,26.6739
-15.4807,28.2048
-17.4180,26.7343
-15.4917,28.2435
-15.4953,28.2644
-17.4311,26.7674
-15.5282,28.2862
-15.5301,28.3086
-15.5457,28.3202
-17.6698,26.6338
-17.6764,26.6421
-17.6134,26.7072
-17.6125,26.7219
-17.6387,26.7144
-15.7358,28.3084
-17.6295,26.7503
-17.6825,26.7201
-17.6665,26.7477
-17.6430,26.7818
-17.7755,26.6829
-17.9073,26.5831
-15.8261,28.3994
-17.9316,26.5883
-17.9983,26.5431
-17.9634,26.5867
-17.8653,26.6870
-17.8199,26.7413
-17.8678,26.7123
-15.9737,28.4381
-16.0042,28.4346
-15.9815,28.4797
-16.0064,28.4813
-17.8694,26.7809
-17.8729,26.7920
-17.8508,26.8270
-16.1245,28.4689
-17.9125,26.7976
-17.8979,26.8258
-17.9340,26.8057
-17.9772,26.7784
-16.2395,28.4808
-17.9485,26.8350
-16.2125,28.5563
-16.2569,28.5373
-16.2658,28.5533
-16.2942,28.5746
-18.0240,26.8471
-18.1993,26.6830
-18.1852,26.7111
-16.4216,28.5442
-18.0602,26.8685
-18.0646,26.8934
-18.0995,26.8715
-16.5351,28.5493
-16.5373,28.5718
-16.5498,28.5835
-16.5623,28.5950
-16.5520,28.6315
-16.5908,28.6144
-16.5900,28.6407
-16.6494,28.6004
-16.6495,28.6256
-16.6654,28.6331
-16.6913,28.6294
-16.6842,28.6631
-16.6568,28.7202
-16.6958,28.7014
-16.7217,28.6975
-16.7476,28.6935
-16.7572,28.7082
-16.7862,28.7002
-16.7440,28.7764
-18.5656,26.6309
-18.5947,26.6096
-16.8546,28.7233
-16.8730,28.7274
-16.9017,28.7187
-16.8998,28.7475
-16.9338,28.7320
-16.8590,28.8517
-17.0220,28.6750
-17.0440,28.6735
-17.0599,28.6797
-17.0727,28.6898
-17.0763,28.7116
-17.0740,28.7413
-17.0078,28.8542
-17.0788,28.7890
-18.6558,26.7412
-18.6658,26.7425
-18.6548,26.7718
-18.6379,26.8091
-18.6421,26.8185
-18.6256,26.8560
-17.1978,28.8220
-17.2081,28.8357
-17.2184,28.8494
-18.6696,26.8571
-18.6711,26.8705
-17.2556,28.8821
-18.6974,26.8646
-18.7104,26.8616
-18.6892,26.9077
-18.6768,26.9417
-18.7099,26.9098
-18.5933,27.0966
-17.3986,28.8759
-18.6290,27.0785
-18.6147,27.1171
-18.6229,27.1225
-17.4842,28.8636
-17.4866,28.8890
-17.4946,28.9061
-17.5027,28.9233
-17.5135,28.9362
-17.4357,29.0877
-17.5380,28.9578
-17.5676,28.9411
-17.5679,28.9708
-17.5816,28.9793
-17.5806,29.0116
-17.5970,29.0159
-17.6160,29.0158
-17.5694,29.1238
-17.6488,29.0240
-17.6820,28.9997
-17.7085,28.9865
-17.7070,29.0204
-17.7345,29.0052
-17.7332,29.0392
-17.7486,29.0446
-17.7724,29.0354
-17.7912,29.0346
-17.7756,29.0945
-17.7882,29.1051
-17.8022,29.1130
-17.8163,29.1208
-17.8032,29.1781
-17.8470,29.1320
-17.8683,29.1265
-17.8886,29.1227
-17.9083,29.1197
-17.9225,29.1272
-17.9296,29.1480
-17.9037,29.2320
-17.9525,29.1734
-17.9691,29.1764
-17.9856,29.1793
-17.9977,29.1910
-18.0174,29.1876
-18.0429,29.1724
-18.0165,29.2614
-18.0803,29.1687
-18.0945,29.1757
-18.1035,29.1936
-18.0963,29.2454
-18.1202,29.2325
-18.1518,29.2033
-18.1853,29.1694
-18.0784,29.4355
-18.2159,29.1782
-18.2302,29.1848
-18.2321,29.2186
-18.2239,29.2752
-18.2610,29.2317
-18.2876,29.2108
-18.2509,29.3327
-18.3415,29.1662
-18.3299,29.2318
-18.3463,29.2335
-18.3608,29.2397
-18.3753,29.2459
-18.3878,29.2566
-18.3815,29.3126
-18.3409,29.4527
-18.4109,29.3248
-18.4385,29.2991
-18.4923,29.2080
-18.4900,29.2554
-18.4954,29.2843
-18.4889,29.3437
-18.5246,29.2958
-18.5375,29.3061
-18.5539,29.3071
-18.5703,29.3080
-18.5850,29.3135
-18.6014,29.3144
-18.5945,29.3785
-18.6309,29.3252
-18.6439,29.3352
-18.6603,29.3358
-18.6768,29.3364
-18.6915,29.3416
-18.7227,29.2997
-18.7308,29.3237
-18.6991,29.4649
-18.7284,29.4281
-18.7405,29.4419
-18.7804,29.3720
-18.8186,29.3059
-18.8332,29.3107
-18.8464,29.3201
-18.7903,29.5476
-18.8714,29.3438
-18.8713,29.3959
-18.8745,29.4386
-18.8917,29.4363
-18.8903,29.4955
-18.9127,29.4762
-18.9002,29.5744
-18.9402,29.4948
-18.9665,29.4609
-18.9885,29.4413
-19.0090,29.4264
-19.0280,29.4162
-19.0470,29.4059
-19.0476,29.4629
-18.9993,29.7026
-19.0643,29.5219
-19.0797,29.5260
-19.1038,29.4961
-19.1283,29.4637
-19.1342,29.5040
-19.1647,29.4472
-19.1130,29.7216
-19.1843,29.4982
-19.1809,29.5793
-19.2320,29.4328
-19.2346,29.4897
-19.1942,29.7342
-19.2301,29.6502
-19.2589,29.5953
-19.2966,29.4987
-19.2991,29.5605
-19.3181,29.5470
-19.3372,29.5330
-19.3281,29.6532
-19.3704,29.5274
-19.3867,29.5256
-19.3627,29.7261
-19.4174,29.5317
-19.4355,29.5200
-19.4509,29.5229
-19.4597,29.5602
-19.4761,29.5581
-19.4867,29.5877
-19.4813,29.7078
-19.5194,29.5834
-19.5366,29.5763
-19.5546,29.5642
-19.5549,29.6581
-19.5672,29.6818
-19.5845,29.6751
-19.5918,29.7313
-19.6160,29.6800
-19.6311,29.6873
-19.6440,29.7094
-19.6599,29.7112
-19.6820,29.6695
-19.7086,29.5928
-19.6998,29.7757
-19.7312,29.6612
-19.7482,29.6533
-19.7683,29.6207
-19.9669,28.1282
-19.9810,28.1047
-19.7975,29.7779
-20.0155,27.9980
-20.0274,27.9892
-20.0397,27.9755
-20.0519,27.9617
-20.0636,27.9529
-20.0752,27.9440
-19.9196,29.6904
-20.0972,27.9360
-20.1136,27.8722
-20.1222,27.8931
-20.1281,27.9488
-20.1107,28.2984
-20.1255,28.2595
-20.1407,28.2105
-20.1616,28.0773
-20.1777,28.0026
-20.1862,28.0383
-20.2026,27.9491
-20.2138,27.9398
-20.2263,27.9055
-20.2227,28.1706
-20.2515,27.8217
-20.2617,27.8222
-20.2712,27.8376
-20.2794,27.8880
-20.2880,27.9384
-20.2983,27.9438
-20.3060,28.0341
-20.3193,27.9494
-20.3299,27.9497
-20.3405,27.9500
-20.3511,27.9502
-20.3617,27.9504
-20.3722,27.9606
-20.3827,27.9707
-20.3933,27.9808
-20.4040,27.9759
-20.4147,27.9859
-20.4254,28.0109
-20.4364,28.0609
-20.4472,28.0458
-20.4580,28.0407
-20.4697,28.1011
-20.4797,28.0354
-20.4904,28.0302
-20.5013,28.0300
-20.5124,28.0398
-20.5234,28.0445
-20.5345,28.0541
-20.5444,28.0238
-20.5562,28.0484
-20.5619,27.9189
-20.5758,27.9976
-20.5816,27.8896
-20.5941,27.9324
-20.6047,27.9334
-20.6154,27.9349
-20.6268,27.9492
-20.6362,27.9287
-20.6512,27.9985
-20.6573,27.9280
-20.6678,27.9273
-20.6784,27.9273
-20.6878,27.9115
-20.6998,27.9306
-20.7150,27.9858
-20.7264,27.9929
-20.7323,27.9372
-20.7374,27.8765
-20.7430,27.8258
-20.7523,27.8148
-20.7640,27.8288
-20.7857,27.9393
-20.7839,27.8217
-20.8001,27.8752
-20.8163,27.9259
-20.8268,27.9247
-20.8362,27.9136
-20.8400,27.8580
-20.8780,28.0781
-20.8556,27.8159
-20.9239,28.2581
-20.9162,28.1134
-20.9598,28.3491
-20.9792,28.4020
-20.9933,28.4151
-21.2380,30.0057
-21.0194,28.4265
-21.0337,28.4395
-21.0496,28.4623
-21.0649,28.4802
-21.0787,28.4881
-21.3674,30.1662
-21.3896,30.1928
-21.4170,30.2490
-21.4400,30.2777
-21.4751,30.2714
-21.4968,30.2906
-21.5089,30.2579
-21.5339,30.2939
-21.5585,30.3271
-21.5782,30.3335
-21.5881,30.2907
-21.6324,30.3277
-21.6516,30.3316
-21.6756,30.3572
-21.7023,30.3948
-21.7345,30.4569
-21.7333,30.3651
-21.7612,30.3231
-21.8047,30.4310
-21.8329,30.4705
-21.8424,30.4298
-21.8570,30.4109
-21.8702,30.3872
-21.9181,30.4269
-21.5460,28.8761
-21.5569,28.8630
-22.1565,31.1262
-21.5797,28.8416
-21.5892,28.8236
-21.6037,28.8249
-22.0616,30.4592
-21.6804,29.0009
-21.6326,28.7755
-21.6456,28.7719
-21.6517,28.7437
-21.6538,28.7020
-21.6624,28.6839
-21.6710,28.6658
-21.6823,28.6572
-21.6806,28.6055
-21.7775,28.8792
-21.7435,28.7208
-21.7093,28.5654
-21.7218,28.5615
-21.7342,28.5576
-21.7252,28.4870
-21.7328,28.4688
-21.7481,28.4743
-21.7618,28.4751
-21.7645,28.4426
-21.7702,28.4196
-21.8321,28.5622
-21.7893,28.3972
-21.8012,28.3931
-21.8115,28.3842
-21.8467,28.4460
-21.8907,28.5312
-21.8980,28.5126
-21.8897,28.4518
-21.9311,28.5272
-21.9052,28.4195
-21.9120,28.4010
-21.9239,28.3965
-21.9412,28.4060
-21.9639,28.4294
-21.9886,28.4574
-22.0153,28.4899
-22.0146,28.4526
-22.0286,28.4524
-22.0407,28.4476
-22.0546,28.4473
-22.0667,28.4424
-22.0807,28.4421
-22.1067,28.4367
-22.1207,28.4362
-22.1347,28.4357
-22.1468,28.4305
-22.1628,28.4345
-22.1828,28.4476
-22.2010,28.4560
-22.2171,28.4598
-22.2333,28.4635
-22.2475,28.4626
-22.2596,28.4571
-22.4097,28.7182
-23.4306,30.8749
-22.4312,28.6972
-22.4462,28.6957
-23.5036,30.8791
-23.5338,30.8923
-23.5641,30.9054
-23.5945,30.9184
-23.6228,30.9268
-23.6729,30.9298
-23.7014,30.9379
-23.7300,30.9458
-23.7609,30.9581
-23.7897,30.9658
-23.8208,30.9778
-23.8497,30.9853
-23.9007,30.9867
-23.9298,30.9938
-23.9613,31.0053
-23.9930,31.0166
-24.0247,31.0277
-24.0541,31.0344
-24.1059,31.0343
-24.1379,31.0450
-24.1701,31.0556
-24.2023,31.0660
-24.2346,31.0763
-24.2671,31.0864
-24.3196,31.0848
-24.3548,31.0989
-24.3876,31.1085
-24.4230,31.1223
-24.4559,31.1317
-24.4915,31.1452
-24.5449,31.1419
-24.5808,31.1550
-24.6168,31.1679
-24.6503,31.1765
-24.6865,31.1891
-24.7228,31.2016
-24.7645,31.2222
-24.7796,31.2009
-24.8162,31.2129
-24.8529,31.2248
-24.8925,31.2406
-24.9294,31.2522
-24.9665,31.2637
-25.0037,31.2749
-25.0615,31.2721
-25.1017,31.2871
-25.1393,31.2977
-25.1797,31.3123
-25.2203,31.3267
-25.2582,31.3368
-25.3198,31.3362
-25.3609,31.3499
-25.4020,31.3635
-25.4433,31.3768
-25.4847,31.3900
-25.5262,31.4030
-25.5741,31.4243
-25.5888,31.4004
-25.6306,31.4129
-25.6755,31.4292
-25.7175,31.4413
-25.7627,31.4572
-25.8081,31.4729
-25.8536,31.4884
-25.9204,31.4872
-25.9662,31.5021
-26.0091,31.5129
-26.0582,31.5313
-26.0982,31.5378
-26.1477,31.5558
-26.2187,31.5562
-26.1871,31.4738
-26.2463,31.5029
-26.2795,31.4999
-26.3167,31.5014
-26.3636,31.5143
-26.4179,31.5357
-26.4351,31.5128
-26.4856,31.5290
-26.5338,31.5421
-26.5845,31.5578
-26.6246,31.5608
-26.8362,28.8415
-26.8453,28.8194
-26.8502,28.7945
-26.8675,28.7780
-26.8764,28.7558
-26.8894,28.7364
-26.9152,28.6975
-26.9238,28.6753
-26.9407,28.6585
-26.9492,28.6362
-26.9618,28.6166
-28.5157,29.5457
-28.5294,29.4865
-28.5304,29.4534
-27.5555,28.8184
-27.5814,28.8048
-28.5925,29.3906
-27.6162,28.7669
-27.6593,28.7339
-28.6632,29.2657
-28.6591,29.2301
-28.6821,29.2104
-28.6922,29.1831
-28.7293,29.1383
-28.7391,29.1109
-28.7531,29.0859
-28.7627,29.0585
-28.7766,29.0334
-28.7904,29.0084
-28.8187,28.9912
-28.8178,28.9581
-28.8314,28.9328
-28.8493,28.9099
-28.8627,28.8846
-28.8761,28.8593
-28.8938,28.8362
-28.9129,28.8138
-28.9201,28.7853
-28.9332,28.7598
-28.9506,28.7365
-28.9636,28.7109
-28.9764,28.6852
-28.9892,28.6596
-29.0033,28.6345
-29.0149,28.5764
-29.0409,28.5571
-29.0563,28.5327
-29.0686,28.5068
-29.0899,28.4851
-29.1217,28.4682
-29.1504,28.4180
-29.1714,28.3959
-29.1879,28.3717
-29.2043,28.3474
-29.2206,28.3231
-29.2323,28.2967
-29.2438,28.2702
-29.2600,28.2457
-29.2760,28.2212
-29.3033,28.1699
-29.3191,28.1452
-29.3348,28.1204
-29.3505,28.0955
-29.3615,28.0687
-29.3771,28.0438
-29.4033,27.9918
-29.4186,27.9667
-29.4339,27.9415
-29.4537,27.9181
-29.4689,27.8927
-29.4839,27.8674
-29.5091,27.8147
-29.5240,27.7891
-29.5387,27.7635
-29.5581,27.7396
-29.5728,27.7138
-29.5873,27.6881
-29.6115,27.6347
-29.6258,27.6087
-29.6448,27.5843
-29.6590,27.5582
-29.6731,27.5321
-29.6919,27.5075
-29.7150,27.4534
-29.7288,27.4270
-29.7473,27.4021
-29.7610,27.3757
-29.7794,27.3506
-29.7977,27.3255
-29.8245,27.2721
-29.8378,27.2453
-29.8559,27.2199
-29.8738,27.1944
-29.8869,27.1674
-29.9047,27.1418
-29.9177,27.1147
-29.9433,27.0603
-29.9560,27.0330
-29.9735,27.0070
-29.9908,26.9810
-30.0082,26.9548
-30.0206,26.9273
-30.0451,26.8721
-30.0621,26.8457
-30.0742,26.8180
-30.0911,26.7914
-30.1079,26.7647
-30.1198,26.7368
-30.1432,26.6808
-30.1597,26.6539
-29.1776,25.6402
-29.1268,25.6065
-29.0611,25.5712
-28.9902,25.5356
-28.9192,25.5004
-28.8562,25.4410
-28.8295,25.4121
-28.8423,25.3880
-28.8551,25.3639
-28.8728,25.3402
-28.8904,25.3164
-28.9106,25.2671
-28.9280,25.2431
-28.9358,25.2180
-28.9531,25.1939
-28.9599,25.1687
-28.9526,25.1422
-20.6251,14.4585
-20.5947,14.4880
-20.5640,14.5525
-20.5043,14.6068
-20.4745,14.6766
-20.4451,14.7414
-20.4161,14.8114
-20.3875,14.8565
-20.3589,14.8716
-20.3304,14.8884
-20.3026,14.9471
-20.2749,14.9990
-20.2479,15.0643
-20.2205,15.0949
-20.1944,15.1741
-20.1684,15.2348
-20.0888,15.3224
-20.0627,15.3534

# FrameTime=1781596605.79, PointCount=688
-17.3327,26.7127
-17.3596,26.7070
-15.3990,28.1962
-17.3773,26.7223
-17.3723,26.7405
-17.3595,26.7648
-15.4842,28.2257
-15.4878,28.2466
-15.4953,28.2644
-17.4508,26.7520
-17.4852,26.7392
-17.6409,26.6297
-17.7568,26.5506
-15.5536,28.3379
-17.6415,26.6704
-17.6986,26.6377
-17.6966,26.6667
-17.6533,26.7164
-17.6602,26.7247
-17.6710,26.7297
-15.7672,28.3536
-17.6849,26.7462
-17.7375,26.7154
-17.8391,26.6419
-17.9478,26.5612
-17.9731,26.5522
-17.9607,26.5760
-15.8621,28.4406
-17.9139,26.6438
-17.8124,26.7479
-17.8454,26.7324
-17.9043,26.6931
-15.9969,28.4413
-16.0274,28.4377
-16.0010,28.4863
-17.9281,26.7266
-17.8875,26.7783
-17.8472,26.8304
-17.8908,26.8038
-17.8798,26.8286
-17.9232,26.8017
-16.1503,28.5178
-17.9340,26.8201
-16.2395,28.4808
-18.0378,26.7476
-16.2125,28.5563
-16.2463,28.5478
-16.2658,28.5533
-16.2853,28.5586
-16.3688,28.4994
-18.0099,26.8613
-18.1608,26.7222
-18.1922,26.7039
-18.1677,26.7429
-17.9666,26.9657
-16.4636,28.5501
-17.9922,26.9695
-16.5261,28.5340
-16.5347,28.5746
-16.5498,28.5835
-16.5623,28.5950
-16.5748,28.6066
-16.5874,28.6181
-16.6168,28.6112
-16.5352,28.7270
-16.6619,28.6117
-16.6654,28.6331
-16.6814,28.6406
-16.7007,28.6443
-16.6641,28.7119
-16.6926,28.7052
-16.6952,28.7282
-16.7411,28.7010
-16.7572,28.7082
-16.7733,28.7154
-16.7445,28.7758
-16.7635,28.7798
-16.8257,28.7317
-16.8610,28.7156
-16.8255,28.7850
-16.9049,28.7149
-16.8998,28.7475
-16.9097,28.7619
-16.9967,28.6803
-17.0282,28.6672
-17.0440,28.6735
-16.9083,28.8718
-17.0727,28.6898
-17.0794,28.7076
-17.0770,28.7373
-17.0809,28.7592
-18.6094,26.7876
-18.6588,26.7373
-18.6778,26.7266
-18.6578,26.7678
-18.6409,26.8051
-18.6332,26.8305
-18.6286,26.8520
-17.1949,28.8260
-17.2052,28.8397
-17.0633,29.0640
-18.5908,26.9667
-17.2393,28.8766
-18.6727,26.8839
-18.7031,26.8564
-17.2948,28.8832
-18.7035,26.8872
-18.6939,26.9170
-18.6985,26.9263
-18.6469,27.0182
-18.6070,27.0938
-18.6122,27.1034
-17.4410,28.8707
-18.6312,27.1100
-18.6392,27.1154
-17.2976,29.1770
-17.4973,28.9020
-17.4945,28.9358
-17.5108,28.9404
-17.5244,28.9491
-17.5487,28.9409
-17.5702,28.9369
-17.4832,29.1059
-17.5658,29.0047
-17.5753,29.0201
-17.6481,28.9326
-17.6160,29.0158
-17.6349,29.0157
-17.6565,29.0112
-17.6156,29.1108
-17.7060,28.9908
-17.7055,29.0230
-17.7345,29.0052
-17.7357,29.0349
-17.7561,29.0317
-17.7798,29.0224
-17.7527,29.1022
-17.7854,29.0772
-17.7896,29.1024
-17.8022,29.1130
-17.8163,29.1208
-17.8304,29.1286
-17.8494,29.1276
-17.8707,29.1221
-17.8838,29.1315
-17.9097,29.1171
-17.9271,29.1184
-17.9366,29.1347
-17.9415,29.1598
-17.9548,29.1690
-17.9691,29.1764
-17.9494,29.2500
-17.9850,29.2160
-18.0129,29.1965
-18.0406,29.1769
-18.0616,29.1706
-18.0781,29.1732
-18.0848,29.1955
-18.0558,29.2919
-18.1157,29.2050
-18.1030,29.2685
-18.1432,29.2213
-18.1810,29.1785
-18.2017,29.1716
-18.2180,29.1737
-18.1775,29.2996
-18.2342,29.2141
-18.2445,29.2297
-18.2507,29.2545
-18.2835,29.2199
-18.3152,29.1873
-18.3275,29.1982
-18.3319,29.2273
-18.2260,29.5127
-18.3608,29.2397
-18.3791,29.2367
-18.3917,29.2474
-18.3796,29.3172
-18.3981,29.3141
-18.4239,29.2931
-18.3843,29.4327
-18.4811,29.2357
-18.4974,29.2369
-18.4972,29.2797
-18.5118,29.2854
-18.5192,29.3097
-18.5375,29.3061
-18.5043,29.4370
-18.5686,29.3127
-18.5850,29.3135
-18.5997,29.3190
-18.6161,29.3198
-18.6309,29.3252
-18.6456,29.3305
-18.6476,29.3713
-18.6768,29.3364
-18.6800,29.3745
-18.7178,29.3139
-18.7357,29.3095
-18.7279,29.3806
-18.7158,29.4653
-18.7357,29.4561
-18.7710,29.4003
-18.8015,29.3579
-18.8332,29.3107
-18.8464,29.3201
-18.8596,29.3296
-18.8684,29.3533
-18.8698,29.4007
-18.8395,29.5525
-18.8917,29.4363
-18.8621,29.5891
-18.9155,29.4667
-18.9278,29.4807
-18.9444,29.4804
-18.9734,29.4370
-18.9490,29.5797
-19.0063,29.4360
-19.0267,29.4210
-19.0457,29.4108
-19.0620,29.4100
-19.0562,29.4911
-19.0656,29.5171
-19.0387,29.6821
-19.0975,29.5203
-19.1308,29.4540
-19.1740,29.3468
-19.1840,29.3698
-19.1678,29.4993
-19.1772,29.5272
-19.1948,29.5212
-19.1746,29.6748
-19.2044,29.6187
-19.2144,29.6466
-19.2705,29.4724
-19.2966,29.4273
-19.2847,29.5522
-19.2938,29.5848
-19.2222,29.9931
-19.3238,29.5963
-19.3373,29.6094
-19.3593,29.5812
-19.3817,29.5501
-19.4030,29.5238
-19.4193,29.5219
-19.3405,30.0121
-19.4527,29.5131
-19.4634,29.5405
-19.4761,29.5581
-19.4897,29.5708
-19.5034,29.5834
-19.5220,29.5687
-19.5235,29.6528
-19.5546,29.5642
-19.5586,29.6355
-19.5672,29.6818
-19.5939,29.6160
-19.6033,29.6579
-19.6266,29.6111
-19.6340,29.6676
-19.6143,29.9116
-19.6621,29.6963
-19.6792,29.6893
-19.7093,29.5879
-19.7208,29.6196
-19.7299,29.6710
-19.7520,29.6237
-19.9558,28.1268
-19.7778,29.6721
-19.9793,28.1196
-20.0054,27.9918
-20.0161,27.9930
-19.8377,29.7092
-20.0392,27.9805
-20.0514,27.9667
-20.0626,27.9628
-20.0732,27.9639
-20.0843,27.9599
-20.1018,27.8862
-20.0745,28.3104
-20.1248,27.8632
-20.1306,27.9189
-20.1335,28.0144
-20.1305,28.1947
-20.1396,28.2255
-20.1613,28.0817
-20.1736,28.0631
-20.1865,28.0333
-20.2023,27.9541
-20.2135,27.9448
-20.2252,27.9254
-20.2397,27.8511
-20.2519,27.8117
-20.2614,27.8272
-20.2616,28.0574
-20.2796,27.8830
-20.2881,27.9334
-20.2985,27.9388
-20.3084,27.9591
-20.3192,27.9544
-20.3299,27.9497
-20.3392,28.0100
-20.3511,27.9502
-20.3617,27.9504
-20.3723,27.9556
-20.3828,27.9607
-20.3934,27.9708
-20.4040,27.9759
-20.4147,27.9859
-20.4254,27.9859
-20.4362,28.0259
-20.4474,28.0708
-20.4581,28.0457
-20.4689,28.0406
-20.4796,28.0304
-20.4904,28.0302
-20.5048,28.1913
-20.5122,28.0348
-20.5232,28.0395
-20.5342,28.0441
-20.5451,28.0438
-20.5549,28.0134
-20.5629,27.9438
-20.5720,27.9085
-20.5831,27.9229
-20.5953,27.9574
-20.6063,27.9632
-20.6143,27.9151
-20.6269,27.9507
-20.6368,27.9387
-20.6474,27.9380
-20.6586,27.9472
-20.6671,27.9173
-20.6791,27.9365
-20.6878,27.9115
-20.6987,27.9157
-20.7154,27.9908
-20.7230,27.9531
-20.7355,27.9741
-20.7392,27.8964
-20.7449,27.8457
-20.7533,27.8248
-20.7640,27.8288
-20.7742,27.8277
-20.7860,27.8416
-20.8058,27.9271
-20.8163,27.9259
-20.8502,28.1267
-20.8362,27.9136
-20.8448,27.8975
-20.8699,28.0136
-20.8959,28.1312
-20.9051,28.1149
-20.8945,27.9514
-20.8977,27.8957
-20.9785,28.3970
-20.9918,28.4052
-21.0074,28.4282
-21.0224,28.4462
-21.0382,28.4691
-21.3043,30.1014
-21.0665,28.4900
-21.0763,28.4733
-21.0909,28.4861
-21.0981,28.4545
-21.4086,30.1998
-21.4417,30.2875
-21.4523,30.2450
-21.4774,30.2840
-21.4968,30.2906
-21.5274,30.2595
-21.5595,30.3320
-21.5921,30.4047
-21.5891,30.2957
-21.6087,30.3019
-21.6279,30.3059
-21.6704,30.3327
-21.6949,30.3606
-21.7255,30.4153
-21.7247,30.3261
-21.7489,30.3514
-21.7811,30.4107
-21.8254,30.5211
-21.8295,30.4560
-21.8436,30.4347
-21.8605,30.4255
-21.8726,30.3969
-21.8953,30.4119
-21.9229,30.4463
-21.5472,28.8809
-21.5581,28.8678
-21.5690,28.8547
-21.5810,28.8464
-21.5917,28.8333
-21.6607,29.0374
-21.6693,29.0143
-21.6804,29.0009
-21.6631,28.8339
-21.6423,28.7105
-21.6496,28.6876
-21.6973,28.8039
-21.6724,28.6706
-21.6823,28.6572
-21.6864,28.6247
-21.7659,28.8409
-21.6998,28.5788
-21.7079,28.5606
-21.7218,28.5615
-21.7130,28.4909
-21.7207,28.4727
-21.7344,28.4735
-21.7683,28.5361
-21.7618,28.4751
-21.7676,28.4521
-21.7750,28.4338
-21.7789,28.4061
-21.7893,28.3972
-21.7996,28.3884
-21.8808,28.5821
-21.8467,28.4460
-21.8806,28.5029
-21.8997,28.5173
-21.9034,28.4894
-21.9053,28.4568
-21.9017,28.4101
-21.9558,28.5180
-21.9257,28.4012
-21.9394,28.4013
-21.9639,28.4294
-21.9850,28.4481
-22.0025,28.4573
-22.0165,28.4572
-22.0600,28.5314
-22.0407,28.4476
-22.0546,28.4473
-22.0686,28.4470
-22.0826,28.4467
-22.0966,28.4463
-22.1087,28.4413
-22.1227,28.4408
-22.1696,28.5173
-22.1468,28.4305
-22.1588,28.4253
-22.1788,28.4384
-22.1989,28.4514
-22.2171,28.4598
-22.2333,28.4635
-22.2784,28.5309
-22.2617,28.4616
-22.2717,28.4516
-23.4007,30.8612
-23.4284,30.8704
-22.4185,28.6700
-22.4548,28.7137
-22.4547,28.6805
-23.5294,30.8833
-23.5597,30.8964
-23.5901,30.9094
-23.6184,30.9178
-23.6489,30.9306
-23.6774,30.9387
-23.7099,30.9547
-23.7255,30.9369
-23.7564,30.9492
-23.7851,30.9569
-23.8139,30.9645
-23.8451,30.9764
-23.8763,30.9882
-23.9054,30.9955
-23.9566,30.9965
-23.9858,31.0034
-24.0175,31.0146
-24.0493,31.0257
-24.0812,31.0366
-24.1132,31.0474
-24.1652,31.0469
-24.1974,31.0573
-24.2297,31.0676
-24.2621,31.0778
-24.2946,31.0878
-24.3297,31.1020
-24.3825,31.0999
-24.4178,31.1137
-24.4508,31.1231
-24.4864,31.1366
-24.5195,31.1457
-24.5553,31.1589
-24.5963,31.1802
-24.6115,31.1595
-24.6476,31.1723
-24.6838,31.1849
-24.7201,31.1974
-24.7539,31.2055
-24.7904,31.2177
-24.8271,31.2297
-24.8870,31.2323
-24.9240,31.2440
-24.9610,31.2554
-24.9981,31.2666
-25.0354,31.2777
-25.0727,31.2887
-25.1336,31.2895
-25.1712,31.2999
-25.2118,31.3144
-25.2525,31.3286
-25.2933,31.3427
-25.3314,31.3525
-25.3933,31.3513
-25.4345,31.3647
-25.4758,31.3779
-25.5173,31.3909
-25.5619,31.4078
-25.6036,31.4204
-25.6485,31.4369
-25.7115,31.4333
-25.7567,31.4492
-25.8020,31.4649
-25.8475,31.4804
-25.8900,31.4918
-25.9357,31.5069
-26.0029,31.5050
-26.0489,31.5196
-26.0951,31.5339
-26.1352,31.5402
-26.1847,31.5580
-26.2030,31.5368
-26.2155,31.5087
-26.2519,31.5097
-26.2827,31.5037
-26.3040,31.4861
-26.3540,31.5029
-26.4042,31.5194
-26.4554,31.5367
-26.5091,31.5566
-26.5264,31.5335
-26.5770,31.5491
-26.6246,31.5608
-26.8059,28.8773
-26.8193,28.8582
-26.8280,28.8358
-26.8544,28.7973
-26.8675,28.7780
-26.8764,28.7558
-26.8894,28.7364
-26.8981,28.7142
-26.9110,28.6948
-26.9238,28.6753
-26.9412,28.6588
-26.9492,28.6362
-26.9618,28.6166
-27.0170,28.6241
-27.2700,28.7566
-27.5999,28.9355
-28.4286,29.3902
-27.4959,28.7816
-27.5814,28.8048
-28.5968,29.3932
-27.6074,28.7616
-27.6335,28.7479
-28.6532,29.2599
-28.6677,29.2351
-28.6821,29.2104
-28.6922,29.1831
-28.7108,29.1607
-28.7249,29.1358
-28.7531,29.0859
-28.7671,29.0609
-28.7810,29.0359
-28.7948,29.0108
-28.8085,28.9856
-28.8222,28.9604
-28.8493,28.9099
-28.8627,28.8846
-28.8761,28.8593
-28.8938,28.8362
-28.9070,28.8108
-28.9246,28.7876
-28.9435,28.7651
-28.9506,28.7365
-28.9636,28.7109
-28.9764,28.6852
-28.9892,28.6596
-29.0033,28.6345
-29.0114,28.6066
-29.0284,28.5830
-29.0563,28.5327
-29.0686,28.5068
-29.0899,28.4851
-29.1171,28.4661
-29.1383,28.4441
-29.1549,28.4201
-29.1833,28.3696
-29.1997,28.3454
-29.2160,28.3211
-29.2277,28.2947
-29.2438,28.2702
-29.2600,28.2457
-29.2760,28.2212
-29.2920,28.1965
-29.3033,28.1699
-29.3302,28.1185
-29.3459,28.0936
-29.3615,28.0687
-29.3771,28.0438
-29.3925,28.0187
-29.4079,27.9937
-29.4233,27.9685
-29.4491,27.9163
-29.4642,27.8909
-29.4793,27.8656
-29.4942,27.8402
-29.5138,27.8164
-29.5287,27.7909
-29.5581,27.7396
-29.5728,27.7138
-29.5873,27.6881
-29.6018,27.6622
-29.6162,27.6363
-29.6305,27.6103
-29.6590,27.5582
-29.6731,27.5321
-29.6872,27.5059
-29.7059,27.4812
-29.7198,27.4549
-29.7336,27.4286
-29.7610,27.3757
-29.7746,27.3491
-29.7929,27.3240
-29.8112,27.2988
-29.8245,27.2721
-29.8426,27.2467
-29.8642,27.1916
-29.8821,27.1660
-29.8999,27.1404
-29.9177,27.1147
-29.9353,27.0889
-29.9529,27.0630
-29.9657,27.0357
-29.9908,26.9810
-30.0033,26.9535
-30.0206,26.9273
-30.0377,26.9010
-30.0500,26.8734
-30.0670,26.8469
-30.0862,26.7902
-30.1030,26.7635
-30.1149,26.7356
-30.1315,26.7088
-30.1481,26.6820
-30.1646,26.6550
-29.1986,25.6700
-29.1734,25.6396
-29.1516,25.6099
-29.0858,25.5745
-29.0199,25.5394
-28.9440,25.5035
-28.8828,25.4700
-28.8264,25.4374
-28.8394,25.4133
-28.8502,25.3633
-28.8678,25.3397
-28.8855,25.3159
-28.9030,25.2920
-28.9155,25.2676
-28.9284,25.2431
-28.9481,25.1934
-28.9649,25.1691
-28.9622,25.1430
-20.6259,14.4236
-20.5950,14.4730
-20.5644,14.5275
-20.5339,14.5921
-20.5040,14.6518
-20.4743,14.7166
-20.4161,14.7814
-20.3874,14.8415
-20.3589,14.8766
-20.3307,14.9184
-20.3029,14.9736
-20.2749,14.9975
-20.2472,15.0294
-20.2202,15.0835
-20.1937,15.1454
-20.1679,15.2198
-20.1417,15.2656
-20.1159,15.3164
-20.0901,15.3574
-20.0370,15.3895

# FrameTime=1781596605.89, PointCount=682
-17.3567,26.6941
-17.3155,26.7392
-15.4263,28.1738
-17.3334,26.7548
-17.4558,26.6762
-15.4960,28.1913
-17.4417,26.7154
-15.4951,28.2391
-15.4987,28.2600
-15.5082,28.2764
-17.4655,26.7540
-17.5039,26.7380
-17.6386,26.6583
-17.6881,26.6321
-15.6172,28.3326
-15.6270,28.3486
-17.6734,26.6852
-17.6686,26.7030
-17.6371,26.7433
-17.6901,26.7131
-17.6664,26.7471
-17.6506,26.7748
-15.7979,28.3738
-17.7898,26.6837
-17.9516,26.5575
-17.9429,26.5780
-17.9908,26.5492
-17.9597,26.5895
-17.8278,26.7196
-15.9267,28.4301
-17.8119,26.7619
-15.9805,28.4302
-15.9972,28.4635
-16.0020,28.4836
-17.8767,26.7736
-17.8655,26.7983
-16.1336,28.4344
-17.8507,26.8410
-17.8906,26.8177
-17.8978,26.8253
-17.9231,26.8156
-18.0130,26.7432
-16.2424,28.4762
-16.2188,28.5236
-17.9592,26.8384
-16.2527,28.5397
-16.2810,28.5611
-16.2935,28.5735
-18.0555,26.8146
-16.2640,28.6537
-18.2445,26.6499
-18.1990,26.7102
-18.0428,26.8860
-17.9741,26.9725
-18.0886,26.8677
-18.1269,26.8420
-16.5318,28.5510
-16.5366,28.5708
-16.5491,28.5825
-16.5741,28.6056
-16.5867,28.6172
-16.5993,28.6287
-16.6487,28.5994
-16.6488,28.6246
-16.6647,28.6322
-16.5899,28.7421
-16.7033,28.6397
-16.6896,28.6809
-16.6853,28.7118
-16.7243,28.6928
-16.7468,28.6926
-16.7564,28.7073
-16.7334,28.7607
-16.8047,28.7026
-18.5753,26.6191
-18.6043,26.5978
-16.8571,28.7186
-16.8817,28.7150
-16.8924,28.7283
-16.8991,28.7466
-16.8606,28.8207
-16.9616,28.7222
-17.0337,28.6586
-17.0433,28.6727
-17.0622,28.6750
-17.0719,28.6890
-17.0664,28.7226
-17.0801,28.7584
-18.6640,26.7158
-18.6678,26.7251
-18.6657,26.7423
-18.6397,26.7915
-18.6468,26.7969
-18.6492,26.8236
-17.1970,28.8213
-17.2073,28.8350
-17.2176,28.8486
-17.2310,28.8582
-17.2414,28.8718
-17.1825,28.9832
-18.6973,26.8644
-18.7075,26.8654
-18.6920,26.9034
-18.6710,26.9497
-17.3362,28.9078
-18.7088,26.9271
-18.5928,27.1143
-18.6260,27.0824
-18.6257,27.1003
-18.6254,27.1181
-17.4834,28.8629
-17.4776,28.9009
-17.4720,28.9389
-17.4232,29.0439
-17.5100,28.9397
-17.5289,28.9401
-17.5505,28.9361
-17.5721,28.9321
-17.5591,28.9828
-17.5939,28.9576
-17.6416,28.9110
-17.5482,29.0932
-17.6151,29.0152
-17.6315,29.0193
-17.6530,29.0149
-17.6863,28.9906
-17.7026,28.9945
-17.7098,29.0138
-17.6090,29.2172
-17.7424,29.0213
-17.7502,29.0398
-17.7740,29.0305
-17.7829,29.0471
-17.7683,29.1053
-17.7848,29.1089
-17.7640,29.1792
-17.8154,29.1203
-17.8320,29.1237
-17.8461,29.1314
-17.8674,29.1260
-17.8924,29.1134
-17.9074,29.1192
-17.9216,29.1267
-17.8907,29.2195
-17.9420,29.1567
-17.9608,29.1553
-17.9773,29.1582
-17.9893,29.1700
-17.9990,29.1861
-18.0187,29.1827
-17.9921,29.2716
-18.0585,29.1746
-18.0772,29.1728
-18.0892,29.1843
-18.1070,29.1842
-18.0940,29.2476
-18.1214,29.2276
-18.0860,29.3396
-18.1652,29.2097
-18.1986,29.1757
-18.2171,29.1733
-18.2314,29.1799
-18.2312,29.2182
-18.2250,29.2703
-18.2000,29.3648
-18.2785,29.2286
-18.2970,29.2259
-18.3426,29.1613
-18.3290,29.2315
-18.3513,29.2194
-18.3657,29.2256
-18.3343,29.3400
-18.3888,29.2517
-18.3861,29.2991
-18.3953,29.3184
-18.4154,29.3112
-18.4470,29.2757
-18.4913,29.2077
-18.4872,29.2597
-18.4340,29.4365
-18.5127,29.2805
-18.5255,29.2909
-18.5347,29.3105
-18.5529,29.3068
-18.5694,29.3077
-18.5858,29.3086
-18.5189,29.5334
-18.6152,29.3195
-18.6299,29.3249
-18.6446,29.3303
-18.6610,29.3309
-18.6775,29.3315
-18.6955,29.3273
-18.6695,29.4495
-18.7347,29.3093
-18.7381,29.3473
-18.7210,29.4467
-18.7395,29.4417
-18.7873,29.3481
-18.8192,29.3009
-18.8338,29.3057
-18.7723,29.5472
-18.8571,29.3342
-18.8719,29.3388
-18.8674,29.4053
-18.8735,29.4385
-18.8630,29.5269
-18.8936,29.4811
-18.9282,29.4758
-18.9420,29.4850
-18.9669,29.4560
-18.9889,29.4364
-19.0080,29.4263
-19.0270,29.4161
-18.9639,29.7035
-19.0623,29.4051
-19.0617,29.4669
-19.0672,29.5074
-19.0773,29.5307
-19.1040,29.4912
-19.1397,29.4153
-19.1369,29.4894
-19.1987,29.3070
-19.1728,29.4750
-19.1844,29.4933
-19.1798,29.5793
-19.2402,29.3940
-19.2108,29.5866
-19.1938,29.7308
-19.1942,29.8026
-19.2491,29.6343
-19.2902,29.5230
-19.2927,29.5848
-19.3202,29.5323
-19.3331,29.5476
-19.3346,29.6171
-19.3277,29.7294
-19.3867,29.5207
-19.4020,29.5238
-19.4163,29.5317
-19.4374,29.5053
-19.4498,29.5230
-19.4587,29.5602
-19.4732,29.5680
-19.4838,29.5976
-19.5003,29.5954
-19.5192,29.5786
-19.5364,29.5714
-19.5510,29.5790
-19.5506,29.6778
-19.5669,29.6769
-19.5857,29.6604
-19.6061,29.6333
-19.6217,29.6358
-19.6389,29.6283
-19.6393,29.7341
-19.6552,29.7364
-19.6907,29.6006
-19.6831,29.7702
-19.7218,29.6049
-19.7282,29.6761
-19.7491,29.6387
-19.9553,28.1270
-19.9670,28.1234
-19.9805,28.1049
-19.7962,29.7796
-19.8136,29.7700
-20.0285,27.9746
-20.0397,27.9708
-20.0509,27.9669
-19.8782,29.7738
-20.0732,27.9591
-20.0857,27.9403
-20.0981,27.9213
-20.1131,27.8725
-20.1209,27.9033
-20.1268,27.9590
-19.9963,29.7146
-20.1353,28.1252
-20.1401,28.2108
-20.1518,28.2066
-20.1779,27.9929
-20.1886,27.9937
-20.2024,27.9444
-20.2139,27.9301
-20.2092,28.2003
-20.2368,27.8964
-20.2518,27.8070
-20.2610,27.8275
-20.2697,27.8629
-20.2788,27.8933
-20.2875,27.9387
-20.2945,28.0390
-20.3084,27.9444
-20.3189,27.9498
-20.3295,27.9501
-20.3402,27.9453
-20.3507,27.9456
-20.3612,27.9508
-20.3713,27.9909
-20.3823,27.9611
-20.3928,27.9762
-20.4035,27.9862
-20.4142,27.9813
-20.4248,27.9763
-20.4360,28.0968
-20.4466,28.0312
-20.4767,30.0057
-20.4683,28.0360
-20.4790,28.0258
-20.4899,28.0306
-20.5009,28.0354
-20.5118,28.0402
-20.5228,28.0449
-20.5373,28.1609
-20.5441,28.0292
-20.5553,28.0388
-20.5646,27.9984
-20.5715,27.9089
-20.5822,27.9134
-20.5939,27.9378
-20.6043,27.9338
-20.6157,27.9502
-20.6267,27.9561
-20.6366,27.9441
-20.6466,27.9335
-20.6561,27.9185
-20.6674,27.9285
-20.6772,27.9178
-20.6873,27.9120
-20.7002,27.9411
-20.7149,27.9913
-20.7238,27.9685
-20.7309,27.9277
-20.7351,27.8571
-20.7554,27.9627
-20.7533,27.8303
-20.7635,27.8292
-20.7738,27.8282
-20.7840,27.8271
-20.8058,27.9326
-20.8158,27.9264
-20.8252,27.9153
-20.8351,27.9092
-20.8384,27.8486
-20.8824,28.1182
-20.4703,24.7973
-20.9052,28.1203
-20.9143,28.1040
-20.9652,28.3943
-21.2411,30.2818
-20.9905,28.4008
-21.0053,28.4189
-21.0203,28.4369
-21.0361,28.4598
-21.0528,28.4876
-21.0658,28.4906
-21.3545,30.2042
-21.0886,28.4768
-21.1007,28.4748
-21.4312,30.3405
-21.4358,30.2614
-21.4511,30.2458
-21.4756,30.2820
-21.5022,30.3280
-21.5076,30.2587
-21.5372,30.3192
-21.5591,30.3377
-21.5860,30.3810
-21.5946,30.3307
-21.6044,30.2880
-21.6391,30.3677
-21.6524,30.3421
-21.6747,30.3603
-21.7030,30.4054
-21.7309,30.3611
-21.7520,30.3718
-21.7698,30.3677
-21.8095,30.4586
-21.8355,30.4885
-21.8434,30.4404
-21.8748,30.4123
-21.8880,30.3885
-21.5318,28.8802
-21.9409,30.4475
-22.0294,30.7190
-21.5682,28.8555
-21.5802,28.8472
-21.5896,28.8292
-21.6042,28.8305
-21.5965,28.7497
-21.6095,28.7462
-21.6906,28.9883
-21.6488,28.7867
-21.6511,28.7449
-21.6516,28.6980
-21.6617,28.6847
-21.6702,28.6666
-21.6773,28.6436
-21.7575,28.8649
-21.6968,28.6169
-21.7035,28.5939
-21.7057,28.5566
-21.7196,28.5575
-21.7244,28.5298
-21.7215,28.4783
-21.7337,28.4743
-21.7474,28.4751
-21.7533,28.4522
-21.7622,28.4387
-21.8126,28.5483
-21.7815,28.4164
-21.7903,28.4028
-21.8006,28.3940
-21.8092,28.3804
-21.8460,28.4469
-21.8850,28.5179
-21.8973,28.5135
-21.9147,28.5232
-21.8943,28.4295
-21.8994,28.4063
-21.9148,28.4112
-21.9250,28.4021
-21.9476,28.4256
-21.9650,28.4350
-21.9825,28.4443
-22.0037,28.4629
-22.0158,28.4581
-22.0279,28.4533
-22.0419,28.4531
-22.0540,28.4483
-22.0679,28.4480
-22.1120,28.5205
-22.0940,28.4426
-22.1061,28.4376
-22.1201,28.4371
-22.1321,28.4320
-22.1461,28.4315
-22.1641,28.4400
-22.1882,28.4623
-22.1983,28.4524
-22.2185,28.4653
-22.2367,28.4736
-22.2468,28.4636
-22.2610,28.4626
-22.2690,28.4480
-22.4090,28.7193
-23.4227,30.8627
-22.4390,28.7164
-22.4391,28.6832
-23.5085,30.8941
-23.5366,30.9028
-23.5669,30.9159
-23.6146,30.9148
-23.6452,30.9276
-23.6736,30.9358
-23.7021,30.9438
-23.7330,30.9562
-23.7617,30.9640
-23.7945,30.9797
-23.8101,30.9616
-23.8412,30.9736
-23.8702,30.9810
-23.8992,30.9882
-23.9306,30.9998
-23.9598,31.0069
-23.9914,31.0182
-24.0429,31.0185
-24.0748,31.0295
-24.1068,31.0403
-24.1388,31.0510
-24.1710,31.0616
-24.2032,31.0720
-24.2577,31.0746
-24.2902,31.0846
-24.3228,31.0946
-24.3580,31.1087
-24.3911,31.1189
-24.4239,31.1284
-24.4770,31.1256
-24.5127,31.1390
-24.5459,31.1480
-24.5818,31.1611
-24.6178,31.1740
-24.6540,31.1868
-24.6954,31.2076
-24.7105,31.1866
-24.7469,31.1989
-24.7834,31.2111
-24.8200,31.2232
-24.8568,31.2351
-24.8936,31.2468
-24.9306,31.2584
-24.9882,31.2561
-25.0282,31.2714
-25.0655,31.2824
-25.1057,31.2973
-25.1433,31.3079
-25.1838,31.3225
-25.2423,31.3184
-25.2830,31.3325
-25.3239,31.3464
-25.3650,31.3601
-25.4061,31.3737
-25.4474,31.3870
-25.4921,31.4047
-25.5098,31.3850
-25.5513,31.3979
-25.5930,31.4105
-25.6349,31.4230
-25.6798,31.4393
-25.7249,31.4554
-25.7671,31.4673
-25.8336,31.4668
-25.8791,31.4822
-25.9248,31.4973
-25.9706,31.5122
-26.0166,31.5269
-26.0633,31.5423
-26.1272,31.5347
-26.1767,31.5526
-26.2138,31.5547
-26.2629,31.5275
-26.2778,31.5022
-26.3222,31.5124
-26.3427,31.4938
-26.3896,31.5066
-26.4431,31.5267
-26.4935,31.5428
-26.5409,31.5549
-26.5916,31.5705
-26.6271,31.5682
-26.6377,31.5372
-26.8047,28.8796
-26.8267,28.8664
-26.8354,28.8441
-26.8446,28.8220
-26.8495,28.7970
-26.8667,28.7805
-26.8886,28.7390
-26.9015,28.7196
-26.9144,28.7001
-26.9231,28.6779
-26.9358,28.6584
-26.9443,28.6361
-26.9784,28.6026
-28.5300,29.5246
-27.6042,28.9115
-28.5549,29.4724
-27.5802,28.8370
-27.5892,28.8129
-28.6000,29.3990
-28.5808,29.3537
-27.6284,28.7482
-28.1128,29.0079
-28.5862,29.2572
-28.6566,29.2656
-28.6668,29.2383
-28.6869,29.1838
-28.7055,29.1615
-28.7197,29.1366
-28.7382,29.1141
-28.7522,29.0892
-28.7662,29.0642
-28.7895,29.0116
-28.8033,28.9865
-28.8169,28.9613
-28.8305,28.9361
-28.8485,28.9132
-28.8619,28.8879
-28.8886,28.8372
-28.9062,28.8141
-28.9194,28.7886
-28.9369,28.7654
-28.9499,28.7398
-28.9673,28.7164
-28.9816,28.6915
-28.9929,28.6651
-29.0056,28.6394
-29.0182,28.6136
-29.0308,28.5878
-29.0432,28.5619
-29.0556,28.5361
-29.0830,28.5172
-29.0847,28.4863
-29.1119,28.4673
-29.1331,28.4454
-29.1497,28.4214
-29.1708,28.3993
-29.1872,28.3751
-29.2036,28.3508
-29.2154,28.3245
-29.2316,28.3001
-29.2548,28.2472
-29.2708,28.2226
-29.2868,28.1980
-29.3027,28.1733
-29.3185,28.1486
-29.3343,28.1238
-29.3610,28.0722
-29.3765,28.0472
-29.3920,28.0222
-29.4074,27.9971
-29.4228,27.9720
-29.4381,27.9468
-29.4637,27.8944
-29.4788,27.8691
-29.4938,27.8437
-29.5087,27.8182
-29.5235,27.7926
-29.5430,27.7688
-29.5577,27.7431
-29.5822,27.6899
-29.6014,27.6657
-29.6158,27.6398
-29.6302,27.6139
-29.6444,27.5879
-29.6586,27.5618
-29.6868,27.5095
-29.7008,27.4833
-29.7147,27.4570
-29.7333,27.4321
-29.7470,27.4057
-29.7655,27.3808
-29.7927,27.3276
-29.8061,27.3009
-29.8243,27.2757
-29.8376,27.2489
-29.8556,27.2235
-29.8688,27.1966
-29.8949,27.1426
-29.9127,27.1169
-29.9303,27.0912
-29.9479,27.0653
-29.9607,27.0380
-29.9781,27.0120
-29.9955,26.9859
-30.0156,26.9297
-30.0328,26.9034
-30.0450,26.8758
-30.0620,26.8494
-30.0741,26.8217
-30.0910,26.7951
-30.1148,26.7393
-30.1266,26.7114
-30.1432,26.6846
-30.1597,26.6576
-29.1631,25.6415
-29.1024,25.6065
-29.0620,25.5746
-29.0401,25.5454
-28.9741,25.5106
-28.8980,25.4751
-28.8417,25.4424
-28.8348,25.4160
-28.8427,25.3913
-28.8707,25.3689
-28.8633,25.3424
-28.8809,25.3187
-28.8985,25.2948
-28.9110,25.2704
-28.9189,25.2454
-28.9458,25.2223
-28.9531,25.1971
-28.9577,25.1459
-20.6292,14.4640
-20.5687,14.5129
-20.5383,14.5725
-20.5082,14.6322
-20.4785,14.6970
-20.4492,14.7568
-20.4202,14.8318
-20.3629,14.8619
-20.3346,14.9087
-20.3068,14.9639
-20.2795,15.0342
-20.2518,15.0633
-20.2251,15.1288
-20.1712,15.1951
-20.1453,15.2559
-20.0932,15.3376
-20.0685,15.4036

# FrameTime=1781596605.99, PointCount=680
-17.3390,26.7050
-17.3259,26.7292
-15.4279,28.1686
-17.3278,26.7567
-17.4582,26.6722
-17.3300,26.7844
-17.4401,26.7144
-15.4886,28.2400
-15.4961,28.2579
-15.4978,28.2804
-17.4482,26.7655
-17.4984,26.7402
-17.6253,26.6669
-17.6749,26.6407
-15.6146,28.3305
-15.6322,28.3402
-17.6641,26.6907
-17.6748,26.6958
-17.6885,26.7122
-17.6724,26.7398
-17.6565,26.7674
-15.7915,28.3750
-17.7882,26.6830
-17.9425,26.5633
-17.9414,26.5773
-17.9893,26.5485
-17.9506,26.5955
-17.8299,26.7156
-17.8145,26.7433
-15.9621,28.4184
-15.9667,28.4384
-15.9512,28.4768
-15.9872,28.4684
-15.9957,28.4851
-17.8714,26.7763
-17.8748,26.7873
-16.1382,28.4259
-17.8527,26.8368
-17.8853,26.8205
-17.8962,26.8246
-17.9142,26.8218
-18.0114,26.7426
-16.2361,28.4780
-16.2197,28.5184
-17.9611,26.8342
-16.2500,28.5380
-16.2783,28.5594
-16.2872,28.5754
-18.0362,26.8318
-18.2082,26.6713
-16.4024,28.5331
-18.1869,26.7204
-18.0098,26.9178
-17.9654,26.9791
-18.1008,26.8526
-18.1081,26.8595
-16.5257,28.5531
-16.5339,28.5693
-16.5498,28.5773
-16.5074,28.6481
-16.5748,28.6005
-16.5873,28.6120
-16.5999,28.6235
-16.6459,28.5980
-16.6427,28.6269
-16.6653,28.6270
-16.6846,28.6308
-16.6239,28.7252
-16.6836,28.6832
-16.6858,28.7066
-16.7247,28.6876
-16.7441,28.6912
-16.7537,28.7060
-16.7273,28.7631
-16.8020,28.7013
-18.5705,26.6226
-18.5964,26.6052
-16.8543,28.7172
-16.8790,28.7137
-16.8919,28.7243
-16.8931,28.7492
-16.8546,28.8233
-16.9557,28.7248
-17.0247,28.6652
-17.0436,28.6676
-17.0595,28.6738
-17.0692,28.6878
-17.0728,28.7096
-16.9877,28.8459
-17.0834,28.7493
-18.6563,26.7235
-18.6662,26.7248
-18.6581,26.7500
-18.6471,26.7793
-18.6422,26.8006
-18.6434,26.8140
-18.6298,26.8474
-17.1942,28.8202
-17.2044,28.8338
-17.2148,28.8475
-17.2281,28.8571
-18.6111,26.9513
-17.1950,28.9603
-18.7013,26.8560
-18.7144,26.8529
-18.6903,26.9031
-18.6664,26.9535
-17.3304,28.9109
-18.7099,26.9228
-18.5966,27.1057
-18.6242,27.0821
-18.6155,27.1124
-18.6180,27.1262
-17.4778,28.8661
-17.4747,28.8999
-17.4691,28.9379
-17.4935,28.9300
-17.4016,29.1023
-17.5260,28.9391
-17.5369,28.9520
-17.5691,28.9312
-17.5535,28.9861
-17.5831,28.9693
-17.5741,29.0144
-17.5931,29.0144
-17.5409,29.1308
-17.6285,29.0185
-17.6475,29.0183
-17.6808,28.9941
-17.7047,28.9851
-17.7068,29.0130
-17.7256,29.0125
-17.7233,29.0481
-17.7447,29.0433
-17.7685,29.0340
-17.7824,29.0420
-17.7693,29.0975
-17.7818,29.1081
-17.7983,29.1117
-17.7534,29.2257
-17.8289,29.1229
-17.8430,29.1307
-17.8643,29.1253
-17.8894,29.1127
-17.9044,29.1185
-17.9185,29.1260
-17.8876,29.2188
-17.9375,29.1587
-17.9531,29.1634
-17.9720,29.1620
-17.9839,29.1737
-17.9959,29.1855
-18.0134,29.1865
-18.0069,29.2352
-18.0532,29.1785
-18.0741,29.1722
-18.0884,29.1792
-18.1017,29.1881
-18.0887,29.2515
-18.1162,29.2315
-18.1456,29.2068
-18.0741,29.3958
-18.1935,29.1797
-18.2120,29.1773
-18.2283,29.1794
-18.2281,29.2177
-18.2219,29.2698
-18.2569,29.2308
-18.2260,29.3390
-18.2959,29.2209
-18.3395,29.1609
-18.3239,29.2356
-18.3443,29.2281
-18.3607,29.2298
-18.3693,29.2497
-18.3531,29.3287
-18.3906,29.2803
-18.3921,29.3180
-18.4085,29.3201
-18.4363,29.2938
-18.4901,29.2027
-18.4860,29.2547
-18.4774,29.3187
-18.5095,29.2802
-18.5223,29.2905
-18.5316,29.3101
-18.5516,29.3018
-18.5662,29.3074
-18.5827,29.3083
-18.5702,29.3865
-18.6120,29.3193
-18.6267,29.3247
-18.6415,29.3300
-18.6596,29.3260
-18.6743,29.3312
-18.6940,29.3224
-18.7202,29.2946
-18.6797,29.4592
-18.7301,29.3613
-18.7194,29.4418
-18.7363,29.4415
-18.7825,29.3527
-18.8145,29.3055
-18.8291,29.3103
-18.7660,29.5565
-18.8555,29.3293
-18.8702,29.3340
-18.8790,29.3576
-18.8703,29.4383
-18.8802,29.4599
-18.8889,29.4857
-18.8675,29.6126
-18.9250,29.4757
-18.9388,29.4850
-18.9637,29.4559
-18.9856,29.4363
-19.0061,29.4214
-19.0225,29.4208
-19.0168,29.4997
-19.0604,29.4003
-19.0585,29.4669
-19.0639,29.5073
-19.0741,29.5307
-19.0995,29.4961
-19.1328,29.4298
-19.1822,29.2985
-19.1376,29.5382
-19.1707,29.4702
-19.1800,29.4982
-19.1730,29.5939
-19.2336,29.4086
-19.2109,29.5722
-19.1893,29.7358
-19.1796,29.8515
-19.3045,29.3739
-19.2880,29.5183
-19.2926,29.5703
-19.3170,29.5325
-19.3250,29.5700
-19.3302,29.6221
-19.3681,29.5178
-19.3502,29.6838
-19.3977,29.5289
-19.4130,29.5319
-19.4322,29.5153
-19.4475,29.5183
-19.4554,29.5604
-19.4699,29.5682
-19.4386,29.8281
-19.4969,29.5957
-19.5159,29.5788
-19.5331,29.5717
-19.5394,29.6284
-19.5497,29.6633
-19.5659,29.6631
-19.5762,29.6995
-19.5997,29.6533
-19.6161,29.6509
-19.6274,29.6828
-19.6410,29.6994
-19.6533,29.7264
-19.6776,29.6700
-19.7036,29.5982
-19.6930,29.7926
-19.7248,29.6765
-19.7451,29.6440
-19.7620,29.6361
-19.9646,28.1239
-19.9781,28.1054
-19.7935,29.7735
-20.0127,27.9988
-19.8295,29.7425
-20.0374,27.9713
-20.0486,27.9675
-20.0607,27.9537
-19.8979,29.7045
-20.0815,27.9608
-20.0954,27.9269
-20.1122,27.8582
-20.1190,27.8989
-20.1244,27.9596
-20.1233,28.1050
-20.1216,28.2703
-20.1376,28.2114
-20.1586,28.0782
-20.1758,27.9886
-20.1839,28.0292
-20.2001,27.9451
-20.2110,27.9408
-20.2238,27.9015
-20.2197,28.1716
-20.2493,27.8127
-20.2592,27.8182
-20.2681,27.8486
-20.2765,27.8940
-20.2853,27.9344
-20.2955,27.9448
-20.3031,28.0351
-20.3164,27.9555
-20.3270,27.9558
-20.3377,27.9511
-20.3483,27.9513
-20.3589,27.9515
-20.3694,27.9617
-20.3797,27.9868
-20.3905,27.9719
-20.4012,27.9770
-20.4118,28.0021
-20.4225,27.9771
-20.4335,28.0770
-20.4442,28.0270
-20.4731,29.9965
-20.4659,28.0318
-20.4767,28.0316
-20.4875,28.0315
-20.4985,28.0363
-20.5093,28.0360
-20.5203,28.0407
-20.5312,28.0404
-20.5419,28.0351
-20.5529,28.0397
-20.5622,27.9993
-20.5696,27.9197
-20.5797,27.9108
-20.5913,27.9337
-20.6024,27.9446
-20.6129,27.9412
-20.6243,27.9555
-20.6362,27.9763
-20.6439,27.9295
-20.6538,27.9194
-20.6651,27.9294
-20.6749,27.9187
-20.6850,27.9130
-20.6978,27.9420
-20.7125,27.9923
-20.7218,27.9744
-20.7303,27.9486
-20.7337,27.8680
-20.7408,27.8322
-20.7510,27.8312
-20.7729,27.9468
-20.4608,24.7992
-20.7812,27.8232
-20.8035,27.9336
-20.8135,27.9275
-20.8235,27.9213
-20.8334,27.9152
-20.8367,27.8546
-20.4687,24.7983
-20.4699,24.7981
-20.9034,28.1264
-20.9126,28.1101
-20.9599,28.3756
-20.9759,28.4037
-20.9921,28.4317
-21.0020,28.4151
-21.0176,28.4381
-21.0327,28.4560
-21.0501,28.4888
-21.0616,28.4819
-21.0745,28.4849
-21.0867,28.4830
-21.3855,30.1998
-21.4245,30.3249
-21.4508,30.2669
-21.4710,30.2785
-21.4998,30.3370
-21.5030,30.2552
-21.5316,30.3108
-21.5572,30.3490
-21.5740,30.3406
-21.5987,30.2797
-21.6323,30.3545
-21.6486,30.3437
-21.6725,30.3693
-21.6982,30.4021
-21.7219,30.4251
-21.7482,30.3733
-21.7594,30.3401
-21.8045,30.4553
-21.8300,30.4828
-21.8407,30.4469
-21.8530,30.4183
-21.8842,30.3902
-21.9129,30.4295
-21.9346,30.4395
-21.5520,28.8604
-22.1320,31.0565
-21.5773,28.8487
-21.5881,28.8355
-21.6000,28.8272
-21.6054,28.7947
-21.6146,28.7766
-21.6223,28.7538
-21.6459,28.7882
-21.6455,28.7369
-21.6544,28.7188
-21.6617,28.6958
-21.6689,28.6729
-21.6760,28.6500
-21.6815,28.6222
-21.7751,28.8858
-21.7008,28.5955
-21.7030,28.5582
-21.7169,28.5591
-21.7293,28.5552
-21.7204,28.4846
-21.7311,28.4759
-21.7432,28.4720
-21.7585,28.4775
-21.7612,28.4450
-21.7669,28.4220
-21.8287,28.5647
-21.7860,28.3997
-21.7980,28.3956
-21.8066,28.3820
-21.8434,28.4485
-21.8823,28.5196
-21.8946,28.5152
-21.9086,28.5155
-21.8968,28.4453
-21.8968,28.4080
-21.9070,28.3989
-21.9207,28.3991
-21.9433,28.4226
-21.9624,28.4367
-21.9979,28.4927
-21.9974,28.4553
-22.0113,28.4552
-22.0253,28.4551
-22.0392,28.4549
-22.0532,28.4547
-22.0653,28.4498
-22.0793,28.4494
-22.1181,28.5088
-22.1034,28.4394
-22.1174,28.4390
-22.1295,28.4338
-22.1415,28.4287
-22.1595,28.4373
-22.1795,28.4504
-22.1997,28.4634
-22.2118,28.4581
-22.2321,28.4709
-22.2422,28.4609
-22.2605,28.4691
-22.2685,28.4545
-22.4041,28.7167
-22.4298,28.7048
-22.4427,28.6987
-23.5023,30.8922
-23.5303,30.9009
-23.5585,30.9096
-23.5888,30.9226
-23.6367,30.9214
-23.6651,30.9296
-23.6958,30.9421
-23.7243,30.9501
-23.7553,30.9624
-23.7840,30.9701
-23.8192,30.9902
-23.8348,30.9720
-23.8660,30.9838
-23.8950,30.9911
-23.9264,31.0027
-23.9556,31.0098
-23.9872,31.0211
-24.0190,31.0323
-24.0706,31.0325
-24.1026,31.0433
-24.1346,31.0540
-24.1668,31.0646
-24.1990,31.0751
-24.2313,31.0854
-24.2838,31.0840
-24.3186,31.0977
-24.3512,31.1076
-24.3843,31.1177
-24.4171,31.1273
-24.4501,31.1367
-24.4906,31.1584
-24.5059,31.1380
-24.5417,31.1512
-24.5776,31.1643
-24.6134,31.1770
-24.6495,31.1899
-24.6858,31.2025
-24.7196,31.2110
-24.7764,31.2104
-24.8130,31.2224
-24.8498,31.2343
-24.8838,31.2419
-24.9235,31.2577
-24.9606,31.2691
-25.0183,31.2667
-25.0556,31.2777
-25.0958,31.2926
-25.1333,31.3033
-25.1737,31.3179
-25.2143,31.3324
-25.2581,31.3509
-25.2758,31.3321
-25.3167,31.3460
-25.3577,31.3598
-25.3989,31.3734
-25.4401,31.3868
-25.4815,31.4000
-25.5230,31.4130
-25.5857,31.4104
-25.6275,31.4229
-25.6724,31.4393
-25.7144,31.4514
-25.7596,31.4674
-25.8019,31.4791
-25.8686,31.4783
-25.9142,31.4935
-25.9600,31.5085
-26.0060,31.5232
-26.0582,31.5456
-26.0951,31.5482
-26.1515,31.5749
-26.1691,31.5529
-26.2156,31.5667
-26.2584,31.5318
-26.2766,31.5104
-26.3113,31.5091
-26.3678,31.5336
-26.3819,31.5071
-26.4322,31.5235
-26.4826,31.5396
-26.5332,31.5556
-26.5839,31.5712
-26.6118,31.5603
-26.8238,28.8711
-26.8284,28.8458
-26.8417,28.8266
-26.8466,28.8017
-26.8639,28.7852
-26.8728,28.7631
-26.8858,28.7437
-26.9034,28.7274
-26.9075,28.7021
-26.9203,28.6826
-26.9293,28.6607
-26.9416,28.6408
-26.9631,28.6269
-28.5310,29.5329
-28.5166,29.4900
-28.5432,29.4727
-27.5646,28.8342
-27.5735,28.8101
-28.5840,29.3968
-27.6256,28.7533
-27.6643,28.7470
-28.6592,29.2747
-28.6637,29.2441
-28.6738,29.2168
-28.7111,29.1722
-28.7210,29.1448
-28.7351,29.1199
-28.7492,29.0949
-28.7632,29.0699
-28.7771,29.0449
-28.7909,29.0198
-28.8184,28.9695
-28.8320,28.9443
-28.8455,28.9191
-28.8590,28.8938
-28.8724,28.8684
-28.8901,28.8454
-28.9165,28.7945
-28.9296,28.7690
-28.9426,28.7434
-28.9556,28.7179
-28.9729,28.6945
-28.9857,28.6688
-29.0080,28.6159
-29.0115,28.5857
-29.0195,28.5578
-29.0499,28.5406
-29.0698,28.5182
-29.0866,28.4944
-29.1184,28.4775
-29.1471,28.4274
-29.1682,28.4053
-29.1847,28.3811
-29.2011,28.3569
-29.2291,28.3061
-29.2453,28.2817
-29.2568,28.2552
-29.2729,28.2307
-29.3002,28.1795
-29.3161,28.1547
-29.3272,28.1280
-29.3429,28.1032
-29.3586,28.0783
-29.3741,28.0534
-29.3943,28.0302
-29.4204,27.9782
-29.4357,27.9530
-29.4509,27.9277
-29.4661,27.9024
-29.4812,27.8771
-29.4962,27.8516
-29.5213,27.7989
-29.5361,27.7733
-29.5508,27.7476
-29.5655,27.7219
-29.5800,27.6962
-29.5992,27.6720
-29.6233,27.6186
-29.6376,27.5926
-29.6518,27.5665
-29.6707,27.5420
-29.6847,27.5158
-29.7035,27.4912
-29.7265,27.4370
-29.7450,27.4121
-29.7587,27.3856
-29.7771,27.3606
-29.7955,27.3355
-29.8089,27.3088
-29.8271,27.2836
-29.8489,27.2285
-29.8669,27.2030
-29.8848,27.1775
-29.8979,27.1505
-29.9156,27.1248
-29.9333,27.0990
-29.9541,27.0432
-29.9715,27.0172
-29.9889,26.9912
-30.0063,26.9650
-30.0235,26.9388
-30.0359,26.9112
-30.0604,26.8559
-30.0773,26.8294
-30.0894,26.8017
-30.1013,26.7738
-30.1181,26.7471
-30.1347,26.7203
-30.1581,26.6642
-29.1869,25.6510
-29.1312,25.6166
-29.0704,25.5818
-28.9996,25.5461
-28.9385,25.5121
-28.8724,25.4779
-28.8290,25.4212
-28.8370,25.3966
-28.8547,25.3730
-28.8724,25.3493
-28.8901,25.3256
-28.9027,25.3012
-28.9206,25.2773
-28.9228,25.2518
-28.9352,25.2272
-28.9525,25.2030
-28.9597,25.1779
-28.9674,25.1527
-20.6049,14.4743
-20.5743,14.5238
-20.5439,14.5834
-20.5137,14.6480
-20.4840,14.7078
-20.4547,14.7776
-20.3970,14.8426
-20.3685,14.8827
-20.3403,14.9394
-20.3126,14.9996
-20.2851,15.0499
-20.2573,15.0690
-20.2294,15.0759
-20.2028,15.1401
-20.1767,15.2058
-20.1509,15.2665
-20.1250,15.3173
-20.0995,15.3682
-20.0745,15.4242

# FrameTime=1781596606.09, PointCount=682
-17.3408,26.7021
-17.3356,26.7203
-17.3105,26.7536
-15.4124,28.2011
-17.4440,26.6815
-17.3237,26.7875
-17.3982,26.7450
-15.4858,28.2395
-15.4933,28.2574
-17.4468,26.7505
-15.5222,28.2823
-15.5202,28.3078
-15.5358,28.3193
-17.6659,26.6327
-17.6726,26.6409
-17.6405,26.6807
-17.6047,26.7238
-17.6463,26.7037
-15.7375,28.2984
-17.6370,26.7395
-17.6785,26.7189
-17.6701,26.7400
-17.6542,26.7677
-17.7601,26.6916
-17.8921,26.5920
-15.8200,28.3958
-17.9391,26.5777
-17.9908,26.5456
-17.9671,26.5793
-17.8726,26.6761
-17.8159,26.7403
-17.8563,26.7180
-17.9078,26.6856
-15.9944,28.4346
-15.9880,28.4647
-17.8838,26.7630
-17.8725,26.7876
-17.8467,26.8260
-17.9049,26.7858
-16.1159,28.4924
-17.8938,26.8249
-17.9263,26.8083
-17.9587,26.7915
-16.2189,28.4916
-17.9730,26.8062
-16.2133,28.5462
-16.2542,28.5307
-16.2630,28.5467
-16.2754,28.5592
-18.0163,26.8499
-18.2094,26.6682
-18.1917,26.6998
-16.4152,28.5414
-18.1082,26.8138
-17.9699,26.9722
-16.4731,28.5556
-16.5104,28.5413
-16.5288,28.5466
-16.5309,28.5692
-16.5400,28.5845
-16.5491,28.5997
-16.5684,28.6040
-16.4658,28.7415
-16.5869,28.6344
-16.6363,28.6053
-16.6489,28.6166
-16.6590,28.6306
-16.6783,28.6344
-16.6843,28.6531
-16.6795,28.7102
-16.7087,28.7026
-16.7411,28.6911
-16.7507,28.7059
-16.7797,28.6979
-16.7990,28.7012
-18.5618,26.6308
-18.5877,26.6134
-16.8449,28.7249
-16.8674,28.7240
-16.8952,28.7165
-16.8964,28.7414
-16.9210,28.7376
-17.0027,28.6628
-17.0375,28.6715
-17.0503,28.6816
-17.0631,28.6917
-17.0698,28.7096
-17.0674,28.7393
-17.0652,28.7691
-18.6053,26.7876
-18.6518,26.7413
-18.6709,26.7307
-18.6507,26.7719
-18.6338,26.8092
-18.6291,26.8306
-18.6185,26.8601
-17.1567,28.8671
-17.2014,28.8339
-17.2117,28.8476
-18.6800,26.8369
-18.6669,26.8706
-17.2546,28.8722
-18.6846,26.8770
-18.7034,26.8658
-18.6936,26.8955
-18.6811,26.9295
-18.7085,26.9059
-18.6058,27.0719
-17.3918,28.8744
-18.6162,27.0910
-18.6131,27.1130
-18.6184,27.1226
-17.4830,28.8538
-17.4799,28.8876
-17.4878,28.9047
-17.4931,28.9260
-17.5094,28.9306
-17.5202,28.9435
-17.4508,29.0826
-17.5581,28.9440
-17.5637,28.9652
-17.5615,28.9991
-17.5736,29.0103
-17.5900,29.0146
-17.6090,29.0145
-17.6280,29.0144
-17.5790,29.1268
-17.6649,29.0157
-17.6965,28.9940
-17.7011,29.0175
-17.7301,28.9998
-17.7303,29.0312
-17.7351,29.0548
-17.7679,29.0300
-17.7892,29.0249
-17.7686,29.0935
-17.7787,29.1084
-17.7952,29.1120
-17.8117,29.1154
-17.8258,29.1232
-17.8176,29.1718
-17.8588,29.1300
-17.8791,29.1262
-17.8989,29.1232
-17.9177,29.1220
-17.9248,29.1427
-17.9344,29.1590
-17.9248,29.2121
-17.9642,29.1712
-17.9785,29.1785
-17.9928,29.1858
-18.0102,29.1868
-18.0335,29.1762
-18.0567,29.1655
-18.0709,29.1725
-18.0777,29.1949
-18.0942,29.1974
-18.0934,29.2358
-18.1044,29.2499
-18.1403,29.2118
-18.1760,29.1734
-18.1945,29.1711
-18.0986,29.4147
-18.2252,29.1798
-18.2270,29.2136
-18.2207,29.2657
-18.2496,29.2404
-18.2804,29.2104
-18.3161,29.1687
-18.2402,29.3800
-18.3267,29.2224
-18.3411,29.2286
-18.3555,29.2348
-18.3661,29.2502
-18.3845,29.2471
-18.3742,29.3123
-18.3908,29.3138
-18.3863,29.3666
-18.4294,29.3035
-18.4832,29.2125
-18.4846,29.2506
-18.4863,29.2888
-18.5045,29.2853
-18.5054,29.3261
-18.5319,29.3014
-18.5484,29.3024
-18.5630,29.3080
-18.5777,29.3135
-18.5941,29.3144
-18.6088,29.3198
-18.6235,29.3252
-18.6079,29.4143
-18.6547,29.3312
-18.6661,29.3459
-18.6759,29.3652
-18.7170,29.2952
-18.7251,29.3191
-18.7092,29.4137
-18.7083,29.4654
-18.7298,29.4516
-18.7715,29.3769
-18.8081,29.3156
-18.8259,29.3110
-18.8406,29.3157
-18.8508,29.3347
-18.8346,29.4370
-18.8758,29.3583
-18.8730,29.4200
-18.8842,29.4367
-18.8726,29.5293
-18.9051,29.4766
-18.9175,29.4907
-18.9411,29.4665
-18.8688,29.7726
-18.9796,29.4466
-19.0015,29.4269
-19.0206,29.4168
-19.0382,29.4113
-19.0532,29.4155
-19.0435,29.5109
-19.0203,29.6591
-19.0733,29.5218
-19.0912,29.5161
-19.1183,29.4740
-19.1728,29.3234
-19.1669,29.4093
-19.1603,29.5000
-19.1389,29.6534
-19.1767,29.5656
-19.2107,29.4918
-19.2430,29.4226
-19.1976,29.6863
-19.2764,29.4151
-19.2804,29.4670
-19.2771,29.5531
-19.2294,29.8438
-19.3042,29.5772
-19.3290,29.5366
-19.3255,29.6298
-19.3567,29.5577
-19.3791,29.5266
-19.3954,29.5248
-19.3543,29.8136
-19.4270,29.5260
-19.4442,29.5191
-19.4540,29.5515
-19.4694,29.5544
-19.4848,29.5572
-19.4963,29.5819
-19.4966,29.6709
-19.5306,29.5677
-19.5469,29.5654
-19.5468,29.6614
-19.5594,29.6830
-19.5767,29.6763
-19.5956,29.6592
-19.6098,29.6715
-19.6009,29.8363
-19.6384,29.6959
-19.6543,29.6977
-19.6749,29.6660
-19.7010,29.5942
-19.7118,29.6309
-19.7222,29.6725
-19.7232,29.7879
-19.7606,29.6223
-19.9612,28.1299
-19.9741,28.1164
-19.9893,28.0830
-19.8091,29.7516
-20.0218,27.9911
-20.0330,27.9873
-20.0458,27.9686
-20.0580,27.9547
-20.0701,27.9409
-20.0792,27.9569
-20.0601,28.2764
-20.1076,27.8792
-20.1185,27.8751
-20.1238,27.9358
-20.1266,28.0313
-20.1211,28.2415
-20.1344,28.2175
-20.1447,28.2333
-20.1693,28.0446
-20.1795,28.0553
-20.1967,27.9562
-20.2082,27.9419
-20.2199,27.9226
-20.2348,27.8433
-20.2463,27.8188
-20.2445,28.0690
-20.2660,27.8348
-20.2737,27.8952
-20.2826,27.9356
-20.2930,27.9410
-20.3030,27.9563
-20.3136,27.9567
-20.3226,28.0169
-20.3349,27.9572
-20.3455,27.9575
-20.3562,27.9527
-20.3667,27.9579
-20.3772,27.9680
-20.3878,27.9731
-20.3984,27.9832
-20.4091,27.9733
-20.4198,27.9883
-20.4306,28.0282
-20.4416,28.0632
-20.4523,28.0381
-20.4632,28.0380
-20.4739,28.0329
-20.4876,28.1939
-20.4956,28.0325
-20.5066,28.0372
-20.5175,28.0420
-20.5286,28.0466
-20.5393,28.0413
-20.5494,28.0210
-20.5571,27.9414
-20.5667,27.9160
-20.5776,27.9255
-20.5901,27.9663
-20.5992,27.9360
-20.6114,27.9652
-20.6208,27.9433
-20.6307,27.9327
-20.6421,27.9456
-20.6524,27.9406
-20.6619,27.9250
-20.6732,27.9349
-20.6827,27.9192
-20.6931,27.9184
-20.7098,27.9936
-20.7201,27.9877
-20.7280,27.9549
-20.7337,27.8992
-20.7390,27.8435
-20.7483,27.8326
-20.7586,27.8316
-20.7683,27.8256
-20.7902,27.9360
-20.7925,27.8582
-20.8266,28.0707
-20.8207,27.9227
-20.8318,27.9264
-20.8370,27.8806
-20.8667,28.0364
-20.8521,27.8336
-20.9000,28.1228
-20.9085,28.1015
-20.9584,28.3869
-20.9717,28.3951
-20.9857,28.4083
-21.0012,28.4313
-21.0162,28.4494
-21.2514,29.9253
-21.0457,28.4803
-21.0571,28.4735
-21.0708,28.4814
-21.0846,28.4893
-21.3811,30.1965
-21.4085,30.2526
-21.4331,30.2912
-21.4447,30.2536
-21.4680,30.2828
-21.5040,30.2813
-21.5216,30.2781
-21.5518,30.3407
-21.5853,30.4184
-21.5805,30.2995
-21.5957,30.2840
-21.6347,30.3855
-21.6410,30.3257
-21.6628,30.3416
-21.6873,30.3695
-21.7178,30.4243
-21.7193,30.3448
-21.7381,30.3458
-21.7806,30.4514
-21.7903,30.4108
-21.8218,30.4650
-21.8348,30.4389
-21.8517,30.4297
-21.8650,30.4060
-21.8877,30.4210
-21.9141,30.4506
-21.5501,28.8668
-21.5622,28.8586
-21.5743,28.8503
-22.0267,30.5120
-21.6550,29.0461
-21.6597,29.0086
-21.6872,29.0011
-21.6550,28.8331
-21.6371,28.7192
-21.6431,28.6915
-21.6879,28.7983
-21.6659,28.6745
-21.6758,28.6612
-21.7592,28.8450
-21.6935,28.5828
-21.7484,28.7162
-21.7598,28.7074
-21.7098,28.5044
-21.7144,28.4767
-21.7527,28.5537
-21.7419,28.4784
-21.7540,28.4744
-21.7599,28.4514
-21.7688,28.4379
-21.7744,28.4149
-21.7848,28.4061
-21.8053,28.3884
-21.8405,28.4502
-21.8744,28.5072
-21.8934,28.5216
-21.8955,28.4890
-21.8974,28.4564
-21.8939,28.4097
-21.9477,28.5177
-21.9195,28.4055
-21.9315,28.4010
-21.9559,28.4291
-21.9770,28.4478
-21.9945,28.4571
-22.0084,28.4570
-22.0533,28.5348
-22.0345,28.4520
-22.0484,28.4518
-22.0624,28.4515
-22.0764,28.4512
-22.0904,28.4508
-22.1025,28.4458
-22.1165,28.4453
-22.1633,28.5219
-22.1406,28.4351
-22.1546,28.4345
-22.1746,28.4476
-22.1948,28.4606
-22.2109,28.4644
-22.2271,28.4682
-22.2721,28.5357
-22.2534,28.4618
-22.2676,28.4609
-23.3914,30.8674
-23.4212,30.8811
-22.4184,28.6886
-22.4461,28.7142
-22.4396,28.6675
-23.5223,30.8942
-23.5504,30.9029
-23.5807,30.9159
-23.6090,30.9243
-23.6395,30.9371
-23.6680,30.9453
-23.7005,30.9613
-23.7183,30.9480
-23.7469,30.9558
-23.7757,30.9636
-23.8067,30.9757
-23.8356,30.9832
-23.8669,30.9951
-23.8959,31.0023
-23.9471,31.0034
-23.9763,31.0103
-24.0080,31.0216
-24.0398,31.0327
-24.0717,31.0437
-24.1036,31.0545
-24.1556,31.0540
-24.1903,31.0689
-24.2226,31.0792
-24.2550,31.0894
-24.2875,31.0995
-24.3223,31.1132
-24.3751,31.1112
-24.4082,31.1213
-24.4437,31.1350
-24.4767,31.1442
-24.5124,31.1576
-24.5456,31.1666
-24.5866,31.1879
-24.6018,31.1672
-24.6379,31.1801
-24.6714,31.1885
-24.7077,31.2011
-24.7441,31.2134
-24.7807,31.2257
-24.8173,31.2377
-24.8745,31.2363
-24.9114,31.2479
-24.9512,31.2636
-24.9883,31.2749
-25.0255,31.2860
-25.0629,31.2970
-25.1238,31.2979
-25.1614,31.3084
-25.2019,31.3229
-25.2426,31.3372
-25.2834,31.3513
-25.3214,31.3612
-25.3685,31.3834
-25.3833,31.3601
-25.4245,31.3735
-25.4659,31.3868
-25.5103,31.4039
-25.5519,31.4168
-25.5966,31.4335
-25.6384,31.4460
-25.7015,31.4425
-25.7466,31.4585
-25.7889,31.4702
-25.8343,31.4858
-25.8768,31.4972
-25.9225,31.5124
-25.9897,31.5107
-26.0388,31.5292
-26.0856,31.5444
-26.1281,31.5538
-26.1784,31.5726
-26.1928,31.5466
-26.1991,31.5108
-26.2260,31.5002
-26.2758,31.5175
-26.3002,31.5037
-26.3439,31.5129
-26.3940,31.5295
-26.4443,31.5458
-26.4948,31.5620
-26.5645,31.5567
-26.6121,31.5685
-26.8033,28.8908
-26.8162,28.8713
-26.8254,28.8493
-26.8345,28.8272
-26.8523,28.8110
-26.8567,28.7858
-26.8698,28.7665
-26.8828,28.7471
-26.8958,28.7277
-26.9086,28.7083
-26.9173,28.6860
-26.9470,28.6497
-26.9512,28.6247
-26.9722,28.6105
-27.5804,28.9391
-27.3274,28.7505
-28.5593,29.4550
-27.5833,28.8216
-27.6263,28.8183
-27.6008,28.7733
-27.6267,28.7594
-28.6199,29.2906
-28.6374,29.2677
-28.6648,29.2506
-28.6663,29.2184
-28.6893,29.1986
-28.6993,29.1713
-28.7135,29.1464
-28.7277,29.1215
-28.7557,29.0716
-28.7696,29.0466
-28.7835,29.0215
-28.7972,28.9964
-28.8109,28.9712
-28.8289,28.9484
-28.8559,28.8979
-28.8738,28.8749
-28.8871,28.8495
-28.9048,28.8264
-28.9179,28.8009
-28.9310,28.7754
-28.9500,28.7528
-28.9615,28.7265
-28.9744,28.7009
-28.9872,28.6752
-28.9969,28.6480
-29.0095,28.6222
-29.0221,28.5964
-29.0376,28.5721
-29.0624,28.5203
-29.0836,28.4986
-29.1109,28.4796
-29.1321,28.4577
-29.1487,28.4337
-29.1653,28.4095
-29.1982,28.3611
-29.2145,28.3368
-29.2379,28.2839
-29.2540,28.2595
-29.2655,28.2330
-29.2815,28.2084
-29.3087,28.1571
-29.3244,28.1323
-29.3402,28.1075
-29.3558,28.0826
-29.3714,28.0577
-29.3869,28.0327
-29.4130,27.9806
-29.4283,27.9555
-29.4436,27.9302
-29.4587,27.9050
-29.4738,27.8796
-29.4888,27.8542
-29.5139,27.8015
-29.5334,27.7776
-29.5481,27.7520
-29.5628,27.7263
-29.5774,27.7005
-29.5919,27.6747
-29.6207,27.6229
-29.6350,27.5969
-29.6492,27.5709
-29.6681,27.5464
-29.6822,27.5202
-29.7009,27.4956
-29.7148,27.4693
-29.7425,27.4165
-29.7562,27.3900
-29.7698,27.3635
-29.7882,27.3384
-29.8017,27.3118
-29.8199,27.2866
-29.8465,27.2330
-29.8596,27.2061
-29.8776,27.1806
-29.8906,27.1536
-29.9084,27.1279
-29.9261,27.1021
-29.9516,27.0477
-29.9643,27.0204
-29.9817,26.9944
-29.9990,26.9682
-30.0163,26.9420
-30.0287,26.9145
-30.0458,26.8881
-30.0701,26.8328
-30.0870,26.8062
-30.0990,26.7784
-30.1158,26.7517
-30.1324,26.7249
-30.1442,26.6969
-30.1674,26.6407
-29.1849,25.6553
-29.1342,25.6215
-29.0734,25.5867
-28.9977,25.5503
-28.9317,25.5156
-28.8606,25.4807
-28.8442,25.4530
-28.8272,25.4253
-28.8301,25.4001
-28.8529,25.3771
-28.8656,25.3529
-28.8833,25.3292
-28.8959,25.3048
-28.9138,25.2809
-28.9160,25.2554
-28.9334,25.2313
-28.9461,25.2068
-28.9530,25.1816
-28.9656,25.1569
-20.6069,14.4706
-20.5762,14.5250
-20.5457,14.5846
-20.5156,14.6443
-20.4859,14.7090
-20.4565,14.7738
-20.3988,14.8438
-20.3702,14.8789
-20.3420,14.9256
-20.3141,14.9808
-20.2866,15.0361
-20.2593,15.0865
-20.2047,15.1462
-20.1789,15.2269
-20.1525,15.2676
-20.1268,15.3234
-20.1017,15.3843
-20.0751,15.4003

# FrameTime=1781596606.19, PointCount=685
-17.3367,26.7051
-17.3436,26.7144
-17.3145,26.7506
-15.4204,28.1951
-17.3445,26.7571
-15.4828,28.1947
-17.3704,26.7663
-15.4858,28.2395
-17.4310,26.7629
-17.4891,26.7316
-17.6644,26.6068
-15.5397,28.3162
-17.7283,26.5826
-17.6648,26.6472
-17.6909,26.6397
-15.6274,28.3413
-15.6527,28.3446
-17.6455,26.7184
-15.7300,28.3284
-17.6670,26.7285
-17.6778,26.7336
-17.6885,26.7386
-17.7487,26.7013
-17.8542,26.6246
-17.9516,26.5539
-17.9844,26.5383
-17.9644,26.5686
-17.9634,26.5826
-17.8950,26.6562
-17.8121,26.7436
-17.8489,26.7247
-17.9078,26.6856
-15.9648,28.4615
-15.9880,28.4647
-15.9985,28.4795
-17.9021,26.7461
-17.8798,26.7808
-17.8540,26.8192
-17.9013,26.7892
-17.8721,26.8311
-16.1173,28.5156
-17.9299,26.8049
-17.9443,26.8054
-18.0016,26.7783
-16.2133,28.5462
-16.2471,28.5378
-16.2594,28.5503
-16.2789,28.5557
-16.2279,28.6318
-18.0198,26.8463
-18.1744,26.7038
-18.2022,26.6891
-18.1219,26.7854
-17.9588,26.9685
-16.4607,28.5438
-16.4877,28.5404
-16.4058,28.6515
-16.5330,28.5421
-16.5343,28.5655
-16.5434,28.5808
-16.5525,28.5961
-16.5718,28.6003
-16.5844,28.6119
-16.5843,28.6373
-16.6296,28.6126
-16.6555,28.6092
-16.6623,28.6269
-16.6783,28.6344
-16.6943,28.6419
-16.6641,28.7019
-16.6495,28.7447
-16.7054,28.7064
-16.7443,28.6873
-16.7474,28.7097
-16.7764,28.7017
-16.8054,28.6936
-16.7536,28.7812
-16.8256,28.7218
-16.7671,28.8186
-16.8705,28.7202
-16.8983,28.7127
-16.8932,28.7453
-16.9053,28.7570
-16.9965,28.6705
-17.0279,28.6574
-16.8851,28.8630
-17.0565,28.6738
-17.0631,28.6917
-17.0729,28.7057
-17.0705,28.7354
-17.0773,28.7533
-18.6783,26.6924
-18.6548,26.7374
-18.6799,26.7187
-18.6507,26.7719
-18.6368,26.8052
-18.6291,26.8306
-17.1809,28.8065
-17.1882,28.8242
-17.1906,28.8487
-17.2117,28.8476
-18.6421,26.8896
-18.6728,26.8624
-18.6772,26.8718
-17.2766,28.8695
-18.7092,26.8576
-18.6965,26.8914
-18.6868,26.9213
-18.7056,26.9100
-18.6284,27.0389
-18.6082,27.0856
-18.6078,27.1034
-17.4398,28.8610
-18.6239,27.1143
-17.3591,29.0409
-17.4881,28.8751
-17.4905,28.9006
-17.4986,28.9177
-17.5067,28.9348
-17.5202,28.9435
-17.5418,28.9396
-17.5164,29.0098
-17.5743,28.9484
-17.5589,29.0034
-17.5710,29.0146
-17.6361,28.9399
-17.6116,29.0103
-17.6280,29.0144
-17.6496,29.0100
-17.6546,29.0328
-17.7016,28.9854
-17.7027,29.0150
-17.7276,29.0041
-17.7288,29.0338
-17.7491,29.0306
-17.7754,29.0170
-17.6134,29.3325
-17.7760,29.0805
-17.7787,29.1084
-17.7952,29.1120
-17.8117,29.1154
-17.8282,29.1189
-17.8471,29.1179
-17.8223,29.1971
-17.8801,29.1244
-17.9027,29.1162
-17.9177,29.1220
-17.9295,29.1339
-17.9367,29.1546
-17.9500,29.1638
-17.9048,29.2862
-17.9785,29.1785
-17.9928,29.1858
-18.0071,29.1931
-18.0335,29.1762
-18.0567,29.1655
-18.0732,29.1681
-18.0764,29.1975
-18.0920,29.2019
-18.1042,29.2133
-18.0979,29.2634
-18.1382,29.2163
-18.1739,29.1779
-18.1967,29.1666
-18.2109,29.1732
-18.1283,29.3899
-18.2291,29.2091
-18.2393,29.2247
-18.2476,29.2449
-18.2784,29.2149
-18.3120,29.1778
-18.3203,29.1978
-18.2731,29.3452
-18.3411,29.2286
-18.3516,29.2440
-18.3700,29.2410
-18.3883,29.2380
-18.3704,29.3216
-18.3889,29.3184
-18.3998,29.3338
-18.4294,29.3035
-18.4795,29.2217
-18.4865,29.2460
-18.4899,29.2796
-18.5063,29.2807
-18.5173,29.2957
-18.5184,29.3365
-18.5484,29.3024
-18.5648,29.3033
-18.5795,29.3089
-18.5941,29.3144
-18.6106,29.3152
-18.6252,29.3206
-18.6400,29.3259
-18.6313,29.3962
-18.6711,29.3318
-18.6742,29.3699
-18.7170,29.2952
-18.7284,29.3097
-18.7172,29.3902
-18.7083,29.4654
-18.7314,29.4469
-18.7652,29.3958
-18.8081,29.3156
-18.8290,29.3015
-18.8406,29.3157
-18.8523,29.3299
-18.8625,29.3489
-18.8467,29.4513
-18.8759,29.4105
-18.8872,29.4272
-18.8515,29.5990
-18.9051,29.4766
-18.9189,29.4859
-18.9411,29.4665
-18.9687,29.4279
-18.9055,29.7052
-19.0015,29.4269
-19.0206,29.4168
-19.0369,29.4161
-19.0466,29.4395
-19.0474,29.4965
-19.0568,29.5225
-19.0937,29.5065
-19.1246,29.4499
-19.1691,29.3379
-19.1742,29.3803
-19.1615,29.4952
-19.1660,29.5425
-19.1405,29.7155
-19.2037,29.5208
-19.1978,29.6146
-19.2055,29.6523
-19.2675,29.4539
-19.2881,29.4330
-19.2793,29.5434
-19.2759,29.6324
-19.3027,29.5842
-19.3182,29.5875
-19.3285,29.6152
-19.3527,29.5773
-19.3751,29.5462
-19.3954,29.5248
-19.4117,29.5230
-19.3571,29.8855
-19.4451,29.5142
-19.4558,29.5417
-19.4685,29.5593
-19.4821,29.5719
-19.4958,29.5846
-19.5143,29.5699
-19.5061,29.7096
-19.5461,29.5703
-19.5493,29.6466
-19.5602,29.6781
-19.5862,29.6173
-19.5948,29.6641
-19.6196,29.6075
-19.6191,29.7162
-19.6420,29.6713
-19.6550,29.6927
-19.6721,29.6857
-19.7010,29.5942
-19.7124,29.6260
-19.7215,29.6775
-19.7450,29.6203
-19.9500,28.1285
-19.7688,29.6835
-19.9741,28.1164
-19.9887,28.0879
-20.0116,27.9849
-19.8304,29.7058
-20.0336,27.9823
-20.0453,27.9735
-20.0575,27.9597
-20.0701,27.9409
-20.0816,27.9320
-20.0973,27.8782
-20.0694,28.3024
-20.1189,27.8701
-20.1250,27.9208
-20.1291,28.0014
-20.1238,28.2066
-20.1337,28.2275
-20.1577,28.0538
-20.1682,28.0601
-20.1802,28.0453
-20.1961,27.9662
-20.2082,27.9419
-20.2199,27.9226
-20.2345,27.8483
-20.2468,27.8089
-20.2563,27.8243
-20.2561,28.0546
-20.2740,27.8902
-20.2828,27.9306
-20.2932,27.9360
-20.3032,27.9513
-20.3138,27.9517
-20.3244,27.9520
-20.3337,28.0072
-20.3456,27.9525
-20.3562,27.9527
-20.3668,27.9529
-20.3772,27.9630
-20.3878,27.9731
-20.3984,27.9832
-20.4091,27.9783
-20.4198,27.9883
-20.4306,28.0232
-20.4416,28.0632
-20.4523,28.0331
-20.4632,28.0380
-20.4739,28.0279
-20.4847,28.0277
-20.4990,28.1937
-20.5064,28.0322
-20.5174,28.0370
-20.5286,28.0466
-20.5391,28.0363
-20.5492,28.0160
-20.5575,27.9513
-20.5655,27.8877
-20.5776,27.9255
-20.5995,28.1640
-20.6000,27.9509
-20.6091,27.9227
-20.6211,27.9483
-20.6310,27.9363
-20.6421,27.9456
-20.6524,27.9406
-20.6616,27.9200
-20.6739,27.9442
-20.6827,27.9192
-20.6931,27.9184
-20.7096,27.9916
-20.7174,27.9558
-20.7304,27.9818
-20.7337,27.8992
-20.7386,27.8385
-20.7479,27.8276
-20.7581,27.8266
-20.7678,27.8206
-20.7806,27.8444
-20.8008,27.9349
-20.8097,27.9189
-20.8484,28.1643
-20.8307,27.9165
-20.8388,27.8955
-20.8637,28.0116
-20.8901,28.1341
-20.8993,28.1178
-20.8857,27.9297
-20.8935,27.9086
-20.9717,28.3951
-20.9850,28.4034
-21.0005,28.4264
-21.0155,28.4444
-21.0320,28.4723
-21.3148,30.2273
-21.0571,28.4735
-21.0708,28.4814
-21.0846,28.4893
-21.3828,30.2063
-21.4001,30.2034
-21.4331,30.2912
-21.4447,30.2536
-21.4688,30.2877
-21.4873,30.2895
-21.5198,30.2682
-21.5518,30.3407
-21.5834,30.4086
-21.5815,30.3044
-21.5981,30.2960
-21.6183,30.3049
-21.6618,30.3367
-21.6852,30.3597
-21.7157,30.4145
-21.7160,30.3302
-21.7392,30.3506
-21.7691,30.4002
-21.8165,30.5252
-21.8218,30.4650
-21.8371,30.4486
-21.8505,30.4249
-21.8627,30.3963
-21.8854,30.4113
-21.9129,30.4457
-21.9505,30.5188
-21.5489,28.8620
-21.5610,28.8537
-21.5730,28.8454
-22.0363,30.5484
-21.6524,29.0365
-21.6610,29.0135
-21.6735,29.0049
-21.6577,28.8427
-21.6371,28.7192
-21.6431,28.6915
-21.6531,28.6782
-21.6968,28.7801
-21.6758,28.6612
-21.7430,28.8394
-21.7778,28.9065
-21.6935,28.5828
-21.7498,28.7209
-21.7154,28.5655
-21.7083,28.4997
-21.7114,28.4672
-21.7266,28.4728
-21.7620,28.5402
-21.7525,28.4697
-21.7583,28.4467
-21.7672,28.4332
-21.7744,28.4149
-21.7831,28.4014
-21.7951,28.3972
-21.8728,28.5816
-21.8172,28.3842
-21.8727,28.5025
-21.8934,28.5216
-21.8972,28.4937
-21.8974,28.4564
-21.8939,28.4097
-21.9477,28.5177
-21.9178,28.4008
-21.9297,28.3963
-21.9559,28.4291
-21.9824,28.4618
-21.9927,28.4524
-22.0103,28.4616
-22.0205,28.4522
-22.0638,28.5253
-22.0466,28.4472
-22.0605,28.4469
-22.0745,28.4466
-22.0885,28.4462
-22.1025,28.4458
-22.1145,28.4407
-22.1594,28.5128
-22.1406,28.4351
-22.1526,28.4299
-22.1706,28.4384
-22.1927,28.4561
-22.2190,28.4827
-22.2291,28.4727
-22.2659,28.5220
-22.2534,28.4618
-22.2655,28.4563
-22.4032,28.7232
-22.3992,28.6809
-23.4427,30.8766
-23.4727,30.8901
-22.4418,28.6720
-23.5201,30.8897
-23.5482,30.8984
-23.5785,30.9114
-23.6068,30.9198
-23.6373,30.9326
-23.6657,30.9408
-23.6965,30.9534
-23.7447,30.9514
-23.7757,30.9636
-23.8044,30.9713
-23.8356,30.9832
-23.8645,30.9906
-23.8959,31.0023
-23.9448,30.9990
-23.9763,31.0103
-24.0080,31.0216
-24.0398,31.0327
-24.0717,31.0437
-24.1036,31.0545
-24.1402,31.0733
-24.1556,31.0540
-24.1878,31.0645
-24.2201,31.0749
-24.2525,31.0851
-24.2850,31.0952
-24.3201,31.1094
-24.3528,31.1192
-24.4057,31.1170
-24.4411,31.1307
-24.4741,31.1400
-24.5098,31.1534
-24.5430,31.1624
-24.5789,31.1755
-24.6353,31.1758
-24.6714,31.1885
-24.7051,31.1968
-24.7415,31.2092
-24.7780,31.2215
-24.8146,31.2335
-24.8567,31.2537
-24.8745,31.2363
-24.9114,31.2479
-24.9484,31.2594
-24.9855,31.2707
-25.0227,31.2819
-25.0601,31.2929
-25.1003,31.3078
-25.1585,31.3043
-25.1991,31.3188
-25.2397,31.3331
-25.2805,31.3472
-25.3214,31.3612
-25.3625,31.3749
-25.4245,31.3735
-25.4659,31.3868
-25.5073,31.3998
-25.5489,31.4127
-25.5936,31.4295
-25.6354,31.4420
-25.6808,31.4588
-25.7015,31.4425
-25.7436,31.4545
-25.7889,31.4702
-25.8313,31.4819
-25.8768,31.4972
-25.9225,31.5124
-25.9720,31.5320
-25.9897,31.5107
-26.0357,31.5253
-26.0849,31.5435
-26.1219,31.5460
-26.1777,31.5717
-26.1897,31.5427
-26.1865,31.4953
-26.2694,31.5098
-26.2970,31.4999
-26.3407,31.5090
-26.3908,31.5256
-26.4387,31.5392
-26.4883,31.5543
-26.5668,31.5594
-26.6088,31.5647
-26.7987,28.8876
-26.8166,28.8716
-26.8213,28.8464
-26.8345,28.8272
-26.8609,28.7886
-26.8698,28.7665
-26.8828,28.7471
-26.8916,28.7249
-26.9045,28.7055
-26.9131,28.6833
-26.9217,28.6611
-26.9432,28.6473
-26.9512,28.6247
-26.9638,28.6051
-27.5762,28.9364
-27.3485,28.7638
-27.4167,28.7773
-28.5635,29.4576
-27.5833,28.8216
-27.6434,28.8287
-27.5966,28.7707
-27.6224,28.7569
-28.2491,29.1022
-28.6070,29.2830
-28.6605,29.2481
-28.6706,29.2209
-28.6850,29.1961
-28.6993,29.1713
-28.7135,29.1464
-28.7277,29.1215
-28.7557,29.0716
-28.7696,29.0466
-28.7835,29.0215
-28.7972,28.9964
-28.8109,28.9712
-28.8245,28.9460
-28.8559,28.8979
-28.8693,28.8725
-28.8871,28.8495
-28.9003,28.8241
-28.9135,28.7986
-28.9310,28.7754
-28.9441,28.7498
-28.9699,28.6986
-28.9827,28.6730
-28.9954,28.6472
-29.0081,28.6215
-29.0221,28.5964
-29.0376,28.5721
-29.0624,28.5203
-29.0791,28.4965
-29.1064,28.4775
-29.1276,28.4556
-29.1442,28.4316
-29.1653,28.4095
-29.1936,28.3591
-29.2100,28.3347
-29.2217,28.3084
-29.2379,28.2839
-29.2494,28.2575
-29.2655,28.2330
-29.2928,28.1818
-29.3087,28.1571
-29.3244,28.1323
-29.3402,28.1075
-29.3558,28.0826
-29.3714,28.0577
-29.3977,28.0058
-29.4130,27.9806
-29.4283,27.9555
-29.4436,27.9302
-29.4587,27.9050
-29.4738,27.8796
-29.4888,27.8542
-29.5139,27.8015
-29.5334,27.7776
-29.5481,27.7520
-29.5628,27.7263
-29.5821,27.7022
-29.5966,27.6764
-29.6207,27.6229
-29.6350,27.5969
-29.6539,27.5725
-29.6681,27.5464
-29.6822,27.5202
-29.7009,27.4956
-29.7239,27.4414
-29.7425,27.4165
-29.7562,27.3900
-29.7746,27.3650
-29.7929,27.3399
-29.8064,27.3133
-29.8332,27.2598
-29.8465,27.2330
-29.8644,27.2075
-29.8776,27.1806
-29.8954,27.1549
-29.9084,27.1279
-29.9261,27.1021
-29.9516,27.0477
-29.9643,27.0204
-29.9817,26.9944
-29.9990,26.9682
-30.0163,26.9420
-30.0335,26.9157
-30.0532,26.8592
-30.0701,26.8328
-30.0822,26.8050
-30.0990,26.7784
-30.1158,26.7517
-30.1324,26.7249
-30.1558,26.6688
-29.1800,25.6546
-29.1292,25.6208
-29.0586,25.5847
-28.9927,25.5496
-28.9218,25.5143
-28.8957,25.4851
-28.8638,25.4554
-28.8321,25.4259
-28.8401,25.4013
-28.8532,25.3772
-28.8706,25.3535
-28.8883,25.3297
-28.9009,25.3053
-28.9210,25.2559
-28.9334,25.2313
-28.9511,25.2072
-28.9580,25.1820
-28.9507,25.1556
-20.6374,14.4412
-20.6064,14.4956
-20.5758,14.5500
-20.5454,14.6146
-20.4861,14.6790
-20.4566,14.7488
-20.4275,14.8188
-20.3988,14.8638
-20.3704,14.9089
-20.3422,14.9556
-20.2863,15.0161
-20.2590,15.0715
-20.2322,15.1306
-20.2057,15.1912
-20.1796,15.2519
-20.1535,15.3026
-20.1004,15.3493
-20.0755,15.4103
-20.0495,15.4363

# FrameTime=1781596606.29, PointCount=683
-15.3535,28.1709
-17.3554,26.7036
-17.3102,26.7518
-17.3492,26.7370
-17.3999,26.7130
-17.3353,26.7766
-15.4852,28.2129
-15.4848,28.2368
-15.4923,28.2547
-17.4977,26.7087
-17.4613,26.7515
-17.5859,26.6672
-17.7216,26.5729
-17.6189,26.6686
-15.5601,28.3444
-17.6829,26.6444
-15.6360,28.3308
-17.6963,26.6607
-17.6645,26.7008
-17.6598,26.7186
-17.6744,26.7205
-15.7563,28.3506
-17.6997,26.7272
-17.7142,26.7289
-17.8312,26.6426
-17.9552,26.5491
-17.9616,26.5565
-17.9793,26.5540
-17.9256,26.6141
-15.8894,28.4284
-17.8044,26.7487
-17.8300,26.7398
-15.9738,28.4256
-15.9859,28.4389
-16.0164,28.4354
-15.9937,28.4805
-16.0039,28.4956
-17.8832,26.7759
-17.8647,26.8074
-17.8974,26.7911
-17.8754,26.8261
-17.9189,26.7993
-17.9188,26.8137
-16.1732,28.5078
-18.0589,26.7070
-18.0551,26.7245
-17.9477,26.8436
-16.2353,28.5459
-16.2583,28.5479
-16.2742,28.5569
-16.2867,28.5693
-18.0019,26.8626
-18.1180,26.7594
-18.2089,26.6806
-18.1739,26.7302
-17.9793,26.9454
-16.4527,28.5487
-16.4823,28.5426
-16.5195,28.5282
-16.5216,28.5508
-16.5422,28.5786
-16.5513,28.5939
-16.5673,28.6018
-16.5866,28.6060
-16.6025,28.6138
-16.6418,28.5957
-16.5738,28.6966
-16.6578,28.6285
-16.6738,28.6361
-16.6931,28.6398
-16.6662,28.6960
-16.6848,28.7006
-16.7238,28.6817
-16.7167,28.7159
-16.7494,28.7038
-16.7655,28.7110
-16.8074,28.6877
-18.5680,26.6220
-16.8147,28.7312
-18.5845,26.6292
-16.8629,28.7259
-16.8971,28.7107
-16.8920,28.7433
-16.9018,28.7577
-16.9765,28.6918
-17.0267,28.6555
-17.0394,28.6656
-16.9510,28.8035
-17.0619,28.6898
-17.0747,28.6998
-17.0692,28.7334
-17.0731,28.7553
-18.6537,26.7230
-18.6152,26.7879
-18.6766,26.7216
-18.6595,26.7587
-18.6335,26.8080
-18.6288,26.8294
-18.6628,26.7986
-17.1869,28.8224
-17.1972,28.8361
-17.2046,28.8538
-17.1565,28.9485
-18.6317,26.9182
-17.2504,28.8744
-18.6987,26.8554
-18.7002,26.8688
-17.3116,28.8727
-18.6950,26.9078
-18.6798,26.9459
-18.6506,27.0047
-18.5965,27.1009
-18.6157,27.0898
-18.6154,27.1077
-17.4656,28.8474
-18.6398,27.1060
-17.3688,29.0524
-17.4892,28.8988
-17.4837,28.9368
-17.4999,28.9415
-17.5135,28.9502
-17.5378,28.9421
-17.5621,28.9339
-17.5448,28.9915
-17.4994,29.0946
-17.6238,28.9256
-17.6426,28.9255
-17.6103,29.0086
-17.6292,29.0085
-17.6508,29.0040
-17.6815,28.9841
-17.6238,29.1120
-17.7013,29.0133
-17.7212,29.0111
-17.7198,29.0451
-17.7427,29.0376
-17.7690,29.0241
-17.7680,29.0579
-17.7632,29.0989
-17.7739,29.1128
-17.7952,29.1077
-17.8103,29.1139
-17.8244,29.1217
-17.8409,29.1251
-17.8622,29.1196
-17.8810,29.1185
-17.9036,29.1103
-17.9163,29.1204
-17.9281,29.1323
-17.9329,29.1575
-17.9485,29.1623
-17.9651,29.1653
-17.9748,29.1815
-17.9439,29.2774
-18.0034,29.1961
-18.0276,29.1837
-18.0530,29.1685
-18.0673,29.1756
-18.0740,29.1979
-18.0971,29.1870
-18.0616,29.2968
-18.0964,29.2620
-18.1346,29.2194
-18.1661,29.1901
-18.1931,29.1697
-18.2095,29.1718
-18.2091,29.2102
-18.1812,29.3090
-18.2378,29.2234
-18.2461,29.2436
-18.2728,29.2227
-18.2985,29.2038
-18.3269,29.1783
-18.3212,29.2302
-18.2864,29.3503
-18.3541,29.2335
-18.3666,29.2443
-18.3830,29.2459
-18.3688,29.3203
-18.3874,29.3172
-18.4132,29.2962
-18.4523,29.2423
-18.3959,29.4233
-18.4906,29.2309
-18.4903,29.2737
-18.5012,29.2887
-18.5085,29.3130
-18.5222,29.3213
-18.5433,29.3105
-18.4961,29.4787
-18.5744,29.3170
-18.5909,29.3178
-18.6073,29.3186
-18.6220,29.3241
-18.6384,29.3248
-18.6565,29.3207
-18.6397,29.4145
-18.6843,29.3359
-18.7122,29.3035
-18.7269,29.3086
-18.7254,29.3608
-18.7114,29.4507
-18.7360,29.4275
-18.7465,29.4460
-18.7895,29.3666
-18.8275,29.3004
-18.8391,29.3147
-18.8523,29.3241
-18.8610,29.3478
-18.8653,29.3857
-18.8706,29.4215
-18.8222,29.6329
-18.8644,29.5502
-18.9064,29.4661
-18.9173,29.4849
-18.9339,29.4846
-18.9658,29.4317
-18.9836,29.4264
-18.9661,29.5451
-19.0190,29.4158
-19.0353,29.4152
-19.0530,29.4097
-19.0497,29.4811
-19.0590,29.5071
-19.0730,29.5160
-19.0323,29.7342
-19.1230,29.4489
-19.1602,29.3659
-19.1799,29.3504
-19.1599,29.4943
-19.1715,29.5125
-19.1810,29.5405
-19.1794,29.6149
-19.2517,29.3781
-19.2083,29.6320
-19.2481,29.5307
-19.2931,29.4030
-19.2777,29.5425
-19.2834,29.5897
-19.3105,29.5395
-19.2529,29.8842
-19.3320,29.5900
-19.3459,29.6009
-19.3785,29.5209
-19.3938,29.5240
-19.4091,29.5271
-19.4273,29.5154
-19.3924,29.7798
-19.4551,29.5360
-19.4650,29.5683
-19.4822,29.5613
-19.4959,29.5740
-19.5118,29.5741
-19.5281,29.5718
-19.5289,29.6608
-19.5525,29.6164
-19.5585,29.6774
-19.5837,29.6215
-19.5954,29.6486
-19.6164,29.6166
-19.6268,29.6535
-19.6303,29.7377
-19.6460,29.7419
-19.6655,29.7196
-19.6986,29.5985
-19.7128,29.6105
-19.7198,29.6768
-19.7420,29.6295
-19.9485,28.1330
-19.9621,28.1145
-19.7739,29.7590
-19.9977,28.0030
-20.0096,27.9943
-20.0220,27.9807
-19.8440,29.7119
-20.0455,27.9631
-20.0561,27.9642
-20.0688,27.9454
-20.0798,27.9415
-20.0946,27.8977
-20.1077,27.8688
-20.0783,28.3229
-20.1246,27.9154
-20.1245,28.0458
-20.1248,28.1813
-20.1323,28.2320
-20.1524,28.1132
-20.1694,28.0292
-20.1782,28.0605
-20.1946,27.9758
-20.2071,27.9465
-20.2185,27.9321
-20.2326,27.8678
-20.2463,27.8035
-20.2552,27.8290
-20.2634,27.8744
-20.2659,28.0596
-20.2828,27.9102
-20.2921,27.9406
-20.3027,27.9410
-20.3129,27.9513
-20.3237,27.9466
-20.3341,27.9519
-20.3435,28.0071
-20.3553,27.9524
-20.3659,27.9525
-20.3764,27.9627
-20.3869,27.9778
-20.3975,27.9779
-20.4082,27.9779
-20.4189,27.9780
-20.4297,28.0330
-20.4408,28.0879
-20.4515,28.0478
-20.4623,28.0427
-20.4730,28.0326
-20.4840,28.0374
-20.4949,28.0422
-20.5091,28.1832
-20.5168,28.0467
-20.5277,28.0464
-20.5381,28.0311
-20.5485,28.0207
-20.5573,27.9661
-20.5653,27.9024
-20.5768,27.9253
-20.5889,27.9597
-20.5993,27.9542
-20.6074,27.9076
-20.6205,27.9531
-20.6301,27.9361
-20.6410,27.9405
-20.6522,27.9497
-20.6608,27.9198
-20.6710,27.9148
-20.6858,27.9722
-20.6919,27.9133
-20.7089,27.9934
-20.7166,27.9557
-20.7233,27.9099
-20.7393,27.9708
-20.7391,27.8533
-20.7475,27.8324
-20.7578,27.8314
-20.7680,27.8304
-20.7782,27.8293
-20.7999,27.9348
-20.4638,24.8046
-20.8193,27.9176
-20.8407,28.0092
-20.8391,27.9053
-20.8423,27.8447
-20.8519,27.8385
-20.8545,27.7779
-20.9382,28.3339
-20.8920,27.9035
-20.9706,28.3951
-20.9846,28.4083
-20.9994,28.4264
-21.0144,28.4444
-21.0302,28.4673
-21.2873,30.0608
-21.0552,28.4685
-21.0697,28.4814
-21.0827,28.4844
-21.3825,30.2163
-21.3965,30.1937
-21.4328,30.3012
-21.4410,30.2440
-21.4703,30.3076
-21.4880,30.3044
-21.5088,30.3182
-21.5150,30.2538
-21.5470,30.3263
-21.5794,30.3990
-21.5814,30.3145
-21.5961,30.2963
-21.6103,30.2758
-21.6420,30.3407
-21.6821,30.3551
-21.7136,30.4148
-21.7119,30.3208
-21.7415,30.3705
-21.7659,30.3957
-21.8027,30.4744
-21.8362,30.4539
-21.8508,30.4350
-21.8642,30.4113
-21.8821,30.4069
-21.9109,30.4462
-21.9447,30.5047
-21.5488,28.8671
-21.5609,28.8588
-21.5717,28.8457
-22.0881,30.7539
-21.6510,29.0368
-21.6597,29.0138
-21.6721,29.0052
-21.6792,28.9773
-21.6345,28.7147
-21.6433,28.6966
-21.6519,28.6785
-21.6984,28.7900
-21.6746,28.6615
-21.7432,28.8445
-21.7372,28.7300
-21.6989,28.5602
-21.7143,28.5659
-21.7102,28.5095
-21.7133,28.4771
-21.7270,28.4779
-21.7608,28.5405
-21.7514,28.4700
-21.7588,28.4518
-21.7677,28.4383
-21.7733,28.4153
-21.7837,28.4064
-21.7940,28.3976
-21.8043,28.3888
-21.8826,28.5732
-21.8699,28.4982
-21.8939,28.5267
-21.8995,28.5035
-21.8928,28.4474
-21.8945,28.4148
-21.9030,28.4010
-21.9483,28.4855
-21.9304,28.4014
-21.9548,28.4295
-21.9759,28.4482
-21.9934,28.4575
-22.0110,28.4668
-22.0213,28.4573
-22.1020,28.6243
-22.0473,28.4523
-22.0613,28.4520
-22.0753,28.4517
-22.0874,28.4467
-22.1014,28.4463
-22.1154,28.4459
-22.1275,28.4408
-22.1725,28.5127
-22.1515,28.4305
-22.1696,28.4390
-22.1916,28.4566
-22.2159,28.4787
-22.2260,28.4688
-22.2402,28.4679
-22.3472,28.6719
-22.2644,28.4569
-22.3936,28.7057
-23.4126,30.8687
-23.4425,30.8823
-22.4470,28.7194
-22.4427,28.6772
-23.5481,30.9041
-23.5762,30.9126
-23.6067,30.9256
-23.6350,30.9339
-23.6634,30.9421
-23.6942,30.9547
-23.7268,30.9706
-23.7424,30.9527
-23.7733,30.9649
-23.8021,30.9726
-23.8333,30.9846
-23.8622,30.9920
-23.8935,31.0037
-23.9269,31.0189
-23.9424,31.0004
-23.9740,31.0118
-24.0056,31.0230
-24.0350,31.0298
-24.0669,31.0408
-24.0988,31.0516
-24.1309,31.0624
-24.1830,31.0617
-24.2177,31.0764
-24.2501,31.0867
-24.2848,31.1005
-24.3174,31.1105
-24.3526,31.1247
-24.4058,31.1229
-24.4387,31.1323
-24.4717,31.1416
-24.5074,31.1551
-24.5406,31.1641
-24.5765,31.1772
-24.6328,31.1776
-24.6690,31.1903
-24.7026,31.1986
-24.7390,31.2110
-24.7755,31.2233
-24.8121,31.2354
-24.8489,31.2473
-24.9062,31.2457
-24.9432,31.2572
-24.9803,31.2685
-25.0203,31.2838
-25.0576,31.2948
-25.0978,31.3098
-25.1589,31.3104
-25.1994,31.3249
-25.2401,31.3392
-25.2780,31.3493
-25.3189,31.3633
-25.3600,31.3770
-25.4043,31.3950
-25.4220,31.3756
-25.4633,31.3889
-25.5048,31.4020
-25.5464,31.4149
-25.5910,31.4317
-25.6329,31.4442
-25.6782,31.4611
-25.6989,31.4448
-25.7411,31.4568
-25.7863,31.4726
-25.8287,31.4842
-25.8742,31.4996
-25.9199,31.5148
-25.9688,31.5337
-26.0362,31.5316
-26.0830,31.5468
-26.1224,31.5524
-26.1782,31.5781
-26.1846,31.5422
-26.1807,31.4939
-26.2668,31.5123
-26.2944,31.5024
-26.3381,31.5116
-26.3882,31.5283
-26.4385,31.5447
-26.4889,31.5608
-26.5437,31.5816
-26.5642,31.5621
-26.6062,31.5674
-26.8153,28.8744
-26.8200,28.8492
-26.8333,28.8300
-26.8469,28.8111
-26.8596,28.7915
-26.8685,28.7693
-26.8816,28.7500
-26.8904,28.7278
-26.9033,28.7084
-26.9161,28.6889
-26.9416,28.6499
-26.9458,28.6249
-26.9668,28.6107
-27.5749,28.9396
-27.5842,28.9155
-28.5619,29.4613
-27.5735,28.8196
-27.6037,28.8085
-27.5996,28.7765
-27.6256,28.7628
-28.6184,29.2943
-28.6590,29.2518
-28.6649,29.2221
-28.6792,29.1973
-28.6935,29.1725
-28.7121,29.1502
-28.7262,29.1253
-28.7543,29.0754
-28.7682,29.0503
-28.7821,29.0253
-28.7959,29.0002
-28.8096,28.9750
-28.8232,28.9498
-28.8546,28.9017
-28.8680,28.8764
-28.8814,28.8510
-28.8991,28.8279
-28.9122,28.8025
-28.9298,28.7792
-28.9487,28.7567
-28.9558,28.7281
-28.9731,28.7047
-28.9829,28.6776
-28.9957,28.6518
-29.0038,28.6239
-29.0209,28.6003
-29.0424,28.5789
-29.0534,28.5523
-29.0657,28.5263
-29.0825,28.5025
-29.1098,28.4836
-29.1310,28.4617
-29.1476,28.4376
-29.1642,28.4135
-29.1926,28.3630
-29.2089,28.3387
-29.2206,28.3124
-29.2530,28.2635
-29.2691,28.2390
-29.2805,28.2124
-29.2964,28.1877
-29.3123,28.1630
-29.3281,28.1383
-29.3392,28.1115
-29.3658,28.0599
-29.3814,28.0349
-29.3968,28.0098
-29.4168,27.9866
-29.4321,27.9614
-29.4474,27.9362
-29.4730,27.8837
-29.4927,27.8601
-29.5076,27.8346
-29.5225,27.8091
-29.5373,27.7835
-29.5521,27.7579
-29.5766,27.7047
-29.5912,27.6789
-29.6103,27.6547
-29.6247,27.6288
-29.6390,27.6028
-29.6533,27.5767
-29.6815,27.5244
-29.6955,27.4982
-29.7095,27.4720
-29.7281,27.4472
-29.7419,27.4208
-29.7604,27.3958
-29.7876,27.3427
-29.8059,27.3176
-29.8193,27.2908
-29.8375,27.2655
-29.8507,27.2387
-29.8687,27.2132
-29.8867,27.1877
-29.9127,27.1336
-29.9256,27.1065
-29.9433,27.0806
-29.9560,27.0534
-29.9735,27.0274
-29.9910,27.0013
-30.0160,26.9464
-30.0332,26.9201
-30.0455,26.8925
-30.0625,26.8661
-30.0747,26.8384
-30.0916,26.8118
-30.1106,26.7549
-30.1273,26.7282
-30.1439,26.7013
-30.1605,26.6744
-29.1605,25.6558
-29.1048,25.6213
-29.0341,25.5852
-28.9766,25.5252
-28.9006,25.4895
-28.8393,25.4562
-28.8275,25.4291
-28.8405,25.4051
-28.8533,25.3809
-28.8738,25.3319
-28.8964,25.3087
-28.9139,25.2847
-28.9268,25.2603
-28.9442,25.2362
-28.9412,25.2101
-28.9688,25.1868
-28.9557,25.1598
-28.9530,25.1338
-20.6425,14.4710
-20.5820,14.5198
-20.5515,14.5794
-20.5212,14.6490
-20.4914,14.7137
-20.4620,14.7836
-20.4330,14.8535
-20.3757,14.8736
-20.3475,14.9303
-20.3197,14.9890
-20.2922,15.0507
-20.2647,15.0861
-20.2103,15.1558
-20.1586,15.2922
-20.1329,15.3480
-20.1068,15.3788
-20.0810,15.4148

# FrameTime=1781596606.39, PointCount=687
-17.3352,26.7039
-17.3340,26.7191
-17.3129,26.7494
-15.4181,28.1930
-17.3349,26.7619
-15.4765,28.1956
-17.3728,26.7621
-15.4910,28.2553
-17.4058,26.7802
-15.5199,28.2802
-17.6825,26.5902
-15.5374,28.3142
-17.7190,26.5878
-17.6710,26.6399
-17.6700,26.6544
-15.6134,28.3488
-15.6657,28.3299
-17.6324,26.7269
-15.7200,28.3328
-17.6808,26.7147
-17.6762,26.7325
-17.6603,26.7602
-17.7510,26.6971
-17.8640,26.6139
-17.9463,26.5562
-15.8333,28.4044
-17.9931,26.5414
-17.9619,26.5817
-17.8823,26.6652
-17.8031,26.7493
-17.8511,26.7204
-17.9137,26.6780
-15.9920,28.4328
-15.9782,28.4696
-15.9961,28.4777
-17.8785,26.7655
-17.8745,26.7833
-17.8488,26.8216
-17.9070,26.7814
-16.1135,28.4906
-17.8850,26.8309
-17.9283,26.8039
-17.9427,26.8045
-16.2164,28.4899
-17.9821,26.7949
-16.2109,28.5445
-16.2482,28.5325
-16.2570,28.5485
-16.2729,28.5575
-16.2677,28.5876
-18.0041,26.8597
-18.1938,26.6817
-18.1832,26.7062
-18.0959,26.8097
-16.3411,28.6386
-17.9648,26.9749
-16.4956,28.5279
-16.5002,28.5478
-16.5263,28.5450
-16.5217,28.5749
-16.5409,28.5792
-16.5534,28.5909
-16.5693,28.5988
-16.5321,28.6647
-16.5811,28.6365
-16.6305,28.6074
-16.6497,28.6114
-16.6532,28.6328
-16.6791,28.6292
-16.6884,28.6441
-16.6616,28.7003
-16.6502,28.7394
-16.7029,28.7049
-16.7353,28.6934
-16.7481,28.7044
-16.7771,28.6964
-16.7932,28.7036
-16.7511,28.7798
-16.7642,28.7908
-16.8360,28.7311
-16.8680,28.7188
-16.8895,28.7190
-16.8907,28.7439
-16.9090,28.7478
-16.9971,28.6653
-16.8661,28.8549
-17.0381,28.6663
-17.0509,28.6764
-17.0637,28.6865
-17.0673,28.7083
-17.0679,28.7341
-18.6791,26.6747
-18.6707,26.6998
-18.6533,26.7368
-18.6753,26.7222
-18.6552,26.7633
-18.6292,26.8126
-18.6245,26.8340
-18.6198,26.8555
-17.1826,28.8270
-17.0780,28.9981
-17.2062,28.8504
-18.6667,26.8526
-18.6653,26.8700
-18.6756,26.8712
-17.2682,28.8764
-18.7075,26.8571
-18.6920,26.8950
-18.6766,26.9330
-18.7068,26.9053
-18.6041,27.0713
-18.6092,27.0809
-17.4015,28.8839
-18.6085,27.1166
-18.6249,27.1095
-18.6468,27.0941
-17.4800,28.8823
-17.4906,28.8953
-17.4959,28.9166
-17.5148,28.9170
-17.5149,28.9466
-17.5242,28.9621
-17.5528,28.9471
-17.5637,28.9599
-17.5413,29.0261
-17.5631,29.0220
-17.5847,29.0178
-17.6064,29.0135
-17.6253,29.0134
-17.5763,29.1257
-17.6596,29.0189
-17.6964,28.9887
-17.6974,29.0182
-17.7249,29.0031
-17.7276,29.0302
-17.7489,29.0253
-17.6233,29.2754
-17.7840,29.0283
-17.7659,29.0925
-17.7784,29.1031
-17.7900,29.1153
-17.8041,29.1232
-17.8110,29.1441
-17.8100,29.1796
-17.8489,29.1422
-17.8788,29.1209
-17.8938,29.1267
-17.9173,29.1166
-17.9221,29.1418
-17.9316,29.1581
-17.9197,29.2156
-17.9592,29.1747
-17.9757,29.1776
-17.9900,29.1850
-18.0075,29.1860
-18.0307,29.1754
-18.0517,29.1691
-18.0682,29.1717
-18.0749,29.1940
-18.0914,29.1966
-18.0906,29.2349
-18.1016,29.2491
-18.1376,29.2109
-18.1733,29.1726
-18.1939,29.1658
-18.0937,29.4184
-18.2224,29.1791
-18.2221,29.2174
-18.2138,29.2740
-18.2407,29.2533
-18.2756,29.2142
-18.3133,29.1680
-18.2414,29.3701
-18.3259,29.2171
-18.3383,29.2279
-18.3547,29.2296
-18.3633,29.2495
-18.3836,29.2419
-18.3695,29.3163
-18.3861,29.3178
-18.3853,29.3613
-18.4265,29.3029
-18.4804,29.2119
-18.4800,29.2546
-18.4834,29.2882
-18.5017,29.2847
-18.5026,29.3255
-18.5309,29.2961
-18.5438,29.3064
-18.5602,29.3074
-18.5749,29.3129
-18.5913,29.3138
-18.6060,29.3193
-18.6043,29.3694
-18.6354,29.3301
-18.6502,29.3354
-18.6683,29.3313
-18.6764,29.3553
-18.7109,29.3041
-18.7223,29.3186
-18.7079,29.4085
-18.7038,29.4696
-18.7285,29.4463
-18.7686,29.3764
-18.8069,29.3104
-18.8246,29.3058
-18.8362,29.3200
-18.8479,29.3342
-18.8027,29.5284
-18.8715,29.3626
-18.8730,29.4100
-18.8828,29.4315
-18.8712,29.5241
-18.9022,29.4762
-18.9160,29.4855
-18.9396,29.4613
-18.8657,29.7722
-18.9768,29.4462
-18.9986,29.4265
-19.0190,29.4116
-19.0367,29.4062
-19.0503,29.4151
-19.0406,29.5105
-19.0173,29.6588
-19.0691,29.5263
-19.0908,29.5061
-19.1142,29.4785
-19.1700,29.3231
-19.1604,29.4234
-19.1598,29.4900
-19.1204,29.7162
-19.1726,29.5701
-19.2124,29.4721
-19.2367,29.4369
-19.1935,29.6909
-19.2216,29.6410
-19.2775,29.4668
-19.1676,30.0302
-19.2885,29.5611
-19.3044,29.5623
-19.3267,29.5337
-19.3194,29.6442
-19.3558,29.5477
-19.3772,29.5215
-19.3935,29.5198
-19.3831,29.6522
-19.4250,29.5209
-19.4422,29.5141
-19.4501,29.5562
-19.4646,29.5640
-19.4760,29.5887
-19.4924,29.5866
-19.4864,29.7116
-19.5260,29.5774
-19.5440,29.5653
-19.5441,29.6592
-19.5564,29.6829
-19.5737,29.6762
-19.5926,29.6591
-19.5854,29.8091
-19.6210,29.6836
-19.6346,29.7008
-19.6498,29.7075
-19.6719,29.6660
-19.6980,29.5942
-19.7074,29.6407
-19.7069,29.7644
-19.7368,29.6597
-19.7576,29.6222
-19.9589,28.1300
-19.9712,28.1215
-19.9888,28.0682
-20.0083,27.9950
-20.0202,27.9862
-20.0319,27.9775
-20.0442,27.9637
-20.0558,27.9549
-20.0684,27.9361
-19.9088,29.6922
-20.0895,27.9381
-20.1060,27.8744
-20.1155,27.8852
-20.1216,27.9360
-19.9845,29.7411
-20.1184,28.2467
-20.1325,28.2127
-20.1424,28.2335
-20.1695,28.0099
-20.1776,28.0505
-20.1949,27.9514
-20.2058,27.9471
-20.2184,27.9128
-20.2338,27.8235
-20.2287,28.1186
-20.2542,27.8246
-20.2642,27.8301
-20.2718,27.8904
-20.2805,27.9358
-20.2906,27.9462
-20.3010,27.9516
-20.3116,27.9519
-20.3203,28.0222
-20.3328,27.9525
-20.3434,27.9528
-20.3540,27.9530
-20.3645,27.9582
-20.3750,27.9683
-20.3856,27.9784
-20.3962,27.9835
-20.4069,27.9836
-20.4176,28.0136
-20.4284,28.0386
-20.4394,28.0585
-20.4501,28.0434
-20.4610,28.0383
-20.4995,29.9677
-20.4825,28.0280
-20.4933,28.0278
-20.5044,28.0376
-20.5153,28.0423
-20.5265,28.0520
-20.5363,28.0167
-20.5467,28.0063
-20.5546,27.9318
-20.5643,27.9114
-20.5785,27.9951
-20.5862,27.9304
-20.5978,27.9513
-20.6074,27.9330
-20.6189,27.9487
-20.6285,27.9318
-20.6435,28.0023
-20.6499,27.9361
-20.6598,27.9254
-20.6704,27.9254
-20.6801,27.9147
-20.6914,27.9238
-20.7075,27.9920
-20.7179,27.9882
-20.7250,27.9454
-20.7302,27.8847
-20.7365,27.8390
-20.4562,24.8010
-20.7570,27.8370
-20.4585,24.8007
-20.7759,27.8200
-20.7914,27.8686
-20.8086,27.9293
-20.8197,27.9331
-20.8285,27.9170
-20.8343,27.8762
-20.8676,28.0617
-20.8475,27.8144
-20.8977,28.1233
-20.9369,28.3345
-20.9560,28.3874
-20.9693,28.3957
-20.9833,28.4089
-20.9989,28.4319
-21.2296,29.9137
-21.0259,28.4482
-21.0440,28.4859
-21.0555,28.4790
-21.0684,28.4820
-21.3549,30.1656
-21.3771,30.1923
-21.4069,30.2633
-21.4273,30.2772
-21.4431,30.2643
-21.4638,30.2787
-21.4933,30.3417
-21.4989,30.2724
-21.5220,30.2985
-21.5485,30.3416
-21.5662,30.3382
-21.5753,30.2906
-21.6184,30.3227
-21.6397,30.3364
-21.6585,30.3376
-21.6912,30.4046
-21.7144,30.4252
-21.7213,30.3701
-21.7602,30.4613
-21.7493,30.3281
-21.7903,30.4263
-21.8173,30.4611
-21.8360,30.4594
-21.8472,30.4259
-21.8593,30.3973
-21.8867,30.4318
-21.9288,30.4471
-21.5475,28.8677
-21.5596,28.8594
-22.0321,30.6220
-21.5824,28.8380
-22.0274,30.4551
-21.6708,29.0058
-21.6220,28.7755
-21.6405,28.7912
-21.6332,28.7153
-21.6762,28.8169
-21.6548,28.6936
-21.6634,28.6755
-21.6733,28.6621
-21.6717,28.6104
-21.7638,28.8699
-21.6895,28.5789
-21.7473,28.7219
-21.7100,28.5569
-21.7044,28.4958
-21.7378,28.5586
-21.7227,28.4690
-21.7394,28.4793
-21.7532,28.4801
-21.7590,28.4571
-21.7664,28.4389
-21.7720,28.4159
-21.8406,28.5774
-21.7943,28.4030
-21.8030,28.3894
-21.8414,28.4607
-21.8820,28.5365
-21.8893,28.5179
-21.8828,28.4618
-21.9207,28.5278
-21.8984,28.4295
-21.9034,28.4063
-21.9136,28.3972
-21.9344,28.4160
-21.9553,28.4348
-21.9818,28.4675
-21.9939,28.4628
-22.0170,28.4860
-22.0181,28.4533
-22.0321,28.4531
-22.0460,28.4529
-22.0600,28.4526
-22.0740,28.4523
-22.0861,28.4473
-22.1285,28.5151
-22.1121,28.4419
-22.1242,28.4368
-22.1382,28.4362
-22.1522,28.4357
-22.1742,28.4534
-22.1923,28.4618
-22.2085,28.4656
-22.2267,28.4739
-22.2389,28.4685
-22.2510,28.4630
-22.3986,28.7199
-23.4176,30.8829
-22.4180,28.6944
-22.4436,28.7155
-23.4842,30.8737
-23.5208,30.9005
-23.5489,30.9092
-23.5793,30.9222
-23.6076,30.9307
-23.6420,30.9514
-23.6577,30.9338
-23.6884,30.9463
-23.7169,30.9543
-23.7478,30.9667
-23.7766,30.9744
-23.8077,30.9865
-23.8366,30.9941
-23.8853,30.9911
-23.9167,31.0027
-23.9458,31.0098
-23.9774,31.0212
-24.0091,31.0324
-24.0409,31.0435
-24.0927,31.0435
-24.1247,31.0543
-24.1568,31.0649
-24.1890,31.0754
-24.2214,31.0857
-24.2538,31.0959
-24.3063,31.0944
-24.3412,31.1080
-24.3742,31.1182
-24.4096,31.1321
-24.4425,31.1415
-24.4781,31.1551
-24.5113,31.1642
-24.5674,31.1651
-24.6007,31.1738
-24.6368,31.1867
-24.6730,31.1994
-24.7093,31.2119
-24.7457,31.2243
-24.8027,31.2234
-24.8394,31.2354
-24.8762,31.2472
-24.9131,31.2588
-24.9501,31.2703
-24.9873,31.2816
-25.0301,31.3011
-25.0479,31.2830
-25.0853,31.2939
-25.1256,31.3087
-25.1632,31.3193
-25.2038,31.3338
-25.2445,31.3481
-25.2883,31.3665
-25.3061,31.3475
-25.3471,31.3614
-25.3882,31.3750
-25.4294,31.3884
-25.4708,31.4017
-25.5123,31.4148
-25.5539,31.4276
-25.6167,31.4248
-25.6590,31.4377
-25.7036,31.4533
-25.7488,31.4693
-25.7941,31.4851
-25.8365,31.4967
-25.8887,31.5207
-25.9033,31.4956
-25.9491,31.5107
-25.9950,31.5255
-26.0410,31.5401
-26.0872,31.5544
-26.1335,31.5686
-26.1870,31.5913
-26.2046,31.5691
-26.2134,31.5363
-26.2284,31.5111
-26.2687,31.5168
-26.2995,31.5107
-26.3463,31.5237
-26.4038,31.5490
-26.4179,31.5224
-26.4691,31.5396
-26.5188,31.5546
-26.5727,31.5741
-26.6147,31.5794
-26.7965,28.8913
-26.8228,28.8527
-26.8361,28.8335
-26.8451,28.8114
-26.8542,28.7893
-26.8672,28.7699
-26.8802,28.7506
-26.9061,28.7117
-26.9152,28.6898
-26.9276,28.6700
-26.9403,28.6505
-26.9534,28.6312
-28.5051,29.5628
-28.5104,29.4982
-28.5243,29.4731
-27.5504,28.8364
-27.5722,28.8202
-28.5865,29.4104
-27.6068,28.7823
-27.6545,28.7520
-28.6575,29.2856
-28.6577,29.2525
-28.6679,29.2252
-28.6822,29.2004
-28.7151,29.1533
-28.7249,29.1259
-28.7390,29.1010
-28.7530,29.0760
-28.7669,29.0510
-28.7808,29.0259
-28.8091,29.0087
-28.8083,28.9756
-28.8263,28.9528
-28.8398,28.9276
-28.8533,28.9023
-28.8667,28.8770
-28.8845,28.8539
-28.9080,28.8339
-28.9109,28.8031
-28.9240,28.7776
-28.9415,28.7543
-28.9545,28.7287
-28.9674,28.7031
-28.9802,28.6774
-28.9899,28.6502
-29.0061,28.5944
-29.0276,28.5729
-29.0490,28.5514
-29.0644,28.5270
-29.0917,28.5081
-29.1130,28.4863
-29.1418,28.4362
-29.1584,28.4121
-29.1748,28.3879
-29.1913,28.3636
-29.2076,28.3394
-29.2239,28.3150
-29.2355,28.2886
-29.2517,28.2641
-29.2678,28.2396
-29.2951,28.1884
-29.3110,28.1637
-29.3268,28.1389
-29.3425,28.1141
-29.3582,28.0892
-29.3738,28.0642
-29.3893,28.0392
-29.4155,27.9872
-29.4308,27.9620
-29.4414,27.9350
-29.4566,27.9097
-29.4717,27.8843
-29.4914,27.8607
-29.5165,27.8080
-29.5313,27.7824
-29.5461,27.7568
-29.5607,27.7311
-29.5753,27.7053
-29.5946,27.6812
-29.6187,27.6277
-29.6330,27.6018
-29.6520,27.5773
-29.6661,27.5512
-29.6850,27.5267
-29.6990,27.5004
-29.7268,27.4478
-29.7406,27.4214
-29.7591,27.3964
-29.7727,27.3699
-29.7911,27.3448
-29.8046,27.3182
-29.8228,27.2929
-29.8446,27.2379
-29.8626,27.2124
-29.8758,27.1855
-29.8936,27.1599
-29.9114,27.1342
-29.9243,27.1071
-29.9499,27.0527
-29.9674,27.0267
-29.9848,27.0006
-29.9974,26.9732
-30.0146,26.9470
-30.0319,26.9207
-30.0564,26.8655
-30.0734,26.8390
-30.0854,26.8112
-30.1023,26.7846
-30.1142,26.7567
-30.1309,26.7299
-30.1543,26.6739
-29.1839,25.6599
-29.1282,25.6254
-29.0625,25.5899
-29.0016,25.5554
-28.9307,25.5201
-28.8646,25.4858
-28.8262,25.4297
-28.8342,25.4051
-28.8470,25.3810
-28.8648,25.3574
-28.8824,25.3336
-28.9000,25.3098
-28.9201,25.2604
-28.9325,25.2358
-28.9498,25.2117
-28.9671,25.1874
-28.9594,25.1609
-20.6419,14.4366
-20.6109,14.4910
-20.5803,14.5454
-20.5497,14.6150
-20.5196,14.6796
-20.4609,14.7492
-20.4318,14.8191
-20.4030,14.8641
-20.3746,14.9142
-20.3465,14.9608
-20.3186,15.0146
-20.2904,15.0164
-20.2633,15.0817
-20.2364,15.1358
-20.2099,15.1964
-20.1836,15.2521
-20.1576,15.3028
-20.1318,15.3536
-20.0793,15.4054
-20.0537,15.4414

